E, cm-1	Sigma_00, cm2	Sigma_01, cm2	Sigma_02, cm2	Sigma_03, cm2	Sigma_10, cm2	Sigma_11, cm2	Sigma_12, cm2	Sigma_13, cm2	Sigma_20, cm2	Sigma_21, cm2	Sigma_22, cm2	Sigma_23, cm2	Sigma_30, cm2	Sigma_31, cm2	Sigma_32, cm2	Sigma_33, cm2	
1.0522755370e+05	3.9068672251e-14	0.0000000000e+00	0.0000000000e+00	0.0000000000e+00	0.0000000000e+00	0.0000000000e+00	0.0000000000e+00	0.0000000000e+00	0.0000000000e+00	0.0000000000e+00	0.0000000000e+00	0.0000000000e+00	0.0000000000e+00	0.0000000000e+00	0.0000000000e+00	0.0000000000e+00
1.0522755907e+05	3.8705553135e-14	0.0000000000e+00	0.0000000000e+00	0.0000000000e+00	0.0000000000e+00	0.0000000000e+00	0.0000000000e+00	0.0000000000e+00	0.0000000000e+00	0.0000000000e+00	0.0000000000e+00	0.0000000000e+00	0.0000000000e+00	0.0000000000e+00	0.0000000000e+00	0.0000000000e+00
1.0522756450e+05	5.1778602113e-14	0.0000000000e+00	0.0000000000e+00	0.0000000000e+00	0.0000000000e+00	0.0000000000e+00	0.0000000000e+00	0.0000000000e+00	0.0000000000e+00	0.0000000000e+00	0.0000000000e+00	0.0000000000e+00	0.0000000000e+00	0.0000000000e+00	0.0000000000e+00	0.0000000000e+00
1.0522757000e+05	5.1661304373e-14	0.0000000000e+00	0.0000000000e+00	0.0000000000e+00	0.0000000000e+00	0.0000000000e+00	0.0000000000e+00	0.0000000000e+00	0.0000000000e+00	0.0000000000e+00	0.0000000000e+00	0.0000000000e+00	0.0000000000e+00	0.0000000000e+00	0.0000000000e+00	0.0000000000e+00
1.0522757555e+05	5.1542252069e-14	0.0000000000e+00	0.0000000000e+00	0.0000000000e+00	0.0000000000e+00	0.0000000000e+00	0.0000000000e+00	0.0000000000e+00	0.0000000000e+00	0.0000000000e+00	0.0000000000e+00	0.0000000000e+00	0.0000000000e+00	0.0000000000e+00	0.0000000000e+00	0.0000000000e+00
1.0522758118e+05	5.1421382653e-14	0.0000000000e+00	0.0000000000e+00	0.0000000000e+00	0.0000000000e+00	0.0000000000e+00	0.0000000000e+00	0.0000000000e+00	0.0000000000e+00	0.0000000000e+00	0.0000000000e+00	0.0000000000e+00	0.0000000000e+00	0.0000000000e+00	0.0000000000e+00	0.0000000000e+00
1.0522758686e+05	5.1298632208e-14	0.0000000000e+00	0.0000000000e+00	0.0000000000e+00	0.0000000000e+00	0.0000000000e+00	0.0000000000e+00	0.0000000000e+00	0.0000000000e+00	0.0000000000e+00	0.0000000000e+00	0.0000000000e+00	0.0000000000e+00	0.0000000000e+00	0.0000000000e+00	0.0000000000e+00
1.0522759262e+05	5.1173935462e-14	0.0000000000e+00	0.0000000000e+00	0.0000000000e+00	0.0000000000e+00	0.0000000000e+00	0.0000000000e+00	0.0000000000e+00	0.0000000000e+00	0.0000000000e+00	0.0000000000e+00	0.0000000000e+00	0.0000000000e+00	0.0000000000e+00	0.0000000000e+00	0.0000000000e+00
1.0522759844e+05	5.1047225794e-14	0.0000000000e+00	0.0000000000e+00	0.0000000000e+00	0.0000000000e+00	0.0000000000e+00	0.0000000000e+00	0.0000000000e+00	0.0000000000e+00	0.0000000000e+00	0.0000000000e+00	0.0000000000e+00	0.0000000000e+00	0.0000000000e+00	0.0000000000e+00	0.0000000000e+00
1.0522760432e+05	5.0918435261e-14	0.0000000000e+00	0.0000000000e+00	0.0000000000e+00	0.0000000000e+00	0.0000000000e+00	0.0000000000e+00	0.0000000000e+00	0.0000000000e+00	0.0000000000e+00	0.0000000000e+00	0.0000000000e+00	0.0000000000e+00	0.0000000000e+00	0.0000000000e+00	0.0000000000e+00
1.0522761028e+05	5.0787494608e-14	0.0000000000e+00	0.0000000000e+00	0.0000000000e+00	0.0000000000e+00	0.0000000000e+00	0.0000000000e+00	0.0000000000e+00	0.0000000000e+00	0.0000000000e+00	0.0000000000e+00	0.0000000000e+00	0.0000000000e+00	0.0000000000e+00	0.0000000000e+00	0.0000000000e+00
1.0522761630e+05	5.0654333294e-14	0.0000000000e+00	0.0000000000e+00	0.0000000000e+00	0.0000000000e+00	0.0000000000e+00	0.0000000000e+00	0.0000000000e+00	0.0000000000e+00	0.0000000000e+00	0.0000000000e+00	0.0000000000e+00	0.0000000000e+00	0.0000000000e+00	0.0000000000e+00	0.0000000000e+00
1.0522762240e+05	5.0518879516e-14	0.0000000000e+00	0.0000000000e+00	0.0000000000e+00	0.0000000000e+00	0.0000000000e+00	0.0000000000e+00	0.0000000000e+00	0.0000000000e+00	0.0000000000e+00	0.0000000000e+00	0.0000000000e+00	0.0000000000e+00	0.0000000000e+00	0.0000000000e+00	0.0000000000e+00
1.0522762856e+05	5.0381060235e-14	0.0000000000e+00	0.0000000000e+00	0.0000000000e+00	0.0000000000e+00	0.0000000000e+00	0.0000000000e+00	0.0000000000e+00	0.0000000000e+00	0.0000000000e+00	0.0000000000e+00	0.0000000000e+00	0.0000000000e+00	0.0000000000e+00	0.0000000000e+00	0.0000000000e+00
1.0522763480e+05	5.0240801211e-14	0.0000000000e+00	0.0000000000e+00	0.0000000000e+00	0.0000000000e+00	0.0000000000e+00	0.0000000000e+00	0.0000000000e+00	0.0000000000e+00	0.0000000000e+00	0.0000000000e+00	0.0000000000e+00	0.0000000000e+00	0.0000000000e+00	0.0000000000e+00	0.0000000000e+00
1.0522764111e+05	5.0098027029e-14	0.0000000000e+00	0.0000000000e+00	0.0000000000e+00	0.0000000000e+00	0.0000000000e+00	0.0000000000e+00	0.0000000000e+00	0.0000000000e+00	0.0000000000e+00	0.0000000000e+00	0.0000000000e+00	0.0000000000e+00	0.0000000000e+00	0.0000000000e+00	0.0000000000e+00
1.0522764749e+05	4.9952661145e-14	0.0000000000e+00	0.0000000000e+00	0.0000000000e+00	0.0000000000e+00	0.0000000000e+00	0.0000000000e+00	0.0000000000e+00	0.0000000000e+00	0.0000000000e+00	0.0000000000e+00	0.0000000000e+00	0.0000000000e+00	0.0000000000e+00	0.0000000000e+00	0.0000000000e+00
1.0522765395e+05	4.9804625922e-14	0.0000000000e+00	0.0000000000e+00	0.0000000000e+00	0.0000000000e+00	0.0000000000e+00	0.0000000000e+00	0.0000000000e+00	0.0000000000e+00	0.0000000000e+00	0.0000000000e+00	0.0000000000e+00	0.0000000000e+00	0.0000000000e+00	0.0000000000e+00	0.0000000000e+00
1.0522766048e+05	4.9653842679e-14	0.0000000000e+00	0.0000000000e+00	0.0000000000e+00	0.0000000000e+00	0.0000000000e+00	0.0000000000e+00	0.0000000000e+00	0.0000000000e+00	0.0000000000e+00	0.0000000000e+00	0.0000000000e+00	0.0000000000e+00	0.0000000000e+00	0.0000000000e+00	0.0000000000e+00
1.0522766708e+05	4.9500231729e-14	0.0000000000e+00	0.0000000000e+00	0.0000000000e+00	0.0000000000e+00	0.0000000000e+00	0.0000000000e+00	0.0000000000e+00	0.0000000000e+00	0.0000000000e+00	0.0000000000e+00	0.0000000000e+00	0.0000000000e+00	0.0000000000e+00	0.0000000000e+00	0.0000000000e+00
1.0522767376e+05	4.9343712445e-14	0.0000000000e+00	0.0000000000e+00	0.0000000000e+00	0.0000000000e+00	0.0000000000e+00	0.0000000000e+00	0.0000000000e+00	0.0000000000e+00	0.0000000000e+00	0.0000000000e+00	0.0000000000e+00	0.0000000000e+00	0.0000000000e+00	0.0000000000e+00	0.0000000000e+00
1.0522768052e+05	4.9184203309e-14	0.0000000000e+00	0.0000000000e+00	0.0000000000e+00	0.0000000000e+00	0.0000000000e+00	0.0000000000e+00	0.0000000000e+00	0.0000000000e+00	0.0000000000e+00	0.0000000000e+00	0.0000000000e+00	0.0000000000e+00	0.0000000000e+00	0.0000000000e+00	0.0000000000e+00
1.0522768736e+05	4.9021621967e-14	0.0000000000e+00	0.0000000000e+00	0.0000000000e+00	0.0000000000e+00	0.0000000000e+00	0.0000000000e+00	0.0000000000e+00	0.0000000000e+00	0.0000000000e+00	0.0000000000e+00	0.0000000000e+00	0.0000000000e+00	0.0000000000e+00	0.0000000000e+00	0.0000000000e+00
1.0522769428e+05	4.8855885307e-14	0.0000000000e+00	0.0000000000e+00	0.0000000000e+00	0.0000000000e+00	0.0000000000e+00	0.0000000000e+00	0.0000000000e+00	0.0000000000e+00	0.0000000000e+00	0.0000000000e+00	0.0000000000e+00	0.0000000000e+00	0.0000000000e+00	0.0000000000e+00	0.0000000000e+00
1.0522770128e+05	4.8686909516e-14	0.0000000000e+00	0.0000000000e+00	0.0000000000e+00	0.0000000000e+00	0.0000000000e+00	0.0000000000e+00	0.0000000000e+00	0.0000000000e+00	0.0000000000e+00	0.0000000000e+00	0.0000000000e+00	0.0000000000e+00	0.0000000000e+00	0.0000000000e+00	0.0000000000e+00
1.0522770835e+05	4.8514610159e-14	0.0000000000e+00	0.0000000000e+00	0.0000000000e+00	0.0000000000e+00	0.0000000000e+00	0.0000000000e+00	0.0000000000e+00	0.0000000000e+00	0.0000000000e+00	0.0000000000e+00	0.0000000000e+00	0.0000000000e+00	0.0000000000e+00	0.0000000000e+00	0.0000000000e+00
1.0522771551e+05	4.8338902253e-14	0.0000000000e+00	0.0000000000e+00	0.0000000000e+00	0.0000000000e+00	0.0000000000e+00	0.0000000000e+00	0.0000000000e+00	0.0000000000e+00	0.0000000000e+00	0.0000000000e+00	0.0000000000e+00	0.0000000000e+00	0.0000000000e+00	0.0000000000e+00	0.0000000000e+00
1.0522772276e+05	4.8159700358e-14	0.0000000000e+00	0.0000000000e+00	0.0000000000e+00	0.0000000000e+00	0.0000000000e+00	0.0000000000e+00	0.0000000000e+00	0.0000000000e+00	0.0000000000e+00	0.0000000000e+00	0.0000000000e+00	0.0000000000e+00	0.0000000000e+00	0.0000000000e+00	0.0000000000e+00
1.0522773008e+05	4.7976918652e-14	0.0000000000e+00	0.0000000000e+00	0.0000000000e+00	0.0000000000e+00	0.0000000000e+00	0.0000000000e+00	0.0000000000e+00	0.0000000000e+00	0.0000000000e+00	0.0000000000e+00	0.0000000000e+00	0.0000000000e+00	0.0000000000e+00	0.0000000000e+00	0.0000000000e+00
1.0522773750e+05	4.7790471035e-14	0.0000000000e+00	0.0000000000e+00	0.0000000000e+00	0.0000000000e+00	0.0000000000e+00	0.0000000000e+00	0.0000000000e+00	0.0000000000e+00	0.0000000000e+00	0.0000000000e+00	0.0000000000e+00	0.0000000000e+00	0.0000000000e+00	0.0000000000e+00	0.0000000000e+00
1.0522774499e+05	4.7600271221e-14	0.0000000000e+00	0.0000000000e+00	0.0000000000e+00	0.0000000000e+00	0.0000000000e+00	0.0000000000e+00	0.0000000000e+00	0.0000000000e+00	0.0000000000e+00	0.0000000000e+00	0.0000000000e+00	0.0000000000e+00	0.0000000000e+00	0.0000000000e+00	0.0000000000e+00
1.0522775258e+05	4.7406232839e-14	0.0000000000e+00	0.0000000000e+00	0.0000000000e+00	0.0000000000e+00	0.0000000000e+00	0.0000000000e+00	0.0000000000e+00	0.0000000000e+00	0.0000000000e+00	0.0000000000e+00	0.0000000000e+00	0.0000000000e+00	0.0000000000e+00	0.0000000000e+00	0.0000000000e+00
1.0522776025e+05	4.7208269542e-14	0.0000000000e+00	0.0000000000e+00	0.0000000000e+00	0.0000000000e+00	0.0000000000e+00	0.0000000000e+00	0.0000000000e+00	0.0000000000e+00	0.0000000000e+00	0.0000000000e+00	0.0000000000e+00	0.0000000000e+00	0.0000000000e+00	0.0000000000e+00	0.0000000000e+00
1.0522776801e+05	4.7006295127e-14	0.0000000000e+00	0.0000000000e+00	0.0000000000e+00	0.0000000000e+00	0.0000000000e+00	0.0000000000e+00	0.0000000000e+00	0.0000000000e+00	0.0000000000e+00	0.0000000000e+00	0.0000000000e+00	0.0000000000e+00	0.0000000000e+00	0.0000000000e+00	0.0000000000e+00
1.0522777586e+05	4.6800223641e-14	0.0000000000e+00	0.0000000000e+00	0.0000000000e+00	0.0000000000e+00	0.0000000000e+00	0.0000000000e+00	0.0000000000e+00	0.0000000000e+00	0.0000000000e+00	0.0000000000e+00	0.0000000000e+00	0.0000000000e+00	0.0000000000e+00	0.0000000000e+00	0.0000000000e+00
1.0522778380e+05	4.6589969514e-14	0.0000000000e+00	0.0000000000e+00	0.0000000000e+00	0.0000000000e+00	0.0000000000e+00	0.0000000000e+00	0.0000000000e+00	0.0000000000e+00	0.0000000000e+00	0.0000000000e+00	0.0000000000e+00	0.0000000000e+00	0.0000000000e+00	0.0000000000e+00	0.0000000000e+00
1.0522779184e+05	4.6375447688e-14	0.0000000000e+00	0.0000000000e+00	0.0000000000e+00	0.0000000000e+00	0.0000000000e+00	0.0000000000e+00	0.0000000000e+00	0.0000000000e+00	0.0000000000e+00	0.0000000000e+00	0.0000000000e+00	0.0000000000e+00	0.0000000000e+00	0.0000000000e+00	0.0000000000e+00
1.0522779997e+05	4.6156573747e-14	0.0000000000e+00	0.0000000000e+00	0.0000000000e+00	0.0000000000e+00	0.0000000000e+00	0.0000000000e+00	0.0000000000e+00	0.0000000000e+00	0.0000000000e+00	0.0000000000e+00	0.0000000000e+00	0.0000000000e+00	0.0000000000e+00	0.0000000000e+00	0.0000000000e+00
1.0522780819e+05	4.5933264061e-14	0.0000000000e+00	0.0000000000e+00	0.0000000000e+00	0.0000000000e+00	0.0000000000e+00	0.0000000000e+00	0.0000000000e+00	0.0000000000e+00	0.0000000000e+00	0.0000000000e+00	0.0000000000e+00	0.0000000000e+00	0.0000000000e+00	0.0000000000e+00	0.0000000000e+00
1.0522781650e+05	4.5705435936e-14	0.0000000000e+00	0.0000000000e+00	0.0000000000e+00	0.0000000000e+00	0.0000000000e+00	0.0000000000e+00	0.0000000000e+00	0.0000000000e+00	0.0000000000e+00	0.0000000000e+00	0.0000000000e+00	0.0000000000e+00	0.0000000000e+00	0.0000000000e+00	0.0000000000e+00
1.0522782491e+05	4.5473007758e-14	0.0000000000e+00	0.0000000000e+00	0.0000000000e+00	0.0000000000e+00	0.0000000000e+00	0.0000000000e+00	0.0000000000e+00	0.0000000000e+00	0.0000000000e+00	0.0000000000e+00	0.0000000000e+00	0.0000000000e+00	0.0000000000e+00	0.0000000000e+00	0.0000000000e+00
1.0522783342e+05	4.5235899159e-14	0.0000000000e+00	0.0000000000e+00	0.0000000000e+00	0.0000000000e+00	0.0000000000e+00	0.0000000000e+00	0.0000000000e+00	0.0000000000e+00	0.0000000000e+00	0.0000000000e+00	0.0000000000e+00	0.0000000000e+00	0.0000000000e+00	0.0000000000e+00	0.0000000000e+00
1.0522784203e+05	4.4994031175e-14	0.0000000000e+00	0.0000000000e+00	0.0000000000e+00	0.0000000000e+00	0.0000000000e+00	0.0000000000e+00	0.0000000000e+00	0.0000000000e+00	0.0000000000e+00	0.0000000000e+00	0.0000000000e+00	0.0000000000e+00	0.0000000000e+00	0.0000000000e+00	0.0000000000e+00
1.0522785074e+05	4.4747326420e-14	0.0000000000e+00	0.0000000000e+00	0.0000000000e+00	0.0000000000e+00	0.0000000000e+00	0.0000000000e+00	0.0000000000e+00	0.0000000000e+00	0.0000000000e+00	0.0000000000e+00	0.0000000000e+00	0.0000000000e+00	0.0000000000e+00	0.0000000000e+00	0.0000000000e+00
1.0522785955e+05	4.4495709258e-14	0.0000000000e+00	0.0000000000e+00	0.0000000000e+00	0.0000000000e+00	0.0000000000e+00	0.0000000000e+00	0.0000000000e+00	0.0000000000e+00	0.0000000000e+00	0.0000000000e+00	0.0000000000e+00	0.0000000000e+00	0.0000000000e+00	0.0000000000e+00	0.0000000000e+00
1.0522786846e+05	4.9501219610e-14	0.0000000000e+00	0.0000000000e+00	0.0000000000e+00	0.0000000000e+00	0.0000000000e+00	0.0000000000e+00	0.0000000000e+00	0.0000000000e+00	0.0000000000e+00	0.0000000000e+00	0.0000000000e+00	0.0000000000e+00	0.0000000000e+00	0.0000000000e+00	0.0000000000e+00
1.0522787748e+05	4.9417011444e-14	0.0000000000e+00	0.0000000000e+00	0.0000000000e+00	0.0000000000e+00	0.0000000000e+00	0.0000000000e+00	0.0000000000e+00	0.0000000000e+00	0.0000000000e+00	0.0000000000e+00	0.0000000000e+00	0.0000000000e+00	0.0000000000e+00	0.0000000000e+00	0.0000000000e+00
1.0522788659e+05	4.9331830491e-14	0.0000000000e+00	0.0000000000e+00	0.0000000000e+00	0.0000000000e+00	0.0000000000e+00	0.0000000000e+00	0.0000000000e+00	0.0000000000e+00	0.0000000000e+00	0.0000000000e+00	0.0000000000e+00	0.0000000000e+00	0.0000000000e+00	0.0000000000e+00	0.0000000000e+00
1.0522789582e+05	4.9245618006e-14	0.0000000000e+00	0.0000000000e+00	0.0000000000e+00	0.0000000000e+00	0.0000000000e+00	0.0000000000e+00	0.0000000000e+00	0.0000000000e+00	0.0000000000e+00	0.0000000000e+00	0.0000000000e+00	0.0000000000e+00	0.0000000000e+00	0.0000000000e+00	0.0000000000e+00
1.0522790515e+05	4.9158312862e-14	0.0000000000e+00	0.0000000000e+00	0.0000000000e+00	0.0000000000e+00	0.0000000000e+00	0.0000000000e+00	0.0000000000e+00	0.0000000000e+00	0.0000000000e+00	0.0000000000e+00	0.0000000000e+00	0.0000000000e+00	0.0000000000e+00	0.0000000000e+00	0.0000000000e+00
1.0522791459e+05	4.9069851499e-14	0.0000000000e+00	0.0000000000e+00	0.0000000000e+00	0.0000000000e+00	0.0000000000e+00	0.0000000000e+00	0.0000000000e+00	0.0000000000e+00	0.0000000000e+00	0.0000000000e+00	0.0000000000e+00	0.0000000000e+00	0.0000000000e+00	0.0000000000e+00	0.0000000000e+00
1.0522792414e+05	4.8980167886e-14	0.0000000000e+00	0.0000000000e+00	0.0000000000e+00	0.0000000000e+00	0.0000000000e+00	0.0000000000e+00	0.0000000000e+00	0.0000000000e+00	0.0000000000e+00	0.0000000000e+00	0.0000000000e+00	0.0000000000e+00	0.0000000000e+00	0.0000000000e+00	0.0000000000e+00
1.0522793380e+05	4.8889193472e-14	0.0000000000e+00	0.0000000000e+00	0.0000000000e+00	0.0000000000e+00	0.0000000000e+00	0.0000000000e+00	0.0000000000e+00	0.0000000000e+00	0.0000000000e+00	0.0000000000e+00	0.0000000000e+00	0.0000000000e+00	0.0000000000e+00	0.0000000000e+00	0.0000000000e+00
1.0522794357e+05	4.8796857151e-14	0.0000000000e+00	0.0000000000e+00	0.0000000000e+00	0.0000000000e+00	0.0000000000e+00	0.0000000000e+00	0.0000000000e+00	0.0000000000e+00	0.0000000000e+00	0.0000000000e+00	0.0000000000e+00	0.0000000000e+00	0.0000000000e+00	0.0000000000e+00	0.0000000000e+00
1.0522795345e+05	4.8703085223e-14	0.0000000000e+00	0.0000000000e+00	0.0000000000e+00	0.0000000000e+00	0.0000000000e+00	0.0000000000e+00	0.0000000000e+00	0.0000000000e+00	0.0000000000e+00	0.0000000000e+00	0.0000000000e+00	0.0000000000e+00	0.0000000000e+00	0.0000000000e+00	0.0000000000e+00
1.0522796345e+05	4.8607801359e-14	0.0000000000e+00	0.0000000000e+00	0.0000000000e+00	0.0000000000e+00	0.0000000000e+00	0.0000000000e+00	0.0000000000e+00	0.0000000000e+00	0.0000000000e+00	0.0000000000e+00	0.0000000000e+00	0.0000000000e+00	0.0000000000e+00	0.0000000000e+00	0.0000000000e+00
1.0522797356e+05	4.8510926574e-14	0.0000000000e+00	0.0000000000e+00	0.0000000000e+00	0.0000000000e+00	0.0000000000e+00	0.0000000000e+00	0.0000000000e+00	0.0000000000e+00	0.0000000000e+00	0.0000000000e+00	0.0000000000e+00	0.0000000000e+00	0.0000000000e+00	0.0000000000e+00	0.0000000000e+00
1.0522798379e+05	4.8412379195e-14	0.0000000000e+00	0.0000000000e+00	0.0000000000e+00	0.0000000000e+00	0.0000000000e+00	0.0000000000e+00	0.0000000000e+00	0.0000000000e+00	0.0000000000e+00	0.0000000000e+00	0.0000000000e+00	0.0000000000e+00	0.0000000000e+00	0.0000000000e+00	0.0000000000e+00
1.0522799414e+05	4.8312074847e-14	0.0000000000e+00	0.0000000000e+00	0.0000000000e+00	0.0000000000e+00	0.0000000000e+00	0.0000000000e+00	0.0000000000e+00	0.0000000000e+00	0.0000000000e+00	0.0000000000e+00	0.0000000000e+00	0.0000000000e+00	0.0000000000e+00	0.0000000000e+00	0.0000000000e+00
1.0522800461e+05	4.8209926426e-14	0.0000000000e+00	0.0000000000e+00	0.0000000000e+00	0.0000000000e+00	0.0000000000e+00	0.0000000000e+00	0.0000000000e+00	0.0000000000e+00	0.0000000000e+00	0.0000000000e+00	0.0000000000e+00	0.0000000000e+00	0.0000000000e+00	0.0000000000e+00	0.0000000000e+00
1.0522801520e+05	4.8105844091e-14	0.0000000000e+00	0.0000000000e+00	0.0000000000e+00	0.0000000000e+00	0.0000000000e+00	0.0000000000e+00	0.0000000000e+00	0.0000000000e+00	0.0000000000e+00	0.0000000000e+00	0.0000000000e+00	0.0000000000e+00	0.0000000000e+00	0.0000000000e+00	0.0000000000e+00
1.0522802592e+05	4.7999735258e-14	0.0000000000e+00	0.0000000000e+00	0.0000000000e+00	0.0000000000e+00	0.0000000000e+00	0.0000000000e+00	0.0000000000e+00	0.0000000000e+00	0.0000000000e+00	0.0000000000e+00	0.0000000000e+00	0.0000000000e+00	0.0000000000e+00	0.0000000000e+00	0.0000000000e+00
1.0522803675e+05	4.7891504588e-14	0.0000000000e+00	0.0000000000e+00	0.0000000000e+00	0.0000000000e+00	0.0000000000e+00	0.0000000000e+00	0.0000000000e+00	0.0000000000e+00	0.0000000000e+00	0.0000000000e+00	0.0000000000e+00	0.0000000000e+00	0.0000000000e+00	0.0000000000e+00	0.0000000000e+00
1.0522804772e+05	4.7781054001e-14	0.0000000000e+00	0.0000000000e+00	0.0000000000e+00	0.0000000000e+00	0.0000000000e+00	0.0000000000e+00	0.0000000000e+00	0.0000000000e+00	0.0000000000e+00	0.0000000000e+00	0.0000000000e+00	0.0000000000e+00	0.0000000000e+00	0.0000000000e+00	0.0000000000e+00
1.0522805881e+05	4.7668282682e-14	0.0000000000e+00	0.0000000000e+00	0.0000000000e+00	0.0000000000e+00	0.0000000000e+00	0.0000000000e+00	0.0000000000e+00	0.0000000000e+00	0.0000000000e+00	0.0000000000e+00	0.0000000000e+00	0.0000000000e+00	0.0000000000e+00	0.0000000000e+00	0.0000000000e+00
1.0522807002e+05	4.7553087088e-14	0.0000000000e+00	0.0000000000e+00	0.0000000000e+00	0.0000000000e+00	0.0000000000e+00	0.0000000000e+00	0.0000000000e+00	0.0000000000e+00	0.0000000000e+00	0.0000000000e+00	0.0000000000e+00	0.0000000000e+00	0.0000000000e+00	0.0000000000e+00	0.0000000000e+00
1.0522808137e+05	4.7435360985e-14	0.0000000000e+00	0.0000000000e+00	0.0000000000e+00	0.0000000000e+00	0.0000000000e+00	0.0000000000e+00	0.0000000000e+00	0.0000000000e+00	0.0000000000e+00	0.0000000000e+00	0.0000000000e+00	0.0000000000e+00	0.0000000000e+00	0.0000000000e+00	0.0000000000e+00
1.0522809285e+05	4.7314995470e-14	0.0000000000e+00	0.0000000000e+00	0.0000000000e+00	0.0000000000e+00	0.0000000000e+00	0.0000000000e+00	0.0000000000e+00	0.0000000000e+00	0.0000000000e+00	0.0000000000e+00	0.0000000000e+00	0.0000000000e+00	0.0000000000e+00	0.0000000000e+00	0.0000000000e+00
1.0522810447e+05	4.7191879008e-14	0.0000000000e+00	0.0000000000e+00	0.0000000000e+00	0.0000000000e+00	0.0000000000e+00	0.0000000000e+00	0.0000000000e+00	0.0000000000e+00	0.0000000000e+00	0.0000000000e+00	0.0000000000e+00	0.0000000000e+00	0.0000000000e+00	0.0000000000e+00	0.0000000000e+00
1.0522811621e+05	4.7065897481e-14	0.0000000000e+00	0.0000000000e+00	0.0000000000e+00	0.0000000000e+00	0.0000000000e+00	0.0000000000e+00	0.0000000000e+00	0.0000000000e+00	0.0000000000e+00	0.0000000000e+00	0.0000000000e+00	0.0000000000e+00	0.0000000000e+00	0.0000000000e+00	0.0000000000e+00
1.0522812809e+05	4.6936934244e-14	0.0000000000e+00	0.0000000000e+00	0.0000000000e+00	0.0000000000e+00	0.0000000000e+00	0.0000000000e+00	0.0000000000e+00	0.0000000000e+00	0.0000000000e+00	0.0000000000e+00	0.0000000000e+00	0.0000000000e+00	0.0000000000e+00	0.0000000000e+00	0.0000000000e+00
1.0522814012e+05	4.6804870183e-14	0.0000000000e+00	0.0000000000e+00	0.0000000000e+00	0.0000000000e+00	0.0000000000e+00	0.0000000000e+00	0.0000000000e+00	0.0000000000e+00	0.0000000000e+00	0.0000000000e+00	0.0000000000e+00	0.0000000000e+00	0.0000000000e+00	0.0000000000e+00	0.0000000000e+00
1.0522815228e+05	4.6669583795e-14	0.0000000000e+00	0.0000000000e+00	0.0000000000e+00	0.0000000000e+00	0.0000000000e+00	0.0000000000e+00	0.0000000000e+00	0.0000000000e+00	0.0000000000e+00	0.0000000000e+00	0.0000000000e+00	0.0000000000e+00	0.0000000000e+00	0.0000000000e+00	0.0000000000e+00
1.0522816458e+05	4.6530951266e-14	0.0000000000e+00	0.0000000000e+00	0.0000000000e+00	0.0000000000e+00	0.0000000000e+00	0.0000000000e+00	0.0000000000e+00	0.0000000000e+00	0.0000000000e+00	0.0000000000e+00	0.0000000000e+00	0.0000000000e+00	0.0000000000e+00	0.0000000000e+00	0.0000000000e+00
1.0522817702e+05	4.6388846566e-14	0.0000000000e+00	0.0000000000e+00	0.0000000000e+00	0.0000000000e+00	0.0000000000e+00	0.0000000000e+00	0.0000000000e+00	0.0000000000e+00	0.0000000000e+00	0.0000000000e+00	0.0000000000e+00	0.0000000000e+00	0.0000000000e+00	0.0000000000e+00	0.0000000000e+00
1.0522818961e+05	4.6243141551e-14	0.0000000000e+00	0.0000000000e+00	0.0000000000e+00	0.0000000000e+00	0.0000000000e+00	0.0000000000e+00	0.0000000000e+00	0.0000000000e+00	0.0000000000e+00	0.0000000000e+00	0.0000000000e+00	0.0000000000e+00	0.0000000000e+00	0.0000000000e+00	0.0000000000e+00
1.0522820234e+05	4.6093706085e-14	0.0000000000e+00	0.0000000000e+00	0.0000000000e+00	0.0000000000e+00	0.0000000000e+00	0.0000000000e+00	0.0000000000e+00	0.0000000000e+00	0.0000000000e+00	0.0000000000e+00	0.0000000000e+00	0.0000000000e+00	0.0000000000e+00	0.0000000000e+00	0.0000000000e+00
1.0522821522e+05	4.5940408157e-14	0.0000000000e+00	0.0000000000e+00	0.0000000000e+00	0.0000000000e+00	0.0000000000e+00	0.0000000000e+00	0.0000000000e+00	0.0000000000e+00	0.0000000000e+00	0.0000000000e+00	0.0000000000e+00	0.0000000000e+00	0.0000000000e+00	0.0000000000e+00	0.0000000000e+00
1.0522822825e+05	4.5783114028e-14	0.0000000000e+00	0.0000000000e+00	0.0000000000e+00	0.0000000000e+00	0.0000000000e+00	0.0000000000e+00	0.0000000000e+00	0.0000000000e+00	0.0000000000e+00	0.0000000000e+00	0.0000000000e+00	0.0000000000e+00	0.0000000000e+00	0.0000000000e+00	0.0000000000e+00
1.0522824143e+05	4.5621688376e-14	0.0000000000e+00	0.0000000000e+00	0.0000000000e+00	0.0000000000e+00	0.0000000000e+00	0.0000000000e+00	0.0000000000e+00	0.0000000000e+00	0.0000000000e+00	0.0000000000e+00	0.0000000000e+00	0.0000000000e+00	0.0000000000e+00	0.0000000000e+00	0.0000000000e+00
1.0522825476e+05	4.5455994468e-14	0.0000000000e+00	0.0000000000e+00	0.0000000000e+00	0.0000000000e+00	0.0000000000e+00	0.0000000000e+00	0.0000000000e+00	0.0000000000e+00	0.0000000000e+00	0.0000000000e+00	0.0000000000e+00	0.0000000000e+00	0.0000000000e+00	0.0000000000e+00	0.0000000000e+00
1.0522826825e+05	4.5285894327e-14	0.0000000000e+00	0.0000000000e+00	0.0000000000e+00	0.0000000000e+00	0.0000000000e+00	0.0000000000e+00	0.0000000000e+00	0.0000000000e+00	0.0000000000e+00	0.0000000000e+00	0.0000000000e+00	0.0000000000e+00	0.0000000000e+00	0.0000000000e+00	0.0000000000e+00
1.0522828189e+05	4.5111248934e-14	0.0000000000e+00	0.0000000000e+00	0.0000000000e+00	0.0000000000e+00	0.0000000000e+00	0.0000000000e+00	0.0000000000e+00	0.0000000000e+00	0.0000000000e+00	0.0000000000e+00	0.0000000000e+00	0.0000000000e+00	0.0000000000e+00	0.0000000000e+00	0.0000000000e+00
1.0522829569e+05	4.4931918427e-14	0.0000000000e+00	0.0000000000e+00	0.0000000000e+00	0.0000000000e+00	0.0000000000e+00	0.0000000000e+00	0.0000000000e+00	0.0000000000e+00	0.0000000000e+00	0.0000000000e+00	0.0000000000e+00	0.0000000000e+00	0.0000000000e+00	0.0000000000e+00	0.0000000000e+00
1.0522830966e+05	4.4747762322e-14	0.0000000000e+00	0.0000000000e+00	0.0000000000e+00	0.0000000000e+00	0.0000000000e+00	0.0000000000e+00	0.0000000000e+00	0.0000000000e+00	0.0000000000e+00	0.0000000000e+00	0.0000000000e+00	0.0000000000e+00	0.0000000000e+00	0.0000000000e+00	0.0000000000e+00
1.0522832378e+05	4.4558639748e-14	0.0000000000e+00	0.0000000000e+00	0.0000000000e+00	0.0000000000e+00	0.0000000000e+00	0.0000000000e+00	0.0000000000e+00	0.0000000000e+00	0.0000000000e+00	0.0000000000e+00	0.0000000000e+00	0.0000000000e+00	0.0000000000e+00	0.0000000000e+00	0.0000000000e+00
1.0522833806e+05	4.4364409696e-14	0.0000000000e+00	0.0000000000e+00	0.0000000000e+00	0.0000000000e+00	0.0000000000e+00	0.0000000000e+00	0.0000000000e+00	0.0000000000e+00	0.0000000000e+00	0.0000000000e+00	0.0000000000e+00	0.0000000000e+00	0.0000000000e+00	0.0000000000e+00	0.0000000000e+00
1.0522835252e+05	4.4164931285e-14	0.0000000000e+00	0.0000000000e+00	0.0000000000e+00	0.0000000000e+00	0.0000000000e+00	0.0000000000e+00	0.0000000000e+00	0.0000000000e+00	0.0000000000e+00	0.0000000000e+00	0.0000000000e+00	0.0000000000e+00	0.0000000000e+00	0.0000000000e+00	0.0000000000e+00
1.0522836714e+05	4.3960064042e-14	0.0000000000e+00	0.0000000000e+00	0.0000000000e+00	0.0000000000e+00	0.0000000000e+00	0.0000000000e+00	0.0000000000e+00	0.0000000000e+00	0.0000000000e+00	0.0000000000e+00	0.0000000000e+00	0.0000000000e+00	0.0000000000e+00	0.0000000000e+00	0.0000000000e+00
1.0522838192e+05	4.3749668201e-14	0.0000000000e+00	0.0000000000e+00	0.0000000000e+00	0.0000000000e+00	0.0000000000e+00	0.0000000000e+00	0.0000000000e+00	0.0000000000e+00	0.0000000000e+00	0.0000000000e+00	0.0000000000e+00	0.0000000000e+00	0.0000000000e+00	0.0000000000e+00	0.0000000000e+00
1.0522839688e+05	4.3533605011e-14	0.0000000000e+00	0.0000000000e+00	0.0000000000e+00	0.0000000000e+00	0.0000000000e+00	0.0000000000e+00	0.0000000000e+00	0.0000000000e+00	0.0000000000e+00	0.0000000000e+00	0.0000000000e+00	0.0000000000e+00	0.0000000000e+00	0.0000000000e+00	0.0000000000e+00
1.0522841202e+05	4.3311737071e-14	0.0000000000e+00	0.0000000000e+00	0.0000000000e+00	0.0000000000e+00	0.0000000000e+00	0.0000000000e+00	0.0000000000e+00	0.0000000000e+00	0.0000000000e+00	0.0000000000e+00	0.0000000000e+00	0.0000000000e+00	0.0000000000e+00	0.0000000000e+00	0.0000000000e+00
1.0522842733e+05	4.3083928668e-14	0.0000000000e+00	0.0000000000e+00	0.0000000000e+00	0.0000000000e+00	0.0000000000e+00	0.0000000000e+00	0.0000000000e+00	0.0000000000e+00	0.0000000000e+00	0.0000000000e+00	0.0000000000e+00	0.0000000000e+00	0.0000000000e+00	0.0000000000e+00	0.0000000000e+00
1.0522844281e+05	4.2850046149e-14	0.0000000000e+00	0.0000000000e+00	0.0000000000e+00	0.0000000000e+00	0.0000000000e+00	0.0000000000e+00	0.0000000000e+00	0.0000000000e+00	0.0000000000e+00	0.0000000000e+00	0.0000000000e+00	0.0000000000e+00	0.0000000000e+00	0.0000000000e+00	0.0000000000e+00
1.0522845848e+05	4.2609958289e-14	0.0000000000e+00	0.0000000000e+00	0.0000000000e+00	0.0000000000e+00	0.0000000000e+00	0.0000000000e+00	0.0000000000e+00	0.0000000000e+00	0.0000000000e+00	0.0000000000e+00	0.0000000000e+00	0.0000000000e+00	0.0000000000e+00	0.0000000000e+00	0.0000000000e+00
1.0522847432e+05	4.2363536694e-14	0.0000000000e+00	0.0000000000e+00	0.0000000000e+00	0.0000000000e+00	0.0000000000e+00	0.0000000000e+00	0.0000000000e+00	0.0000000000e+00	0.0000000000e+00	0.0000000000e+00	0.0000000000e+00	0.0000000000e+00	0.0000000000e+00	0.0000000000e+00	0.0000000000e+00
1.0522849035e+05	4.2110656205e-14	0.0000000000e+00	0.0000000000e+00	0.0000000000e+00	0.0000000000e+00	0.0000000000e+00	0.0000000000e+00	0.0000000000e+00	0.0000000000e+00	0.0000000000e+00	0.0000000000e+00	0.0000000000e+00	0.0000000000e+00	0.0000000000e+00	0.0000000000e+00	0.0000000000e+00
1.0522850657e+05	4.1851195332e-14	0.0000000000e+00	0.0000000000e+00	0.0000000000e+00	0.0000000000e+00	0.0000000000e+00	0.0000000000e+00	0.0000000000e+00	0.0000000000e+00	0.0000000000e+00	0.0000000000e+00	0.0000000000e+00	0.0000000000e+00	0.0000000000e+00	0.0000000000e+00	0.0000000000e+00
1.0522852297e+05	4.1585036693e-14	0.0000000000e+00	0.0000000000e+00	0.0000000000e+00	0.0000000000e+00	0.0000000000e+00	0.0000000000e+00	0.0000000000e+00	0.0000000000e+00	0.0000000000e+00	0.0000000000e+00	0.0000000000e+00	0.0000000000e+00	0.0000000000e+00	0.0000000000e+00	0.0000000000e+00
1.0522853956e+05	4.1312067473e-14	0.0000000000e+00	0.0000000000e+00	0.0000000000e+00	0.0000000000e+00	0.0000000000e+00	0.0000000000e+00	0.0000000000e+00	0.0000000000e+00	0.0000000000e+00	0.0000000000e+00	0.0000000000e+00	0.0000000000e+00	0.0000000000e+00	0.0000000000e+00	0.0000000000e+00
1.0522855635e+05	4.1032179896e-14	0.0000000000e+00	0.0000000000e+00	0.0000000000e+00	0.0000000000e+00	0.0000000000e+00	0.0000000000e+00	0.0000000000e+00	0.0000000000e+00	0.0000000000e+00	0.0000000000e+00	0.0000000000e+00	0.0000000000e+00	0.0000000000e+00	0.0000000000e+00	0.0000000000e+00
1.0522857333e+05	4.0745271716e-14	0.0000000000e+00	0.0000000000e+00	0.0000000000e+00	0.0000000000e+00	0.0000000000e+00	0.0000000000e+00	0.0000000000e+00	0.0000000000e+00	0.0000000000e+00	0.0000000000e+00	0.0000000000e+00	0.0000000000e+00	0.0000000000e+00	0.0000000000e+00	0.0000000000e+00
1.0522859050e+05	4.0451246716e-14	0.0000000000e+00	0.0000000000e+00	0.0000000000e+00	0.0000000000e+00	0.0000000000e+00	0.0000000000e+00	0.0000000000e+00	0.0000000000e+00	0.0000000000e+00	0.0000000000e+00	0.0000000000e+00	0.0000000000e+00	0.0000000000e+00	0.0000000000e+00	0.0000000000e+00
1.0522860788e+05	4.0150015220e-14	0.0000000000e+00	0.0000000000e+00	0.0000000000e+00	0.0000000000e+00	0.0000000000e+00	0.0000000000e+00	0.0000000000e+00	0.0000000000e+00	0.0000000000e+00	0.0000000000e+00	0.0000000000e+00	0.0000000000e+00	0.0000000000e+00	0.0000000000e+00	0.0000000000e+00
1.0522862546e+05	3.9841494609e-14	0.0000000000e+00	0.0000000000e+00	0.0000000000e+00	0.0000000000e+00	0.0000000000e+00	0.0000000000e+00	0.0000000000e+00	0.0000000000e+00	0.0000000000e+00	0.0000000000e+00	0.0000000000e+00	0.0000000000e+00	0.0000000000e+00	0.0000000000e+00	0.0000000000e+00
1.0522864323e+05	3.9525609844e-14	0.0000000000e+00	0.0000000000e+00	0.0000000000e+00	0.0000000000e+00	0.0000000000e+00	0.0000000000e+00	0.0000000000e+00	0.0000000000e+00	0.0000000000e+00	0.0000000000e+00	0.0000000000e+00	0.0000000000e+00	0.0000000000e+00	0.0000000000e+00	0.0000000000e+00
1.0522866122e+05	3.9202293938e-14	0.0000000000e+00	0.0000000000e+00	0.0000000000e+00	0.0000000000e+00	0.0000000000e+00	0.0000000000e+00	0.0000000000e+00	0.0000000000e+00	0.0000000000e+00	0.0000000000e+00	0.0000000000e+00	0.0000000000e+00	0.0000000000e+00	0.0000000000e+00	0.0000000000e+00
1.0522867941e+05	3.8871488270e-14	0.0000000000e+00	0.0000000000e+00	0.0000000000e+00	0.0000000000e+00	0.0000000000e+00	0.0000000000e+00	0.0000000000e+00	0.0000000000e+00	0.0000000000e+00	0.0000000000e+00	0.0000000000e+00	0.0000000000e+00	0.0000000000e+00	0.0000000000e+00	0.0000000000e+00
1.0522869782e+05	3.8533141664e-14	0.0000000000e+00	0.0000000000e+00	0.0000000000e+00	0.0000000000e+00	0.0000000000e+00	0.0000000000e+00	0.0000000000e+00	0.0000000000e+00	0.0000000000e+00	0.0000000000e+00	0.0000000000e+00	0.0000000000e+00	0.0000000000e+00	0.0000000000e+00	0.0000000000e+00
1.0522871644e+05	4.4922130594e-14	0.0000000000e+00	0.0000000000e+00	0.0000000000e+00	0.0000000000e+00	0.0000000000e+00	0.0000000000e+00	0.0000000000e+00	0.0000000000e+00	0.0000000000e+00	0.0000000000e+00	0.0000000000e+00	0.0000000000e+00	0.0000000000e+00	0.0000000000e+00	0.0000000000e+00
1.0522873527e+05	4.4813301486e-14	0.0000000000e+00	0.0000000000e+00	0.0000000000e+00	0.0000000000e+00	0.0000000000e+00	0.0000000000e+00	0.0000000000e+00	0.0000000000e+00	0.0000000000e+00	0.0000000000e+00	0.0000000000e+00	0.0000000000e+00	0.0000000000e+00	0.0000000000e+00	0.0000000000e+00
1.0522875432e+05	4.4701478004e-14	0.0000000000e+00	0.0000000000e+00	0.0000000000e+00	0.0000000000e+00	0.0000000000e+00	0.0000000000e+00	0.0000000000e+00	0.0000000000e+00	0.0000000000e+00	0.0000000000e+00	0.0000000000e+00	0.0000000000e+00	0.0000000000e+00	0.0000000000e+00	0.0000000000e+00
1.0522877359e+05	4.4586606931e-14	0.0000000000e+00	0.0000000000e+00	0.0000000000e+00	0.0000000000e+00	0.0000000000e+00	0.0000000000e+00	0.0000000000e+00	0.0000000000e+00	0.0000000000e+00	0.0000000000e+00	0.0000000000e+00	0.0000000000e+00	0.0000000000e+00	0.0000000000e+00	0.0000000000e+00
1.0522879309e+05	4.4468516807e-14	0.0000000000e+00	0.0000000000e+00	0.0000000000e+00	0.0000000000e+00	0.0000000000e+00	0.0000000000e+00	0.0000000000e+00	0.0000000000e+00	0.0000000000e+00	0.0000000000e+00	0.0000000000e+00	0.0000000000e+00	0.0000000000e+00	0.0000000000e+00	0.0000000000e+00
1.0522881281e+05	4.4347037106e-14	0.0000000000e+00	0.0000000000e+00	0.0000000000e+00	0.0000000000e+00	0.0000000000e+00	0.0000000000e+00	0.0000000000e+00	0.0000000000e+00	0.0000000000e+00	0.0000000000e+00	0.0000000000e+00	0.0000000000e+00	0.0000000000e+00	0.0000000000e+00	0.0000000000e+00
1.0522883276e+05	4.4221992914e-14	0.0000000000e+00	0.0000000000e+00	0.0000000000e+00	0.0000000000e+00	0.0000000000e+00	0.0000000000e+00	0.0000000000e+00	0.0000000000e+00	0.0000000000e+00	0.0000000000e+00	0.0000000000e+00	0.0000000000e+00	0.0000000000e+00	0.0000000000e+00	0.0000000000e+00
1.0522885294e+05	4.4093204474e-14	0.0000000000e+00	0.0000000000e+00	0.0000000000e+00	0.0000000000e+00	0.0000000000e+00	0.0000000000e+00	0.0000000000e+00	0.0000000000e+00	0.0000000000e+00	0.0000000000e+00	0.0000000000e+00	0.0000000000e+00	0.0000000000e+00	0.0000000000e+00	0.0000000000e+00
1.0522887335e+05	4.3960487192e-14	0.0000000000e+00	0.0000000000e+00	0.0000000000e+00	0.0000000000e+00	0.0000000000e+00	0.0000000000e+00	0.0000000000e+00	0.0000000000e+00	0.0000000000e+00	0.0000000000e+00	0.0000000000e+00	0.0000000000e+00	0.0000000000e+00	0.0000000000e+00	0.0000000000e+00
1.0522889400e+05	4.3823651785e-14	0.0000000000e+00	0.0000000000e+00	0.0000000000e+00	0.0000000000e+00	0.0000000000e+00	0.0000000000e+00	0.0000000000e+00	0.0000000000e+00	0.0000000000e+00	0.0000000000e+00	0.0000000000e+00	0.0000000000e+00	0.0000000000e+00	0.0000000000e+00	0.0000000000e+00
1.0522891489e+05	4.3682504473e-14	0.0000000000e+00	0.0000000000e+00	0.0000000000e+00	0.0000000000e+00	0.0000000000e+00	0.0000000000e+00	0.0000000000e+00	0.0000000000e+00	0.0000000000e+00	0.0000000000e+00	0.0000000000e+00	0.0000000000e+00	0.0000000000e+00	0.0000000000e+00	0.0000000000e+00
1.0522893602e+05	4.3536847211e-14	0.0000000000e+00	0.0000000000e+00	0.0000000000e+00	0.0000000000e+00	0.0000000000e+00	0.0000000000e+00	0.0000000000e+00	0.0000000000e+00	0.0000000000e+00	0.0000000000e+00	0.0000000000e+00	0.0000000000e+00	0.0000000000e+00	0.0000000000e+00	0.0000000000e+00
1.0522895740e+05	4.3386477960e-14	0.0000000000e+00	0.0000000000e+00	0.0000000000e+00	0.0000000000e+00	0.0000000000e+00	0.0000000000e+00	0.0000000000e+00	0.0000000000e+00	0.0000000000e+00	0.0000000000e+00	0.0000000000e+00	0.0000000000e+00	0.0000000000e+00	0.0000000000e+00	0.0000000000e+00
1.0522897902e+05	4.3231190982e-14	0.0000000000e+00	0.0000000000e+00	0.0000000000e+00	0.0000000000e+00	0.0000000000e+00	0.0000000000e+00	0.0000000000e+00	0.0000000000e+00	0.0000000000e+00	0.0000000000e+00	0.0000000000e+00	0.0000000000e+00	0.0000000000e+00	0.0000000000e+00	0.0000000000e+00
1.0522900090e+05	4.3070777157e-14	0.0000000000e+00	0.0000000000e+00	0.0000000000e+00	0.0000000000e+00	0.0000000000e+00	0.0000000000e+00	0.0000000000e+00	0.0000000000e+00	0.0000000000e+00	0.0000000000e+00	0.0000000000e+00	0.0000000000e+00	0.0000000000e+00	0.0000000000e+00	0.0000000000e+00
1.0522902302e+05	4.2905024300e-14	0.0000000000e+00	0.0000000000e+00	0.0000000000e+00	0.0000000000e+00	0.0000000000e+00	0.0000000000e+00	0.0000000000e+00	0.0000000000e+00	0.0000000000e+00	0.0000000000e+00	0.0000000000e+00	0.0000000000e+00	0.0000000000e+00	0.0000000000e+00	0.0000000000e+00
1.0522904541e+05	4.2733717349e-14	0.0000000000e+00	0.0000000000e+00	0.0000000000e+00	0.0000000000e+00	0.0000000000e+00	0.0000000000e+00	0.0000000000e+00	0.0000000000e+00	0.0000000000e+00	0.0000000000e+00	0.0000000000e+00	0.0000000000e+00	0.0000000000e+00	0.0000000000e+00	0.0000000000e+00
1.0522906805e+05	4.2556637873e-14	0.0000000000e+00	0.0000000000e+00	0.0000000000e+00	0.0000000000e+00	0.0000000000e+00	0.0000000000e+00	0.0000000000e+00	0.0000000000e+00	0.0000000000e+00	0.0000000000e+00	0.0000000000e+00	0.0000000000e+00	0.0000000000e+00	0.0000000000e+00	0.0000000000e+00
1.0522909095e+05	4.2373556776e-14	0.0000000000e+00	0.0000000000e+00	0.0000000000e+00	0.0000000000e+00	0.0000000000e+00	0.0000000000e+00	0.0000000000e+00	0.0000000000e+00	0.0000000000e+00	0.0000000000e+00	0.0000000000e+00	0.0000000000e+00	0.0000000000e+00	0.0000000000e+00	0.0000000000e+00
1.0522911412e+05	4.2184525033e-14	0.0000000000e+00	0.0000000000e+00	0.0000000000e+00	0.0000000000e+00	0.0000000000e+00	0.0000000000e+00	0.0000000000e+00	0.0000000000e+00	0.0000000000e+00	0.0000000000e+00	0.0000000000e+00	0.0000000000e+00	0.0000000000e+00	0.0000000000e+00	0.0000000000e+00
1.0522913756e+05	4.1988659513e-14	0.0000000000e+00	0.0000000000e+00	0.0000000000e+00	0.0000000000e+00	0.0000000000e+00	0.0000000000e+00	0.0000000000e+00	0.0000000000e+00	0.0000000000e+00	0.0000000000e+00	0.0000000000e+00	0.0000000000e+00	0.0000000000e+00	0.0000000000e+00	0.0000000000e+00
1.0522916127e+05	4.1786307947e-14	0.0000000000e+00	0.0000000000e+00	0.0000000000e+00	0.0000000000e+00	0.0000000000e+00	0.0000000000e+00	0.0000000000e+00	0.0000000000e+00	0.0000000000e+00	0.0000000000e+00	0.0000000000e+00	0.0000000000e+00	0.0000000000e+00	0.0000000000e+00	0.0000000000e+00
1.0522918526e+05	4.1577100467e-14	0.0000000000e+00	0.0000000000e+00	0.0000000000e+00	0.0000000000e+00	0.0000000000e+00	0.0000000000e+00	0.0000000000e+00	0.0000000000e+00	0.0000000000e+00	0.0000000000e+00	0.0000000000e+00	0.0000000000e+00	0.0000000000e+00	0.0000000000e+00	0.0000000000e+00
1.0522920952e+05	4.1360814487e-14	0.0000000000e+00	0.0000000000e+00	0.0000000000e+00	0.0000000000e+00	0.0000000000e+00	0.0000000000e+00	0.0000000000e+00	0.0000000000e+00	0.0000000000e+00	0.0000000000e+00	0.0000000000e+00	0.0000000000e+00	0.0000000000e+00	0.0000000000e+00	0.0000000000e+00
1.0522923406e+05	4.1137234191e-14	0.0000000000e+00	0.0000000000e+00	0.0000000000e+00	0.0000000000e+00	0.0000000000e+00	0.0000000000e+00	0.0000000000e+00	0.0000000000e+00	0.0000000000e+00	0.0000000000e+00	0.0000000000e+00	0.0000000000e+00	0.0000000000e+00	0.0000000000e+00	0.0000000000e+00
1.0522925889e+05	4.3844027642e-14	0.0000000000e+00	0.0000000000e+00	0.0000000000e+00	0.0000000000e+00	0.0000000000e+00	0.0000000000e+00	0.0000000000e+00	0.0000000000e+00	0.0000000000e+00	0.0000000000e+00	0.0000000000e+00	0.0000000000e+00	0.0000000000e+00	0.0000000000e+00	0.0000000000e+00
1.0522928400e+05	4.3772694820e-14	0.0000000000e+00	0.0000000000e+00	0.0000000000e+00	0.0000000000e+00	0.0000000000e+00	0.0000000000e+00	0.0000000000e+00	0.0000000000e+00	0.0000000000e+00	0.0000000000e+00	0.0000000000e+00	0.0000000000e+00	0.0000000000e+00	0.0000000000e+00	0.0000000000e+00
1.0522930941e+05	4.3700109391e-14	0.0000000000e+00	0.0000000000e+00	0.0000000000e+00	0.0000000000e+00	0.0000000000e+00	0.0000000000e+00	0.0000000000e+00	0.0000000000e+00	0.0000000000e+00	0.0000000000e+00	0.0000000000e+00	0.0000000000e+00	0.0000000000e+00	0.0000000000e+00	0.0000000000e+00
1.0522933511e+05	4.3626130648e-14	0.0000000000e+00	0.0000000000e+00	0.0000000000e+00	0.0000000000e+00	0.0000000000e+00	0.0000000000e+00	0.0000000000e+00	0.0000000000e+00	0.0000000000e+00	0.0000000000e+00	0.0000000000e+00	0.0000000000e+00	0.0000000000e+00	0.0000000000e+00	0.0000000000e+00
1.0522936110e+05	4.3550608616e-14	0.0000000000e+00	0.0000000000e+00	0.0000000000e+00	0.0000000000e+00	0.0000000000e+00	0.0000000000e+00	0.0000000000e+00	0.0000000000e+00	0.0000000000e+00	0.0000000000e+00	0.0000000000e+00	0.0000000000e+00	0.0000000000e+00	0.0000000000e+00	0.0000000000e+00
1.0522938740e+05	4.3473383832e-14	0.0000000000e+00	0.0000000000e+00	0.0000000000e+00	0.0000000000e+00	0.0000000000e+00	0.0000000000e+00	0.0000000000e+00	0.0000000000e+00	0.0000000000e+00	0.0000000000e+00	0.0000000000e+00	0.0000000000e+00	0.0000000000e+00	0.0000000000e+00	0.0000000000e+00
1.0522941401e+05	4.3394287169e-14	0.0000000000e+00	0.0000000000e+00	0.0000000000e+00	0.0000000000e+00	0.0000000000e+00	0.0000000000e+00	0.0000000000e+00	0.0000000000e+00	0.0000000000e+00	0.0000000000e+00	0.0000000000e+00	0.0000000000e+00	0.0000000000e+00	0.0000000000e+00	0.0000000000e+00
1.0522944092e+05	4.3313139680e-14	0.0000000000e+00	0.0000000000e+00	0.0000000000e+00	0.0000000000e+00	0.0000000000e+00	0.0000000000e+00	0.0000000000e+00	0.0000000000e+00	0.0000000000e+00	0.0000000000e+00	0.0000000000e+00	0.0000000000e+00	0.0000000000e+00	0.0000000000e+00	0.0000000000e+00
1.0522946814e+05	4.3229752488e-14	0.0000000000e+00	0.0000000000e+00	0.0000000000e+00	0.0000000000e+00	0.0000000000e+00	0.0000000000e+00	0.0000000000e+00	0.0000000000e+00	0.0000000000e+00	0.0000000000e+00	0.0000000000e+00	0.0000000000e+00	0.0000000000e+00	0.0000000000e+00	0.0000000000e+00
1.0522949568e+05	4.3143926708e-14	0.0000000000e+00	0.0000000000e+00	0.0000000000e+00	0.0000000000e+00	0.0000000000e+00	0.0000000000e+00	0.0000000000e+00	0.0000000000e+00	0.0000000000e+00	0.0000000000e+00	0.0000000000e+00	0.0000000000e+00	0.0000000000e+00	0.0000000000e+00	0.0000000000e+00
1.0522952353e+05	4.3055453405e-14	0.0000000000e+00	0.0000000000e+00	0.0000000000e+00	0.0000000000e+00	0.0000000000e+00	0.0000000000e+00	0.0000000000e+00	0.0000000000e+00	0.0000000000e+00	0.0000000000e+00	0.0000000000e+00	0.0000000000e+00	0.0000000000e+00	0.0000000000e+00	0.0000000000e+00
1.0522955171e+05	4.2964113598e-14	0.0000000000e+00	0.0000000000e+00	0.0000000000e+00	0.0000000000e+00	0.0000000000e+00	0.0000000000e+00	0.0000000000e+00	0.0000000000e+00	0.0000000000e+00	0.0000000000e+00	0.0000000000e+00	0.0000000000e+00	0.0000000000e+00	0.0000000000e+00	0.0000000000e+00
1.0522958022e+05	4.2869678301e-14	0.0000000000e+00	0.0000000000e+00	0.0000000000e+00	0.0000000000e+00	0.0000000000e+00	0.0000000000e+00	0.0000000000e+00	0.0000000000e+00	0.0000000000e+00	0.0000000000e+00	0.0000000000e+00	0.0000000000e+00	0.0000000000e+00	0.0000000000e+00	0.0000000000e+00
1.0522960905e+05	4.2771908600e-14	0.0000000000e+00	0.0000000000e+00	0.0000000000e+00	0.0000000000e+00	0.0000000000e+00	0.0000000000e+00	0.0000000000e+00	0.0000000000e+00	0.0000000000e+00	0.0000000000e+00	0.0000000000e+00	0.0000000000e+00	0.0000000000e+00	0.0000000000e+00	0.0000000000e+00
1.0522963822e+05	4.2670555740e-14	0.0000000000e+00	0.0000000000e+00	0.0000000000e+00	0.0000000000e+00	0.0000000000e+00	0.0000000000e+00	0.0000000000e+00	0.0000000000e+00	0.0000000000e+00	0.0000000000e+00	0.0000000000e+00	0.0000000000e+00	0.0000000000e+00	0.0000000000e+00	0.0000000000e+00
1.0522966773e+05	4.2565361192e-14	0.0000000000e+00	0.0000000000e+00	0.0000000000e+00	0.0000000000e+00	0.0000000000e+00	0.0000000000e+00	0.0000000000e+00	0.0000000000e+00	0.0000000000e+00	0.0000000000e+00	0.0000000000e+00	0.0000000000e+00	0.0000000000e+00	0.0000000000e+00	0.0000000000e+00
1.0522969758e+05	4.2456056511e-14	0.0000000000e+00	0.0000000000e+00	0.0000000000e+00	0.0000000000e+00	0.0000000000e+00	0.0000000000e+00	0.0000000000e+00	0.0000000000e+00	0.0000000000e+00	0.0000000000e+00	0.0000000000e+00	0.0000000000e+00	0.0000000000e+00	0.0000000000e+00	0.0000000000e+00
1.0522972777e+05	4.2342362343e-14	0.0000000000e+00	0.0000000000e+00	0.0000000000e+00	0.0000000000e+00	0.0000000000e+00	0.0000000000e+00	0.0000000000e+00	0.0000000000e+00	0.0000000000e+00	0.0000000000e+00	0.0000000000e+00	0.0000000000e+00	0.0000000000e+00	0.0000000000e+00	0.0000000000e+00
1.0522975831e+05	4.2223982938e-14	0.0000000000e+00	0.0000000000e+00	0.0000000000e+00	0.0000000000e+00	0.0000000000e+00	0.0000000000e+00	0.0000000000e+00	0.0000000000e+00	0.0000000000e+00	0.0000000000e+00	0.0000000000e+00	0.0000000000e+00	0.0000000000e+00	0.0000000000e+00	0.0000000000e+00
1.0522978921e+05	4.2100554530e-14	0.0000000000e+00	0.0000000000e+00	0.0000000000e+00	0.0000000000e+00	0.0000000000e+00	0.0000000000e+00	0.0000000000e+00	0.0000000000e+00	0.0000000000e+00	0.0000000000e+00	0.0000000000e+00	0.0000000000e+00	0.0000000000e+00	0.0000000000e+00	0.0000000000e+00
1.0522982047e+05	4.1972928247e-14	0.0000000000e+00	0.0000000000e+00	0.0000000000e+00	0.0000000000e+00	0.0000000000e+00	0.0000000000e+00	0.0000000000e+00	0.0000000000e+00	0.0000000000e+00	0.0000000000e+00	0.0000000000e+00	0.0000000000e+00	0.0000000000e+00	0.0000000000e+00	0.0000000000e+00
1.0522985209e+05	4.1838219550e-14	0.0000000000e+00	0.0000000000e+00	0.0000000000e+00	0.0000000000e+00	0.0000000000e+00	0.0000000000e+00	0.0000000000e+00	0.0000000000e+00	0.0000000000e+00	0.0000000000e+00	0.0000000000e+00	0.0000000000e+00	0.0000000000e+00	0.0000000000e+00	0.0000000000e+00
1.0522988407e+05	4.2782532820e-14	0.0000000000e+00	0.0000000000e+00	0.0000000000e+00	0.0000000000e+00	0.0000000000e+00	0.0000000000e+00	0.0000000000e+00	0.0000000000e+00	0.0000000000e+00	0.0000000000e+00	0.0000000000e+00	0.0000000000e+00	0.0000000000e+00	0.0000000000e+00	0.0000000000e+00
1.0522991642e+05	4.2732576508e-14	0.0000000000e+00	0.0000000000e+00	0.0000000000e+00	0.0000000000e+00	0.0000000000e+00	0.0000000000e+00	0.0000000000e+00	0.0000000000e+00	0.0000000000e+00	0.0000000000e+00	0.0000000000e+00	0.0000000000e+00	0.0000000000e+00	0.0000000000e+00	0.0000000000e+00
1.0522994915e+05	4.2682488369e-14	0.0000000000e+00	0.0000000000e+00	0.0000000000e+00	0.0000000000e+00	0.0000000000e+00	0.0000000000e+00	0.0000000000e+00	0.0000000000e+00	0.0000000000e+00	0.0000000000e+00	0.0000000000e+00	0.0000000000e+00	0.0000000000e+00	0.0000000000e+00	0.0000000000e+00
1.0522998226e+05	4.2632164590e-14	0.0000000000e+00	0.0000000000e+00	0.0000000000e+00	0.0000000000e+00	0.0000000000e+00	0.0000000000e+00	0.0000000000e+00	0.0000000000e+00	0.0000000000e+00	0.0000000000e+00	0.0000000000e+00	0.0000000000e+00	0.0000000000e+00	0.0000000000e+00	0.0000000000e+00
1.0523001575e+05	4.2581494734e-14	0.0000000000e+00	0.0000000000e+00	0.0000000000e+00	0.0000000000e+00	0.0000000000e+00	0.0000000000e+00	0.0000000000e+00	0.0000000000e+00	0.0000000000e+00	0.0000000000e+00	0.0000000000e+00	0.0000000000e+00	0.0000000000e+00	0.0000000000e+00	0.0000000000e+00
1.0523004963e+05	4.2530358376e-14	0.0000000000e+00	0.0000000000e+00	0.0000000000e+00	0.0000000000e+00	0.0000000000e+00	0.0000000000e+00	0.0000000000e+00	0.0000000000e+00	0.0000000000e+00	0.0000000000e+00	0.0000000000e+00	0.0000000000e+00	0.0000000000e+00	0.0000000000e+00	0.0000000000e+00
1.0523008390e+05	4.2478623793e-14	0.0000000000e+00	0.0000000000e+00	0.0000000000e+00	0.0000000000e+00	0.0000000000e+00	0.0000000000e+00	0.0000000000e+00	0.0000000000e+00	0.0000000000e+00	0.0000000000e+00	0.0000000000e+00	0.0000000000e+00	0.0000000000e+00	0.0000000000e+00	0.0000000000e+00
1.0523011857e+05	4.2426147161e-14	0.0000000000e+00	0.0000000000e+00	0.0000000000e+00	0.0000000000e+00	0.0000000000e+00	0.0000000000e+00	0.0000000000e+00	0.0000000000e+00	0.0000000000e+00	0.0000000000e+00	0.0000000000e+00	0.0000000000e+00	0.0000000000e+00	0.0000000000e+00	0.0000000000e+00
1.0523015364e+05	4.2372771947e-14	0.0000000000e+00	0.0000000000e+00	0.0000000000e+00	0.0000000000e+00	0.0000000000e+00	0.0000000000e+00	0.0000000000e+00	0.0000000000e+00	0.0000000000e+00	0.0000000000e+00	0.0000000000e+00	0.0000000000e+00	0.0000000000e+00	0.0000000000e+00	0.0000000000e+00
1.0523018911e+05	4.2318328384e-14	0.0000000000e+00	0.0000000000e+00	0.0000000000e+00	0.0000000000e+00	0.0000000000e+00	0.0000000000e+00	0.0000000000e+00	0.0000000000e+00	0.0000000000e+00	0.0000000000e+00	0.0000000000e+00	0.0000000000e+00	0.0000000000e+00	0.0000000000e+00	0.0000000000e+00
1.0523022500e+05	4.2262633013e-14	0.0000000000e+00	0.0000000000e+00	0.0000000000e+00	0.0000000000e+00	0.0000000000e+00	0.0000000000e+00	0.0000000000e+00	0.0000000000e+00	0.0000000000e+00	0.0000000000e+00	0.0000000000e+00	0.0000000000e+00	0.0000000000e+00	0.0000000000e+00	0.0000000000e+00
1.0523026130e+05	4.2205488280e-14	0.0000000000e+00	0.0000000000e+00	0.0000000000e+00	0.0000000000e+00	0.0000000000e+00	0.0000000000e+00	0.0000000000e+00	0.0000000000e+00	0.0000000000e+00	0.0000000000e+00	0.0000000000e+00	0.0000000000e+00	0.0000000000e+00	0.0000000000e+00	0.0000000000e+00
1.0523029802e+05	4.2146682200e-14	0.0000000000e+00	0.0000000000e+00	0.0000000000e+00	0.0000000000e+00	0.0000000000e+00	0.0000000000e+00	0.0000000000e+00	0.0000000000e+00	0.0000000000e+00	0.0000000000e+00	0.0000000000e+00	0.0000000000e+00	0.0000000000e+00	0.0000000000e+00	0.0000000000e+00
1.0523033517e+05	4.2085988069e-14	0.0000000000e+00	0.0000000000e+00	0.0000000000e+00	0.0000000000e+00	0.0000000000e+00	0.0000000000e+00	0.0000000000e+00	0.0000000000e+00	0.0000000000e+00	0.0000000000e+00	0.0000000000e+00	0.0000000000e+00	0.0000000000e+00	0.0000000000e+00	0.0000000000e+00
1.0523037274e+05	4.2023164251e-14	0.0000000000e+00	0.0000000000e+00	0.0000000000e+00	0.0000000000e+00	0.0000000000e+00	0.0000000000e+00	0.0000000000e+00	0.0000000000e+00	0.0000000000e+00	0.0000000000e+00	0.0000000000e+00	0.0000000000e+00	0.0000000000e+00	0.0000000000e+00	0.0000000000e+00
1.0523041076e+05	4.1957954037e-14	0.0000000000e+00	0.0000000000e+00	0.0000000000e+00	0.0000000000e+00	0.0000000000e+00	0.0000000000e+00	0.0000000000e+00	0.0000000000e+00	0.0000000000e+00	0.0000000000e+00	0.0000000000e+00	0.0000000000e+00	0.0000000000e+00	0.0000000000e+00	0.0000000000e+00
1.0523044921e+05	4.1890085581e-14	0.0000000000e+00	0.0000000000e+00	0.0000000000e+00	0.0000000000e+00	0.0000000000e+00	0.0000000000e+00	0.0000000000e+00	0.0000000000e+00	0.0000000000e+00	0.0000000000e+00	0.0000000000e+00	0.0000000000e+00	0.0000000000e+00	0.0000000000e+00	0.0000000000e+00
1.0523048811e+05	4.1819271917e-14	0.0000000000e+00	0.0000000000e+00	0.0000000000e+00	0.0000000000e+00	0.0000000000e+00	0.0000000000e+00	0.0000000000e+00	0.0000000000e+00	0.0000000000e+00	0.0000000000e+00	0.0000000000e+00	0.0000000000e+00	0.0000000000e+00	0.0000000000e+00	0.0000000000e+00
1.0523052746e+05	4.1745211077e-14	0.0000000000e+00	0.0000000000e+00	0.0000000000e+00	0.0000000000e+00	0.0000000000e+00	0.0000000000e+00	0.0000000000e+00	0.0000000000e+00	0.0000000000e+00	0.0000000000e+00	0.0000000000e+00	0.0000000000e+00	0.0000000000e+00	0.0000000000e+00	0.0000000000e+00
1.0523056726e+05	4.1932567060e-14	0.0000000000e+00	0.0000000000e+00	0.0000000000e+00	0.0000000000e+00	0.0000000000e+00	0.0000000000e+00	0.0000000000e+00	0.0000000000e+00	0.0000000000e+00	0.0000000000e+00	0.0000000000e+00	0.0000000000e+00	0.0000000000e+00	0.0000000000e+00	0.0000000000e+00
1.0523060752e+05	4.1892819206e-14	0.0000000000e+00	0.0000000000e+00	0.0000000000e+00	0.0000000000e+00	0.0000000000e+00	0.0000000000e+00	0.0000000000e+00	0.0000000000e+00	0.0000000000e+00	0.0000000000e+00	0.0000000000e+00	0.0000000000e+00	0.0000000000e+00	0.0000000000e+00	0.0000000000e+00
1.0523064826e+05	4.1853548695e-14	0.0000000000e+00	0.0000000000e+00	0.0000000000e+00	0.0000000000e+00	0.0000000000e+00	0.0000000000e+00	0.0000000000e+00	0.0000000000e+00	0.0000000000e+00	0.0000000000e+00	0.0000000000e+00	0.0000000000e+00	0.0000000000e+00	0.0000000000e+00	0.0000000000e+00
1.0523068946e+05	4.1814723845e-14	0.0000000000e+00	0.0000000000e+00	0.0000000000e+00	0.0000000000e+00	0.0000000000e+00	0.0000000000e+00	0.0000000000e+00	0.0000000000e+00	0.0000000000e+00	0.0000000000e+00	0.0000000000e+00	0.0000000000e+00	0.0000000000e+00	0.0000000000e+00	0.0000000000e+00
1.0523073114e+05	4.1776303205e-14	0.0000000000e+00	0.0000000000e+00	0.0000000000e+00	0.0000000000e+00	0.0000000000e+00	0.0000000000e+00	0.0000000000e+00	0.0000000000e+00	0.0000000000e+00	0.0000000000e+00	0.0000000000e+00	0.0000000000e+00	0.0000000000e+00	0.0000000000e+00	0.0000000000e+00
1.0523077330e+05	4.1738231541e-14	0.0000000000e+00	0.0000000000e+00	0.0000000000e+00	0.0000000000e+00	0.0000000000e+00	0.0000000000e+00	0.0000000000e+00	0.0000000000e+00	0.0000000000e+00	0.0000000000e+00	0.0000000000e+00	0.0000000000e+00	0.0000000000e+00	0.0000000000e+00	0.0000000000e+00
1.0523081595e+05	4.1700388346e-14	0.0000000000e+00	0.0000000000e+00	0.0000000000e+00	0.0000000000e+00	0.0000000000e+00	0.0000000000e+00	0.0000000000e+00	0.0000000000e+00	0.0000000000e+00	0.0000000000e+00	0.0000000000e+00	0.0000000000e+00	0.0000000000e+00	0.0000000000e+00	0.0000000000e+00
1.0523085910e+05	4.1663023170e-14	0.0000000000e+00	0.0000000000e+00	0.0000000000e+00	0.0000000000e+00	0.0000000000e+00	0.0000000000e+00	0.0000000000e+00	0.0000000000e+00	0.0000000000e+00	0.0000000000e+00	0.0000000000e+00	0.0000000000e+00	0.0000000000e+00	0.0000000000e+00	0.0000000000e+00
1.0523090274e+05	4.1625576577e-14	0.0000000000e+00	0.0000000000e+00	0.0000000000e+00	0.0000000000e+00	0.0000000000e+00	0.0000000000e+00	0.0000000000e+00	0.0000000000e+00	0.0000000000e+00	0.0000000000e+00	0.0000000000e+00	0.0000000000e+00	0.0000000000e+00	0.0000000000e+00	0.0000000000e+00
1.0523094689e+05	4.1588196908e-14	0.0000000000e+00	0.0000000000e+00	0.0000000000e+00	0.0000000000e+00	0.0000000000e+00	0.0000000000e+00	0.0000000000e+00	0.0000000000e+00	0.0000000000e+00	0.0000000000e+00	0.0000000000e+00	0.0000000000e+00	0.0000000000e+00	0.0000000000e+00	0.0000000000e+00
1.0523099155e+05	4.1550742651e-14	0.0000000000e+00	0.0000000000e+00	0.0000000000e+00	0.0000000000e+00	0.0000000000e+00	0.0000000000e+00	0.0000000000e+00	0.0000000000e+00	0.0000000000e+00	0.0000000000e+00	0.0000000000e+00	0.0000000000e+00	0.0000000000e+00	0.0000000000e+00	0.0000000000e+00
1.0523103673e+05	4.1513078622e-14	0.0000000000e+00	0.0000000000e+00	0.0000000000e+00	0.0000000000e+00	0.0000000000e+00	0.0000000000e+00	0.0000000000e+00	0.0000000000e+00	0.0000000000e+00	0.0000000000e+00	0.0000000000e+00	0.0000000000e+00	0.0000000000e+00	0.0000000000e+00	0.0000000000e+00
1.0523108243e+05	4.1475055024e-14	0.0000000000e+00	0.0000000000e+00	0.0000000000e+00	0.0000000000e+00	0.0000000000e+00	0.0000000000e+00	0.0000000000e+00	0.0000000000e+00	0.0000000000e+00	0.0000000000e+00	0.0000000000e+00	0.0000000000e+00	0.0000000000e+00	0.0000000000e+00	0.0000000000e+00
1.0523112866e+05	4.1436504674e-14	0.0000000000e+00	0.0000000000e+00	0.0000000000e+00	0.0000000000e+00	0.0000000000e+00	0.0000000000e+00	0.0000000000e+00	0.0000000000e+00	0.0000000000e+00	0.0000000000e+00	0.0000000000e+00	0.0000000000e+00	0.0000000000e+00	0.0000000000e+00	0.0000000000e+00
1.0523117542e+05	4.1397241762e-14	0.0000000000e+00	0.0000000000e+00	0.0000000000e+00	0.0000000000e+00	0.0000000000e+00	0.0000000000e+00	0.0000000000e+00	0.0000000000e+00	0.0000000000e+00	0.0000000000e+00	0.0000000000e+00	0.0000000000e+00	0.0000000000e+00	0.0000000000e+00	0.0000000000e+00
1.0523122273e+05	4.1357060976e-14	0.0000000000e+00	0.0000000000e+00	0.0000000000e+00	0.0000000000e+00	0.0000000000e+00	0.0000000000e+00	0.0000000000e+00	0.0000000000e+00	0.0000000000e+00	0.0000000000e+00	0.0000000000e+00	0.0000000000e+00	0.0000000000e+00	0.0000000000e+00	0.0000000000e+00
1.0523127059e+05	4.1315736777e-14	0.0000000000e+00	0.0000000000e+00	0.0000000000e+00	0.0000000000e+00	0.0000000000e+00	0.0000000000e+00	0.0000000000e+00	0.0000000000e+00	0.0000000000e+00	0.0000000000e+00	0.0000000000e+00	0.0000000000e+00	0.0000000000e+00	0.0000000000e+00	0.0000000000e+00
1.0523131899e+05	4.1273022803e-14	0.0000000000e+00	0.0000000000e+00	0.0000000000e+00	0.0000000000e+00	0.0000000000e+00	0.0000000000e+00	0.0000000000e+00	0.0000000000e+00	0.0000000000e+00	0.0000000000e+00	0.0000000000e+00	0.0000000000e+00	0.0000000000e+00	0.0000000000e+00	0.0000000000e+00
1.0523136796e+05	4.1228651398e-14	0.0000000000e+00	0.0000000000e+00	0.0000000000e+00	0.0000000000e+00	0.0000000000e+00	0.0000000000e+00	0.0000000000e+00	0.0000000000e+00	0.0000000000e+00	0.0000000000e+00	0.0000000000e+00	0.0000000000e+00	0.0000000000e+00	0.0000000000e+00	0.0000000000e+00
1.0523141750e+05	4.1182333261e-14	0.0000000000e+00	0.0000000000e+00	0.0000000000e+00	0.0000000000e+00	0.0000000000e+00	0.0000000000e+00	0.0000000000e+00	0.0000000000e+00	0.0000000000e+00	0.0000000000e+00	0.0000000000e+00	0.0000000000e+00	0.0000000000e+00	0.0000000000e+00	0.0000000000e+00
1.0523146761e+05	4.1133757236e-14	0.0000000000e+00	0.0000000000e+00	0.0000000000e+00	0.0000000000e+00	0.0000000000e+00	0.0000000000e+00	0.0000000000e+00	0.0000000000e+00	0.0000000000e+00	0.0000000000e+00	0.0000000000e+00	0.0000000000e+00	0.0000000000e+00	0.0000000000e+00	0.0000000000e+00
1.0523151830e+05	4.1082590242e-14	0.0000000000e+00	0.0000000000e+00	0.0000000000e+00	0.0000000000e+00	0.0000000000e+00	0.0000000000e+00	0.0000000000e+00	0.0000000000e+00	0.0000000000e+00	0.0000000000e+00	0.0000000000e+00	0.0000000000e+00	0.0000000000e+00	0.0000000000e+00	0.0000000000e+00
1.0523156958e+05	4.1028477371e-14	0.0000000000e+00	0.0000000000e+00	0.0000000000e+00	0.0000000000e+00	0.0000000000e+00	0.0000000000e+00	0.0000000000e+00	0.0000000000e+00	0.0000000000e+00	0.0000000000e+00	0.0000000000e+00	0.0000000000e+00	0.0000000000e+00	0.0000000000e+00	0.0000000000e+00
1.0523162145e+05	4.0971042137e-14	0.0000000000e+00	0.0000000000e+00	0.0000000000e+00	0.0000000000e+00	0.0000000000e+00	0.0000000000e+00	0.0000000000e+00	0.0000000000e+00	0.0000000000e+00	0.0000000000e+00	0.0000000000e+00	0.0000000000e+00	0.0000000000e+00	0.0000000000e+00	0.0000000000e+00
1.0523167392e+05	4.0909886916e-14	0.0000000000e+00	0.0000000000e+00	0.0000000000e+00	0.0000000000e+00	0.0000000000e+00	0.0000000000e+00	0.0000000000e+00	0.0000000000e+00	0.0000000000e+00	0.0000000000e+00	0.0000000000e+00	0.0000000000e+00	0.0000000000e+00	0.0000000000e+00	0.0000000000e+00
1.0523172700e+05	4.0844593565e-14	0.0000000000e+00	0.0000000000e+00	0.0000000000e+00	0.0000000000e+00	0.0000000000e+00	0.0000000000e+00	0.0000000000e+00	0.0000000000e+00	0.0000000000e+00	0.0000000000e+00	0.0000000000e+00	0.0000000000e+00	0.0000000000e+00	0.0000000000e+00	0.0000000000e+00
1.0523178069e+05	4.0774724232e-14	0.0000000000e+00	0.0000000000e+00	0.0000000000e+00	0.0000000000e+00	0.0000000000e+00	0.0000000000e+00	0.0000000000e+00	0.0000000000e+00	0.0000000000e+00	0.0000000000e+00	0.0000000000e+00	0.0000000000e+00	0.0000000000e+00	0.0000000000e+00	0.0000000000e+00
1.0523183501e+05	4.0699822376e-14	0.0000000000e+00	0.0000000000e+00	0.0000000000e+00	0.0000000000e+00	0.0000000000e+00	0.0000000000e+00	0.0000000000e+00	0.0000000000e+00	0.0000000000e+00	0.0000000000e+00	0.0000000000e+00	0.0000000000e+00	0.0000000000e+00	0.0000000000e+00	0.0000000000e+00
1.0523188995e+05	4.0619413984e-14	0.0000000000e+00	0.0000000000e+00	0.0000000000e+00	0.0000000000e+00	0.0000000000e+00	0.0000000000e+00	0.0000000000e+00	0.0000000000e+00	0.0000000000e+00	0.0000000000e+00	0.0000000000e+00	0.0000000000e+00	0.0000000000e+00	0.0000000000e+00	0.0000000000e+00
1.0523194554e+05	4.0533009009e-14	0.0000000000e+00	0.0000000000e+00	0.0000000000e+00	0.0000000000e+00	0.0000000000e+00	0.0000000000e+00	0.0000000000e+00	0.0000000000e+00	0.0000000000e+00	0.0000000000e+00	0.0000000000e+00	0.0000000000e+00	0.0000000000e+00	0.0000000000e+00	0.0000000000e+00
1.0523200176e+05	4.0440103019e-14	0.0000000000e+00	0.0000000000e+00	0.0000000000e+00	0.0000000000e+00	0.0000000000e+00	0.0000000000e+00	0.0000000000e+00	0.0000000000e+00	0.0000000000e+00	0.0000000000e+00	0.0000000000e+00	0.0000000000e+00	0.0000000000e+00	0.0000000000e+00	0.0000000000e+00
1.0523205864e+05	4.0340179067e-14	0.0000000000e+00	0.0000000000e+00	0.0000000000e+00	0.0000000000e+00	0.0000000000e+00	0.0000000000e+00	0.0000000000e+00	0.0000000000e+00	0.0000000000e+00	0.0000000000e+00	0.0000000000e+00	0.0000000000e+00	0.0000000000e+00	0.0000000000e+00	0.0000000000e+00
1.0523211617e+05	4.0232709781e-14	0.0000000000e+00	0.0000000000e+00	0.0000000000e+00	0.0000000000e+00	0.0000000000e+00	0.0000000000e+00	0.0000000000e+00	0.0000000000e+00	0.0000000000e+00	0.0000000000e+00	0.0000000000e+00	0.0000000000e+00	0.0000000000e+00	0.0000000000e+00	0.0000000000e+00
1.0523217437e+05	4.0805331298e-14	0.0000000000e+00	0.0000000000e+00	0.0000000000e+00	0.0000000000e+00	0.0000000000e+00	0.0000000000e+00	0.0000000000e+00	0.0000000000e+00	0.0000000000e+00	0.0000000000e+00	0.0000000000e+00	0.0000000000e+00	0.0000000000e+00	0.0000000000e+00	0.0000000000e+00
1.0523223324e+05	4.0778960609e-14	0.0000000000e+00	0.0000000000e+00	0.0000000000e+00	0.0000000000e+00	0.0000000000e+00	0.0000000000e+00	0.0000000000e+00	0.0000000000e+00	0.0000000000e+00	0.0000000000e+00	0.0000000000e+00	0.0000000000e+00	0.0000000000e+00	0.0000000000e+00	0.0000000000e+00
1.0523229280e+05	4.0752319906e-14	0.0000000000e+00	0.0000000000e+00	0.0000000000e+00	0.0000000000e+00	0.0000000000e+00	0.0000000000e+00	0.0000000000e+00	0.0000000000e+00	0.0000000000e+00	0.0000000000e+00	0.0000000000e+00	0.0000000000e+00	0.0000000000e+00	0.0000000000e+00	0.0000000000e+00
1.0523235305e+05	4.0725177867e-14	0.0000000000e+00	0.0000000000e+00	0.0000000000e+00	0.0000000000e+00	0.0000000000e+00	0.0000000000e+00	0.0000000000e+00	0.0000000000e+00	0.0000000000e+00	0.0000000000e+00	0.0000000000e+00	0.0000000000e+00	0.0000000000e+00	0.0000000000e+00	0.0000000000e+00
1.0523241399e+05	4.0697275084e-14	0.0000000000e+00	0.0000000000e+00	0.0000000000e+00	0.0000000000e+00	0.0000000000e+00	0.0000000000e+00	0.0000000000e+00	0.0000000000e+00	0.0000000000e+00	0.0000000000e+00	0.0000000000e+00	0.0000000000e+00	0.0000000000e+00	0.0000000000e+00	0.0000000000e+00
1.0523247564e+05	4.0668323348e-14	0.0000000000e+00	0.0000000000e+00	0.0000000000e+00	0.0000000000e+00	0.0000000000e+00	0.0000000000e+00	0.0000000000e+00	0.0000000000e+00	0.0000000000e+00	0.0000000000e+00	0.0000000000e+00	0.0000000000e+00	0.0000000000e+00	0.0000000000e+00	0.0000000000e+00
1.0523253800e+05	4.0638005133e-14	0.0000000000e+00	0.0000000000e+00	0.0000000000e+00	0.0000000000e+00	0.0000000000e+00	0.0000000000e+00	0.0000000000e+00	0.0000000000e+00	0.0000000000e+00	0.0000000000e+00	0.0000000000e+00	0.0000000000e+00	0.0000000000e+00	0.0000000000e+00	0.0000000000e+00
1.0523260108e+05	4.0605973297e-14	0.0000000000e+00	0.0000000000e+00	0.0000000000e+00	0.0000000000e+00	0.0000000000e+00	0.0000000000e+00	0.0000000000e+00	0.0000000000e+00	0.0000000000e+00	0.0000000000e+00	0.0000000000e+00	0.0000000000e+00	0.0000000000e+00	0.0000000000e+00	0.0000000000e+00
1.0523266490e+05	4.0571851008e-14	0.0000000000e+00	0.0000000000e+00	0.0000000000e+00	0.0000000000e+00	0.0000000000e+00	0.0000000000e+00	0.0000000000e+00	0.0000000000e+00	0.0000000000e+00	0.0000000000e+00	0.0000000000e+00	0.0000000000e+00	0.0000000000e+00	0.0000000000e+00	0.0000000000e+00
1.0523272945e+05	4.0535231922e-14	0.0000000000e+00	0.0000000000e+00	0.0000000000e+00	0.0000000000e+00	0.0000000000e+00	0.0000000000e+00	0.0000000000e+00	0.0000000000e+00	0.0000000000e+00	0.0000000000e+00	0.0000000000e+00	0.0000000000e+00	0.0000000000e+00	0.0000000000e+00	0.0000000000e+00
1.0523279476e+05	4.0495680615e-14	0.0000000000e+00	0.0000000000e+00	0.0000000000e+00	0.0000000000e+00	0.0000000000e+00	0.0000000000e+00	0.0000000000e+00	0.0000000000e+00	0.0000000000e+00	0.0000000000e+00	0.0000000000e+00	0.0000000000e+00	0.0000000000e+00	0.0000000000e+00	0.0000000000e+00
1.0523286081e+05	4.0452733289e-14	0.0000000000e+00	0.0000000000e+00	0.0000000000e+00	0.0000000000e+00	0.0000000000e+00	0.0000000000e+00	0.0000000000e+00	0.0000000000e+00	0.0000000000e+00	0.0000000000e+00	0.0000000000e+00	0.0000000000e+00	0.0000000000e+00	0.0000000000e+00	0.0000000000e+00
1.0523292764e+05	4.0405898759e-14	0.0000000000e+00	0.0000000000e+00	0.0000000000e+00	0.0000000000e+00	0.0000000000e+00	0.0000000000e+00	0.0000000000e+00	0.0000000000e+00	0.0000000000e+00	0.0000000000e+00	0.0000000000e+00	0.0000000000e+00	0.0000000000e+00	0.0000000000e+00	0.0000000000e+00
1.0523299523e+05	4.0354659730e-14	0.0000000000e+00	0.0000000000e+00	0.0000000000e+00	0.0000000000e+00	0.0000000000e+00	0.0000000000e+00	0.0000000000e+00	0.0000000000e+00	0.0000000000e+00	0.0000000000e+00	0.0000000000e+00	0.0000000000e+00	0.0000000000e+00	0.0000000000e+00	0.0000000000e+00
1.0523306361e+05	4.0298474376e-14	0.0000000000e+00	0.0000000000e+00	0.0000000000e+00	0.0000000000e+00	0.0000000000e+00	0.0000000000e+00	0.0000000000e+00	0.0000000000e+00	0.0000000000e+00	0.0000000000e+00	0.0000000000e+00	0.0000000000e+00	0.0000000000e+00	0.0000000000e+00	0.0000000000e+00
1.0523313278e+05	4.0425230269e-14	0.0000000000e+00	0.0000000000e+00	0.0000000000e+00	0.0000000000e+00	0.0000000000e+00	0.0000000000e+00	0.0000000000e+00	0.0000000000e+00	0.0000000000e+00	0.0000000000e+00	0.0000000000e+00	0.0000000000e+00	0.0000000000e+00	0.0000000000e+00	0.0000000000e+00
1.0523320276e+05	4.0406500346e-14	0.0000000000e+00	0.0000000000e+00	0.0000000000e+00	0.0000000000e+00	0.0000000000e+00	0.0000000000e+00	0.0000000000e+00	0.0000000000e+00	0.0000000000e+00	0.0000000000e+00	0.0000000000e+00	0.0000000000e+00	0.0000000000e+00	0.0000000000e+00	0.0000000000e+00
1.0523327354e+05	4.0388558486e-14	0.0000000000e+00	0.0000000000e+00	0.0000000000e+00	0.0000000000e+00	0.0000000000e+00	0.0000000000e+00	0.0000000000e+00	0.0000000000e+00	0.0000000000e+00	0.0000000000e+00	0.0000000000e+00	0.0000000000e+00	0.0000000000e+00	0.0000000000e+00	0.0000000000e+00
1.0523334514e+05	4.0371263245e-14	0.0000000000e+00	0.0000000000e+00	0.0000000000e+00	0.0000000000e+00	0.0000000000e+00	0.0000000000e+00	0.0000000000e+00	0.0000000000e+00	0.0000000000e+00	0.0000000000e+00	0.0000000000e+00	0.0000000000e+00	0.0000000000e+00	0.0000000000e+00	0.0000000000e+00
1.0523341757e+05	4.0354441416e-14	0.0000000000e+00	0.0000000000e+00	0.0000000000e+00	0.0000000000e+00	0.0000000000e+00	0.0000000000e+00	0.0000000000e+00	0.0000000000e+00	0.0000000000e+00	0.0000000000e+00	0.0000000000e+00	0.0000000000e+00	0.0000000000e+00	0.0000000000e+00	0.0000000000e+00
1.0523349084e+05	4.0337886428e-14	0.0000000000e+00	0.0000000000e+00	0.0000000000e+00	0.0000000000e+00	0.0000000000e+00	0.0000000000e+00	0.0000000000e+00	0.0000000000e+00	0.0000000000e+00	0.0000000000e+00	0.0000000000e+00	0.0000000000e+00	0.0000000000e+00	0.0000000000e+00	0.0000000000e+00
1.0523356496e+05	4.0321356969e-14	0.0000000000e+00	0.0000000000e+00	0.0000000000e+00	0.0000000000e+00	0.0000000000e+00	0.0000000000e+00	0.0000000000e+00	0.0000000000e+00	0.0000000000e+00	0.0000000000e+00	0.0000000000e+00	0.0000000000e+00	0.0000000000e+00	0.0000000000e+00	0.0000000000e+00
1.0523363994e+05	4.0304575867e-14	0.0000000000e+00	0.0000000000e+00	0.0000000000e+00	0.0000000000e+00	0.0000000000e+00	0.0000000000e+00	0.0000000000e+00	0.0000000000e+00	0.0000000000e+00	0.0000000000e+00	0.0000000000e+00	0.0000000000e+00	0.0000000000e+00	0.0000000000e+00	0.0000000000e+00
1.0523371578e+05	4.0287229261e-14	0.0000000000e+00	0.0000000000e+00	0.0000000000e+00	0.0000000000e+00	0.0000000000e+00	0.0000000000e+00	0.0000000000e+00	0.0000000000e+00	0.0000000000e+00	0.0000000000e+00	0.0000000000e+00	0.0000000000e+00	0.0000000000e+00	0.0000000000e+00	0.0000000000e+00
1.0523379250e+05	4.0268966068e-14	0.0000000000e+00	0.0000000000e+00	0.0000000000e+00	0.0000000000e+00	0.0000000000e+00	0.0000000000e+00	0.0000000000e+00	0.0000000000e+00	0.0000000000e+00	0.0000000000e+00	0.0000000000e+00	0.0000000000e+00	0.0000000000e+00	0.0000000000e+00	0.0000000000e+00
1.0523387012e+05	4.0249397790e-14	0.0000000000e+00	0.0000000000e+00	0.0000000000e+00	0.0000000000e+00	0.0000000000e+00	0.0000000000e+00	0.0000000000e+00	0.0000000000e+00	0.0000000000e+00	0.0000000000e+00	0.0000000000e+00	0.0000000000e+00	0.0000000000e+00	0.0000000000e+00	0.0000000000e+00
1.0523394863e+05	4.0228098652e-14	0.0000000000e+00	0.0000000000e+00	0.0000000000e+00	0.0000000000e+00	0.0000000000e+00	0.0000000000e+00	0.0000000000e+00	0.0000000000e+00	0.0000000000e+00	0.0000000000e+00	0.0000000000e+00	0.0000000000e+00	0.0000000000e+00	0.0000000000e+00	0.0000000000e+00
1.0523402804e+05	4.0204606113e-14	0.0000000000e+00	0.0000000000e+00	0.0000000000e+00	0.0000000000e+00	0.0000000000e+00	0.0000000000e+00	0.0000000000e+00	0.0000000000e+00	0.0000000000e+00	0.0000000000e+00	0.0000000000e+00	0.0000000000e+00	0.0000000000e+00	0.0000000000e+00	0.0000000000e+00
1.0523410838e+05	4.0186282654e-14	0.0000000000e+00	0.0000000000e+00	0.0000000000e+00	0.0000000000e+00	0.0000000000e+00	0.0000000000e+00	0.0000000000e+00	0.0000000000e+00	0.0000000000e+00	0.0000000000e+00	0.0000000000e+00	0.0000000000e+00	0.0000000000e+00	0.0000000000e+00	0.0000000000e+00
1.0523418965e+05	4.0167371735e-14	0.0000000000e+00	0.0000000000e+00	0.0000000000e+00	0.0000000000e+00	0.0000000000e+00	0.0000000000e+00	0.0000000000e+00	0.0000000000e+00	0.0000000000e+00	0.0000000000e+00	0.0000000000e+00	0.0000000000e+00	0.0000000000e+00	0.0000000000e+00	0.0000000000e+00
1.0523427186e+05	4.0149813582e-14	0.0000000000e+00	0.0000000000e+00	0.0000000000e+00	0.0000000000e+00	0.0000000000e+00	0.0000000000e+00	0.0000000000e+00	0.0000000000e+00	0.0000000000e+00	0.0000000000e+00	0.0000000000e+00	0.0000000000e+00	0.0000000000e+00	0.0000000000e+00	0.0000000000e+00
1.0523435502e+05	4.0133589982e-14	0.0000000000e+00	0.0000000000e+00	0.0000000000e+00	0.0000000000e+00	0.0000000000e+00	0.0000000000e+00	0.0000000000e+00	0.0000000000e+00	0.0000000000e+00	0.0000000000e+00	0.0000000000e+00	0.0000000000e+00	0.0000000000e+00	0.0000000000e+00	0.0000000000e+00
1.0523443915e+05	4.0118652080e-14	0.0000000000e+00	0.0000000000e+00	0.0000000000e+00	0.0000000000e+00	0.0000000000e+00	0.0000000000e+00	0.0000000000e+00	0.0000000000e+00	0.0000000000e+00	0.0000000000e+00	0.0000000000e+00	0.0000000000e+00	0.0000000000e+00	0.0000000000e+00	0.0000000000e+00
1.0523452425e+05	4.0104917568e-14	0.0000000000e+00	0.0000000000e+00	0.0000000000e+00	0.0000000000e+00	0.0000000000e+00	0.0000000000e+00	0.0000000000e+00	0.0000000000e+00	0.0000000000e+00	0.0000000000e+00	0.0000000000e+00	0.0000000000e+00	0.0000000000e+00	0.0000000000e+00	0.0000000000e+00
1.0523461033e+05	4.0092268118e-14	0.0000000000e+00	0.0000000000e+00	0.0000000000e+00	0.0000000000e+00	0.0000000000e+00	0.0000000000e+00	0.0000000000e+00	0.0000000000e+00	0.0000000000e+00	0.0000000000e+00	0.0000000000e+00	0.0000000000e+00	0.0000000000e+00	0.0000000000e+00	0.0000000000e+00
1.0523469741e+05	4.0080547092e-14	0.0000000000e+00	0.0000000000e+00	0.0000000000e+00	0.0000000000e+00	0.0000000000e+00	0.0000000000e+00	0.0000000000e+00	0.0000000000e+00	0.0000000000e+00	0.0000000000e+00	0.0000000000e+00	0.0000000000e+00	0.0000000000e+00	0.0000000000e+00	0.0000000000e+00
1.0523478550e+05	4.0069557567e-14	0.0000000000e+00	0.0000000000e+00	0.0000000000e+00	0.0000000000e+00	0.0000000000e+00	0.0000000000e+00	0.0000000000e+00	0.0000000000e+00	0.0000000000e+00	0.0000000000e+00	0.0000000000e+00	0.0000000000e+00	0.0000000000e+00	0.0000000000e+00	0.0000000000e+00
1.0523487461e+05	4.0059060713e-14	0.0000000000e+00	0.0000000000e+00	0.0000000000e+00	0.0000000000e+00	0.0000000000e+00	0.0000000000e+00	0.0000000000e+00	0.0000000000e+00	0.0000000000e+00	0.0000000000e+00	0.0000000000e+00	0.0000000000e+00	0.0000000000e+00	0.0000000000e+00	0.0000000000e+00
1.0523496476e+05	4.0048774545e-14	0.0000000000e+00	0.0000000000e+00	0.0000000000e+00	0.0000000000e+00	0.0000000000e+00	0.0000000000e+00	0.0000000000e+00	0.0000000000e+00	0.0000000000e+00	0.0000000000e+00	0.0000000000e+00	0.0000000000e+00	0.0000000000e+00	0.0000000000e+00	0.0000000000e+00
1.0523505594e+05	4.0038373099e-14	0.0000000000e+00	0.0000000000e+00	0.0000000000e+00	0.0000000000e+00	0.0000000000e+00	0.0000000000e+00	0.0000000000e+00	0.0000000000e+00	0.0000000000e+00	0.0000000000e+00	0.0000000000e+00	0.0000000000e+00	0.0000000000e+00	0.0000000000e+00	0.0000000000e+00
1.0523514818e+05	4.0058093995e-14	0.0000000000e+00	0.0000000000e+00	0.0000000000e+00	0.0000000000e+00	0.0000000000e+00	0.0000000000e+00	0.0000000000e+00	0.0000000000e+00	0.0000000000e+00	0.0000000000e+00	0.0000000000e+00	0.0000000000e+00	0.0000000000e+00	0.0000000000e+00	0.0000000000e+00
1.0523524149e+05	4.0034030138e-14	0.0000000000e+00	0.0000000000e+00	0.0000000000e+00	0.0000000000e+00	0.0000000000e+00	0.0000000000e+00	0.0000000000e+00	0.0000000000e+00	0.0000000000e+00	0.0000000000e+00	0.0000000000e+00	0.0000000000e+00	0.0000000000e+00	0.0000000000e+00	0.0000000000e+00
1.0523533588e+05	4.0011286871e-14	0.0000000000e+00	0.0000000000e+00	0.0000000000e+00	0.0000000000e+00	0.0000000000e+00	0.0000000000e+00	0.0000000000e+00	0.0000000000e+00	0.0000000000e+00	0.0000000000e+00	0.0000000000e+00	0.0000000000e+00	0.0000000000e+00	0.0000000000e+00	0.0000000000e+00
1.0523543136e+05	3.9989966296e-14	0.0000000000e+00	0.0000000000e+00	0.0000000000e+00	0.0000000000e+00	0.0000000000e+00	0.0000000000e+00	0.0000000000e+00	0.0000000000e+00	0.0000000000e+00	0.0000000000e+00	0.0000000000e+00	0.0000000000e+00	0.0000000000e+00	0.0000000000e+00	0.0000000000e+00
1.0523552795e+05	3.9970145224e-14	0.0000000000e+00	0.0000000000e+00	0.0000000000e+00	0.0000000000e+00	0.0000000000e+00	0.0000000000e+00	0.0000000000e+00	0.0000000000e+00	0.0000000000e+00	0.0000000000e+00	0.0000000000e+00	0.0000000000e+00	0.0000000000e+00	0.0000000000e+00	0.0000000000e+00
1.0523562566e+05	3.9951871035e-14	0.0000000000e+00	0.0000000000e+00	0.0000000000e+00	0.0000000000e+00	0.0000000000e+00	0.0000000000e+00	0.0000000000e+00	0.0000000000e+00	0.0000000000e+00	0.0000000000e+00	0.0000000000e+00	0.0000000000e+00	0.0000000000e+00	0.0000000000e+00	0.0000000000e+00
1.0523572450e+05	3.9935157758e-14	0.0000000000e+00	0.0000000000e+00	0.0000000000e+00	0.0000000000e+00	0.0000000000e+00	0.0000000000e+00	0.0000000000e+00	0.0000000000e+00	0.0000000000e+00	0.0000000000e+00	0.0000000000e+00	0.0000000000e+00	0.0000000000e+00	0.0000000000e+00	0.0000000000e+00
1.0523582448e+05	3.9919982408e-14	0.0000000000e+00	0.0000000000e+00	0.0000000000e+00	0.0000000000e+00	0.0000000000e+00	0.0000000000e+00	0.0000000000e+00	0.0000000000e+00	0.0000000000e+00	0.0000000000e+00	0.0000000000e+00	0.0000000000e+00	0.0000000000e+00	0.0000000000e+00	0.0000000000e+00
1.0523592562e+05	3.9906281656e-14	0.0000000000e+00	0.0000000000e+00	0.0000000000e+00	0.0000000000e+00	0.0000000000e+00	0.0000000000e+00	0.0000000000e+00	0.0000000000e+00	0.0000000000e+00	0.0000000000e+00	0.0000000000e+00	0.0000000000e+00	0.0000000000e+00	0.0000000000e+00	0.0000000000e+00
1.0523602793e+05	3.9893948857e-14	0.0000000000e+00	0.0000000000e+00	0.0000000000e+00	0.0000000000e+00	0.0000000000e+00	0.0000000000e+00	0.0000000000e+00	0.0000000000e+00	0.0000000000e+00	0.0000000000e+00	0.0000000000e+00	0.0000000000e+00	0.0000000000e+00	0.0000000000e+00	0.0000000000e+00
1.0523613143e+05	3.9882831321e-14	0.0000000000e+00	0.0000000000e+00	0.0000000000e+00	0.0000000000e+00	0.0000000000e+00	0.0000000000e+00	0.0000000000e+00	0.0000000000e+00	0.0000000000e+00	0.0000000000e+00	0.0000000000e+00	0.0000000000e+00	0.0000000000e+00	0.0000000000e+00	0.0000000000e+00
1.0523623612e+05	3.9872732536e-14	0.0000000000e+00	0.0000000000e+00	0.0000000000e+00	0.0000000000e+00	0.0000000000e+00	0.0000000000e+00	0.0000000000e+00	0.0000000000e+00	0.0000000000e+00	0.0000000000e+00	0.0000000000e+00	0.0000000000e+00	0.0000000000e+00	0.0000000000e+00	0.0000000000e+00
1.0523634203e+05	3.9863394104e-14	0.0000000000e+00	0.0000000000e+00	0.0000000000e+00	0.0000000000e+00	0.0000000000e+00	0.0000000000e+00	0.0000000000e+00	0.0000000000e+00	0.0000000000e+00	0.0000000000e+00	0.0000000000e+00	0.0000000000e+00	0.0000000000e+00	0.0000000000e+00	0.0000000000e+00
1.0523644916e+05	3.9854554370e-14	0.0000000000e+00	0.0000000000e+00	0.0000000000e+00	0.0000000000e+00	0.0000000000e+00	0.0000000000e+00	0.0000000000e+00	0.0000000000e+00	0.0000000000e+00	0.0000000000e+00	0.0000000000e+00	0.0000000000e+00	0.0000000000e+00	0.0000000000e+00	0.0000000000e+00
1.0523655754e+05	3.9845773939e-14	0.0000000000e+00	0.0000000000e+00	0.0000000000e+00	0.0000000000e+00	0.0000000000e+00	0.0000000000e+00	0.0000000000e+00	0.0000000000e+00	0.0000000000e+00	0.0000000000e+00	0.0000000000e+00	0.0000000000e+00	0.0000000000e+00	0.0000000000e+00	0.0000000000e+00
1.0523666717e+05	3.9836732779e-14	0.0000000000e+00	0.0000000000e+00	0.0000000000e+00	0.0000000000e+00	0.0000000000e+00	0.0000000000e+00	0.0000000000e+00	0.0000000000e+00	0.0000000000e+00	0.0000000000e+00	0.0000000000e+00	0.0000000000e+00	0.0000000000e+00	0.0000000000e+00	0.0000000000e+00
1.0523677807e+05	3.9826955442e-14	0.0000000000e+00	0.0000000000e+00	0.0000000000e+00	0.0000000000e+00	0.0000000000e+00	0.0000000000e+00	0.0000000000e+00	0.0000000000e+00	0.0000000000e+00	0.0000000000e+00	0.0000000000e+00	0.0000000000e+00	0.0000000000e+00	0.0000000000e+00	0.0000000000e+00
1.0523689025e+05	3.9815943329e-14	0.0000000000e+00	0.0000000000e+00	0.0000000000e+00	0.0000000000e+00	0.0000000000e+00	0.0000000000e+00	0.0000000000e+00	0.0000000000e+00	0.0000000000e+00	0.0000000000e+00	0.0000000000e+00	0.0000000000e+00	0.0000000000e+00	0.0000000000e+00	0.0000000000e+00
1.0523700373e+05	3.9803113554e-14	0.0000000000e+00	0.0000000000e+00	0.0000000000e+00	0.0000000000e+00	0.0000000000e+00	0.0000000000e+00	0.0000000000e+00	0.0000000000e+00	0.0000000000e+00	0.0000000000e+00	0.0000000000e+00	0.0000000000e+00	0.0000000000e+00	0.0000000000e+00	0.0000000000e+00
1.0523711853e+05	3.9787968244e-14	0.0000000000e+00	0.0000000000e+00	0.0000000000e+00	0.0000000000e+00	0.0000000000e+00	0.0000000000e+00	0.0000000000e+00	0.0000000000e+00	0.0000000000e+00	0.0000000000e+00	0.0000000000e+00	0.0000000000e+00	0.0000000000e+00	0.0000000000e+00	0.0000000000e+00
1.0523723465e+05	3.9769797314e-14	0.0000000000e+00	0.0000000000e+00	0.0000000000e+00	0.0000000000e+00	0.0000000000e+00	0.0000000000e+00	0.0000000000e+00	0.0000000000e+00	0.0000000000e+00	0.0000000000e+00	0.0000000000e+00	0.0000000000e+00	0.0000000000e+00	0.0000000000e+00	0.0000000000e+00
1.0523735212e+05	3.9747955070e-14	0.0000000000e+00	0.0000000000e+00	0.0000000000e+00	0.0000000000e+00	0.0000000000e+00	0.0000000000e+00	0.0000000000e+00	0.0000000000e+00	0.0000000000e+00	0.0000000000e+00	0.0000000000e+00	0.0000000000e+00	0.0000000000e+00	0.0000000000e+00	0.0000000000e+00
1.0523747095e+05	3.9721742232e-14	0.0000000000e+00	0.0000000000e+00	0.0000000000e+00	0.0000000000e+00	0.0000000000e+00	0.0000000000e+00	0.0000000000e+00	0.0000000000e+00	0.0000000000e+00	0.0000000000e+00	0.0000000000e+00	0.0000000000e+00	0.0000000000e+00	0.0000000000e+00	0.0000000000e+00
1.0523759116e+05	3.9717508681e-14	0.0000000000e+00	0.0000000000e+00	0.0000000000e+00	0.0000000000e+00	0.0000000000e+00	0.0000000000e+00	0.0000000000e+00	0.0000000000e+00	0.0000000000e+00	0.0000000000e+00	0.0000000000e+00	0.0000000000e+00	0.0000000000e+00	0.0000000000e+00	0.0000000000e+00
1.0523771275e+05	3.9703139814e-14	0.0000000000e+00	0.0000000000e+00	0.0000000000e+00	0.0000000000e+00	0.0000000000e+00	0.0000000000e+00	0.0000000000e+00	0.0000000000e+00	0.0000000000e+00	0.0000000000e+00	0.0000000000e+00	0.0000000000e+00	0.0000000000e+00	0.0000000000e+00	0.0000000000e+00
1.0523783576e+05	3.9689946640e-14	0.0000000000e+00	0.0000000000e+00	0.0000000000e+00	0.0000000000e+00	0.0000000000e+00	0.0000000000e+00	0.0000000000e+00	0.0000000000e+00	0.0000000000e+00	0.0000000000e+00	0.0000000000e+00	0.0000000000e+00	0.0000000000e+00	0.0000000000e+00	0.0000000000e+00
1.0523796019e+05	3.9677769818e-14	0.0000000000e+00	0.0000000000e+00	0.0000000000e+00	0.0000000000e+00	0.0000000000e+00	0.0000000000e+00	0.0000000000e+00	0.0000000000e+00	0.0000000000e+00	0.0000000000e+00	0.0000000000e+00	0.0000000000e+00	0.0000000000e+00	0.0000000000e+00	0.0000000000e+00
1.0523808606e+05	3.9666145918e-14	0.0000000000e+00	0.0000000000e+00	0.0000000000e+00	0.0000000000e+00	0.0000000000e+00	0.0000000000e+00	0.0000000000e+00	0.0000000000e+00	0.0000000000e+00	0.0000000000e+00	0.0000000000e+00	0.0000000000e+00	0.0000000000e+00	0.0000000000e+00	0.0000000000e+00
1.0523821339e+05	3.9654734494e-14	0.0000000000e+00	0.0000000000e+00	0.0000000000e+00	0.0000000000e+00	0.0000000000e+00	0.0000000000e+00	0.0000000000e+00	0.0000000000e+00	0.0000000000e+00	0.0000000000e+00	0.0000000000e+00	0.0000000000e+00	0.0000000000e+00	0.0000000000e+00	0.0000000000e+00
1.0523834219e+05	3.9643089614e-14	0.0000000000e+00	0.0000000000e+00	0.0000000000e+00	0.0000000000e+00	0.0000000000e+00	0.0000000000e+00	0.0000000000e+00	0.0000000000e+00	0.0000000000e+00	0.0000000000e+00	0.0000000000e+00	0.0000000000e+00	0.0000000000e+00	0.0000000000e+00	0.0000000000e+00
1.0523847249e+05	3.9630713675e-14	0.0000000000e+00	0.0000000000e+00	0.0000000000e+00	0.0000000000e+00	0.0000000000e+00	0.0000000000e+00	0.0000000000e+00	0.0000000000e+00	0.0000000000e+00	0.0000000000e+00	0.0000000000e+00	0.0000000000e+00	0.0000000000e+00	0.0000000000e+00	0.0000000000e+00
1.0523860429e+05	3.9617059410e-14	0.0000000000e+00	0.0000000000e+00	0.0000000000e+00	0.0000000000e+00	0.0000000000e+00	0.0000000000e+00	0.0000000000e+00	0.0000000000e+00	0.0000000000e+00	0.0000000000e+00	0.0000000000e+00	0.0000000000e+00	0.0000000000e+00	0.0000000000e+00	0.0000000000e+00
1.0523873762e+05	3.9601533432e-14	0.0000000000e+00	0.0000000000e+00	0.0000000000e+00	0.0000000000e+00	0.0000000000e+00	0.0000000000e+00	0.0000000000e+00	0.0000000000e+00	0.0000000000e+00	0.0000000000e+00	0.0000000000e+00	0.0000000000e+00	0.0000000000e+00	0.0000000000e+00	0.0000000000e+00
1.0523887249e+05	3.9588951887e-14	0.0000000000e+00	0.0000000000e+00	0.0000000000e+00	0.0000000000e+00	0.0000000000e+00	0.0000000000e+00	0.0000000000e+00	0.0000000000e+00	0.0000000000e+00	0.0000000000e+00	0.0000000000e+00	0.0000000000e+00	0.0000000000e+00	0.0000000000e+00	0.0000000000e+00
1.0523900893e+05	3.9562749358e-14	0.0000000000e+00	0.0000000000e+00	0.0000000000e+00	0.0000000000e+00	0.0000000000e+00	0.0000000000e+00	0.0000000000e+00	0.0000000000e+00	0.0000000000e+00	0.0000000000e+00	0.0000000000e+00	0.0000000000e+00	0.0000000000e+00	0.0000000000e+00	0.0000000000e+00
1.0523914694e+05	3.9538345875e-14	0.0000000000e+00	0.0000000000e+00	0.0000000000e+00	0.0000000000e+00	0.0000000000e+00	0.0000000000e+00	0.0000000000e+00	0.0000000000e+00	0.0000000000e+00	0.0000000000e+00	0.0000000000e+00	0.0000000000e+00	0.0000000000e+00	0.0000000000e+00	0.0000000000e+00
1.0523928655e+05	3.9515737027e-14	0.0000000000e+00	0.0000000000e+00	0.0000000000e+00	0.0000000000e+00	0.0000000000e+00	0.0000000000e+00	0.0000000000e+00	0.0000000000e+00	0.0000000000e+00	0.0000000000e+00	0.0000000000e+00	0.0000000000e+00	0.0000000000e+00	0.0000000000e+00	0.0000000000e+00
1.0523942778e+05	3.9494684522e-14	0.0000000000e+00	0.0000000000e+00	0.0000000000e+00	0.0000000000e+00	0.0000000000e+00	0.0000000000e+00	0.0000000000e+00	0.0000000000e+00	0.0000000000e+00	0.0000000000e+00	0.0000000000e+00	0.0000000000e+00	0.0000000000e+00	0.0000000000e+00	0.0000000000e+00
1.0523957065e+05	3.9474939680e-14	0.0000000000e+00	0.0000000000e+00	0.0000000000e+00	0.0000000000e+00	0.0000000000e+00	0.0000000000e+00	0.0000000000e+00	0.0000000000e+00	0.0000000000e+00	0.0000000000e+00	0.0000000000e+00	0.0000000000e+00	0.0000000000e+00	0.0000000000e+00	0.0000000000e+00
1.0523971517e+05	3.9456191339e-14	0.0000000000e+00	0.0000000000e+00	0.0000000000e+00	0.0000000000e+00	0.0000000000e+00	0.0000000000e+00	0.0000000000e+00	0.0000000000e+00	0.0000000000e+00	0.0000000000e+00	0.0000000000e+00	0.0000000000e+00	0.0000000000e+00	0.0000000000e+00	0.0000000000e+00
1.0523986136e+05	3.9438068516e-14	0.0000000000e+00	0.0000000000e+00	0.0000000000e+00	0.0000000000e+00	0.0000000000e+00	0.0000000000e+00	0.0000000000e+00	0.0000000000e+00	0.0000000000e+00	0.0000000000e+00	0.0000000000e+00	0.0000000000e+00	0.0000000000e+00	0.0000000000e+00	0.0000000000e+00
1.0524000924e+05	3.9420142873e-14	0.0000000000e+00	0.0000000000e+00	0.0000000000e+00	0.0000000000e+00	0.0000000000e+00	0.0000000000e+00	0.0000000000e+00	0.0000000000e+00	0.0000000000e+00	0.0000000000e+00	0.0000000000e+00	0.0000000000e+00	0.0000000000e+00	0.0000000000e+00	0.0000000000e+00
1.0524015884e+05	3.9401931898e-14	0.0000000000e+00	0.0000000000e+00	0.0000000000e+00	0.0000000000e+00	0.0000000000e+00	0.0000000000e+00	0.0000000000e+00	0.0000000000e+00	0.0000000000e+00	0.0000000000e+00	0.0000000000e+00	0.0000000000e+00	0.0000000000e+00	0.0000000000e+00	0.0000000000e+00
1.0524031017e+05	3.9437533051e-14	0.0000000000e+00	0.0000000000e+00	0.0000000000e+00	0.0000000000e+00	0.0000000000e+00	0.0000000000e+00	0.0000000000e+00	0.0000000000e+00	0.0000000000e+00	0.0000000000e+00	0.0000000000e+00	0.0000000000e+00	0.0000000000e+00	0.0000000000e+00	0.0000000000e+00
1.0524046325e+05	3.9396830158e-14	0.0000000000e+00	0.0000000000e+00	0.0000000000e+00	0.0000000000e+00	0.0000000000e+00	0.0000000000e+00	0.0000000000e+00	0.0000000000e+00	0.0000000000e+00	0.0000000000e+00	0.0000000000e+00	0.0000000000e+00	0.0000000000e+00	0.0000000000e+00	0.0000000000e+00
1.0524061811e+05	3.9358245055e-14	0.0000000000e+00	0.0000000000e+00	0.0000000000e+00	0.0000000000e+00	0.0000000000e+00	0.0000000000e+00	0.0000000000e+00	0.0000000000e+00	0.0000000000e+00	0.0000000000e+00	0.0000000000e+00	0.0000000000e+00	0.0000000000e+00	0.0000000000e+00	0.0000000000e+00
1.0524077476e+05	3.9321755442e-14	0.0000000000e+00	0.0000000000e+00	0.0000000000e+00	0.0000000000e+00	0.0000000000e+00	0.0000000000e+00	0.0000000000e+00	0.0000000000e+00	0.0000000000e+00	0.0000000000e+00	0.0000000000e+00	0.0000000000e+00	0.0000000000e+00	0.0000000000e+00	0.0000000000e+00
1.0524093322e+05	3.9287296398e-14	0.0000000000e+00	0.0000000000e+00	0.0000000000e+00	0.0000000000e+00	0.0000000000e+00	0.0000000000e+00	0.0000000000e+00	0.0000000000e+00	0.0000000000e+00	0.0000000000e+00	0.0000000000e+00	0.0000000000e+00	0.0000000000e+00	0.0000000000e+00	0.0000000000e+00
1.0524109352e+05	3.9254730255e-14	0.0000000000e+00	0.0000000000e+00	0.0000000000e+00	0.0000000000e+00	0.0000000000e+00	0.0000000000e+00	0.0000000000e+00	0.0000000000e+00	0.0000000000e+00	0.0000000000e+00	0.0000000000e+00	0.0000000000e+00	0.0000000000e+00	0.0000000000e+00	0.0000000000e+00
1.0524125567e+05	3.9223855785e-14	0.0000000000e+00	0.0000000000e+00	0.0000000000e+00	0.0000000000e+00	0.0000000000e+00	0.0000000000e+00	0.0000000000e+00	0.0000000000e+00	0.0000000000e+00	0.0000000000e+00	0.0000000000e+00	0.0000000000e+00	0.0000000000e+00	0.0000000000e+00	0.0000000000e+00
1.0524141970e+05	3.9194408507e-14	0.0000000000e+00	0.0000000000e+00	0.0000000000e+00	0.0000000000e+00	0.0000000000e+00	0.0000000000e+00	0.0000000000e+00	0.0000000000e+00	0.0000000000e+00	0.0000000000e+00	0.0000000000e+00	0.0000000000e+00	0.0000000000e+00	0.0000000000e+00	0.0000000000e+00
1.0524158563e+05	3.9166062753e-14	0.0000000000e+00	0.0000000000e+00	0.0000000000e+00	0.0000000000e+00	0.0000000000e+00	0.0000000000e+00	0.0000000000e+00	0.0000000000e+00	0.0000000000e+00	0.0000000000e+00	0.0000000000e+00	0.0000000000e+00	0.0000000000e+00	0.0000000000e+00	0.0000000000e+00
1.0524175348e+05	3.9281070248e-14	0.0000000000e+00	0.0000000000e+00	0.0000000000e+00	0.0000000000e+00	0.0000000000e+00	0.0000000000e+00	0.0000000000e+00	0.0000000000e+00	0.0000000000e+00	0.0000000000e+00	0.0000000000e+00	0.0000000000e+00	0.0000000000e+00	0.0000000000e+00	0.0000000000e+00
1.0524192328e+05	3.9223236077e-14	0.0000000000e+00	0.0000000000e+00	0.0000000000e+00	0.0000000000e+00	0.0000000000e+00	0.0000000000e+00	0.0000000000e+00	0.0000000000e+00	0.0000000000e+00	0.0000000000e+00	0.0000000000e+00	0.0000000000e+00	0.0000000000e+00	0.0000000000e+00	0.0000000000e+00
1.0524209504e+05	3.9167561366e-14	0.0000000000e+00	0.0000000000e+00	0.0000000000e+00	0.0000000000e+00	0.0000000000e+00	0.0000000000e+00	0.0000000000e+00	0.0000000000e+00	0.0000000000e+00	0.0000000000e+00	0.0000000000e+00	0.0000000000e+00	0.0000000000e+00	0.0000000000e+00	0.0000000000e+00
1.0524226879e+05	3.9114187611e-14	0.0000000000e+00	0.0000000000e+00	0.0000000000e+00	0.0000000000e+00	0.0000000000e+00	0.0000000000e+00	0.0000000000e+00	0.0000000000e+00	0.0000000000e+00	0.0000000000e+00	0.0000000000e+00	0.0000000000e+00	0.0000000000e+00	0.0000000000e+00	0.0000000000e+00
1.0524244455e+05	3.9063210205e-14	0.0000000000e+00	0.0000000000e+00	0.0000000000e+00	0.0000000000e+00	0.0000000000e+00	0.0000000000e+00	0.0000000000e+00	0.0000000000e+00	0.0000000000e+00	0.0000000000e+00	0.0000000000e+00	0.0000000000e+00	0.0000000000e+00	0.0000000000e+00	0.0000000000e+00
1.0524262235e+05	3.9014615274e-14	0.0000000000e+00	0.0000000000e+00	0.0000000000e+00	0.0000000000e+00	0.0000000000e+00	0.0000000000e+00	0.0000000000e+00	0.0000000000e+00	0.0000000000e+00	0.0000000000e+00	0.0000000000e+00	0.0000000000e+00	0.0000000000e+00	0.0000000000e+00	0.0000000000e+00
1.0524280220e+05	3.8968367387e-14	0.0000000000e+00	0.0000000000e+00	0.0000000000e+00	0.0000000000e+00	0.0000000000e+00	0.0000000000e+00	0.0000000000e+00	0.0000000000e+00	0.0000000000e+00	0.0000000000e+00	0.0000000000e+00	0.0000000000e+00	0.0000000000e+00	0.0000000000e+00	0.0000000000e+00
1.0524298414e+05	3.8924342782e-14	0.0000000000e+00	0.0000000000e+00	0.0000000000e+00	0.0000000000e+00	0.0000000000e+00	0.0000000000e+00	0.0000000000e+00	0.0000000000e+00	0.0000000000e+00	0.0000000000e+00	0.0000000000e+00	0.0000000000e+00	0.0000000000e+00	0.0000000000e+00	0.0000000000e+00
1.0524316819e+05	3.8882354416e-14	0.0000000000e+00	0.0000000000e+00	0.0000000000e+00	0.0000000000e+00	0.0000000000e+00	0.0000000000e+00	0.0000000000e+00	0.0000000000e+00	0.0000000000e+00	0.0000000000e+00	0.0000000000e+00	0.0000000000e+00	0.0000000000e+00	0.0000000000e+00	0.0000000000e+00
1.0524335436e+05	3.8842152058e-14	0.0000000000e+00	0.0000000000e+00	0.0000000000e+00	0.0000000000e+00	0.0000000000e+00	0.0000000000e+00	0.0000000000e+00	0.0000000000e+00	0.0000000000e+00	0.0000000000e+00	0.0000000000e+00	0.0000000000e+00	0.0000000000e+00	0.0000000000e+00	0.0000000000e+00
1.0524354270e+05	3.8803425973e-14	0.0000000000e+00	0.0000000000e+00	0.0000000000e+00	0.0000000000e+00	0.0000000000e+00	0.0000000000e+00	0.0000000000e+00	0.0000000000e+00	0.0000000000e+00	0.0000000000e+00	0.0000000000e+00	0.0000000000e+00	0.0000000000e+00	0.0000000000e+00	0.0000000000e+00
1.0524373321e+05	3.8765810598e-14	0.0000000000e+00	0.0000000000e+00	0.0000000000e+00	0.0000000000e+00	0.0000000000e+00	0.0000000000e+00	0.0000000000e+00	0.0000000000e+00	0.0000000000e+00	0.0000000000e+00	0.0000000000e+00	0.0000000000e+00	0.0000000000e+00	0.0000000000e+00	0.0000000000e+00
1.0524392593e+05	3.8728894183e-14	0.0000000000e+00	0.0000000000e+00	0.0000000000e+00	0.0000000000e+00	0.0000000000e+00	0.0000000000e+00	0.0000000000e+00	0.0000000000e+00	0.0000000000e+00	0.0000000000e+00	0.0000000000e+00	0.0000000000e+00	0.0000000000e+00	0.0000000000e+00	0.0000000000e+00
1.0524412088e+05	3.8692218061e-14	0.0000000000e+00	0.0000000000e+00	0.0000000000e+00	0.0000000000e+00	0.0000000000e+00	0.0000000000e+00	0.0000000000e+00	0.0000000000e+00	0.0000000000e+00	0.0000000000e+00	0.0000000000e+00	0.0000000000e+00	0.0000000000e+00	0.0000000000e+00	0.0000000000e+00
1.0524431809e+05	3.8655293215e-14	0.0000000000e+00	0.0000000000e+00	0.0000000000e+00	0.0000000000e+00	0.0000000000e+00	0.0000000000e+00	0.0000000000e+00	0.0000000000e+00	0.0000000000e+00	0.0000000000e+00	0.0000000000e+00	0.0000000000e+00	0.0000000000e+00	0.0000000000e+00	0.0000000000e+00
1.0524451758e+05	3.8617594561e-14	0.0000000000e+00	0.0000000000e+00	0.0000000000e+00	0.0000000000e+00	0.0000000000e+00	0.0000000000e+00	0.0000000000e+00	0.0000000000e+00	0.0000000000e+00	0.0000000000e+00	0.0000000000e+00	0.0000000000e+00	0.0000000000e+00	0.0000000000e+00	0.0000000000e+00
1.0524471938e+05	3.8578596423e-14	0.0000000000e+00	0.0000000000e+00	0.0000000000e+00	0.0000000000e+00	0.0000000000e+00	0.0000000000e+00	0.0000000000e+00	0.0000000000e+00	0.0000000000e+00	0.0000000000e+00	0.0000000000e+00	0.0000000000e+00	0.0000000000e+00	0.0000000000e+00	0.0000000000e+00
1.0524492352e+05	3.8549366003e-14	0.0000000000e+00	0.0000000000e+00	0.0000000000e+00	0.0000000000e+00	0.0000000000e+00	0.0000000000e+00	0.0000000000e+00	0.0000000000e+00	0.0000000000e+00	0.0000000000e+00	0.0000000000e+00	0.0000000000e+00	0.0000000000e+00	0.0000000000e+00	0.0000000000e+00
1.0524513002e+05	3.8497556543e-14	0.0000000000e+00	0.0000000000e+00	0.0000000000e+00	0.0000000000e+00	0.0000000000e+00	0.0000000000e+00	0.0000000000e+00	0.0000000000e+00	0.0000000000e+00	0.0000000000e+00	0.0000000000e+00	0.0000000000e+00	0.0000000000e+00	0.0000000000e+00	0.0000000000e+00
1.0524533892e+05	3.8448207146e-14	0.0000000000e+00	0.0000000000e+00	0.0000000000e+00	0.0000000000e+00	0.0000000000e+00	0.0000000000e+00	0.0000000000e+00	0.0000000000e+00	0.0000000000e+00	0.0000000000e+00	0.0000000000e+00	0.0000000000e+00	0.0000000000e+00	0.0000000000e+00	0.0000000000e+00
1.0524555023e+05	3.8401045219e-14	0.0000000000e+00	0.0000000000e+00	0.0000000000e+00	0.0000000000e+00	0.0000000000e+00	0.0000000000e+00	0.0000000000e+00	0.0000000000e+00	0.0000000000e+00	0.0000000000e+00	0.0000000000e+00	0.0000000000e+00	0.0000000000e+00	0.0000000000e+00	0.0000000000e+00
1.0524576399e+05	3.8355748447e-14	0.0000000000e+00	0.0000000000e+00	0.0000000000e+00	0.0000000000e+00	0.0000000000e+00	0.0000000000e+00	0.0000000000e+00	0.0000000000e+00	0.0000000000e+00	0.0000000000e+00	0.0000000000e+00	0.0000000000e+00	0.0000000000e+00	0.0000000000e+00	0.0000000000e+00
1.0524598022e+05	3.8311937754e-14	0.0000000000e+00	0.0000000000e+00	0.0000000000e+00	0.0000000000e+00	0.0000000000e+00	0.0000000000e+00	0.0000000000e+00	0.0000000000e+00	0.0000000000e+00	0.0000000000e+00	0.0000000000e+00	0.0000000000e+00	0.0000000000e+00	0.0000000000e+00	0.0000000000e+00
1.0524619896e+05	3.8269214139e-14	0.0000000000e+00	0.0000000000e+00	0.0000000000e+00	0.0000000000e+00	0.0000000000e+00	0.0000000000e+00	0.0000000000e+00	0.0000000000e+00	0.0000000000e+00	0.0000000000e+00	0.0000000000e+00	0.0000000000e+00	0.0000000000e+00	0.0000000000e+00	0.0000000000e+00
1.0524642023e+05	3.8227136609e-14	0.0000000000e+00	0.0000000000e+00	0.0000000000e+00	0.0000000000e+00	0.0000000000e+00	0.0000000000e+00	0.0000000000e+00	0.0000000000e+00	0.0000000000e+00	0.0000000000e+00	0.0000000000e+00	0.0000000000e+00	0.0000000000e+00	0.0000000000e+00	0.0000000000e+00
1.0524664407e+05	3.8241155050e-14	0.0000000000e+00	0.0000000000e+00	0.0000000000e+00	0.0000000000e+00	0.0000000000e+00	0.0000000000e+00	0.0000000000e+00	0.0000000000e+00	0.0000000000e+00	0.0000000000e+00	0.0000000000e+00	0.0000000000e+00	0.0000000000e+00	0.0000000000e+00	0.0000000000e+00
1.0524687049e+05	3.8178711489e-14	0.0000000000e+00	0.0000000000e+00	0.0000000000e+00	0.0000000000e+00	0.0000000000e+00	0.0000000000e+00	0.0000000000e+00	0.0000000000e+00	0.0000000000e+00	0.0000000000e+00	0.0000000000e+00	0.0000000000e+00	0.0000000000e+00	0.0000000000e+00	0.0000000000e+00
1.0524709954e+05	3.8119777115e-14	0.0000000000e+00	0.0000000000e+00	0.0000000000e+00	0.0000000000e+00	0.0000000000e+00	0.0000000000e+00	0.0000000000e+00	0.0000000000e+00	0.0000000000e+00	0.0000000000e+00	0.0000000000e+00	0.0000000000e+00	0.0000000000e+00	0.0000000000e+00	0.0000000000e+00
1.0524733124e+05	3.8064186034e-14	0.0000000000e+00	0.0000000000e+00	0.0000000000e+00	0.0000000000e+00	0.0000000000e+00	0.0000000000e+00	0.0000000000e+00	0.0000000000e+00	0.0000000000e+00	0.0000000000e+00	0.0000000000e+00	0.0000000000e+00	0.0000000000e+00	0.0000000000e+00	0.0000000000e+00
1.0524756562e+05	3.8011712216e-14	0.0000000000e+00	0.0000000000e+00	0.0000000000e+00	0.0000000000e+00	0.0000000000e+00	0.0000000000e+00	0.0000000000e+00	0.0000000000e+00	0.0000000000e+00	0.0000000000e+00	0.0000000000e+00	0.0000000000e+00	0.0000000000e+00	0.0000000000e+00	0.0000000000e+00
1.0524780272e+05	3.7962076006e-14	0.0000000000e+00	0.0000000000e+00	0.0000000000e+00	0.0000000000e+00	0.0000000000e+00	0.0000000000e+00	0.0000000000e+00	0.0000000000e+00	0.0000000000e+00	0.0000000000e+00	0.0000000000e+00	0.0000000000e+00	0.0000000000e+00	0.0000000000e+00	0.0000000000e+00
1.0524804256e+05	3.7914952273e-14	0.0000000000e+00	0.0000000000e+00	0.0000000000e+00	0.0000000000e+00	0.0000000000e+00	0.0000000000e+00	0.0000000000e+00	0.0000000000e+00	0.0000000000e+00	0.0000000000e+00	0.0000000000e+00	0.0000000000e+00	0.0000000000e+00	0.0000000000e+00	0.0000000000e+00
1.0524828518e+05	3.8004173107e-14	0.0000000000e+00	0.0000000000e+00	0.0000000000e+00	0.0000000000e+00	0.0000000000e+00	0.0000000000e+00	0.0000000000e+00	0.0000000000e+00	0.0000000000e+00	0.0000000000e+00	0.0000000000e+00	0.0000000000e+00	0.0000000000e+00	0.0000000000e+00	0.0000000000e+00
1.0524853061e+05	3.7931514078e-14	0.0000000000e+00	0.0000000000e+00	0.0000000000e+00	0.0000000000e+00	0.0000000000e+00	0.0000000000e+00	0.0000000000e+00	0.0000000000e+00	0.0000000000e+00	0.0000000000e+00	0.0000000000e+00	0.0000000000e+00	0.0000000000e+00	0.0000000000e+00	0.0000000000e+00
1.0524877888e+05	3.7863226968e-14	0.0000000000e+00	0.0000000000e+00	0.0000000000e+00	0.0000000000e+00	0.0000000000e+00	0.0000000000e+00	0.0000000000e+00	0.0000000000e+00	0.0000000000e+00	0.0000000000e+00	0.0000000000e+00	0.0000000000e+00	0.0000000000e+00	0.0000000000e+00	0.0000000000e+00
1.0524903002e+05	3.7799278237e-14	0.0000000000e+00	0.0000000000e+00	0.0000000000e+00	0.0000000000e+00	0.0000000000e+00	0.0000000000e+00	0.0000000000e+00	0.0000000000e+00	0.0000000000e+00	0.0000000000e+00	0.0000000000e+00	0.0000000000e+00	0.0000000000e+00	0.0000000000e+00	0.0000000000e+00
1.0524928408e+05	3.7739562271e-14	0.0000000000e+00	0.0000000000e+00	0.0000000000e+00	0.0000000000e+00	0.0000000000e+00	0.0000000000e+00	0.0000000000e+00	0.0000000000e+00	0.0000000000e+00	0.0000000000e+00	0.0000000000e+00	0.0000000000e+00	0.0000000000e+00	0.0000000000e+00	0.0000000000e+00
1.0524954107e+05	3.7683905255e-14	0.0000000000e+00	0.0000000000e+00	0.0000000000e+00	0.0000000000e+00	0.0000000000e+00	0.0000000000e+00	0.0000000000e+00	0.0000000000e+00	0.0000000000e+00	0.0000000000e+00	0.0000000000e+00	0.0000000000e+00	0.0000000000e+00	0.0000000000e+00	0.0000000000e+00
1.0524980104e+05	3.7632074559e-14	0.0000000000e+00	0.0000000000e+00	0.0000000000e+00	0.0000000000e+00	0.0000000000e+00	0.0000000000e+00	0.0000000000e+00	0.0000000000e+00	0.0000000000e+00	0.0000000000e+00	0.0000000000e+00	0.0000000000e+00	0.0000000000e+00	0.0000000000e+00	0.0000000000e+00
1.0525006403e+05	3.7583787357e-14	0.0000000000e+00	0.0000000000e+00	0.0000000000e+00	0.0000000000e+00	0.0000000000e+00	0.0000000000e+00	0.0000000000e+00	0.0000000000e+00	0.0000000000e+00	0.0000000000e+00	0.0000000000e+00	0.0000000000e+00	0.0000000000e+00	0.0000000000e+00	0.0000000000e+00
1.0525033005e+05	3.7713998718e-14	0.0000000000e+00	0.0000000000e+00	0.0000000000e+00	0.0000000000e+00	0.0000000000e+00	0.0000000000e+00	0.0000000000e+00	0.0000000000e+00	0.0000000000e+00	0.0000000000e+00	0.0000000000e+00	0.0000000000e+00	0.0000000000e+00	0.0000000000e+00	0.0000000000e+00
1.0525059916e+05	3.7640267346e-14	0.0000000000e+00	0.0000000000e+00	0.0000000000e+00	0.0000000000e+00	0.0000000000e+00	0.0000000000e+00	0.0000000000e+00	0.0000000000e+00	0.0000000000e+00	0.0000000000e+00	0.0000000000e+00	0.0000000000e+00	0.0000000000e+00	0.0000000000e+00	0.0000000000e+00
1.0525087138e+05	3.7571483204e-14	0.0000000000e+00	0.0000000000e+00	0.0000000000e+00	0.0000000000e+00	0.0000000000e+00	0.0000000000e+00	0.0000000000e+00	0.0000000000e+00	0.0000000000e+00	0.0000000000e+00	0.0000000000e+00	0.0000000000e+00	0.0000000000e+00	0.0000000000e+00	0.0000000000e+00
1.0525114676e+05	3.7507624267e-14	0.0000000000e+00	0.0000000000e+00	0.0000000000e+00	0.0000000000e+00	0.0000000000e+00	0.0000000000e+00	0.0000000000e+00	0.0000000000e+00	0.0000000000e+00	0.0000000000e+00	0.0000000000e+00	0.0000000000e+00	0.0000000000e+00	0.0000000000e+00	0.0000000000e+00
1.0525142532e+05	3.7448588390e-14	0.0000000000e+00	0.0000000000e+00	0.0000000000e+00	0.0000000000e+00	0.0000000000e+00	0.0000000000e+00	0.0000000000e+00	0.0000000000e+00	0.0000000000e+00	0.0000000000e+00	0.0000000000e+00	0.0000000000e+00	0.0000000000e+00	0.0000000000e+00	0.0000000000e+00
1.0525170711e+05	3.7394204158e-14	0.0000000000e+00	0.0000000000e+00	0.0000000000e+00	0.0000000000e+00	0.0000000000e+00	0.0000000000e+00	0.0000000000e+00	0.0000000000e+00	0.0000000000e+00	0.0000000000e+00	0.0000000000e+00	0.0000000000e+00	0.0000000000e+00	0.0000000000e+00	0.0000000000e+00
1.0525199216e+05	3.7344235835e-14	0.0000000000e+00	0.0000000000e+00	0.0000000000e+00	0.0000000000e+00	0.0000000000e+00	0.0000000000e+00	0.0000000000e+00	0.0000000000e+00	0.0000000000e+00	0.0000000000e+00	0.0000000000e+00	0.0000000000e+00	0.0000000000e+00	0.0000000000e+00	0.0000000000e+00
1.0525228052e+05	3.7298398254e-14	0.0000000000e+00	0.0000000000e+00	0.0000000000e+00	0.0000000000e+00	0.0000000000e+00	0.0000000000e+00	0.0000000000e+00	0.0000000000e+00	0.0000000000e+00	0.0000000000e+00	0.0000000000e+00	0.0000000000e+00	0.0000000000e+00	0.0000000000e+00	0.0000000000e+00
1.0525257221e+05	3.7256364480e-14	0.0000000000e+00	0.0000000000e+00	0.0000000000e+00	0.0000000000e+00	0.0000000000e+00	0.0000000000e+00	0.0000000000e+00	0.0000000000e+00	0.0000000000e+00	0.0000000000e+00	0.0000000000e+00	0.0000000000e+00	0.0000000000e+00	0.0000000000e+00	0.0000000000e+00
1.0525286728e+05	3.7217776137e-14	0.0000000000e+00	0.0000000000e+00	0.0000000000e+00	0.0000000000e+00	0.0000000000e+00	0.0000000000e+00	0.0000000000e+00	0.0000000000e+00	0.0000000000e+00	0.0000000000e+00	0.0000000000e+00	0.0000000000e+00	0.0000000000e+00	0.0000000000e+00	0.0000000000e+00
1.0525316577e+05	3.7182283599e-14	0.0000000000e+00	0.0000000000e+00	0.0000000000e+00	0.0000000000e+00	0.0000000000e+00	0.0000000000e+00	0.0000000000e+00	0.0000000000e+00	0.0000000000e+00	0.0000000000e+00	0.0000000000e+00	0.0000000000e+00	0.0000000000e+00	0.0000000000e+00	0.0000000000e+00
1.0525346771e+05	3.7149415782e-14	0.0000000000e+00	0.0000000000e+00	0.0000000000e+00	0.0000000000e+00	0.0000000000e+00	0.0000000000e+00	0.0000000000e+00	0.0000000000e+00	0.0000000000e+00	0.0000000000e+00	0.0000000000e+00	0.0000000000e+00	0.0000000000e+00	0.0000000000e+00	0.0000000000e+00
1.0525377315e+05	3.7118858659e-14	0.0000000000e+00	0.0000000000e+00	0.0000000000e+00	0.0000000000e+00	0.0000000000e+00	0.0000000000e+00	0.0000000000e+00	0.0000000000e+00	0.0000000000e+00	0.0000000000e+00	0.0000000000e+00	0.0000000000e+00	0.0000000000e+00	0.0000000000e+00	0.0000000000e+00
1.0525408213e+05	3.7156508354e-14	0.0000000000e+00	0.0000000000e+00	0.0000000000e+00	0.0000000000e+00	0.0000000000e+00	0.0000000000e+00	0.0000000000e+00	0.0000000000e+00	0.0000000000e+00	0.0000000000e+00	0.0000000000e+00	0.0000000000e+00	0.0000000000e+00	0.0000000000e+00	0.0000000000e+00
1.0525439468e+05	3.7110942511e-14	0.0000000000e+00	0.0000000000e+00	0.0000000000e+00	0.0000000000e+00	0.0000000000e+00	0.0000000000e+00	0.0000000000e+00	0.0000000000e+00	0.0000000000e+00	0.0000000000e+00	0.0000000000e+00	0.0000000000e+00	0.0000000000e+00	0.0000000000e+00	0.0000000000e+00
1.0525471085e+05	3.7069540712e-14	0.0000000000e+00	0.0000000000e+00	0.0000000000e+00	0.0000000000e+00	0.0000000000e+00	0.0000000000e+00	0.0000000000e+00	0.0000000000e+00	0.0000000000e+00	0.0000000000e+00	0.0000000000e+00	0.0000000000e+00	0.0000000000e+00	0.0000000000e+00	0.0000000000e+00
1.0525503069e+05	3.7031935269e-14	0.0000000000e+00	0.0000000000e+00	0.0000000000e+00	0.0000000000e+00	0.0000000000e+00	0.0000000000e+00	0.0000000000e+00	0.0000000000e+00	0.0000000000e+00	0.0000000000e+00	0.0000000000e+00	0.0000000000e+00	0.0000000000e+00	0.0000000000e+00	0.0000000000e+00
1.0525535423e+05	3.6997738884e-14	0.0000000000e+00	0.0000000000e+00	0.0000000000e+00	0.0000000000e+00	0.0000000000e+00	0.0000000000e+00	0.0000000000e+00	0.0000000000e+00	0.0000000000e+00	0.0000000000e+00	0.0000000000e+00	0.0000000000e+00	0.0000000000e+00	0.0000000000e+00	0.0000000000e+00
1.0525568151e+05	3.6966542325e-14	0.0000000000e+00	0.0000000000e+00	0.0000000000e+00	0.0000000000e+00	0.0000000000e+00	0.0000000000e+00	0.0000000000e+00	0.0000000000e+00	0.0000000000e+00	0.0000000000e+00	0.0000000000e+00	0.0000000000e+00	0.0000000000e+00	0.0000000000e+00	0.0000000000e+00
1.0525601258e+05	3.6937946052e-14	0.0000000000e+00	0.0000000000e+00	0.0000000000e+00	0.0000000000e+00	0.0000000000e+00	0.0000000000e+00	0.0000000000e+00	0.0000000000e+00	0.0000000000e+00	0.0000000000e+00	0.0000000000e+00	0.0000000000e+00	0.0000000000e+00	0.0000000000e+00	0.0000000000e+00
1.0525634749e+05	3.7012824876e-14	0.0000000000e+00	0.0000000000e+00	0.0000000000e+00	0.0000000000e+00	0.0000000000e+00	0.0000000000e+00	0.0000000000e+00	0.0000000000e+00	0.0000000000e+00	0.0000000000e+00	0.0000000000e+00	0.0000000000e+00	0.0000000000e+00	0.0000000000e+00	0.0000000000e+00
1.0525668628e+05	3.6967127824e-14	0.0000000000e+00	0.0000000000e+00	0.0000000000e+00	0.0000000000e+00	0.0000000000e+00	0.0000000000e+00	0.0000000000e+00	0.0000000000e+00	0.0000000000e+00	0.0000000000e+00	0.0000000000e+00	0.0000000000e+00	0.0000000000e+00	0.0000000000e+00	0.0000000000e+00
1.0525702899e+05	3.6925411454e-14	0.0000000000e+00	0.0000000000e+00	0.0000000000e+00	0.0000000000e+00	0.0000000000e+00	0.0000000000e+00	0.0000000000e+00	0.0000000000e+00	0.0000000000e+00	0.0000000000e+00	0.0000000000e+00	0.0000000000e+00	0.0000000000e+00	0.0000000000e+00	0.0000000000e+00
1.0525737566e+05	3.6887285095e-14	0.0000000000e+00	0.0000000000e+00	0.0000000000e+00	0.0000000000e+00	0.0000000000e+00	0.0000000000e+00	0.0000000000e+00	0.0000000000e+00	0.0000000000e+00	0.0000000000e+00	0.0000000000e+00	0.0000000000e+00	0.0000000000e+00	0.0000000000e+00	0.0000000000e+00
1.0525772636e+05	3.6852343724e-14	0.0000000000e+00	0.0000000000e+00	0.0000000000e+00	0.0000000000e+00	0.0000000000e+00	0.0000000000e+00	0.0000000000e+00	0.0000000000e+00	0.0000000000e+00	0.0000000000e+00	0.0000000000e+00	0.0000000000e+00	0.0000000000e+00	0.0000000000e+00	0.0000000000e+00
1.0525808111e+05	3.6820169808e-14	0.0000000000e+00	0.0000000000e+00	0.0000000000e+00	0.0000000000e+00	0.0000000000e+00	0.0000000000e+00	0.0000000000e+00	0.0000000000e+00	0.0000000000e+00	0.0000000000e+00	0.0000000000e+00	0.0000000000e+00	0.0000000000e+00	0.0000000000e+00	0.0000000000e+00
1.0525843997e+05	3.6943338365e-14	0.0000000000e+00	0.0000000000e+00	0.0000000000e+00	0.0000000000e+00	0.0000000000e+00	0.0000000000e+00	0.0000000000e+00	0.0000000000e+00	0.0000000000e+00	0.0000000000e+00	0.0000000000e+00	0.0000000000e+00	0.0000000000e+00	0.0000000000e+00	0.0000000000e+00
1.0525880298e+05	3.6891547630e-14	0.0000000000e+00	0.0000000000e+00	0.0000000000e+00	0.0000000000e+00	0.0000000000e+00	0.0000000000e+00	0.0000000000e+00	0.0000000000e+00	0.0000000000e+00	0.0000000000e+00	0.0000000000e+00	0.0000000000e+00	0.0000000000e+00	0.0000000000e+00	0.0000000000e+00
1.0525917020e+05	3.6843525080e-14	0.0000000000e+00	0.0000000000e+00	0.0000000000e+00	0.0000000000e+00	0.0000000000e+00	0.0000000000e+00	0.0000000000e+00	0.0000000000e+00	0.0000000000e+00	0.0000000000e+00	0.0000000000e+00	0.0000000000e+00	0.0000000000e+00	0.0000000000e+00	0.0000000000e+00
1.0525954167e+05	3.6798919256e-14	0.0000000000e+00	0.0000000000e+00	0.0000000000e+00	0.0000000000e+00	0.0000000000e+00	0.0000000000e+00	0.0000000000e+00	0.0000000000e+00	0.0000000000e+00	0.0000000000e+00	0.0000000000e+00	0.0000000000e+00	0.0000000000e+00	0.0000000000e+00	0.0000000000e+00
1.0525991745e+05	3.6757321263e-14	0.0000000000e+00	0.0000000000e+00	0.0000000000e+00	0.0000000000e+00	0.0000000000e+00	0.0000000000e+00	0.0000000000e+00	0.0000000000e+00	0.0000000000e+00	0.0000000000e+00	0.0000000000e+00	0.0000000000e+00	0.0000000000e+00	0.0000000000e+00	0.0000000000e+00
1.0526029757e+05	3.6718329406e-14	0.0000000000e+00	0.0000000000e+00	0.0000000000e+00	0.0000000000e+00	0.0000000000e+00	0.0000000000e+00	0.0000000000e+00	0.0000000000e+00	0.0000000000e+00	0.0000000000e+00	0.0000000000e+00	0.0000000000e+00	0.0000000000e+00	0.0000000000e+00	0.0000000000e+00
1.0526068210e+05	3.6877991375e-14	0.0000000000e+00	0.0000000000e+00	0.0000000000e+00	0.0000000000e+00	0.0000000000e+00	0.0000000000e+00	0.0000000000e+00	0.0000000000e+00	0.0000000000e+00	0.0000000000e+00	0.0000000000e+00	0.0000000000e+00	0.0000000000e+00	0.0000000000e+00	0.0000000000e+00
1.0526107107e+05	3.6818152301e-14	0.0000000000e+00	0.0000000000e+00	0.0000000000e+00	0.0000000000e+00	0.0000000000e+00	0.0000000000e+00	0.0000000000e+00	0.0000000000e+00	0.0000000000e+00	0.0000000000e+00	0.0000000000e+00	0.0000000000e+00	0.0000000000e+00	0.0000000000e+00	0.0000000000e+00
1.0526146456e+05	3.6761708645e-14	0.0000000000e+00	0.0000000000e+00	0.0000000000e+00	0.0000000000e+00	0.0000000000e+00	0.0000000000e+00	0.0000000000e+00	0.0000000000e+00	0.0000000000e+00	0.0000000000e+00	0.0000000000e+00	0.0000000000e+00	0.0000000000e+00	0.0000000000e+00	0.0000000000e+00
1.0526186259e+05	3.6708333715e-14	0.0000000000e+00	0.0000000000e+00	0.0000000000e+00	0.0000000000e+00	0.0000000000e+00	0.0000000000e+00	0.0000000000e+00	0.0000000000e+00	0.0000000000e+00	0.0000000000e+00	0.0000000000e+00	0.0000000000e+00	0.0000000000e+00	0.0000000000e+00	0.0000000000e+00
1.0526226524e+05	3.6657672782e-14	0.0000000000e+00	0.0000000000e+00	0.0000000000e+00	0.0000000000e+00	0.0000000000e+00	0.0000000000e+00	0.0000000000e+00	0.0000000000e+00	0.0000000000e+00	0.0000000000e+00	0.0000000000e+00	0.0000000000e+00	0.0000000000e+00	0.0000000000e+00	0.0000000000e+00
1.0526267255e+05	3.6609358420e-14	0.0000000000e+00	0.0000000000e+00	0.0000000000e+00	0.0000000000e+00	0.0000000000e+00	0.0000000000e+00	0.0000000000e+00	0.0000000000e+00	0.0000000000e+00	0.0000000000e+00	0.0000000000e+00	0.0000000000e+00	0.0000000000e+00	0.0000000000e+00	0.0000000000e+00
1.0526308458e+05	3.6563021513e-14	0.0000000000e+00	0.0000000000e+00	0.0000000000e+00	0.0000000000e+00	0.0000000000e+00	0.0000000000e+00	0.0000000000e+00	0.0000000000e+00	0.0000000000e+00	0.0000000000e+00	0.0000000000e+00	0.0000000000e+00	0.0000000000e+00	0.0000000000e+00	0.0000000000e+00
1.0526350138e+05	3.6518314177e-14	0.0000000000e+00	0.0000000000e+00	0.0000000000e+00	0.0000000000e+00	0.0000000000e+00	0.0000000000e+00	0.0000000000e+00	0.0000000000e+00	0.0000000000e+00	0.0000000000e+00	0.0000000000e+00	0.0000000000e+00	0.0000000000e+00	0.0000000000e+00	0.0000000000e+00
1.0526392300e+05	3.6474913702e-14	0.0000000000e+00	0.0000000000e+00	0.0000000000e+00	0.0000000000e+00	0.0000000000e+00	0.0000000000e+00	0.0000000000e+00	0.0000000000e+00	0.0000000000e+00	0.0000000000e+00	0.0000000000e+00	0.0000000000e+00	0.0000000000e+00	0.0000000000e+00	0.0000000000e+00
1.0526434951e+05	3.6432534632e-14	0.0000000000e+00	0.0000000000e+00	0.0000000000e+00	0.0000000000e+00	0.0000000000e+00	0.0000000000e+00	0.0000000000e+00	0.0000000000e+00	0.0000000000e+00	0.0000000000e+00	0.0000000000e+00	0.0000000000e+00	0.0000000000e+00	0.0000000000e+00	0.0000000000e+00
1.0526478095e+05	3.6390935836e-14	0.0000000000e+00	0.0000000000e+00	0.0000000000e+00	0.0000000000e+00	0.0000000000e+00	0.0000000000e+00	0.0000000000e+00	0.0000000000e+00	0.0000000000e+00	0.0000000000e+00	0.0000000000e+00	0.0000000000e+00	0.0000000000e+00	0.0000000000e+00	0.0000000000e+00
1.0526521739e+05	3.6474140765e-14	0.0000000000e+00	0.0000000000e+00	0.0000000000e+00	0.0000000000e+00	0.0000000000e+00	0.0000000000e+00	0.0000000000e+00	0.0000000000e+00	0.0000000000e+00	0.0000000000e+00	0.0000000000e+00	0.0000000000e+00	0.0000000000e+00	0.0000000000e+00	0.0000000000e+00
1.0526565889e+05	3.6417364462e-14	0.0000000000e+00	0.0000000000e+00	0.0000000000e+00	0.0000000000e+00	0.0000000000e+00	0.0000000000e+00	0.0000000000e+00	0.0000000000e+00	0.0000000000e+00	0.0000000000e+00	0.0000000000e+00	0.0000000000e+00	0.0000000000e+00	0.0000000000e+00	0.0000000000e+00
1.0526610549e+05	3.6362201706e-14	0.0000000000e+00	0.0000000000e+00	0.0000000000e+00	0.0000000000e+00	0.0000000000e+00	0.0000000000e+00	0.0000000000e+00	0.0000000000e+00	0.0000000000e+00	0.0000000000e+00	0.0000000000e+00	0.0000000000e+00	0.0000000000e+00	0.0000000000e+00	0.0000000000e+00
1.0526655727e+05	3.6308400301e-14	0.0000000000e+00	0.0000000000e+00	0.0000000000e+00	0.0000000000e+00	0.0000000000e+00	0.0000000000e+00	0.0000000000e+00	0.0000000000e+00	0.0000000000e+00	0.0000000000e+00	0.0000000000e+00	0.0000000000e+00	0.0000000000e+00	0.0000000000e+00	0.0000000000e+00
1.0526701428e+05	3.6255750130e-14	0.0000000000e+00	0.0000000000e+00	0.0000000000e+00	0.0000000000e+00	0.0000000000e+00	0.0000000000e+00	0.0000000000e+00	0.0000000000e+00	0.0000000000e+00	0.0000000000e+00	0.0000000000e+00	0.0000000000e+00	0.0000000000e+00	0.0000000000e+00	0.0000000000e+00
1.0526747658e+05	3.6204090578e-14	0.0000000000e+00	0.0000000000e+00	0.0000000000e+00	0.0000000000e+00	0.0000000000e+00	0.0000000000e+00	0.0000000000e+00	0.0000000000e+00	0.0000000000e+00	0.0000000000e+00	0.0000000000e+00	0.0000000000e+00	0.0000000000e+00	0.0000000000e+00	0.0000000000e+00
1.0526794424e+05	3.6304915665e-14	0.0000000000e+00	0.0000000000e+00	0.0000000000e+00	0.0000000000e+00	0.0000000000e+00	0.0000000000e+00	0.0000000000e+00	0.0000000000e+00	0.0000000000e+00	0.0000000000e+00	0.0000000000e+00	0.0000000000e+00	0.0000000000e+00	0.0000000000e+00	0.0000000000e+00
1.0526841731e+05	3.6239208567e-14	0.0000000000e+00	0.0000000000e+00	0.0000000000e+00	0.0000000000e+00	0.0000000000e+00	0.0000000000e+00	0.0000000000e+00	0.0000000000e+00	0.0000000000e+00	0.0000000000e+00	0.0000000000e+00	0.0000000000e+00	0.0000000000e+00	0.0000000000e+00	0.0000000000e+00
1.0526889585e+05	3.6175408231e-14	0.0000000000e+00	0.0000000000e+00	0.0000000000e+00	0.0000000000e+00	0.0000000000e+00	0.0000000000e+00	0.0000000000e+00	0.0000000000e+00	0.0000000000e+00	0.0000000000e+00	0.0000000000e+00	0.0000000000e+00	0.0000000000e+00	0.0000000000e+00	0.0000000000e+00
1.0526937994e+05	3.6113337508e-14	0.0000000000e+00	0.0000000000e+00	0.0000000000e+00	0.0000000000e+00	0.0000000000e+00	0.0000000000e+00	0.0000000000e+00	0.0000000000e+00	0.0000000000e+00	0.0000000000e+00	0.0000000000e+00	0.0000000000e+00	0.0000000000e+00	0.0000000000e+00	0.0000000000e+00
1.0526986964e+05	3.6052845772e-14	0.0000000000e+00	0.0000000000e+00	0.0000000000e+00	0.0000000000e+00	0.0000000000e+00	0.0000000000e+00	0.0000000000e+00	0.0000000000e+00	0.0000000000e+00	0.0000000000e+00	0.0000000000e+00	0.0000000000e+00	0.0000000000e+00	0.0000000000e+00	0.0000000000e+00
1.0527036500e+05	3.6182950592e-14	0.0000000000e+00	0.0000000000e+00	0.0000000000e+00	0.0000000000e+00	0.0000000000e+00	0.0000000000e+00	0.0000000000e+00	0.0000000000e+00	0.0000000000e+00	0.0000000000e+00	0.0000000000e+00	0.0000000000e+00	0.0000000000e+00	0.0000000000e+00	0.0000000000e+00
1.0527086610e+05	3.6109685389e-14	0.0000000000e+00	0.0000000000e+00	0.0000000000e+00	0.0000000000e+00	0.0000000000e+00	0.0000000000e+00	0.0000000000e+00	0.0000000000e+00	0.0000000000e+00	0.0000000000e+00	0.0000000000e+00	0.0000000000e+00	0.0000000000e+00	0.0000000000e+00	0.0000000000e+00
1.0527137301e+05	3.6039016023e-14	0.0000000000e+00	0.0000000000e+00	0.0000000000e+00	0.0000000000e+00	0.0000000000e+00	0.0000000000e+00	0.0000000000e+00	0.0000000000e+00	0.0000000000e+00	0.0000000000e+00	0.0000000000e+00	0.0000000000e+00	0.0000000000e+00	0.0000000000e+00	0.0000000000e+00
1.0527188578e+05	3.5970757359e-14	0.0000000000e+00	0.0000000000e+00	0.0000000000e+00	0.0000000000e+00	0.0000000000e+00	0.0000000000e+00	0.0000000000e+00	0.0000000000e+00	0.0000000000e+00	0.0000000000e+00	0.0000000000e+00	0.0000000000e+00	0.0000000000e+00	0.0000000000e+00	0.0000000000e+00
1.0527240449e+05	3.5904756102e-14	0.0000000000e+00	0.0000000000e+00	0.0000000000e+00	0.0000000000e+00	0.0000000000e+00	0.0000000000e+00	0.0000000000e+00	0.0000000000e+00	0.0000000000e+00	0.0000000000e+00	0.0000000000e+00	0.0000000000e+00	0.0000000000e+00	0.0000000000e+00	0.0000000000e+00
1.0527292921e+05	3.6060387086e-14	0.0000000000e+00	0.0000000000e+00	0.0000000000e+00	0.0000000000e+00	0.0000000000e+00	0.0000000000e+00	0.0000000000e+00	0.0000000000e+00	0.0000000000e+00	0.0000000000e+00	0.0000000000e+00	0.0000000000e+00	0.0000000000e+00	0.0000000000e+00	0.0000000000e+00
1.0527346000e+05	3.5983465235e-14	0.0000000000e+00	0.0000000000e+00	0.0000000000e+00	0.0000000000e+00	0.0000000000e+00	0.0000000000e+00	0.0000000000e+00	0.0000000000e+00	0.0000000000e+00	0.0000000000e+00	0.0000000000e+00	0.0000000000e+00	0.0000000000e+00	0.0000000000e+00	0.0000000000e+00
1.0527399694e+05	3.5909775965e-14	0.0000000000e+00	0.0000000000e+00	0.0000000000e+00	0.0000000000e+00	0.0000000000e+00	0.0000000000e+00	0.0000000000e+00	0.0000000000e+00	0.0000000000e+00	0.0000000000e+00	0.0000000000e+00	0.0000000000e+00	0.0000000000e+00	0.0000000000e+00	0.0000000000e+00
1.0527454010e+05	3.5839082722e-14	0.0000000000e+00	0.0000000000e+00	0.0000000000e+00	0.0000000000e+00	0.0000000000e+00	0.0000000000e+00	0.0000000000e+00	0.0000000000e+00	0.0000000000e+00	0.0000000000e+00	0.0000000000e+00	0.0000000000e+00	0.0000000000e+00	0.0000000000e+00	0.0000000000e+00
1.0527508954e+05	3.5771159928e-14	0.0000000000e+00	0.0000000000e+00	0.0000000000e+00	0.0000000000e+00	0.0000000000e+00	0.0000000000e+00	0.0000000000e+00	0.0000000000e+00	0.0000000000e+00	0.0000000000e+00	0.0000000000e+00	0.0000000000e+00	0.0000000000e+00	0.0000000000e+00	0.0000000000e+00
1.0527564535e+05	3.5705813935e-14	0.0000000000e+00	0.0000000000e+00	0.0000000000e+00	0.0000000000e+00	0.0000000000e+00	0.0000000000e+00	0.0000000000e+00	0.0000000000e+00	0.0000000000e+00	0.0000000000e+00	0.0000000000e+00	0.0000000000e+00	0.0000000000e+00	0.0000000000e+00	0.0000000000e+00
1.0527620760e+05	3.5642895371e-14	0.0000000000e+00	0.0000000000e+00	0.0000000000e+00	0.0000000000e+00	0.0000000000e+00	0.0000000000e+00	0.0000000000e+00	0.0000000000e+00	0.0000000000e+00	0.0000000000e+00	0.0000000000e+00	0.0000000000e+00	0.0000000000e+00	0.0000000000e+00	0.0000000000e+00
1.0527677635e+05	3.5582309541e-14	0.0000000000e+00	0.0000000000e+00	0.0000000000e+00	0.0000000000e+00	0.0000000000e+00	0.0000000000e+00	0.0000000000e+00	0.0000000000e+00	0.0000000000e+00	0.0000000000e+00	0.0000000000e+00	0.0000000000e+00	0.0000000000e+00	0.0000000000e+00	0.0000000000e+00
1.0527735169e+05	3.5524033517e-14	0.0000000000e+00	0.0000000000e+00	0.0000000000e+00	0.0000000000e+00	0.0000000000e+00	0.0000000000e+00	0.0000000000e+00	0.0000000000e+00	0.0000000000e+00	0.0000000000e+00	0.0000000000e+00	0.0000000000e+00	0.0000000000e+00	0.0000000000e+00	0.0000000000e+00
1.0527793369e+05	3.5468086764e-14	0.0000000000e+00	0.0000000000e+00	0.0000000000e+00	0.0000000000e+00	0.0000000000e+00	0.0000000000e+00	0.0000000000e+00	0.0000000000e+00	0.0000000000e+00	0.0000000000e+00	0.0000000000e+00	0.0000000000e+00	0.0000000000e+00	0.0000000000e+00	0.0000000000e+00
1.0527852244e+05	3.5595150724e-14	0.0000000000e+00	0.0000000000e+00	0.0000000000e+00	0.0000000000e+00	0.0000000000e+00	0.0000000000e+00	0.0000000000e+00	0.0000000000e+00	0.0000000000e+00	0.0000000000e+00	0.0000000000e+00	0.0000000000e+00	0.0000000000e+00	0.0000000000e+00	0.0000000000e+00
1.0527911800e+05	3.5532427648e-14	0.0000000000e+00	0.0000000000e+00	0.0000000000e+00	0.0000000000e+00	0.0000000000e+00	0.0000000000e+00	0.0000000000e+00	0.0000000000e+00	0.0000000000e+00	0.0000000000e+00	0.0000000000e+00	0.0000000000e+00	0.0000000000e+00	0.0000000000e+00	0.0000000000e+00
1.0527972045e+05	3.5471753987e-14	0.0000000000e+00	0.0000000000e+00	0.0000000000e+00	0.0000000000e+00	0.0000000000e+00	0.0000000000e+00	0.0000000000e+00	0.0000000000e+00	0.0000000000e+00	0.0000000000e+00	0.0000000000e+00	0.0000000000e+00	0.0000000000e+00	0.0000000000e+00	0.0000000000e+00
1.0528032988e+05	3.5412994248e-14	0.0000000000e+00	0.0000000000e+00	0.0000000000e+00	0.0000000000e+00	0.0000000000e+00	0.0000000000e+00	0.0000000000e+00	0.0000000000e+00	0.0000000000e+00	0.0000000000e+00	0.0000000000e+00	0.0000000000e+00	0.0000000000e+00	0.0000000000e+00	0.0000000000e+00
1.0528094637e+05	3.5356097337e-14	0.0000000000e+00	0.0000000000e+00	0.0000000000e+00	0.0000000000e+00	0.0000000000e+00	0.0000000000e+00	0.0000000000e+00	0.0000000000e+00	0.0000000000e+00	0.0000000000e+00	0.0000000000e+00	0.0000000000e+00	0.0000000000e+00	0.0000000000e+00	0.0000000000e+00
1.0528157000e+05	3.5505312968e-14	0.0000000000e+00	0.0000000000e+00	0.0000000000e+00	0.0000000000e+00	0.0000000000e+00	0.0000000000e+00	0.0000000000e+00	0.0000000000e+00	0.0000000000e+00	0.0000000000e+00	0.0000000000e+00	0.0000000000e+00	0.0000000000e+00	0.0000000000e+00	0.0000000000e+00
1.0528220085e+05	3.5441644400e-14	0.0000000000e+00	0.0000000000e+00	0.0000000000e+00	0.0000000000e+00	0.0000000000e+00	0.0000000000e+00	0.0000000000e+00	0.0000000000e+00	0.0000000000e+00	0.0000000000e+00	0.0000000000e+00	0.0000000000e+00	0.0000000000e+00	0.0000000000e+00	0.0000000000e+00
1.0528283900e+05	3.5379238732e-14	0.0000000000e+00	0.0000000000e+00	0.0000000000e+00	0.0000000000e+00	0.0000000000e+00	0.0000000000e+00	0.0000000000e+00	0.0000000000e+00	0.0000000000e+00	0.0000000000e+00	0.0000000000e+00	0.0000000000e+00	0.0000000000e+00	0.0000000000e+00	0.0000000000e+00
1.0528348454e+05	3.5317889456e-14	0.0000000000e+00	0.0000000000e+00	0.0000000000e+00	0.0000000000e+00	0.0000000000e+00	0.0000000000e+00	0.0000000000e+00	0.0000000000e+00	0.0000000000e+00	0.0000000000e+00	0.0000000000e+00	0.0000000000e+00	0.0000000000e+00	0.0000000000e+00	0.0000000000e+00
1.0528413756e+05	3.5489785125e-14	0.0000000000e+00	0.0000000000e+00	0.0000000000e+00	0.0000000000e+00	0.0000000000e+00	0.0000000000e+00	0.0000000000e+00	0.0000000000e+00	0.0000000000e+00	0.0000000000e+00	0.0000000000e+00	0.0000000000e+00	0.0000000000e+00	0.0000000000e+00	0.0000000000e+00
1.0528479814e+05	3.5421537086e-14	0.0000000000e+00	0.0000000000e+00	0.0000000000e+00	0.0000000000e+00	0.0000000000e+00	0.0000000000e+00	0.0000000000e+00	0.0000000000e+00	0.0000000000e+00	0.0000000000e+00	0.0000000000e+00	0.0000000000e+00	0.0000000000e+00	0.0000000000e+00	0.0000000000e+00
1.0528546637e+05	3.5353822807e-14	0.0000000000e+00	0.0000000000e+00	0.0000000000e+00	0.0000000000e+00	0.0000000000e+00	0.0000000000e+00	0.0000000000e+00	0.0000000000e+00	0.0000000000e+00	0.0000000000e+00	0.0000000000e+00	0.0000000000e+00	0.0000000000e+00	0.0000000000e+00	0.0000000000e+00
1.0528614234e+05	3.5286317923e-14	0.0000000000e+00	0.0000000000e+00	0.0000000000e+00	0.0000000000e+00	0.0000000000e+00	0.0000000000e+00	0.0000000000e+00	0.0000000000e+00	0.0000000000e+00	0.0000000000e+00	0.0000000000e+00	0.0000000000e+00	0.0000000000e+00	0.0000000000e+00	0.0000000000e+00
1.0528682613e+05	3.5218865085e-14	0.0000000000e+00	0.0000000000e+00	0.0000000000e+00	0.0000000000e+00	0.0000000000e+00	0.0000000000e+00	0.0000000000e+00	0.0000000000e+00	0.0000000000e+00	0.0000000000e+00	0.0000000000e+00	0.0000000000e+00	0.0000000000e+00	0.0000000000e+00	0.0000000000e+00
1.0528751784e+05	3.5397914347e-14	0.0000000000e+00	0.0000000000e+00	0.0000000000e+00	0.0000000000e+00	0.0000000000e+00	0.0000000000e+00	0.0000000000e+00	0.0000000000e+00	0.0000000000e+00	0.0000000000e+00	0.0000000000e+00	0.0000000000e+00	0.0000000000e+00	0.0000000000e+00	0.0000000000e+00
1.0528821756e+05	3.5323144840e-14	0.0000000000e+00	0.0000000000e+00	0.0000000000e+00	0.0000000000e+00	0.0000000000e+00	0.0000000000e+00	0.0000000000e+00	0.0000000000e+00	0.0000000000e+00	0.0000000000e+00	0.0000000000e+00	0.0000000000e+00	0.0000000000e+00	0.0000000000e+00	0.0000000000e+00
1.0528892539e+05	3.5247997734e-14	0.0000000000e+00	0.0000000000e+00	0.0000000000e+00	0.0000000000e+00	0.0000000000e+00	0.0000000000e+00	0.0000000000e+00	0.0000000000e+00	0.0000000000e+00	0.0000000000e+00	0.0000000000e+00	0.0000000000e+00	0.0000000000e+00	0.0000000000e+00	0.0000000000e+00
1.0528964141e+05	3.5172293544e-14	0.0000000000e+00	0.0000000000e+00	0.0000000000e+00	0.0000000000e+00	0.0000000000e+00	0.0000000000e+00	0.0000000000e+00	0.0000000000e+00	0.0000000000e+00	0.0000000000e+00	0.0000000000e+00	0.0000000000e+00	0.0000000000e+00	0.0000000000e+00	0.0000000000e+00
1.0529036572e+05	3.5096027500e-14	0.0000000000e+00	0.0000000000e+00	0.0000000000e+00	0.0000000000e+00	0.0000000000e+00	0.0000000000e+00	0.0000000000e+00	0.0000000000e+00	0.0000000000e+00	0.0000000000e+00	0.0000000000e+00	0.0000000000e+00	0.0000000000e+00	0.0000000000e+00	0.0000000000e+00
1.0529109842e+05	3.5019366704e-14	0.0000000000e+00	0.0000000000e+00	0.0000000000e+00	0.0000000000e+00	0.0000000000e+00	0.0000000000e+00	0.0000000000e+00	0.0000000000e+00	0.0000000000e+00	0.0000000000e+00	0.0000000000e+00	0.0000000000e+00	0.0000000000e+00	0.0000000000e+00	0.0000000000e+00
1.0529183960e+05	3.4942660713e-14	0.0000000000e+00	0.0000000000e+00	0.0000000000e+00	0.0000000000e+00	0.0000000000e+00	0.0000000000e+00	0.0000000000e+00	0.0000000000e+00	0.0000000000e+00	0.0000000000e+00	0.0000000000e+00	0.0000000000e+00	0.0000000000e+00	0.0000000000e+00	0.0000000000e+00
1.0529258937e+05	3.4866394725e-14	0.0000000000e+00	0.0000000000e+00	0.0000000000e+00	0.0000000000e+00	0.0000000000e+00	0.0000000000e+00	0.0000000000e+00	0.0000000000e+00	0.0000000000e+00	0.0000000000e+00	0.0000000000e+00	0.0000000000e+00	0.0000000000e+00	0.0000000000e+00	0.0000000000e+00
1.0529334781e+05	3.5025857156e-14	0.0000000000e+00	0.0000000000e+00	0.0000000000e+00	0.0000000000e+00	0.0000000000e+00	0.0000000000e+00	0.0000000000e+00	0.0000000000e+00	0.0000000000e+00	0.0000000000e+00	0.0000000000e+00	0.0000000000e+00	0.0000000000e+00	0.0000000000e+00	0.0000000000e+00
1.0529411504e+05	3.4941053631e-14	0.0000000000e+00	0.0000000000e+00	0.0000000000e+00	0.0000000000e+00	0.0000000000e+00	0.0000000000e+00	0.0000000000e+00	0.0000000000e+00	0.0000000000e+00	0.0000000000e+00	0.0000000000e+00	0.0000000000e+00	0.0000000000e+00	0.0000000000e+00	0.0000000000e+00
1.0529489116e+05	3.4856252593e-14	0.0000000000e+00	0.0000000000e+00	0.0000000000e+00	0.0000000000e+00	0.0000000000e+00	0.0000000000e+00	0.0000000000e+00	0.0000000000e+00	0.0000000000e+00	0.0000000000e+00	0.0000000000e+00	0.0000000000e+00	0.0000000000e+00	0.0000000000e+00	0.0000000000e+00
1.0529567626e+05	3.4772036304e-14	0.0000000000e+00	0.0000000000e+00	0.0000000000e+00	0.0000000000e+00	0.0000000000e+00	0.0000000000e+00	0.0000000000e+00	0.0000000000e+00	0.0000000000e+00	0.0000000000e+00	0.0000000000e+00	0.0000000000e+00	0.0000000000e+00	0.0000000000e+00	0.0000000000e+00
1.0529647045e+05	3.4943408078e-14	0.0000000000e+00	0.0000000000e+00	0.0000000000e+00	0.0000000000e+00	0.0000000000e+00	0.0000000000e+00	0.0000000000e+00	0.0000000000e+00	0.0000000000e+00	0.0000000000e+00	0.0000000000e+00	0.0000000000e+00	0.0000000000e+00	0.0000000000e+00	0.0000000000e+00
1.0529727384e+05	3.4853440316e-14	0.0000000000e+00	0.0000000000e+00	0.0000000000e+00	0.0000000000e+00	0.0000000000e+00	0.0000000000e+00	0.0000000000e+00	0.0000000000e+00	0.0000000000e+00	0.0000000000e+00	0.0000000000e+00	0.0000000000e+00	0.0000000000e+00	0.0000000000e+00	0.0000000000e+00
1.0529808653e+05	3.4763889171e-14	0.0000000000e+00	0.0000000000e+00	0.0000000000e+00	0.0000000000e+00	0.0000000000e+00	0.0000000000e+00	0.0000000000e+00	0.0000000000e+00	0.0000000000e+00	0.0000000000e+00	0.0000000000e+00	0.0000000000e+00	0.0000000000e+00	0.0000000000e+00	0.0000000000e+00
1.0529890863e+05	3.4675338473e-14	0.0000000000e+00	0.0000000000e+00	0.0000000000e+00	0.0000000000e+00	0.0000000000e+00	0.0000000000e+00	0.0000000000e+00	0.0000000000e+00	0.0000000000e+00	0.0000000000e+00	0.0000000000e+00	0.0000000000e+00	0.0000000000e+00	0.0000000000e+00	0.0000000000e+00
1.0529974025e+05	3.4857703805e-14	0.0000000000e+00	0.0000000000e+00	0.0000000000e+00	0.0000000000e+00	0.0000000000e+00	0.0000000000e+00	0.0000000000e+00	0.0000000000e+00	0.0000000000e+00	0.0000000000e+00	0.0000000000e+00	0.0000000000e+00	0.0000000000e+00	0.0000000000e+00	0.0000000000e+00
1.0530058150e+05	3.4766228132e-14	0.0000000000e+00	0.0000000000e+00	0.0000000000e+00	0.0000000000e+00	0.0000000000e+00	0.0000000000e+00	0.0000000000e+00	0.0000000000e+00	0.0000000000e+00	0.0000000000e+00	0.0000000000e+00	0.0000000000e+00	0.0000000000e+00	0.0000000000e+00	0.0000000000e+00
1.0530143249e+05	3.4675583970e-14	0.0000000000e+00	0.0000000000e+00	0.0000000000e+00	0.0000000000e+00	0.0000000000e+00	0.0000000000e+00	0.0000000000e+00	0.0000000000e+00	0.0000000000e+00	0.0000000000e+00	0.0000000000e+00	0.0000000000e+00	0.0000000000e+00	0.0000000000e+00	0.0000000000e+00
1.0530229333e+05	3.4586249430e-14	0.0000000000e+00	0.0000000000e+00	0.0000000000e+00	0.0000000000e+00	0.0000000000e+00	0.0000000000e+00	0.0000000000e+00	0.0000000000e+00	0.0000000000e+00	0.0000000000e+00	0.0000000000e+00	0.0000000000e+00	0.0000000000e+00	0.0000000000e+00	0.0000000000e+00
1.0530316415e+05	3.4779163284e-14	0.0000000000e+00	0.0000000000e+00	0.0000000000e+00	0.0000000000e+00	0.0000000000e+00	0.0000000000e+00	0.0000000000e+00	0.0000000000e+00	0.0000000000e+00	0.0000000000e+00	0.0000000000e+00	0.0000000000e+00	0.0000000000e+00	0.0000000000e+00	0.0000000000e+00
1.0530404504e+05	3.4688939918e-14	0.0000000000e+00	0.0000000000e+00	0.0000000000e+00	0.0000000000e+00	0.0000000000e+00	0.0000000000e+00	0.0000000000e+00	0.0000000000e+00	0.0000000000e+00	0.0000000000e+00	0.0000000000e+00	0.0000000000e+00	0.0000000000e+00	0.0000000000e+00	0.0000000000e+00
1.0530493614e+05	3.4599547562e-14	0.0000000000e+00	0.0000000000e+00	0.0000000000e+00	0.0000000000e+00	0.0000000000e+00	0.0000000000e+00	0.0000000000e+00	0.0000000000e+00	0.0000000000e+00	0.0000000000e+00	0.0000000000e+00	0.0000000000e+00	0.0000000000e+00	0.0000000000e+00	0.0000000000e+00
1.0530583756e+05	3.4511125541e-14	0.0000000000e+00	0.0000000000e+00	0.0000000000e+00	0.0000000000e+00	0.0000000000e+00	0.0000000000e+00	0.0000000000e+00	0.0000000000e+00	0.0000000000e+00	0.0000000000e+00	0.0000000000e+00	0.0000000000e+00	0.0000000000e+00	0.0000000000e+00	0.0000000000e+00
1.0530674941e+05	3.4424601695e-14	0.0000000000e+00	0.0000000000e+00	0.0000000000e+00	0.0000000000e+00	0.0000000000e+00	0.0000000000e+00	0.0000000000e+00	0.0000000000e+00	0.0000000000e+00	0.0000000000e+00	0.0000000000e+00	0.0000000000e+00	0.0000000000e+00	0.0000000000e+00	0.0000000000e+00
1.0530767182e+05	3.4340046498e-14	0.0000000000e+00	0.0000000000e+00	0.0000000000e+00	0.0000000000e+00	0.0000000000e+00	0.0000000000e+00	0.0000000000e+00	0.0000000000e+00	0.0000000000e+00	0.0000000000e+00	0.0000000000e+00	0.0000000000e+00	0.0000000000e+00	0.0000000000e+00	0.0000000000e+00
1.0530860492e+05	3.4258203039e-14	0.0000000000e+00	0.0000000000e+00	0.0000000000e+00	0.0000000000e+00	0.0000000000e+00	0.0000000000e+00	0.0000000000e+00	0.0000000000e+00	0.0000000000e+00	0.0000000000e+00	0.0000000000e+00	0.0000000000e+00	0.0000000000e+00	0.0000000000e+00	0.0000000000e+00
1.0530954882e+05	3.4179621420e-14	0.0000000000e+00	0.0000000000e+00	0.0000000000e+00	0.0000000000e+00	0.0000000000e+00	0.0000000000e+00	0.0000000000e+00	0.0000000000e+00	0.0000000000e+00	0.0000000000e+00	0.0000000000e+00	0.0000000000e+00	0.0000000000e+00	0.0000000000e+00	0.0000000000e+00
1.0531050364e+05	3.4360532520e-14	0.0000000000e+00	0.0000000000e+00	0.0000000000e+00	0.0000000000e+00	0.0000000000e+00	0.0000000000e+00	0.0000000000e+00	0.0000000000e+00	0.0000000000e+00	0.0000000000e+00	0.0000000000e+00	0.0000000000e+00	0.0000000000e+00	0.0000000000e+00	0.0000000000e+00
1.0531146953e+05	3.4274095999e-14	0.0000000000e+00	0.0000000000e+00	0.0000000000e+00	0.0000000000e+00	0.0000000000e+00	0.0000000000e+00	0.0000000000e+00	0.0000000000e+00	0.0000000000e+00	0.0000000000e+00	0.0000000000e+00	0.0000000000e+00	0.0000000000e+00	0.0000000000e+00	0.0000000000e+00
1.0531244660e+05	3.4189265178e-14	0.0000000000e+00	0.0000000000e+00	0.0000000000e+00	0.0000000000e+00	0.0000000000e+00	0.0000000000e+00	0.0000000000e+00	0.0000000000e+00	0.0000000000e+00	0.0000000000e+00	0.0000000000e+00	0.0000000000e+00	0.0000000000e+00	0.0000000000e+00	0.0000000000e+00
1.0531343498e+05	3.4106591093e-14	0.0000000000e+00	0.0000000000e+00	0.0000000000e+00	0.0000000000e+00	0.0000000000e+00	0.0000000000e+00	0.0000000000e+00	0.0000000000e+00	0.0000000000e+00	0.0000000000e+00	0.0000000000e+00	0.0000000000e+00	0.0000000000e+00	0.0000000000e+00	0.0000000000e+00
1.0531443481e+05	3.4292407983e-14	0.0000000000e+00	0.0000000000e+00	0.0000000000e+00	0.0000000000e+00	0.0000000000e+00	0.0000000000e+00	0.0000000000e+00	0.0000000000e+00	0.0000000000e+00	0.0000000000e+00	0.0000000000e+00	0.0000000000e+00	0.0000000000e+00	0.0000000000e+00	0.0000000000e+00
1.0531544621e+05	3.4200587706e-14	0.0000000000e+00	0.0000000000e+00	0.0000000000e+00	0.0000000000e+00	0.0000000000e+00	0.0000000000e+00	0.0000000000e+00	0.0000000000e+00	0.0000000000e+00	0.0000000000e+00	0.0000000000e+00	0.0000000000e+00	0.0000000000e+00	0.0000000000e+00	0.0000000000e+00
1.0531646933e+05	3.4109410153e-14	0.0000000000e+00	0.0000000000e+00	0.0000000000e+00	0.0000000000e+00	0.0000000000e+00	0.0000000000e+00	0.0000000000e+00	0.0000000000e+00	0.0000000000e+00	0.0000000000e+00	0.0000000000e+00	0.0000000000e+00	0.0000000000e+00	0.0000000000e+00	0.0000000000e+00
1.0531750429e+05	3.4303770811e-14	0.0000000000e+00	0.0000000000e+00	0.0000000000e+00	0.0000000000e+00	0.0000000000e+00	0.0000000000e+00	0.0000000000e+00	0.0000000000e+00	0.0000000000e+00	0.0000000000e+00	0.0000000000e+00	0.0000000000e+00	0.0000000000e+00	0.0000000000e+00	0.0000000000e+00
1.0531855124e+05	3.4204822582e-14	0.0000000000e+00	0.0000000000e+00	0.0000000000e+00	0.0000000000e+00	0.0000000000e+00	0.0000000000e+00	0.0000000000e+00	0.0000000000e+00	0.0000000000e+00	0.0000000000e+00	0.0000000000e+00	0.0000000000e+00	0.0000000000e+00	0.0000000000e+00	0.0000000000e+00
1.0531961031e+05	3.4105414002e-14	0.0000000000e+00	0.0000000000e+00	0.0000000000e+00	0.0000000000e+00	0.0000000000e+00	0.0000000000e+00	0.0000000000e+00	0.0000000000e+00	0.0000000000e+00	0.0000000000e+00	0.0000000000e+00	0.0000000000e+00	0.0000000000e+00	0.0000000000e+00	0.0000000000e+00
1.0532068165e+05	3.4006504245e-14	0.0000000000e+00	0.0000000000e+00	0.0000000000e+00	0.0000000000e+00	0.0000000000e+00	0.0000000000e+00	0.0000000000e+00	0.0000000000e+00	0.0000000000e+00	0.0000000000e+00	0.0000000000e+00	0.0000000000e+00	0.0000000000e+00	0.0000000000e+00	0.0000000000e+00
1.0532176539e+05	3.4197592080e-14	0.0000000000e+00	0.0000000000e+00	0.0000000000e+00	0.0000000000e+00	0.0000000000e+00	0.0000000000e+00	0.0000000000e+00	0.0000000000e+00	0.0000000000e+00	0.0000000000e+00	0.0000000000e+00	0.0000000000e+00	0.0000000000e+00	0.0000000000e+00	0.0000000000e+00
1.0532286168e+05	3.4091645044e-14	0.0000000000e+00	0.0000000000e+00	0.0000000000e+00	0.0000000000e+00	0.0000000000e+00	0.0000000000e+00	0.0000000000e+00	0.0000000000e+00	0.0000000000e+00	0.0000000000e+00	0.0000000000e+00	0.0000000000e+00	0.0000000000e+00	0.0000000000e+00	0.0000000000e+00
1.0532397066e+05	3.3985856073e-14	0.0000000000e+00	0.0000000000e+00	0.0000000000e+00	0.0000000000e+00	0.0000000000e+00	0.0000000000e+00	0.0000000000e+00	0.0000000000e+00	0.0000000000e+00	0.0000000000e+00	0.0000000000e+00	0.0000000000e+00	0.0000000000e+00	0.0000000000e+00	0.0000000000e+00
1.0532509249e+05	3.3881447463e-14	0.0000000000e+00	0.0000000000e+00	0.0000000000e+00	0.0000000000e+00	0.0000000000e+00	0.0000000000e+00	0.0000000000e+00	0.0000000000e+00	0.0000000000e+00	0.0000000000e+00	0.0000000000e+00	0.0000000000e+00	0.0000000000e+00	0.0000000000e+00	0.0000000000e+00
1.0532622730e+05	3.3779629392e-14	0.0000000000e+00	0.0000000000e+00	0.0000000000e+00	0.0000000000e+00	0.0000000000e+00	0.0000000000e+00	0.0000000000e+00	0.0000000000e+00	0.0000000000e+00	0.0000000000e+00	0.0000000000e+00	0.0000000000e+00	0.0000000000e+00	0.0000000000e+00	0.0000000000e+00
1.0532737526e+05	3.3681482231e-14	0.0000000000e+00	0.0000000000e+00	0.0000000000e+00	0.0000000000e+00	0.0000000000e+00	0.0000000000e+00	0.0000000000e+00	0.0000000000e+00	0.0000000000e+00	0.0000000000e+00	0.0000000000e+00	0.0000000000e+00	0.0000000000e+00	0.0000000000e+00	0.0000000000e+00
1.0532853651e+05	3.3587856964e-14	0.0000000000e+00	0.0000000000e+00	0.0000000000e+00	0.0000000000e+00	0.0000000000e+00	0.0000000000e+00	0.0000000000e+00	0.0000000000e+00	0.0000000000e+00	0.0000000000e+00	0.0000000000e+00	0.0000000000e+00	0.0000000000e+00	0.0000000000e+00	0.0000000000e+00
1.0532971120e+05	3.3748320381e-14	0.0000000000e+00	0.0000000000e+00	0.0000000000e+00	0.0000000000e+00	0.0000000000e+00	0.0000000000e+00	0.0000000000e+00	0.0000000000e+00	0.0000000000e+00	0.0000000000e+00	0.0000000000e+00	0.0000000000e+00	0.0000000000e+00	0.0000000000e+00	0.0000000000e+00
1.0533089950e+05	3.3647192877e-14	0.0000000000e+00	0.0000000000e+00	0.0000000000e+00	0.0000000000e+00	0.0000000000e+00	0.0000000000e+00	0.0000000000e+00	0.0000000000e+00	0.0000000000e+00	0.0000000000e+00	0.0000000000e+00	0.0000000000e+00	0.0000000000e+00	0.0000000000e+00	0.0000000000e+00
1.0533210156e+05	3.3550898911e-14	0.0000000000e+00	0.0000000000e+00	0.0000000000e+00	0.0000000000e+00	0.0000000000e+00	0.0000000000e+00	0.0000000000e+00	0.0000000000e+00	0.0000000000e+00	0.0000000000e+00	0.0000000000e+00	0.0000000000e+00	0.0000000000e+00	0.0000000000e+00	0.0000000000e+00
1.0533331753e+05	3.3725298704e-14	0.0000000000e+00	0.0000000000e+00	0.0000000000e+00	0.0000000000e+00	0.0000000000e+00	0.0000000000e+00	0.0000000000e+00	0.0000000000e+00	0.0000000000e+00	0.0000000000e+00	0.0000000000e+00	0.0000000000e+00	0.0000000000e+00	0.0000000000e+00	0.0000000000e+00
1.0533454759e+05	3.3623578028e-14	0.0000000000e+00	0.0000000000e+00	0.0000000000e+00	0.0000000000e+00	0.0000000000e+00	0.0000000000e+00	0.0000000000e+00	0.0000000000e+00	0.0000000000e+00	0.0000000000e+00	0.0000000000e+00	0.0000000000e+00	0.0000000000e+00	0.0000000000e+00	0.0000000000e+00
1.0533579189e+05	3.3526307457e-14	0.0000000000e+00	0.0000000000e+00	0.0000000000e+00	0.0000000000e+00	0.0000000000e+00	0.0000000000e+00	0.0000000000e+00	0.0000000000e+00	0.0000000000e+00	0.0000000000e+00	0.0000000000e+00	0.0000000000e+00	0.0000000000e+00	0.0000000000e+00	0.0000000000e+00
1.0533705060e+05	3.3711642252e-14	0.0000000000e+00	0.0000000000e+00	0.0000000000e+00	0.0000000000e+00	0.0000000000e+00	0.0000000000e+00	0.0000000000e+00	0.0000000000e+00	0.0000000000e+00	0.0000000000e+00	0.0000000000e+00	0.0000000000e+00	0.0000000000e+00	0.0000000000e+00	0.0000000000e+00
1.0533832388e+05	3.3609645424e-14	0.0000000000e+00	0.0000000000e+00	0.0000000000e+00	0.0000000000e+00	0.0000000000e+00	0.0000000000e+00	0.0000000000e+00	0.0000000000e+00	0.0000000000e+00	0.0000000000e+00	0.0000000000e+00	0.0000000000e+00	0.0000000000e+00	0.0000000000e+00	0.0000000000e+00
1.0533961191e+05	3.3510944731e-14	0.0000000000e+00	0.0000000000e+00	0.0000000000e+00	0.0000000000e+00	0.0000000000e+00	0.0000000000e+00	0.0000000000e+00	0.0000000000e+00	0.0000000000e+00	0.0000000000e+00	0.0000000000e+00	0.0000000000e+00	0.0000000000e+00	0.0000000000e+00	0.0000000000e+00
1.0534091485e+05	3.3416038897e-14	0.0000000000e+00	0.0000000000e+00	0.0000000000e+00	0.0000000000e+00	0.0000000000e+00	0.0000000000e+00	0.0000000000e+00	0.0000000000e+00	0.0000000000e+00	0.0000000000e+00	0.0000000000e+00	0.0000000000e+00	0.0000000000e+00	0.0000000000e+00	0.0000000000e+00
1.0534223288e+05	3.3598687990e-14	0.0000000000e+00	0.0000000000e+00	0.0000000000e+00	0.0000000000e+00	0.0000000000e+00	0.0000000000e+00	0.0000000000e+00	0.0000000000e+00	0.0000000000e+00	0.0000000000e+00	0.0000000000e+00	0.0000000000e+00	0.0000000000e+00	0.0000000000e+00	0.0000000000e+00
1.0534356617e+05	3.3496494397e-14	0.0000000000e+00	0.0000000000e+00	0.0000000000e+00	0.0000000000e+00	0.0000000000e+00	0.0000000000e+00	0.0000000000e+00	0.0000000000e+00	0.0000000000e+00	0.0000000000e+00	0.0000000000e+00	0.0000000000e+00	0.0000000000e+00	0.0000000000e+00	0.0000000000e+00
1.0534491490e+05	3.3396688025e-14	0.0000000000e+00	0.0000000000e+00	0.0000000000e+00	0.0000000000e+00	0.0000000000e+00	0.0000000000e+00	0.0000000000e+00	0.0000000000e+00	0.0000000000e+00	0.0000000000e+00	0.0000000000e+00	0.0000000000e+00	0.0000000000e+00	0.0000000000e+00	0.0000000000e+00
1.0534627925e+05	3.3299692553e-14	0.0000000000e+00	0.0000000000e+00	0.0000000000e+00	0.0000000000e+00	0.0000000000e+00	0.0000000000e+00	0.0000000000e+00	0.0000000000e+00	0.0000000000e+00	0.0000000000e+00	0.0000000000e+00	0.0000000000e+00	0.0000000000e+00	0.0000000000e+00	0.0000000000e+00
1.0534765940e+05	3.3205662085e-14	0.0000000000e+00	0.0000000000e+00	0.0000000000e+00	0.0000000000e+00	0.0000000000e+00	0.0000000000e+00	0.0000000000e+00	0.0000000000e+00	0.0000000000e+00	0.0000000000e+00	0.0000000000e+00	0.0000000000e+00	0.0000000000e+00	0.0000000000e+00	0.0000000000e+00
1.0534905553e+05	3.3114502900e-14	0.0000000000e+00	0.0000000000e+00	0.0000000000e+00	0.0000000000e+00	0.0000000000e+00	0.0000000000e+00	0.0000000000e+00	0.0000000000e+00	0.0000000000e+00	0.0000000000e+00	0.0000000000e+00	0.0000000000e+00	0.0000000000e+00	0.0000000000e+00	0.0000000000e+00
1.0535046782e+05	3.3262654450e-14	0.0000000000e+00	0.0000000000e+00	0.0000000000e+00	0.0000000000e+00	0.0000000000e+00	0.0000000000e+00	0.0000000000e+00	0.0000000000e+00	0.0000000000e+00	0.0000000000e+00	0.0000000000e+00	0.0000000000e+00	0.0000000000e+00	0.0000000000e+00	0.0000000000e+00
1.0535189647e+05	3.3161243441e-14	0.0000000000e+00	0.0000000000e+00	0.0000000000e+00	0.0000000000e+00	0.0000000000e+00	0.0000000000e+00	0.0000000000e+00	0.0000000000e+00	0.0000000000e+00	0.0000000000e+00	0.0000000000e+00	0.0000000000e+00	0.0000000000e+00	0.0000000000e+00	0.0000000000e+00
1.0535334166e+05	3.3062951407e-14	0.0000000000e+00	0.0000000000e+00	0.0000000000e+00	0.0000000000e+00	0.0000000000e+00	0.0000000000e+00	0.0000000000e+00	0.0000000000e+00	0.0000000000e+00	0.0000000000e+00	0.0000000000e+00	0.0000000000e+00	0.0000000000e+00	0.0000000000e+00	0.0000000000e+00
1.0535480358e+05	3.3212911964e-14	0.0000000000e+00	0.0000000000e+00	0.0000000000e+00	0.0000000000e+00	0.0000000000e+00	0.0000000000e+00	0.0000000000e+00	0.0000000000e+00	0.0000000000e+00	0.0000000000e+00	0.0000000000e+00	0.0000000000e+00	0.0000000000e+00	0.0000000000e+00	0.0000000000e+00
1.0535628244e+05	3.3106328070e-14	0.0000000000e+00	0.0000000000e+00	0.0000000000e+00	0.0000000000e+00	0.0000000000e+00	0.0000000000e+00	0.0000000000e+00	0.0000000000e+00	0.0000000000e+00	0.0000000000e+00	0.0000000000e+00	0.0000000000e+00	0.0000000000e+00	0.0000000000e+00	0.0000000000e+00
1.0535777842e+05	3.3003842190e-14	0.0000000000e+00	0.0000000000e+00	0.0000000000e+00	0.0000000000e+00	0.0000000000e+00	0.0000000000e+00	0.0000000000e+00	0.0000000000e+00	0.0000000000e+00	0.0000000000e+00	0.0000000000e+00	0.0000000000e+00	0.0000000000e+00	0.0000000000e+00	0.0000000000e+00
1.0535929172e+05	3.3156977183e-14	0.0000000000e+00	0.0000000000e+00	0.0000000000e+00	0.0000000000e+00	0.0000000000e+00	0.0000000000e+00	0.0000000000e+00	0.0000000000e+00	0.0000000000e+00	0.0000000000e+00	0.0000000000e+00	0.0000000000e+00	0.0000000000e+00	0.0000000000e+00	0.0000000000e+00
1.0536082254e+05	3.3049076430e-14	0.0000000000e+00	0.0000000000e+00	0.0000000000e+00	0.0000000000e+00	0.0000000000e+00	0.0000000000e+00	0.0000000000e+00	0.0000000000e+00	0.0000000000e+00	0.0000000000e+00	0.0000000000e+00	0.0000000000e+00	0.0000000000e+00	0.0000000000e+00	0.0000000000e+00
1.0536237109e+05	3.2946286321e-14	0.0000000000e+00	0.0000000000e+00	0.0000000000e+00	0.0000000000e+00	0.0000000000e+00	0.0000000000e+00	0.0000000000e+00	0.0000000000e+00	0.0000000000e+00	0.0000000000e+00	0.0000000000e+00	0.0000000000e+00	0.0000000000e+00	0.0000000000e+00	0.0000000000e+00
1.0536393757e+05	3.3104332306e-14	0.0000000000e+00	0.0000000000e+00	0.0000000000e+00	0.0000000000e+00	0.0000000000e+00	0.0000000000e+00	0.0000000000e+00	0.0000000000e+00	0.0000000000e+00	0.0000000000e+00	0.0000000000e+00	0.0000000000e+00	0.0000000000e+00	0.0000000000e+00	0.0000000000e+00
1.0536552219e+05	3.2998194408e-14	0.0000000000e+00	0.0000000000e+00	0.0000000000e+00	0.0000000000e+00	0.0000000000e+00	0.0000000000e+00	0.0000000000e+00	0.0000000000e+00	0.0000000000e+00	0.0000000000e+00	0.0000000000e+00	0.0000000000e+00	0.0000000000e+00	0.0000000000e+00	0.0000000000e+00
1.0536712516e+05	3.2897382843e-14	0.0000000000e+00	0.0000000000e+00	0.0000000000e+00	0.0000000000e+00	0.0000000000e+00	0.0000000000e+00	0.0000000000e+00	0.0000000000e+00	0.0000000000e+00	0.0000000000e+00	0.0000000000e+00	0.0000000000e+00	0.0000000000e+00	0.0000000000e+00	0.0000000000e+00
1.0536874669e+05	3.2801717503e-14	0.0000000000e+00	0.0000000000e+00	0.0000000000e+00	0.0000000000e+00	0.0000000000e+00	0.0000000000e+00	0.0000000000e+00	0.0000000000e+00	0.0000000000e+00	0.0000000000e+00	0.0000000000e+00	0.0000000000e+00	0.0000000000e+00	0.0000000000e+00	0.0000000000e+00
1.0537038700e+05	3.2710537836e-14	0.0000000000e+00	0.0000000000e+00	0.0000000000e+00	0.0000000000e+00	0.0000000000e+00	0.0000000000e+00	0.0000000000e+00	0.0000000000e+00	0.0000000000e+00	0.0000000000e+00	0.0000000000e+00	0.0000000000e+00	0.0000000000e+00	0.0000000000e+00	0.0000000000e+00
1.0537204630e+05	3.2856077561e-14	0.0000000000e+00	0.0000000000e+00	0.0000000000e+00	0.0000000000e+00	0.0000000000e+00	0.0000000000e+00	0.0000000000e+00	0.0000000000e+00	0.0000000000e+00	0.0000000000e+00	0.0000000000e+00	0.0000000000e+00	0.0000000000e+00	0.0000000000e+00	0.0000000000e+00
1.0537372482e+05	3.2760377452e-14	0.0000000000e+00	0.0000000000e+00	0.0000000000e+00	0.0000000000e+00	0.0000000000e+00	0.0000000000e+00	0.0000000000e+00	0.0000000000e+00	0.0000000000e+00	0.0000000000e+00	0.0000000000e+00	0.0000000000e+00	0.0000000000e+00	0.0000000000e+00	0.0000000000e+00
1.0537542277e+05	3.2667864180e-14	0.0000000000e+00	0.0000000000e+00	0.0000000000e+00	0.0000000000e+00	0.0000000000e+00	0.0000000000e+00	0.0000000000e+00	0.0000000000e+00	0.0000000000e+00	0.0000000000e+00	0.0000000000e+00	0.0000000000e+00	0.0000000000e+00	0.0000000000e+00	0.0000000000e+00
1.0537714038e+05	3.2813088479e-14	0.0000000000e+00	0.0000000000e+00	0.0000000000e+00	0.0000000000e+00	0.0000000000e+00	0.0000000000e+00	0.0000000000e+00	0.0000000000e+00	0.0000000000e+00	0.0000000000e+00	0.0000000000e+00	0.0000000000e+00	0.0000000000e+00	0.0000000000e+00	0.0000000000e+00
1.0537887788e+05	3.2713963056e-14	0.0000000000e+00	0.0000000000e+00	0.0000000000e+00	0.0000000000e+00	0.0000000000e+00	0.0000000000e+00	0.0000000000e+00	0.0000000000e+00	0.0000000000e+00	0.0000000000e+00	0.0000000000e+00	0.0000000000e+00	0.0000000000e+00	0.0000000000e+00	0.0000000000e+00
1.0538063550e+05	3.2616937325e-14	0.0000000000e+00	0.0000000000e+00	0.0000000000e+00	0.0000000000e+00	0.0000000000e+00	0.0000000000e+00	0.0000000000e+00	0.0000000000e+00	0.0000000000e+00	0.0000000000e+00	0.0000000000e+00	0.0000000000e+00	0.0000000000e+00	0.0000000000e+00	0.0000000000e+00
1.0538241347e+05	3.2758086584e-14	0.0000000000e+00	0.0000000000e+00	0.0000000000e+00	0.0000000000e+00	0.0000000000e+00	0.0000000000e+00	0.0000000000e+00	0.0000000000e+00	0.0000000000e+00	0.0000000000e+00	0.0000000000e+00	0.0000000000e+00	0.0000000000e+00	0.0000000000e+00	0.0000000000e+00
1.0538374000e+05	3.2680945231e-14	0.0000000000e+00	0.0000000000e+00	0.0000000000e+00	0.0000000000e+00	0.0000000000e+00	0.0000000000e+00	0.0000000000e+00	0.0000000000e+00	0.0000000000e+00	0.0000000000e+00	0.0000000000e+00	0.0000000000e+00	0.0000000000e+00	0.0000000000e+00	0.0000000000e+00
1.0538421204e+05	3.2653953938e-14	4.6720562979e-19	0.0000000000e+00	0.0000000000e+00	1.4036064606e-21	5.2530745104e-14	0.0000000000e+00	0.0000000000e+00	0.0000000000e+00	0.0000000000e+00	0.0000000000e+00	0.0000000000e+00	0.0000000000e+00	0.0000000000e+00	0.0000000000e+00	0.0000000000e+00
1.0538555392e+05	3.2578454803e-14	5.9220118694e-19	0.0000000000e+00	0.0000000000e+00	6.7788709309e-21	4.4776117169e-14	0.0000000000e+00	0.0000000000e+00	0.0000000000e+00	0.0000000000e+00	0.0000000000e+00	0.0000000000e+00	0.0000000000e+00	0.0000000000e+00	0.0000000000e+00	0.0000000000e+00
1.0538603142e+05	3.2552002408e-14	5.9830161207e-19	0.0000000000e+00	0.0000000000e+00	8.6255793223e-21	4.3636306495e-14	0.0000000000e+00	0.0000000000e+00	0.0000000000e+00	0.0000000000e+00	0.0000000000e+00	0.0000000000e+00	0.0000000000e+00	0.0000000000e+00	0.0000000000e+00	0.0000000000e+00
1.0538738885e+05	3.2717459694e-14	5.7150558776e-19	0.0000000000e+00	0.0000000000e+00	1.3009055417e-20	4.1917859815e-14	0.0000000000e+00	0.0000000000e+00	0.0000000000e+00	0.0000000000e+00	0.0000000000e+00	0.0000000000e+00	0.0000000000e+00	0.0000000000e+00	0.0000000000e+00	0.0000000000e+00
1.0538787188e+05	3.2688946323e-14	5.5392212270e-19	0.0000000000e+00	0.0000000000e+00	1.4235051989e-20	4.1592477466e-14	0.0000000000e+00	0.0000000000e+00	0.0000000000e+00	0.0000000000e+00	0.0000000000e+00	0.0000000000e+00	0.0000000000e+00	0.0000000000e+00	0.0000000000e+00	0.0000000000e+00
1.0538924502e+05	3.2609598537e-14	4.9682800579e-19	0.0000000000e+00	0.0000000000e+00	1.6866874090e-20	4.1080167509e-14	0.0000000000e+00	0.0000000000e+00	0.0000000000e+00	0.0000000000e+00	0.0000000000e+00	0.0000000000e+00	0.0000000000e+00	0.0000000000e+00	0.0000000000e+00	0.0000000000e+00
1.0538973364e+05	3.2581965738e-14	4.7611868879e-19	0.0000000000e+00	0.0000000000e+00	1.7545634309e-20	4.0996541766e-14	0.0000000000e+00	0.0000000000e+00	0.0000000000e+00	0.0000000000e+00	0.0000000000e+00	0.0000000000e+00	0.0000000000e+00	0.0000000000e+00	0.0000000000e+00	0.0000000000e+00
1.0539112269e+05	3.2505073907e-14	4.2084961595e-19	0.0000000000e+00	0.0000000000e+00	1.8941352888e-20	4.0914927080e-14	0.0000000000e+00	0.0000000000e+00	0.0000000000e+00	0.0000000000e+00	0.0000000000e+00	0.0000000000e+00	0.0000000000e+00	0.0000000000e+00	0.0000000000e+00	0.0000000000e+00
1.0539161697e+05	3.2478280735e-14	4.0313364129e-19	0.0000000000e+00	0.0000000000e+00	1.9300611057e-20	4.0919095771e-14	0.0000000000e+00	0.0000000000e+00	0.0000000000e+00	0.0000000000e+00	0.0000000000e+00	0.0000000000e+00	0.0000000000e+00	0.0000000000e+00	0.0000000000e+00	0.0000000000e+00
1.0539302210e+05	3.2403622171e-14	3.5968145769e-19	0.0000000000e+00	0.0000000000e+00	2.0120265560e-20	4.0967140152e-14	0.0000000000e+00	0.0000000000e+00	0.0000000000e+00	0.0000000000e+00	0.0000000000e+00	0.0000000000e+00	0.0000000000e+00	0.0000000000e+00	0.0000000000e+00	0.0000000000e+00
1.0539352210e+05	3.2377558544e-14	3.4678153901e-19	0.0000000000e+00	0.0000000000e+00	2.0382198207e-20	4.0987905042e-14	0.0000000000e+00	0.0000000000e+00	0.0000000000e+00	0.0000000000e+00	0.0000000000e+00	0.0000000000e+00	0.0000000000e+00	0.0000000000e+00	0.0000000000e+00	0.0000000000e+00
1.0539494350e+05	3.2304760436e-14	3.1711847920e-19	0.0000000000e+00	0.0000000000e+00	2.1166294625e-20	4.1035303341e-14	0.0000000000e+00	0.0000000000e+00	0.0000000000e+00	0.0000000000e+00	0.0000000000e+00	0.0000000000e+00	0.0000000000e+00	0.0000000000e+00	0.0000000000e+00	0.0000000000e+00
1.0539544929e+05	3.2279280732e-14	3.0884606642e-19	0.0000000000e+00	0.0000000000e+00	2.1480069829e-20	4.1044272031e-14	0.0000000000e+00	0.0000000000e+00	0.0000000000e+00	0.0000000000e+00	0.0000000000e+00	0.0000000000e+00	0.0000000000e+00	0.0000000000e+00	0.0000000000e+00	0.0000000000e+00
1.0539688715e+05	3.2433131788e-14	2.9081678632e-19	0.0000000000e+00	0.0000000000e+00	2.2517528724e-20	4.1036417534e-14	0.0000000000e+00	0.0000000000e+00	0.0000000000e+00	0.0000000000e+00	0.0000000000e+00	0.0000000000e+00	0.0000000000e+00	0.0000000000e+00	0.0000000000e+00	0.0000000000e+00
1.0539739880e+05	3.2406976312e-14	2.8604593713e-19	0.0000000000e+00	0.0000000000e+00	2.2940945901e-20	4.1019968437e-14	0.0000000000e+00	0.0000000000e+00	0.0000000000e+00	0.0000000000e+00	0.0000000000e+00	0.0000000000e+00	0.0000000000e+00	0.0000000000e+00	0.0000000000e+00	0.0000000000e+00
1.0539885331e+05	3.2334247937e-14	2.7606764262e-19	0.0000000000e+00	0.0000000000e+00	2.4290960155e-20	4.0932046251e-14	0.0000000000e+00	0.0000000000e+00	0.0000000000e+00	0.0000000000e+00	0.0000000000e+00	0.0000000000e+00	0.0000000000e+00	0.0000000000e+00	0.0000000000e+00	0.0000000000e+00
1.0539937089e+05	3.2308883997e-14	2.7354571768e-19	0.0000000000e+00	0.0000000000e+00	2.4818550459e-20	4.0886808632e-14	0.0000000000e+00	0.0000000000e+00	0.0000000000e+00	0.0000000000e+00	0.0000000000e+00	0.0000000000e+00	0.0000000000e+00	0.0000000000e+00	0.0000000000e+00	0.0000000000e+00
1.0540084223e+05	3.2237999104e-14	2.6853463992e-19	0.0000000000e+00	0.0000000000e+00	2.6431559120e-20	4.0725074626e-14	0.0000000000e+00	0.0000000000e+00	0.0000000000e+00	0.0000000000e+00	0.0000000000e+00	0.0000000000e+00	0.0000000000e+00	0.0000000000e+00	0.0000000000e+00	0.0000000000e+00
1.0540136580e+05	3.2213145424e-14	2.6737847771e-19	0.0000000000e+00	0.0000000000e+00	2.7041968089e-20	4.0658162425e-14	0.0000000000e+00	0.0000000000e+00	0.0000000000e+00	0.0000000000e+00	0.0000000000e+00	0.0000000000e+00	0.0000000000e+00	0.0000000000e+00	0.0000000000e+00	0.0000000000e+00
1.0540285419e+05	3.2369066062e-14	2.6550670468e-19	0.0000000000e+00	0.0000000000e+00	2.8873605053e-20	4.0451927974e-14	0.0000000000e+00	0.0000000000e+00	0.0000000000e+00	0.0000000000e+00	0.0000000000e+00	0.0000000000e+00	0.0000000000e+00	0.0000000000e+00	0.0000000000e+00	0.0000000000e+00
1.0540338382e+05	3.2343590266e-14	2.6528826178e-19	0.0000000000e+00	0.0000000000e+00	2.9560171690e-20	4.0375620344e-14	0.0000000000e+00	0.0000000000e+00	0.0000000000e+00	0.0000000000e+00	0.0000000000e+00	0.0000000000e+00	0.0000000000e+00	0.0000000000e+00	0.0000000000e+00	0.0000000000e+00
1.0540488944e+05	3.2272327733e-14	2.6580589290e-19	0.0000000000e+00	0.0000000000e+00	3.1617910521e-20	4.0160196989e-14	0.0000000000e+00	0.0000000000e+00	0.0000000000e+00	0.0000000000e+00	0.0000000000e+00	0.0000000000e+00	0.0000000000e+00	0.0000000000e+00	0.0000000000e+00	0.0000000000e+00
1.0540542521e+05	3.2247296361e-14	2.6636095177e-19	0.0000000000e+00	0.0000000000e+00	3.2388965808e-20	4.0086189911e-14	0.0000000000e+00	0.0000000000e+00	0.0000000000e+00	0.0000000000e+00	0.0000000000e+00	0.0000000000e+00	0.0000000000e+00	0.0000000000e+00	0.0000000000e+00	0.0000000000e+00
1.0540694826e+05	3.2406373378e-14	2.6885219666e-19	0.0000000000e+00	0.0000000000e+00	3.4691722289e-20	3.9889778904e-14	0.0000000000e+00	0.0000000000e+00	0.0000000000e+00	0.0000000000e+00	0.0000000000e+00	0.0000000000e+00	0.0000000000e+00	0.0000000000e+00	0.0000000000e+00	0.0000000000e+00
1.0540749023e+05	3.2380263672e-14	2.7000951357e-19	0.0000000000e+00	0.0000000000e+00	3.5547565128e-20	3.9825989042e-14	0.0000000000e+00	0.0000000000e+00	0.0000000000e+00	0.0000000000e+00	0.0000000000e+00	0.0000000000e+00	0.0000000000e+00	0.0000000000e+00	0.0000000000e+00	0.0000000000e+00
1.0540903093e+05	3.2307049941e-14	2.7383433727e-19	0.0000000000e+00	0.0000000000e+00	3.8064683747e-20	3.9664647541e-14	0.0000000000e+00	0.0000000000e+00	0.0000000000e+00	0.0000000000e+00	0.0000000000e+00	0.0000000000e+00	0.0000000000e+00	0.0000000000e+00	0.0000000000e+00	0.0000000000e+00
1.0540957917e+05	3.2281273061e-14	2.7531986429e-19	0.0000000000e+00	0.0000000000e+00	3.8983336793e-20	3.9614552579e-14	0.0000000000e+00	0.0000000000e+00	0.0000000000e+00	0.0000000000e+00	0.0000000000e+00	0.0000000000e+00	0.0000000000e+00	0.0000000000e+00	0.0000000000e+00	0.0000000000e+00
1.0541113770e+05	3.2208466736e-14	2.7966855098e-19	0.0000000000e+00	0.0000000000e+00	4.1632009152e-20	3.9492226527e-14	0.0000000000e+00	0.0000000000e+00	0.0000000000e+00	0.0000000000e+00	0.0000000000e+00	0.0000000000e+00	0.0000000000e+00	0.0000000000e+00	0.0000000000e+00	0.0000000000e+00
1.0541169229e+05	3.2182652616e-14	2.8121645301e-19	0.0000000000e+00	0.0000000000e+00	4.2581514223e-20	3.9455189604e-14	0.0000000000e+00	0.0000000000e+00	0.0000000000e+00	0.0000000000e+00	0.0000000000e+00	0.0000000000e+00	0.0000000000e+00	0.0000000000e+00	0.0000000000e+00	0.0000000000e+00
1.0541326887e+05	3.2337971673e-14	2.8555855472e-19	0.0000000000e+00	0.0000000000e+00	4.5290974124e-20	3.9365259438e-14	0.0000000000e+00	0.0000000000e+00	0.0000000000e+00	0.0000000000e+00	0.0000000000e+00	0.0000000000e+00	0.0000000000e+00	0.0000000000e+00	0.0000000000e+00	0.0000000000e+00
1.0541382989e+05	3.2310986034e-14	2.8709510801e-19	0.0000000000e+00	0.0000000000e+00	4.6260388900e-20	3.9337606676e-14	0.0000000000e+00	0.0000000000e+00	0.0000000000e+00	0.0000000000e+00	0.0000000000e+00	0.0000000000e+00	0.0000000000e+00	0.0000000000e+00	0.0000000000e+00	0.0000000000e+00
1.0541542472e+05	3.2234834308e-14	2.9156804108e-19	0.0000000000e+00	0.0000000000e+00	4.9052307698e-20	3.9266837637e-14	0.0000000000e+00	0.0000000000e+00	0.0000000000e+00	0.0000000000e+00	0.0000000000e+00	0.0000000000e+00	0.0000000000e+00	0.0000000000e+00	0.0000000000e+00	0.0000000000e+00
1.0541599223e+05	3.2207879853e-14	2.9325337448e-19	0.0000000000e+00	0.0000000000e+00	5.0068633142e-20	3.9243278764e-14	0.0000000000e+00	0.0000000000e+00	0.0000000000e+00	0.0000000000e+00	0.0000000000e+00	0.0000000000e+00	0.0000000000e+00	0.0000000000e+00	0.0000000000e+00	0.0000000000e+00
1.0541760554e+05	3.2131472934e-14	2.9859384171e-19	0.0000000000e+00	0.0000000000e+00	5.3077250044e-20	3.9176780382e-14	0.0000000000e+00	0.0000000000e+00	0.0000000000e+00	0.0000000000e+00	0.0000000000e+00	0.0000000000e+00	0.0000000000e+00	0.0000000000e+00	0.0000000000e+00	0.0000000000e+00
1.0541817962e+05	3.2104323297e-14	3.0073155433e-19	0.0000000000e+00	0.0000000000e+00	5.4200120111e-20	3.9152384123e-14	0.0000000000e+00	0.0000000000e+00	0.0000000000e+00	0.0000000000e+00	0.0000000000e+00	0.0000000000e+00	0.0000000000e+00	0.0000000000e+00	0.0000000000e+00	0.0000000000e+00
1.0541981160e+05	3.2027155223e-14	3.0783351822e-19	0.0000000000e+00	0.0000000000e+00	5.7617040712e-20	3.9078174785e-14	0.0000000000e+00	0.0000000000e+00	0.0000000000e+00	0.0000000000e+00	0.0000000000e+00	0.0000000000e+00	0.0000000000e+00	0.0000000000e+00	0.0000000000e+00	0.0000000000e+00
1.0542039233e+05	3.1999690398e-14	3.1076101976e-19	0.0000000000e+00	0.0000000000e+00	5.8923843453e-20	3.9049574505e-14	0.0000000000e+00	0.0000000000e+00	0.0000000000e+00	0.0000000000e+00	0.0000000000e+00	0.0000000000e+00	0.0000000000e+00	0.0000000000e+00	0.0000000000e+00	0.0000000000e+00
1.0542204321e+05	3.1921631034e-14	3.2037156141e-19	0.0000000000e+00	0.0000000000e+00	6.2944643013e-20	3.8961120435e-14	0.0000000000e+00	0.0000000000e+00	0.0000000000e+00	0.0000000000e+00	0.0000000000e+00	0.0000000000e+00	0.0000000000e+00	0.0000000000e+00	0.0000000000e+00	0.0000000000e+00
1.0542263067e+05	3.1893886492e-14	3.2427242865e-19	0.0000000000e+00	0.0000000000e+00	6.4493855214e-20	3.8927113213e-14	0.0000000000e+00	0.0000000000e+00	0.0000000000e+00	0.0000000000e+00	0.0000000000e+00	0.0000000000e+00	0.0000000000e+00	0.0000000000e+00	0.0000000000e+00	0.0000000000e+00
1.0542430067e+05	3.2041798461e-14	3.3676328830e-19	0.0000000000e+00	0.0000000000e+00	6.9262699985e-20	3.8824062630e-14	0.0000000000e+00	0.0000000000e+00	0.0000000000e+00	0.0000000000e+00	0.0000000000e+00	0.0000000000e+00	0.0000000000e+00	0.0000000000e+00	0.0000000000e+00	0.0000000000e+00
1.0542489492e+05	3.2014024128e-14	3.4170447995e-19	0.0000000000e+00	0.0000000000e+00	7.1094395995e-20	3.8785537429e-14	0.0000000000e+00	0.0000000000e+00	0.0000000000e+00	0.0000000000e+00	0.0000000000e+00	0.0000000000e+00	0.0000000000e+00	0.0000000000e+00	0.0000000000e+00	0.0000000000e+00
1.0542658426e+05	3.1935519587e-14	3.5708917444e-19	0.0000000000e+00	0.0000000000e+00	7.6690029937e-20	3.8672833616e-14	0.0000000000e+00	0.0000000000e+00	0.0000000000e+00	0.0000000000e+00	0.0000000000e+00	0.0000000000e+00	0.0000000000e+00	0.0000000000e+00	0.0000000000e+00	0.0000000000e+00
1.0542718540e+05	3.1907745388e-14	3.6299671997e-19	0.0000000000e+00	0.0000000000e+00	7.8815087901e-20	3.8632233682e-14	0.0000000000e+00	0.0000000000e+00	0.0000000000e+00	0.0000000000e+00	0.0000000000e+00	0.0000000000e+00	0.0000000000e+00	0.0000000000e+00	0.0000000000e+00	0.0000000000e+00
1.0542889429e+05	3.2056243899e-14	3.8085531851e-19	0.0000000000e+00	0.0000000000e+00	8.5217475664e-20	3.8517931352e-14	0.0000000000e+00	0.0000000000e+00	0.0000000000e+00	0.0000000000e+00	0.0000000000e+00	0.0000000000e+00	0.0000000000e+00	0.0000000000e+00	0.0000000000e+00	0.0000000000e+00
1.0542950239e+05	3.2028678538e-14	3.8750771517e-19	0.0000000000e+00	0.0000000000e+00	8.7609654787e-20	3.8478289248e-14	0.0000000000e+00	0.0000000000e+00	0.0000000000e+00	0.0000000000e+00	0.0000000000e+00	0.0000000000e+00	0.0000000000e+00	0.0000000000e+00	0.0000000000e+00	0.0000000000e+00
1.0543123108e+05	3.1951107507e-14	4.0689151949e-19	0.0000000000e+00	0.0000000000e+00	9.4658637087e-20	3.8370671726e-14	0.0000000000e+00	0.0000000000e+00	0.0000000000e+00	0.0000000000e+00	0.0000000000e+00	0.0000000000e+00	0.0000000000e+00	0.0000000000e+00	0.0000000000e+00	0.0000000000e+00
1.0543184622e+05	3.1923745196e-14	4.1384217443e-19	0.0000000000e+00	0.0000000000e+00	9.7229679082e-20	3.8334601215e-14	0.0000000000e+00	0.0000000000e+00	0.0000000000e+00	0.0000000000e+00	0.0000000000e+00	0.0000000000e+00	0.0000000000e+00	0.0000000000e+00	0.0000000000e+00	0.0000000000e+00
1.0543359492e+05	3.1846519522e-14	4.3324193737e-19	0.0000000000e+00	0.0000000000e+00	1.0459431912e-19	3.8239417463e-14	0.0000000000e+00	0.0000000000e+00	0.0000000000e+00	0.0000000000e+00	0.0000000000e+00	0.0000000000e+00	0.0000000000e+00	0.0000000000e+00	0.0000000000e+00	0.0000000000e+00
1.0543421718e+05	3.2046100272e-14	4.3986164903e-19	0.0000000000e+00	0.0000000000e+00	1.0719489442e-19	3.8208335896e-14	0.0000000000e+00	0.0000000000e+00	0.0000000000e+00	0.0000000000e+00	0.0000000000e+00	0.0000000000e+00	0.0000000000e+00	0.0000000000e+00	0.0000000000e+00	0.0000000000e+00
1.0543598613e+05	3.1969625386e-14	4.5739085319e-19	0.0000000000e+00	0.0000000000e+00	1.1439610098e-19	3.8127422303e-14	0.0000000000e+00	0.0000000000e+00	0.0000000000e+00	0.0000000000e+00	0.0000000000e+00	0.0000000000e+00	0.0000000000e+00	0.0000000000e+00	0.0000000000e+00	0.0000000000e+00
1.0543661560e+05	3.1942627794e-14	4.6303086257e-19	0.0000000000e+00	0.0000000000e+00	1.1684985111e-19	3.8101115349e-14	0.0000000000e+00	0.0000000000e+00	0.0000000000e+00	0.0000000000e+00	0.0000000000e+00	0.0000000000e+00	0.0000000000e+00	0.0000000000e+00	0.0000000000e+00	0.0000000000e+00
1.0543840504e+05	3.1866208653e-14	4.7698482976e-19	0.0000000000e+00	0.0000000000e+00	1.2339109051e-19	3.8032112939e-14	0.0000000000e+00	0.0000000000e+00	0.0000000000e+00	0.0000000000e+00	0.0000000000e+00	0.0000000000e+00	0.0000000000e+00	0.0000000000e+00	0.0000000000e+00	0.0000000000e+00
1.0543904179e+05	3.1839070469e-14	4.8113832627e-19	0.0000000000e+00	0.0000000000e+00	1.2553709470e-19	3.8009205780e-14	0.0000000000e+00	0.0000000000e+00	0.0000000000e+00	0.0000000000e+00	0.0000000000e+00	0.0000000000e+00	0.0000000000e+00	0.0000000000e+00	0.0000000000e+00	0.0000000000e+00
1.0544085195e+05	3.1988774831e-14	4.9051031055e-19	0.0000000000e+00	0.0000000000e+00	1.3105232122e-19	3.7946948620e-14	0.0000000000e+00	0.0000000000e+00	0.0000000000e+00	0.0000000000e+00	0.0000000000e+00	0.0000000000e+00	0.0000000000e+00	0.0000000000e+00	0.0000000000e+00	0.0000000000e+00
1.0544149608e+05	3.1961634805e-14	4.9299223668e-19	0.0000000000e+00	0.0000000000e+00	1.3280079989e-19	3.7925333096e-14	0.0000000000e+00	0.0000000000e+00	0.0000000000e+00	0.0000000000e+00	0.0000000000e+00	0.0000000000e+00	0.0000000000e+00	0.0000000000e+00	0.0000000000e+00	0.0000000000e+00
1.0544332720e+05	3.1884464027e-14	4.9778607681e-19	0.0000000000e+00	0.0000000000e+00	1.3717194234e-19	3.7863632666e-14	0.0000000000e+00	0.0000000000e+00	0.0000000000e+00	0.0000000000e+00	0.0000000000e+00	0.0000000000e+00	0.0000000000e+00	0.0000000000e+00	0.0000000000e+00	0.0000000000e+00
1.0544397879e+05	3.1856921479e-14	4.9876410234e-19	0.0000000000e+00	0.0000000000e+00	1.3852695764e-19	3.7841188669e-14	0.0000000000e+00	0.0000000000e+00	0.0000000000e+00	0.0000000000e+00	0.0000000000e+00	0.0000000000e+00	0.0000000000e+00	0.0000000000e+00	0.0000000000e+00	0.0000000000e+00
1.0544583110e+05	3.1778174507e-14	4.9984088724e-19	0.0000000000e+00	0.0000000000e+00	1.4188312969e-19	3.7774785195e-14	0.0000000000e+00	0.0000000000e+00	0.0000000000e+00	0.0000000000e+00	0.0000000000e+00	0.0000000000e+00	0.0000000000e+00	0.0000000000e+00	0.0000000000e+00	0.0000000000e+00
1.0544649024e+05	3.1749963427e-14	4.9971541792e-19	0.0000000000e+00	0.0000000000e+00	1.4292264207e-19	3.7750028596e-14	0.0000000000e+00	0.0000000000e+00	0.0000000000e+00	0.0000000000e+00	0.0000000000e+00	0.0000000000e+00	0.0000000000e+00	0.0000000000e+00	0.0000000000e+00	0.0000000000e+00
1.0544836401e+05	3.1669197259e-14	4.9837704048e-19	0.0000000000e+00	0.0000000000e+00	1.4555311564e-19	3.7676172008e-14	0.0000000000e+00	0.0000000000e+00	0.0000000000e+00	0.0000000000e+00	0.0000000000e+00	0.0000000000e+00	0.0000000000e+00	0.0000000000e+00	0.0000000000e+00	0.0000000000e+00
1.0544903077e+05	3.1640275900e-14	4.9764991186e-19	0.0000000000e+00	0.0000000000e+00	1.4639918242e-19	3.7648705057e-14	0.0000000000e+00	0.0000000000e+00	0.0000000000e+00	0.0000000000e+00	0.0000000000e+00	0.0000000000e+00	0.0000000000e+00	0.0000000000e+00	0.0000000000e+00	0.0000000000e+00
1.0545092624e+05	3.1557811121e-14	4.9528655703e-19	0.0000000000e+00	0.0000000000e+00	1.4866422436e-19	3.7567877954e-14	0.0000000000e+00	0.0000000000e+00	0.0000000000e+00	0.0000000000e+00	0.0000000000e+00	0.0000000000e+00	0.0000000000e+00	0.0000000000e+00	0.0000000000e+00	0.0000000000e+00
1.0545160073e+05	3.1757821721e-14	4.9442747338e-19	0.0000000000e+00	0.0000000000e+00	1.4944590037e-19	3.7538406844e-14	0.0000000000e+00	0.0000000000e+00	0.0000000000e+00	0.0000000000e+00	0.0000000000e+00	0.0000000000e+00	0.0000000000e+00	0.0000000000e+00	0.0000000000e+00	0.0000000000e+00
1.0545351814e+05	3.1674464512e-14	4.9227899589e-19	0.0000000000e+00	0.0000000000e+00	1.5170514020e-19	3.7453912139e-14	0.0000000000e+00	0.0000000000e+00	0.0000000000e+00	0.0000000000e+00	0.0000000000e+00	0.0000000000e+00	0.0000000000e+00	0.0000000000e+00	0.0000000000e+00	0.0000000000e+00
1.0545420044e+05	3.1644689609e-14	4.9168216460e-19	0.0000000000e+00	0.0000000000e+00	1.5254314669e-19	3.7423954952e-14	0.0000000000e+00	0.0000000000e+00	0.0000000000e+00	0.0000000000e+00	0.0000000000e+00	0.0000000000e+00	0.0000000000e+00	0.0000000000e+00	0.0000000000e+00	0.0000000000e+00
1.0545614005e+05	3.1559821030e-14	4.9069251510e-19	0.0000000000e+00	0.0000000000e+00	1.5510218879e-19	3.7340552128e-14	0.0000000000e+00	0.0000000000e+00	0.0000000000e+00	0.0000000000e+00	0.0000000000e+00	0.0000000000e+00	0.0000000000e+00	0.0000000000e+00	0.0000000000e+00	0.0000000000e+00
1.0545683025e+05	3.1529619929e-14	4.9062337466e-19	0.0000000000e+00	0.0000000000e+00	1.5608839231e-19	3.7311842718e-14	0.0000000000e+00	0.0000000000e+00	0.0000000000e+00	0.0000000000e+00	0.0000000000e+00	0.0000000000e+00	0.0000000000e+00	0.0000000000e+00	0.0000000000e+00	0.0000000000e+00
1.0545879233e+05	3.1674083293e-14	4.9130536245e-19	0.0000000000e+00	0.0000000000e+00	1.5914217118e-19	3.7234118216e-14	0.0000000000e+00	0.0000000000e+00	0.0000000000e+00	0.0000000000e+00	0.0000000000e+00	0.0000000000e+00	0.0000000000e+00	0.0000000000e+00	0.0000000000e+00	0.0000000000e+00
1.0545949052e+05	3.1644054231e-14	4.9184604558e-19	0.0000000000e+00	0.0000000000e+00	1.6031630992e-19	3.7208056108e-14	0.0000000000e+00	0.0000000000e+00	0.0000000000e+00	0.0000000000e+00	0.0000000000e+00	0.0000000000e+00	0.0000000000e+00	0.0000000000e+00	0.0000000000e+00	0.0000000000e+00
1.0546147532e+05	3.1558939313e-14	4.9411576222e-19	0.0000000000e+00	0.0000000000e+00	1.6387649797e-19	3.7139002117e-14	0.0000000000e+00	0.0000000000e+00	0.0000000000e+00	0.0000000000e+00	0.0000000000e+00	0.0000000000e+00	0.0000000000e+00	0.0000000000e+00	0.0000000000e+00	0.0000000000e+00
1.0546218159e+05	3.1528807355e-14	4.9515352756e-19	0.0000000000e+00	0.0000000000e+00	1.6521488696e-19	3.7116246016e-14	0.0000000000e+00	0.0000000000e+00	0.0000000000e+00	0.0000000000e+00	0.0000000000e+00	0.0000000000e+00	0.0000000000e+00	0.0000000000e+00	0.0000000000e+00	0.0000000000e+00
1.0546418937e+05	3.1672598289e-14	4.9858013096e-19	0.0000000000e+00	0.0000000000e+00	1.6917150513e-19	3.7056422187e-14	0.0000000000e+00	0.0000000000e+00	0.0000000000e+00	0.0000000000e+00	0.0000000000e+00	0.0000000000e+00	0.0000000000e+00	0.0000000000e+00	0.0000000000e+00	0.0000000000e+00
1.0546490382e+05	3.1643168666e-14	4.9990063661e-19	0.0000000000e+00	0.0000000000e+00	1.7061181106e-19	3.7036703854e-14	0.0000000000e+00	0.0000000000e+00	0.0000000000e+00	0.0000000000e+00	0.0000000000e+00	0.0000000000e+00	0.0000000000e+00	0.0000000000e+00	0.0000000000e+00	0.0000000000e+00
1.0546693485e+05	3.1559751631e-14	5.0386646273e-19	0.0000000000e+00	0.0000000000e+00	1.7477588147e-19	3.6984148401e-14	0.0000000000e+00	0.0000000000e+00	0.0000000000e+00	0.0000000000e+00	0.0000000000e+00	0.0000000000e+00	0.0000000000e+00	0.0000000000e+00	0.0000000000e+00	0.0000000000e+00
1.0546765758e+05	3.1530235641e-14	5.0531783362e-19	0.0000000000e+00	0.0000000000e+00	1.7627083869e-19	3.6966390973e-14	0.0000000000e+00	0.0000000000e+00	0.0000000000e+00	0.0000000000e+00	0.0000000000e+00	0.0000000000e+00	0.0000000000e+00	0.0000000000e+00	0.0000000000e+00	0.0000000000e+00
1.0546971212e+05	3.1674490775e-14	5.0949982732e-19	0.0000000000e+00	0.0000000000e+00	1.8053910912e-19	3.6917304579e-14	0.0000000000e+00	0.0000000000e+00	0.0000000000e+00	0.0000000000e+00	0.0000000000e+00	0.0000000000e+00	0.0000000000e+00	0.0000000000e+00	0.0000000000e+00	0.0000000000e+00
1.0547044322e+05	3.1645781349e-14	5.1099703242e-19	0.0000000000e+00	0.0000000000e+00	1.8206082458e-19	3.6899998968e-14	0.0000000000e+00	0.0000000000e+00	0.0000000000e+00	0.0000000000e+00	0.0000000000e+00	0.0000000000e+00	0.0000000000e+00	0.0000000000e+00	0.0000000000e+00	0.0000000000e+00
1.0547252156e+05	3.1564159263e-14	5.1539145027e-19	0.0000000000e+00	0.0000000000e+00	1.8643590647e-19	3.6850075591e-14	0.0000000000e+00	0.0000000000e+00	0.0000000000e+00	0.0000000000e+00	0.0000000000e+00	0.0000000000e+00	0.0000000000e+00	0.0000000000e+00	0.0000000000e+00	0.0000000000e+00
1.0547326112e+05	3.1535210515e-14	5.1697635326e-19	0.0000000000e+00	0.0000000000e+00	1.8800053029e-19	3.6831800262e-14	0.0000000000e+00	0.0000000000e+00	0.0000000000e+00	0.0000000000e+00	0.0000000000e+00	0.0000000000e+00	0.0000000000e+00	0.0000000000e+00	0.0000000000e+00	0.0000000000e+00
1.0547536352e+05	3.1452960616e-14	5.2163279318e-19	0.0000000000e+00	0.0000000000e+00	1.9250475120e-19	3.6777686519e-14	0.0000000000e+00	0.0000000000e+00	0.0000000000e+00	0.0000000000e+00	0.0000000000e+00	0.0000000000e+00	0.0000000000e+00	0.0000000000e+00	0.0000000000e+00	0.0000000000e+00
1.0547611164e+05	3.1423719359e-14	5.2335102971e-19	0.0000000000e+00	0.0000000000e+00	1.9413089649e-19	3.6757569360e-14	0.0000000000e+00	0.0000000000e+00	0.0000000000e+00	0.0000000000e+00	0.0000000000e+00	0.0000000000e+00	0.0000000000e+00	0.0000000000e+00	0.0000000000e+00	0.0000000000e+00
1.0547823839e+05	3.1340726733e-14	5.2841942961e-19	0.0000000000e+00	0.0000000000e+00	1.9882582361e-19	3.6697886817e-14	0.0000000000e+00	0.0000000000e+00	0.0000000000e+00	0.0000000000e+00	0.0000000000e+00	0.0000000000e+00	0.0000000000e+00	0.0000000000e+00	0.0000000000e+00	0.0000000000e+00
1.0547899518e+05	3.1311197016e-14	5.3027774089e-19	0.0000000000e+00	0.0000000000e+00	2.0051870801e-19	3.6675844303e-14	0.0000000000e+00	0.0000000000e+00	0.0000000000e+00	0.0000000000e+00	0.0000000000e+00	0.0000000000e+00	0.0000000000e+00	0.0000000000e+00	0.0000000000e+00	0.0000000000e+00
1.0548114655e+05	3.1228736850e-14	5.3583542559e-19	0.0000000000e+00	0.0000000000e+00	2.0544198035e-19	3.6611512809e-14	0.0000000000e+00	0.0000000000e+00	0.0000000000e+00	0.0000000000e+00	0.0000000000e+00	0.0000000000e+00	0.0000000000e+00	0.0000000000e+00	0.0000000000e+00	0.0000000000e+00
1.0548191210e+05	3.1427334852e-14	5.3783052688e-19	0.0000000000e+00	0.0000000000e+00	2.0720319520e-19	3.6588222523e-14	0.0000000000e+00	0.0000000000e+00	0.0000000000e+00	0.0000000000e+00	0.0000000000e+00	0.0000000000e+00	0.0000000000e+00	0.0000000000e+00	0.0000000000e+00	0.0000000000e+00
1.0548408839e+05	3.1342193363e-14	5.4365212784e-19	0.0000000000e+00	0.0000000000e+00	2.1227609666e-19	3.6522030841e-14	0.0000000000e+00	0.0000000000e+00	0.0000000000e+00	0.0000000000e+00	0.0000000000e+00	0.0000000000e+00	0.0000000000e+00	0.0000000000e+00	0.0000000000e+00	0.0000000000e+00
1.0548486280e+05	3.1311834967e-14	5.4575979426e-19	0.0000000000e+00	0.0000000000e+00	2.1409846144e-19	3.6498722840e-14	0.0000000000e+00	0.0000000000e+00	0.0000000000e+00	0.0000000000e+00	0.0000000000e+00	0.0000000000e+00	0.0000000000e+00	0.0000000000e+00	0.0000000000e+00	0.0000000000e+00
1.0548706429e+05	3.1225685005e-14	5.5189221392e-19	0.0000000000e+00	0.0000000000e+00	2.1934426994e-19	3.6434221655e-14	0.0000000000e+00	0.0000000000e+00	0.0000000000e+00	0.0000000000e+00	0.0000000000e+00	0.0000000000e+00	0.0000000000e+00	0.0000000000e+00	0.0000000000e+00	0.0000000000e+00
1.0548784767e+05	3.1195194272e-14	5.5412062015e-19	0.0000000000e+00	0.0000000000e+00	2.2123302257e-19	3.6412132230e-14	0.0000000000e+00	0.0000000000e+00	0.0000000000e+00	0.0000000000e+00	0.0000000000e+00	0.0000000000e+00	0.0000000000e+00	0.0000000000e+00	0.0000000000e+00	0.0000000000e+00
1.0549007465e+05	3.1334146023e-14	5.6137858475e-19	0.0000000000e+00	0.0000000000e+00	2.2698661363e-19	3.6352489483e-14	0.0000000000e+00	0.0000000000e+00	0.0000000000e+00	0.0000000000e+00	0.0000000000e+00	0.0000000000e+00	0.0000000000e+00	0.0000000000e+00	0.0000000000e+00	0.0000000000e+00
1.0549086710e+05	3.1304096731e-14	5.6321076028e-19	0.0000000000e+00	0.0000000000e+00	2.2873531018e-19	3.6332494975e-14	0.0000000000e+00	0.0000000000e+00	0.0000000000e+00	0.0000000000e+00	0.0000000000e+00	0.0000000000e+00	0.0000000000e+00	0.0000000000e+00	0.0000000000e+00	0.0000000000e+00
1.0549311987e+05	3.1215755339e-14	5.7036869410e-19	0.0000000000e+00	0.0000000000e+00	2.3451070737e-19	3.6279258211e-14	0.0000000000e+00	0.0000000000e+00	0.0000000000e+00	0.0000000000e+00	0.0000000000e+00	0.0000000000e+00	0.0000000000e+00	0.0000000000e+00	0.0000000000e+00	0.0000000000e+00
1.0549392150e+05	3.1184543197e-14	5.7305739216e-19	0.0000000000e+00	0.0000000000e+00	2.3662994324e-19	3.6261540629e-14	0.0000000000e+00	0.0000000000e+00	0.0000000000e+00	0.0000000000e+00	0.0000000000e+00	0.0000000000e+00	0.0000000000e+00	0.0000000000e+00	0.0000000000e+00	0.0000000000e+00
1.0549620035e+05	3.1323485730e-14	5.8109546747e-19	0.0000000000e+00	0.0000000000e+00	2.4283792602e-19	3.6214144011e-14	0.0000000000e+00	0.0000000000e+00	0.0000000000e+00	0.0000000000e+00	0.0000000000e+00	0.0000000000e+00	0.0000000000e+00	0.0000000000e+00	0.0000000000e+00	0.0000000000e+00
1.0549701126e+05	3.1292169419e-14	5.8409924239e-19	0.0000000000e+00	0.0000000000e+00	2.4511465994e-19	3.6198147302e-14	0.0000000000e+00	0.0000000000e+00	0.0000000000e+00	0.0000000000e+00	0.0000000000e+00	0.0000000000e+00	0.0000000000e+00	0.0000000000e+00	0.0000000000e+00	0.0000000000e+00
1.0549931650e+05	3.1204032403e-14	5.9305836511e-19	0.0000000000e+00	0.0000000000e+00	2.5178889665e-19	3.6154199170e-14	0.0000000000e+00	0.0000000000e+00	0.0000000000e+00	0.0000000000e+00	0.0000000000e+00	0.0000000000e+00	0.0000000000e+00	0.0000000000e+00	0.0000000000e+00	0.0000000000e+00
1.0550013680e+05	3.1173300662e-14	5.9637554078e-19	0.0000000000e+00	0.0000000000e+00	2.5422823328e-19	3.6138858383e-14	0.0000000000e+00	0.0000000000e+00	0.0000000000e+00	0.0000000000e+00	0.0000000000e+00	0.0000000000e+00	0.0000000000e+00	0.0000000000e+00	0.0000000000e+00	0.0000000000e+00
1.0550246873e+05	3.1310834549e-14	6.0657957844e-19	0.0000000000e+00	0.0000000000e+00	2.6152500745e-19	3.6095106141e-14	0.0000000000e+00	0.0000000000e+00	0.0000000000e+00	0.0000000000e+00	0.0000000000e+00	0.0000000000e+00	0.0000000000e+00	0.0000000000e+00	0.0000000000e+00	0.0000000000e+00
1.0550329854e+05	3.1280466738e-14	6.1030954607e-19	0.0000000000e+00	0.0000000000e+00	2.6417617962e-19	3.6079257521e-14	0.0000000000e+00	0.0000000000e+00	0.0000000000e+00	0.0000000000e+00	0.0000000000e+00	0.0000000000e+00	0.0000000000e+00	0.0000000000e+00	0.0000000000e+00	0.0000000000e+00
1.0550565747e+05	3.1194156185e-14	6.2169621464e-19	0.0000000000e+00	0.0000000000e+00	2.7209074144e-19	3.6032745482e-14	0.0000000000e+00	0.0000000000e+00	0.0000000000e+00	0.0000000000e+00	0.0000000000e+00	0.0000000000e+00	0.0000000000e+00	0.0000000000e+00	0.0000000000e+00	0.0000000000e+00
1.0550649688e+05	3.1163727518e-14	6.2605930896e-19	0.0000000000e+00	0.0000000000e+00	2.7505796380e-19	3.6015558464e-14	0.0000000000e+00	0.0000000000e+00	0.0000000000e+00	0.0000000000e+00	0.0000000000e+00	0.0000000000e+00	0.0000000000e+00	0.0000000000e+00	0.0000000000e+00	0.0000000000e+00
1.0550888313e+05	3.1078415007e-14	6.3962584810e-19	0.0000000000e+00	0.0000000000e+00	2.8405511608e-19	3.5964707838e-14	0.0000000000e+00	0.0000000000e+00	0.0000000000e+00	0.0000000000e+00	0.0000000000e+00	0.0000000000e+00	0.0000000000e+00	0.0000000000e+00	0.0000000000e+00	0.0000000000e+00
1.0550973226e+05	3.1048537901e-14	6.4496699023e-19	0.0000000000e+00	0.0000000000e+00	2.8750424107e-19	3.5945937479e-14	0.0000000000e+00	0.0000000000e+00	0.0000000000e+00	0.0000000000e+00	0.0000000000e+00	0.0000000000e+00	0.0000000000e+00	0.0000000000e+00	0.0000000000e+00	0.0000000000e+00
1.0551214614e+05	3.0965022312e-14	6.6208687041e-19	0.0000000000e+00	0.0000000000e+00	2.9824307308e-19	3.5891045149e-14	0.0000000000e+00	0.0000000000e+00	0.0000000000e+00	0.0000000000e+00	0.0000000000e+00	0.0000000000e+00	0.0000000000e+00	0.0000000000e+00	0.0000000000e+00	0.0000000000e+00
1.0551300510e+05	3.0935567595e-14	6.6897045240e-19	0.0000000000e+00	0.0000000000e+00	3.0244829074e-19	3.5871126007e-14	0.0000000000e+00	0.0000000000e+00	0.0000000000e+00	0.0000000000e+00	0.0000000000e+00	0.0000000000e+00	0.0000000000e+00	0.0000000000e+00	0.0000000000e+00	0.0000000000e+00
1.0551544693e+05	3.1072850438e-14	6.9223663077e-19	0.0000000000e+00	0.0000000000e+00	3.1617885163e-19	3.5814207302e-14	0.0000000000e+00	0.0000000000e+00	0.0000000000e+00	0.0000000000e+00	0.0000000000e+00	0.0000000000e+00	0.0000000000e+00	0.0000000000e+00	0.0000000000e+00	0.0000000000e+00
1.0551631584e+05	3.1042425414e-14	7.0171457597e-19	0.0000000000e+00	0.0000000000e+00	3.2165314334e-19	3.5794073831e-14	0.0000000000e+00	0.0000000000e+00	0.0000000000e+00	0.0000000000e+00	0.0000000000e+00	0.0000000000e+00	0.0000000000e+00	0.0000000000e+00	0.0000000000e+00	0.0000000000e+00
1.0551878595e+05	3.0957043318e-14	7.3346423040e-19	0.0000000000e+00	0.0000000000e+00	3.3957061717e-19	3.5738057867e-14	0.0000000000e+00	0.0000000000e+00	0.0000000000e+00	0.0000000000e+00	0.0000000000e+00	0.0000000000e+00	0.0000000000e+00	0.0000000000e+00	0.0000000000e+00	0.0000000000e+00
1.0551966492e+05	3.0927013758e-14	7.4670200466e-19	0.0000000000e+00	0.0000000000e+00	3.4690400155e-19	3.5718752871e-14	0.0000000000e+00	0.0000000000e+00	0.0000000000e+00	0.0000000000e+00	0.0000000000e+00	0.0000000000e+00	0.0000000000e+00	0.0000000000e+00	0.0000000000e+00	0.0000000000e+00
1.0552216363e+05	3.1060070892e-14	7.9067043215e-19	0.0000000000e+00	0.0000000000e+00	3.7091579921e-19	3.5666298970e-14	0.0000000000e+00	0.0000000000e+00	0.0000000000e+00	0.0000000000e+00	0.0000000000e+00	0.0000000000e+00	0.0000000000e+00	0.0000000000e+00	0.0000000000e+00	0.0000000000e+00
1.0552305278e+05	3.1028594020e-14	8.0865526913e-19	0.0000000000e+00	0.0000000000e+00	3.8064250168e-19	3.5648601094e-14	0.0000000000e+00	0.0000000000e+00	0.0000000000e+00	0.0000000000e+00	0.0000000000e+00	0.0000000000e+00	0.0000000000e+00	0.0000000000e+00	0.0000000000e+00	0.0000000000e+00
1.0552558042e+05	3.0939024861e-14	8.6930038463e-19	0.0000000000e+00	0.0000000000e+00	4.1308505758e-19	3.5601098231e-14	0.0000000000e+00	0.0000000000e+00	0.0000000000e+00	0.0000000000e+00	0.0000000000e+00	0.0000000000e+00	0.0000000000e+00	0.0000000000e+00	0.0000000000e+00	0.0000000000e+00
1.0552647987e+05	3.0906411936e-14	8.9442027299e-19	0.0000000000e+00	0.0000000000e+00	4.2643203533e-19	3.5585179505e-14	0.0000000000e+00	0.0000000000e+00	0.0000000000e+00	0.0000000000e+00	0.0000000000e+00	0.0000000000e+00	0.0000000000e+00	0.0000000000e+00	0.0000000000e+00	0.0000000000e+00
1.0552903678e+05	3.1042878143e-14	9.7865006383e-19	0.0000000000e+00	0.0000000000e+00	4.7092637262e-19	3.5542308288e-14	0.0000000000e+00	0.0000000000e+00	0.0000000000e+00	0.0000000000e+00	0.0000000000e+00	0.0000000000e+00	0.0000000000e+00	0.0000000000e+00	0.0000000000e+00	0.0000000000e+00
1.0552994664e+05	3.1009359493e-14	1.0133716300e-18	0.0000000000e+00	0.0000000000e+00	4.8921383945e-19	3.5527746949e-14	0.0000000000e+00	0.0000000000e+00	0.0000000000e+00	0.0000000000e+00	0.0000000000e+00	0.0000000000e+00	0.0000000000e+00	0.0000000000e+00	0.0000000000e+00	0.0000000000e+00
1.0553253316e+05	3.0917655257e-14	1.1300983320e-18	0.0000000000e+00	0.0000000000e+00	5.5051453740e-19	3.5487599461e-14	0.0000000000e+00	0.0000000000e+00	0.0000000000e+00	0.0000000000e+00	0.0000000000e+00	0.0000000000e+00	0.0000000000e+00	0.0000000000e+00	0.0000000000e+00	0.0000000000e+00
1.0553345355e+05	3.0885709259e-14	1.1793141273e-18	0.0000000000e+00	0.0000000000e+00	5.7630650145e-19	3.5473545340e-14	0.0000000000e+00	0.0000000000e+00	0.0000000000e+00	0.0000000000e+00	0.0000000000e+00	0.0000000000e+00	0.0000000000e+00	0.0000000000e+00	0.0000000000e+00	0.0000000000e+00
1.0553607002e+05	3.1014046008e-14	1.3383857041e-18	0.0000000000e+00	0.0000000000e+00	6.5983658803e-19	3.5433514162e-14	0.0000000000e+00	0.0000000000e+00	0.0000000000e+00	0.0000000000e+00	0.0000000000e+00	0.0000000000e+00	0.0000000000e+00	0.0000000000e+00	0.0000000000e+00	0.0000000000e+00
1.0553700107e+05	3.0983271801e-14	1.3907775131e-18	0.0000000000e+00	0.0000000000e+00	6.8778457319e-19	3.5419080416e-14	0.0000000000e+00	0.0000000000e+00	0.0000000000e+00	0.0000000000e+00	0.0000000000e+00	0.0000000000e+00	0.0000000000e+00	0.0000000000e+00	0.0000000000e+00	0.0000000000e+00
1.0553964784e+05	3.0904862991e-14	1.4737684539e-18	0.0000000000e+00	0.0000000000e+00	7.3513451948e-19	3.5377062679e-14	0.0000000000e+00	0.0000000000e+00	0.0000000000e+00	0.0000000000e+00	0.0000000000e+00	0.0000000000e+00	0.0000000000e+00	0.0000000000e+00	0.0000000000e+00	0.0000000000e+00
1.0554058968e+05	3.0849478613e-14	1.4967208116e-18	0.0000000000e+00	0.0000000000e+00	7.4883705502e-19	3.5361671082e-14	0.0000000000e+00	0.0000000000e+00	0.0000000000e+00	0.0000000000e+00	0.0000000000e+00	0.0000000000e+00	0.0000000000e+00	0.0000000000e+00	0.0000000000e+00	0.0000000000e+00
1.0554326709e+05	3.0733124388e-14	1.5757116746e-18	0.0000000000e+00	0.0000000000e+00	7.9502502476e-19	3.5316806293e-14	0.0000000000e+00	0.0000000000e+00	0.0000000000e+00	0.0000000000e+00	0.0000000000e+00	0.0000000000e+00	0.0000000000e+00	0.0000000000e+00	0.0000000000e+00	0.0000000000e+00
1.0554421983e+05	3.0745900023e-14	1.6169785124e-18	0.0000000000e+00	0.0000000000e+00	8.1825300842e-19	3.5300510271e-14	0.0000000000e+00	0.0000000000e+00	0.0000000000e+00	0.0000000000e+00	0.0000000000e+00	0.0000000000e+00	0.0000000000e+00	0.0000000000e+00	0.0000000000e+00	0.0000000000e+00
1.0554692825e+05	3.0766395616e-14	1.7265424739e-18	0.0000000000e+00	0.0000000000e+00	8.8091853943e-19	3.5253626633e-14	0.0000000000e+00	0.0000000000e+00	0.0000000000e+00	0.0000000000e+00	0.0000000000e+00	0.0000000000e+00	0.0000000000e+00	0.0000000000e+00	0.0000000000e+00	0.0000000000e+00
1.0554789202e+05	3.0722190343e-14	1.7780353110e-18	0.0000000000e+00	0.0000000000e+00	9.0980751616e-19	3.5236870127e-14	0.0000000000e+00	0.0000000000e+00	0.0000000000e+00	0.0000000000e+00	0.0000000000e+00	0.0000000000e+00	0.0000000000e+00	0.0000000000e+00	0.0000000000e+00	0.0000000000e+00
1.0555063180e+05	3.0693725991e-14	1.9393054980e-18	0.0000000000e+00	0.0000000000e+00	1.0003473636e-18	3.5189816365e-14	0.0000000000e+00	0.0000000000e+00	0.0000000000e+00	0.0000000000e+00	0.0000000000e+00	0.0000000000e+00	0.0000000000e+00	0.0000000000e+00	0.0000000000e+00	0.0000000000e+00
1.0555160673e+05	3.0608417201e-14	1.9846240095e-18	0.0000000000e+00	0.0000000000e+00	1.0266106963e-18	3.5173510960e-14	0.0000000000e+00	0.0000000000e+00	0.0000000000e+00	0.0000000000e+00	0.0000000000e+00	0.0000000000e+00	0.0000000000e+00	0.0000000000e+00	0.0000000000e+00	0.0000000000e+00
1.0555437824e+05	3.0494805865e-14	2.1987377564e-18	0.0000000000e+00	0.0000000000e+00	1.1463557010e-18	3.5129035317e-14	0.0000000000e+00	0.0000000000e+00	0.0000000000e+00	0.0000000000e+00	0.0000000000e+00	0.0000000000e+00	0.0000000000e+00	0.0000000000e+00	0.0000000000e+00	0.0000000000e+00
1.0555536446e+05	3.0706049936e-14	2.2781569046e-18	0.0000000000e+00	0.0000000000e+00	1.1910382818e-18	3.5114033871e-14	0.0000000000e+00	0.0000000000e+00	0.0000000000e+00	0.0000000000e+00	0.0000000000e+00	0.0000000000e+00	0.0000000000e+00	0.0000000000e+00	0.0000000000e+00	0.0000000000e+00
1.0555816806e+05	3.0819690088e-14	2.4744861987e-18	0.0000000000e+00	0.0000000000e+00	1.3036799385e-18	3.5073966525e-14	0.0000000000e+00	0.0000000000e+00	0.0000000000e+00	0.0000000000e+00	0.0000000000e+00	0.0000000000e+00	0.0000000000e+00	0.0000000000e+00	0.0000000000e+00	0.0000000000e+00
1.0555916570e+05	3.0766948832e-14	2.5528671922e-18	0.0000000000e+00	0.0000000000e+00	1.3486036870e-18	3.5060609637e-14	0.0000000000e+00	0.0000000000e+00	0.0000000000e+00	0.0000000000e+00	0.0000000000e+00	0.0000000000e+00	0.0000000000e+00	0.0000000000e+00	0.0000000000e+00	0.0000000000e+00
1.0556200176e+05	3.0814425365e-14	2.8726709333e-18	0.0000000000e+00	0.0000000000e+00	1.5290217885e-18	3.5024798344e-14	0.0000000000e+00	0.0000000000e+00	0.0000000000e+00	0.0000000000e+00	0.0000000000e+00	0.0000000000e+00	0.0000000000e+00	0.0000000000e+00	0.0000000000e+00	0.0000000000e+00
1.0556301095e+05	3.0988059042e-14	2.9638529109e-18	0.0000000000e+00	0.0000000000e+00	1.5817195488e-18	3.5012754860e-14	0.0000000000e+00	0.0000000000e+00	0.0000000000e+00	0.0000000000e+00	0.0000000000e+00	0.0000000000e+00	0.0000000000e+00	0.0000000000e+00	0.0000000000e+00	0.0000000000e+00
1.0556587986e+05	3.0777991550e-14	3.2525000439e-18	0.0000000000e+00	0.0000000000e+00	1.7486057515e-18	3.4979683559e-14	0.0000000000e+00	0.0000000000e+00	0.0000000000e+00	0.0000000000e+00	0.0000000000e+00	0.0000000000e+00	0.0000000000e+00	0.0000000000e+00	0.0000000000e+00	0.0000000000e+00
1.0556690074e+05	3.0685232135e-14	3.3928028046e-18	0.0000000000e+00	0.0000000000e+00	1.8287481618e-18	3.4968113234e-14	0.0000000000e+00	0.0000000000e+00	0.0000000000e+00	0.0000000000e+00	0.0000000000e+00	0.0000000000e+00	0.0000000000e+00	0.0000000000e+00	0.0000000000e+00	0.0000000000e+00
1.0556980286e+05	3.0629247630e-14	3.7961010278e-18	0.0000000000e+00	0.0000000000e+00	2.0609480814e-18	3.4935154054e-14	0.0000000000e+00	0.0000000000e+00	0.0000000000e+00	0.0000000000e+00	0.0000000000e+00	0.0000000000e+00	0.0000000000e+00	0.0000000000e+00	0.0000000000e+00	0.0000000000e+00
1.0557083556e+05	3.0544465923e-14	3.9170035909e-18	0.0000000000e+00	0.0000000000e+00	2.1319663835e-18	3.4923248449e-14	0.0000000000e+00	0.0000000000e+00	0.0000000000e+00	0.0000000000e+00	0.0000000000e+00	0.0000000000e+00	0.0000000000e+00	0.0000000000e+00	0.0000000000e+00	0.0000000000e+00
1.0557377129e+05	3.0396262352e-14	4.2921151589e-18	0.0000000000e+00	0.0000000000e+00	2.3526974104e-18	3.4888306797e-14	0.0000000000e+00	0.0000000000e+00	0.0000000000e+00	0.0000000000e+00	0.0000000000e+00	0.0000000000e+00	0.0000000000e+00	0.0000000000e+00	0.0000000000e+00	0.0000000000e+00
1.0557481594e+05	3.0380288018e-14	4.4684134664e-18	0.0000000000e+00	0.0000000000e+00	2.4554001154e-18	3.4875397795e-14	0.0000000000e+00	0.0000000000e+00	0.0000000000e+00	0.0000000000e+00	0.0000000000e+00	0.0000000000e+00	0.0000000000e+00	0.0000000000e+00	0.0000000000e+00	0.0000000000e+00
1.0557778567e+05	3.0371182675e-14	4.9180388936e-18	0.0000000000e+00	0.0000000000e+00	2.7212316143e-18	3.4837391870e-14	0.0000000000e+00	0.0000000000e+00	0.0000000000e+00	0.0000000000e+00	0.0000000000e+00	0.0000000000e+00	0.0000000000e+00	0.0000000000e+00	0.0000000000e+00	0.0000000000e+00
1.0557884242e+05	3.0399778094e-14	5.0711615404e-18	0.0000000000e+00	0.0000000000e+00	2.8127621474e-18	3.4823470261e-14	0.0000000000e+00	0.0000000000e+00	0.0000000000e+00	0.0000000000e+00	0.0000000000e+00	0.0000000000e+00	0.0000000000e+00	0.0000000000e+00	0.0000000000e+00	0.0000000000e+00
1.0558184653e+05	3.0502980212e-14	5.4702511017e-18	0.0000000000e+00	0.0000000000e+00	3.0547498756e-18	3.4783183050e-14	0.0000000000e+00	0.0000000000e+00	0.0000000000e+00	0.0000000000e+00	0.0000000000e+00	0.0000000000e+00	0.0000000000e+00	0.0000000000e+00	0.0000000000e+00	0.0000000000e+00
1.0558291552e+05	3.0534161433e-14	5.6314715501e-18	0.0000000000e+00	0.0000000000e+00	3.1522508022e-18	3.4768714642e-14	0.0000000000e+00	0.0000000000e+00	0.0000000000e+00	0.0000000000e+00	0.0000000000e+00	0.0000000000e+00	0.0000000000e+00	0.0000000000e+00	0.0000000000e+00	0.0000000000e+00
1.0558595442e+05	3.0768485303e-14	6.1368609347e-18	0.0000000000e+00	0.0000000000e+00	3.4580239765e-18	3.4727855460e-14	0.0000000000e+00	0.0000000000e+00	0.0000000000e+00	0.0000000000e+00	0.0000000000e+00	0.0000000000e+00	0.0000000000e+00	0.0000000000e+00	0.0000000000e+00	0.0000000000e+00
1.0558703579e+05	3.0763520388e-14	6.3059278486e-18	0.0000000000e+00	0.0000000000e+00	3.5615601397e-18	3.4713598733e-14	0.0000000000e+00	0.0000000000e+00	0.0000000000e+00	0.0000000000e+00	0.0000000000e+00	0.0000000000e+00	0.0000000000e+00	0.0000000000e+00	0.0000000000e+00	0.0000000000e+00
1.0559010987e+05	3.0680327298e-14	6.7144408259e-18	0.0000000000e+00	0.0000000000e+00	3.8170315193e-18	3.4674479829e-14	0.0000000000e+00	0.0000000000e+00	0.0000000000e+00	0.0000000000e+00	0.0000000000e+00	0.0000000000e+00	0.0000000000e+00	0.0000000000e+00	0.0000000000e+00	0.0000000000e+00
1.0559120376e+05	3.0621395758e-14	6.8564670685e-18	0.0000000000e+00	0.0000000000e+00	3.9066594173e-18	3.4661139291e-14	0.0000000000e+00	0.0000000000e+00	0.0000000000e+00	0.0000000000e+00	0.0000000000e+00	0.0000000000e+00	0.0000000000e+00	0.0000000000e+00	0.0000000000e+00	0.0000000000e+00
1.0559431344e+05	3.0670460726e-14	7.2463147372e-18	0.0000000000e+00	0.0000000000e+00	4.1551852835e-18	3.4624937106e-14	0.0000000000e+00	0.0000000000e+00	0.0000000000e+00	0.0000000000e+00	0.0000000000e+00	0.0000000000e+00	0.0000000000e+00	0.0000000000e+00	0.0000000000e+00	0.0000000000e+00
1.0559542000e+05	3.0595406370e-14	7.3536893712e-18	0.0000000000e+00	0.0000000000e+00	4.2261802561e-18	3.4612663853e-14	0.0000000000e+00	0.0000000000e+00	0.0000000000e+00	0.0000000000e+00	0.0000000000e+00	0.0000000000e+00	0.0000000000e+00	0.0000000000e+00	0.0000000000e+00	0.0000000000e+00
1.0559856569e+05	3.0309362917e-14	7.8137594896e-18	0.0000000000e+00	0.0000000000e+00	4.5187244342e-18	3.4579125597e-14	0.0000000000e+00	0.0000000000e+00	0.0000000000e+00	0.0000000000e+00	0.0000000000e+00	0.0000000000e+00	0.0000000000e+00	0.0000000000e+00	0.0000000000e+00	0.0000000000e+00
1.0559968506e+05	3.0409580696e-14	7.9432244783e-18	0.0000000000e+00	0.0000000000e+00	4.6036576441e-18	3.4567612303e-14	0.0000000000e+00	0.0000000000e+00	0.0000000000e+00	0.0000000000e+00	0.0000000000e+00	0.0000000000e+00	0.0000000000e+00	0.0000000000e+00	0.0000000000e+00	0.0000000000e+00
1.0560286718e+05	3.0168608125e-14	8.2939296160e-18	0.0000000000e+00	0.0000000000e+00	4.8364442904e-18	3.4535138262e-14	0.0000000000e+00	0.0000000000e+00	0.0000000000e+00	0.0000000000e+00	0.0000000000e+00	0.0000000000e+00	0.0000000000e+00	0.0000000000e+00	0.0000000000e+00	0.0000000000e+00
1.0560399951e+05	3.0098136800e-14	8.4316499665e-18	0.0000000000e+00	0.0000000000e+00	4.9273129015e-18	3.4523509407e-14	0.0000000000e+00	0.0000000000e+00	0.0000000000e+00	0.0000000000e+00	0.0000000000e+00	0.0000000000e+00	0.0000000000e+00	0.0000000000e+00	0.0000000000e+00	0.0000000000e+00
1.0560721847e+05	3.0140369332e-14	8.8661096030e-18	0.0000000000e+00	0.0000000000e+00	5.2124078315e-18	3.4489717302e-14	0.0000000000e+00	0.0000000000e+00	0.0000000000e+00	0.0000000000e+00	0.0000000000e+00	0.0000000000e+00	0.0000000000e+00	0.0000000000e+00	0.0000000000e+00	0.0000000000e+00
1.0560836392e+05	3.0101043543e-14	9.0255474236e-18	0.0000000000e+00	0.0000000000e+00	5.3173157779e-18	3.4477289559e-14	0.0000000000e+00	0.0000000000e+00	0.0000000000e+00	0.0000000000e+00	0.0000000000e+00	0.0000000000e+00	0.0000000000e+00	0.0000000000e+00	0.0000000000e+00	0.0000000000e+00
1.0561162015e+05	3.0010819979e-14	9.5471276001e-18	0.0000000000e+00	0.0000000000e+00	5.6578161061e-18	3.4440610937e-14	0.0000000000e+00	0.0000000000e+00	0.0000000000e+00	0.0000000000e+00	0.0000000000e+00	0.0000000000e+00	0.0000000000e+00	0.0000000000e+00	0.0000000000e+00	0.0000000000e+00
1.0561277886e+05	2.9988076002e-14	1.0070107851e-17	0.0000000000e+00	0.0000000000e+00	5.9800690766e-18	3.4427003811e-14	0.0000000000e+00	0.0000000000e+00	0.0000000000e+00	0.0000000000e+00	0.0000000000e+00	0.0000000000e+00	0.0000000000e+00	0.0000000000e+00	0.0000000000e+00	0.0000000000e+00
1.0561607280e+05	3.0178627710e-14	9.7789379995e-18	0.0000000000e+00	0.0000000000e+00	5.8407930895e-18	3.4387344875e-14	0.0000000000e+00	0.0000000000e+00	0.0000000000e+00	0.0000000000e+00	0.0000000000e+00	0.0000000000e+00	0.0000000000e+00	0.0000000000e+00	0.0000000000e+00	0.0000000000e+00
1.0561724493e+05	3.0185406371e-14	9.9763301890e-18	0.0000000000e+00	0.0000000000e+00	5.9707621051e-18	3.4372896542e-14	0.0000000000e+00	0.0000000000e+00	0.0000000000e+00	0.0000000000e+00	0.0000000000e+00	0.0000000000e+00	0.0000000000e+00	0.0000000000e+00	0.0000000000e+00	0.0000000000e+00
1.0562057701e+05	3.0243129530e-14	1.0536518387e-17	0.0000000000e+00	0.0000000000e+00	6.3418548647e-18	3.4331533859e-14	0.0000000000e+00	0.0000000000e+00	0.0000000000e+00	0.0000000000e+00	0.0000000000e+00	0.0000000000e+00	0.0000000000e+00	0.0000000000e+00	0.0000000000e+00	0.0000000000e+00
1.0562176271e+05	3.0267005535e-14	1.0738331794e-17	0.0000000000e+00	0.0000000000e+00	6.4761681326e-18	3.4316885318e-14	0.0000000000e+00	0.0000000000e+00	0.0000000000e+00	0.0000000000e+00	0.0000000000e+00	0.0000000000e+00	0.0000000000e+00	0.0000000000e+00	0.0000000000e+00	0.0000000000e+00
1.0562513337e+05	3.0511790780e-14	1.1330859996e-17	0.0000000000e+00	0.0000000000e+00	6.8715991896e-18	3.4277220248e-14	0.0000000000e+00	0.0000000000e+00	0.0000000000e+00	0.0000000000e+00	0.0000000000e+00	0.0000000000e+00	0.0000000000e+00	0.0000000000e+00	0.0000000000e+00	0.0000000000e+00
1.0562633280e+05	3.0526808496e-14	1.1560875961e-17	0.0000000000e+00	0.0000000000e+00	7.0247610799e-18	3.4263369268e-14	0.0000000000e+00	0.0000000000e+00	0.0000000000e+00	0.0000000000e+00	0.0000000000e+00	0.0000000000e+00	0.0000000000e+00	0.0000000000e+00	0.0000000000e+00	0.0000000000e+00
1.0562974250e+05	3.0740358711e-14	1.2358135060e-17	0.0000000000e+00	0.0000000000e+00	7.5502626137e-18	3.4226446147e-14	0.0000000000e+00	0.0000000000e+00	0.0000000000e+00	0.0000000000e+00	0.0000000000e+00	0.0000000000e+00	0.0000000000e+00	0.0000000000e+00	0.0000000000e+00	0.0000000000e+00
1.0563095582e+05	3.0762655767e-14	1.2754837756e-17	0.0000000000e+00	0.0000000000e+00	7.8075378065e-18	3.4213766050e-14	0.0000000000e+00	0.0000000000e+00	0.0000000000e+00	0.0000000000e+00	0.0000000000e+00	0.0000000000e+00	0.0000000000e+00	0.0000000000e+00	0.0000000000e+00	0.0000000000e+00
1.0563440500e+05	3.0673562467e-14	1.2649724181e-17	0.0000000000e+00	0.0000000000e+00	7.7847442159e-18	3.4179420752e-14	0.0000000000e+00	0.0000000000e+00	0.0000000000e+00	0.0000000000e+00	0.0000000000e+00	0.0000000000e+00	0.0000000000e+00	0.0000000000e+00	0.0000000000e+00	0.0000000000e+00
1.0563563236e+05	3.0576640564e-14	1.3147465373e-17	0.0000000000e+00	0.0000000000e+00	8.1062489898e-18	3.4167730064e-14	0.0000000000e+00	0.0000000000e+00	0.0000000000e+00	0.0000000000e+00	0.0000000000e+00	0.0000000000e+00	0.0000000000e+00	0.0000000000e+00	0.0000000000e+00	0.0000000000e+00
1.0563912148e+05	3.0611495151e-14	1.4262772665e-17	0.0000000000e+00	0.0000000000e+00	8.8402177355e-18	3.4136371981e-14	0.0000000000e+00	0.0000000000e+00	0.0000000000e+00	0.0000000000e+00	0.0000000000e+00	0.0000000000e+00	0.0000000000e+00	0.0000000000e+00	0.0000000000e+00	0.0000000000e+00
1.0564036306e+05	3.0552116065e-14	1.4644279045e-17	0.0000000000e+00	0.0000000000e+00	9.0934059437e-18	3.4125009730e-14	0.0000000000e+00	0.0000000000e+00	0.0000000000e+00	0.0000000000e+00	0.0000000000e+00	0.0000000000e+00	0.0000000000e+00	0.0000000000e+00	0.0000000000e+00	0.0000000000e+00
1.0564389258e+05	3.0366595742e-14	1.5801030531e-17	0.0000000000e+00	0.0000000000e+00	9.8624122309e-18	3.4092068041e-14	0.0000000000e+00	0.0000000000e+00	0.0000000000e+00	0.0000000000e+00	0.0000000000e+00	0.0000000000e+00	0.0000000000e+00	0.0000000000e+00	0.0000000000e+00	0.0000000000e+00
1.0564514854e+05	3.0298029135e-14	1.6250780027e-17	0.0000000000e+00	0.0000000000e+00	1.0161478006e-17	3.4079936811e-14	0.0000000000e+00	0.0000000000e+00	0.0000000000e+00	0.0000000000e+00	0.0000000000e+00	0.0000000000e+00	0.0000000000e+00	0.0000000000e+00	0.0000000000e+00	0.0000000000e+00
1.0564871893e+05	3.0300511698e-14	1.7680267031e-17	0.0000000000e+00	0.0000000000e+00	1.1111424969e-17	3.4046545697e-14	0.0000000000e+00	0.0000000000e+00	0.0000000000e+00	0.0000000000e+00	0.0000000000e+00	0.0000000000e+00	0.0000000000e+00	0.0000000000e+00	0.0000000000e+00	0.0000000000e+00
1.0564998943e+05	3.0252307839e-14	1.8267777674e-17	0.0000000000e+00	0.0000000000e+00	1.1501044982e-17	3.4033569279e-14	0.0000000000e+00	0.0000000000e+00	0.0000000000e+00	0.0000000000e+00	0.0000000000e+00	0.0000000000e+00	0.0000000000e+00	0.0000000000e+00	0.0000000000e+00	0.0000000000e+00
1.0565360116e+05	3.0040473798e-14	1.9424687623e-17	0.0000000000e+00	0.0000000000e+00	1.2290343666e-17	3.3994590525e-14	0.0000000000e+00	0.0000000000e+00	0.0000000000e+00	0.0000000000e+00	0.0000000000e+00	0.0000000000e+00	0.0000000000e+00	0.0000000000e+00	0.0000000000e+00	0.0000000000e+00
1.0565488637e+05	2.9596487094e-14	1.8680940180e-17	0.0000000000e+00	0.0000000000e+00	1.1840374249e-17	3.3981408754e-14	0.0000000000e+00	0.0000000000e+00	0.0000000000e+00	0.0000000000e+00	0.0000000000e+00	0.0000000000e+00	0.0000000000e+00	0.0000000000e+00	0.0000000000e+00	0.0000000000e+00
1.0565853993e+05	2.9488645570e-14	2.0837891020e-17	0.0000000000e+00	0.0000000000e+00	1.3272110083e-17	3.3940800482e-14	0.0000000000e+00	0.0000000000e+00	0.0000000000e+00	0.0000000000e+00	0.0000000000e+00	0.0000000000e+00	0.0000000000e+00	0.0000000000e+00	0.0000000000e+00	0.0000000000e+00
1.0565984002e+05	2.9451416283e-14	2.1554306690e-17	0.0000000000e+00	0.0000000000e+00	1.3751921958e-17	3.3925816289e-14	0.0000000000e+00	0.0000000000e+00	0.0000000000e+00	0.0000000000e+00	0.0000000000e+00	0.0000000000e+00	0.0000000000e+00	0.0000000000e+00	0.0000000000e+00	0.0000000000e+00
1.0566353588e+05	2.9521292716e-14	2.3563231130e-17	0.0000000000e+00	0.0000000000e+00	1.5105870627e-17	3.3892821632e-14	0.0000000000e+00	0.0000000000e+00	0.0000000000e+00	0.0000000000e+00	0.0000000000e+00	0.0000000000e+00	0.0000000000e+00	0.0000000000e+00	0.0000000000e+00	0.0000000000e+00
1.0566485103e+05	2.9484652011e-14	2.4293905091e-17	0.0000000000e+00	0.0000000000e+00	1.5600485654e-17	3.3878985381e-14	0.0000000000e+00	0.0000000000e+00	0.0000000000e+00	0.0000000000e+00	0.0000000000e+00	0.0000000000e+00	0.0000000000e+00	0.0000000000e+00	0.0000000000e+00	0.0000000000e+00
1.0566858969e+05	2.9393892302e-14	2.6465074466e-17	0.0000000000e+00	0.0000000000e+00	1.7074911698e-17	3.3839595002e-14	0.0000000000e+00	0.0000000000e+00	0.0000000000e+00	0.0000000000e+00	0.0000000000e+00	0.0000000000e+00	0.0000000000e+00	0.0000000000e+00	0.0000000000e+00	0.0000000000e+00
1.0566992006e+05	2.9362014988e-14	2.7279178659e-17	0.0000000000e+00	0.0000000000e+00	1.7629239095e-17	3.3825342372e-14	0.0000000000e+00	0.0000000000e+00	0.0000000000e+00	0.0000000000e+00	0.0000000000e+00	0.0000000000e+00	0.0000000000e+00	0.0000000000e+00	0.0000000000e+00	0.0000000000e+00
1.0567370201e+05	2.9308617655e-14	2.9264092746e-17	0.0000000000e+00	0.0000000000e+00	1.8999657376e-17	3.3799572154e-14	0.0000000000e+00	0.0000000000e+00	0.0000000000e+00	0.0000000000e+00	0.0000000000e+00	0.0000000000e+00	0.0000000000e+00	0.0000000000e+00	0.0000000000e+00	0.0000000000e+00
1.0567504779e+05	2.9066820885e-14	2.8917726622e-17	0.0000000000e+00	0.0000000000e+00	1.8805251852e-17	3.3787079800e-14	0.0000000000e+00	0.0000000000e+00	0.0000000000e+00	0.0000000000e+00	0.0000000000e+00	0.0000000000e+00	0.0000000000e+00	0.0000000000e+00	0.0000000000e+00	0.0000000000e+00
1.0567887353e+05	2.9391348288e-14	3.0412913253e-17	0.0000000000e+00	0.0000000000e+00	1.9867635499e-17	3.3764236525e-14	0.0000000000e+00	0.0000000000e+00	0.0000000000e+00	0.0000000000e+00	0.0000000000e+00	0.0000000000e+00	0.0000000000e+00	0.0000000000e+00	0.0000000000e+00	0.0000000000e+00
1.0568023490e+05	2.9457907168e-14	3.1546186057e-17	0.0000000000e+00	0.0000000000e+00	2.0640822115e-17	3.3751939899e-14	0.0000000000e+00	0.0000000000e+00	0.0000000000e+00	0.0000000000e+00	0.0000000000e+00	0.0000000000e+00	0.0000000000e+00	0.0000000000e+00	0.0000000000e+00	0.0000000000e+00
1.0568410494e+05	2.9537483236e-14	3.4456317287e-17	0.0000000000e+00	0.0000000000e+00	2.2645801678e-17	3.3713878208e-14	0.0000000000e+00	0.0000000000e+00	0.0000000000e+00	0.0000000000e+00	0.0000000000e+00	0.0000000000e+00	0.0000000000e+00	0.0000000000e+00	0.0000000000e+00	0.0000000000e+00
1.0568548207e+05	2.9547972707e-14	3.5442618849e-17	0.0000000000e+00	0.0000000000e+00	2.3330528335e-17	3.3698964477e-14	0.0000000000e+00	0.0000000000e+00	0.0000000000e+00	0.0000000000e+00	0.0000000000e+00	0.0000000000e+00	0.0000000000e+00	0.0000000000e+00	0.0000000000e+00	0.0000000000e+00
1.0568939693e+05	2.9719323233e-14	3.8206725571e-17	0.0000000000e+00	0.0000000000e+00	2.5260599886e-17	3.3672302387e-14	0.0000000000e+00	0.0000000000e+00	0.0000000000e+00	0.0000000000e+00	0.0000000000e+00	0.0000000000e+00	0.0000000000e+00	0.0000000000e+00	0.0000000000e+00	0.0000000000e+00
1.0569079000e+05	2.9697847117e-14	3.9163907388e-17	0.0000000000e+00	0.0000000000e+00	2.5933314133e-17	3.3656933699e-14	0.0000000000e+00	0.0000000000e+00	0.0000000000e+00	0.0000000000e+00	0.0000000000e+00	0.0000000000e+00	0.0000000000e+00	0.0000000000e+00	0.0000000000e+00	0.0000000000e+00
1.0569475019e+05	2.9546855738e-14	4.1265879364e-17	0.0000000000e+00	0.0000000000e+00	2.7443235960e-17	3.3609383987e-14	0.0000000000e+00	0.0000000000e+00	0.0000000000e+00	0.0000000000e+00	0.0000000000e+00	0.0000000000e+00	0.0000000000e+00	0.0000000000e+00	0.0000000000e+00	0.0000000000e+00
1.0569615939e+05	2.9496322132e-14	4.1331096348e-17	0.0000000000e+00	0.0000000000e+00	2.7528199931e-17	3.3591569088e-14	0.0000000000e+00	0.0000000000e+00	0.0000000000e+00	0.0000000000e+00	0.0000000000e+00	0.0000000000e+00	0.0000000000e+00	0.0000000000e+00	0.0000000000e+00	0.0000000000e+00
1.0570016544e+05	2.9826783947e-14	4.2173005323e-17	0.0000000000e+00	0.0000000000e+00	2.8208210774e-17	3.3538602868e-14	0.0000000000e+00	0.0000000000e+00	0.0000000000e+00	0.0000000000e+00	0.0000000000e+00	0.0000000000e+00	0.0000000000e+00	0.0000000000e+00	0.0000000000e+00	0.0000000000e+00
1.0570159096e+05	2.9918767566e-14	4.3534710298e-17	0.0000000000e+00	0.0000000000e+00	2.9162321335e-17	3.3517185931e-14	0.0000000000e+00	0.0000000000e+00	0.0000000000e+00	0.0000000000e+00	0.0000000000e+00	0.0000000000e+00	0.0000000000e+00	0.0000000000e+00	0.0000000000e+00	0.0000000000e+00
1.0570564339e+05	3.0146229634e-14	4.7332609011e-17	0.0000000000e+00	0.0000000000e+00	3.1838719887e-17	3.3500422093e-14	0.0000000000e+00	0.0000000000e+00	0.0000000000e+00	0.0000000000e+00	0.0000000000e+00	0.0000000000e+00	0.0000000000e+00	0.0000000000e+00	0.0000000000e+00	0.0000000000e+00
1.0570708542e+05	3.0130788175e-14	4.8550914947e-17	0.0000000000e+00	0.0000000000e+00	3.2705970460e-17	3.3480701136e-14	0.0000000000e+00	0.0000000000e+00	0.0000000000e+00	0.0000000000e+00	0.0000000000e+00	0.0000000000e+00	0.0000000000e+00	0.0000000000e+00	0.0000000000e+00	0.0000000000e+00
1.0571118478e+05	3.0050877173e-14	5.1707371710e-17	0.0000000000e+00	0.0000000000e+00	3.4975194208e-17	3.3420416390e-14	0.0000000000e+00	0.0000000000e+00	0.0000000000e+00	0.0000000000e+00	0.0000000000e+00	0.0000000000e+00	0.0000000000e+00	0.0000000000e+00	0.0000000000e+00	0.0000000000e+00
1.0571264351e+05	3.0196346262e-14	5.2694272202e-17	0.0000000000e+00	0.0000000000e+00	3.5693967170e-17	3.3445817172e-14	0.0000000000e+00	0.0000000000e+00	0.0000000000e+00	0.0000000000e+00	0.0000000000e+00	0.0000000000e+00	0.0000000000e+00	0.0000000000e+00	0.0000000000e+00	0.0000000000e+00
1.0571679033e+05	3.0140595597e-14	5.4588518584e-17	0.0000000000e+00	0.0000000000e+00	3.7126224070e-17	3.3391736931e-14	0.0000000000e+00	0.0000000000e+00	0.0000000000e+00	0.0000000000e+00	0.0000000000e+00	0.0000000000e+00	0.0000000000e+00	0.0000000000e+00	0.0000000000e+00	0.0000000000e+00
1.0571826595e+05	3.0173892145e-14	5.4732743908e-17	0.0000000000e+00	0.0000000000e+00	3.7276913076e-17	3.3371240439e-14	0.0000000000e+00	0.0000000000e+00	0.0000000000e+00	0.0000000000e+00	0.0000000000e+00	0.0000000000e+00	0.0000000000e+00	0.0000000000e+00	0.0000000000e+00	0.0000000000e+00
1.0572246080e+05	3.0582010860e-14	5.5481440079e-17	0.0000000000e+00	0.0000000000e+00	3.7936668228e-17	3.3365566016e-14	0.0000000000e+00	0.0000000000e+00	0.0000000000e+00	0.0000000000e+00	0.0000000000e+00	0.0000000000e+00	0.0000000000e+00	0.0000000000e+00	0.0000000000e+00	0.0000000000e+00
1.0572395350e+05	3.0600322511e-14	5.6692205628e-17	0.0000000000e+00	0.0000000000e+00	3.8818415384e-17	3.3345705823e-14	0.0000000000e+00	0.0000000000e+00	0.0000000000e+00	0.0000000000e+00	0.0000000000e+00	0.0000000000e+00	0.0000000000e+00	0.0000000000e+00	0.0000000000e+00	0.0000000000e+00
1.0572819692e+05	3.0463585922e-14	6.1010753236e-17	0.0000000000e+00	0.0000000000e+00	4.1938307549e-17	3.3280105896e-14	0.0000000000e+00	0.0000000000e+00	0.0000000000e+00	0.0000000000e+00	0.0000000000e+00	0.0000000000e+00	0.0000000000e+00	0.0000000000e+00	0.0000000000e+00	0.0000000000e+00
1.0572970691e+05	3.0573924123e-14	6.2443848184e-17	0.0000000000e+00	0.0000000000e+00	4.2982050097e-17	3.3310391555e-14	0.0000000000e+00	0.0000000000e+00	0.0000000000e+00	0.0000000000e+00	0.0000000000e+00	0.0000000000e+00	0.0000000000e+00	0.0000000000e+00	0.0000000000e+00	0.0000000000e+00
1.0573399946e+05	3.0408382045e-14	6.5883946496e-17	0.0000000000e+00	0.0000000000e+00	4.5523860603e-17	3.3246552337e-14	0.0000000000e+00	0.0000000000e+00	0.0000000000e+00	0.0000000000e+00	0.0000000000e+00	0.0000000000e+00	0.0000000000e+00	0.0000000000e+00	0.0000000000e+00	0.0000000000e+00
1.0573552694e+05	3.0365998985e-14	6.6838304747e-17	0.0000000000e+00	0.0000000000e+00	4.6245346950e-17	3.3221829583e-14	0.0000000000e+00	0.0000000000e+00	0.0000000000e+00	0.0000000000e+00	0.0000000000e+00	0.0000000000e+00	0.0000000000e+00	0.0000000000e+00	0.0000000000e+00	0.0000000000e+00
1.0573986920e+05	3.0319708789e-14	6.8480920828e-17	0.0000000000e+00	0.0000000000e+00	4.7560539739e-17	3.3146914736e-14	0.0000000000e+00	0.0000000000e+00	0.0000000000e+00	0.0000000000e+00	0.0000000000e+00	0.0000000000e+00	0.0000000000e+00	0.0000000000e+00	0.0000000000e+00	0.0000000000e+00
1.0574141436e+05	3.0326844588e-14	6.8689897825e-17	0.0000000000e+00	0.0000000000e+00	4.7768717938e-17	3.3118967830e-14	0.0000000000e+00	0.0000000000e+00	0.0000000000e+00	0.0000000000e+00	0.0000000000e+00	0.0000000000e+00	0.0000000000e+00	0.0000000000e+00	0.0000000000e+00	0.0000000000e+00
1.0574580690e+05	3.0283240719e-14	6.9791124308e-17	0.0000000000e+00	0.0000000000e+00	4.8714541716e-17	3.3035405587e-14	0.0000000000e+00	0.0000000000e+00	0.0000000000e+00	0.0000000000e+00	0.0000000000e+00	0.0000000000e+00	0.0000000000e+00	0.0000000000e+00	0.0000000000e+00	0.0000000000e+00
1.0574736996e+05	3.0389680129e-14	7.0880382997e-17	0.0000000000e+00	0.0000000000e+00	4.9539157295e-17	3.3097989244e-14	0.0000000000e+00	0.0000000000e+00	0.0000000000e+00	0.0000000000e+00	0.0000000000e+00	0.0000000000e+00	0.0000000000e+00	0.0000000000e+00	0.0000000000e+00	0.0000000000e+00
1.0575181336e+05	3.0100988332e-14	7.5245343603e-17	0.0000000000e+00	0.0000000000e+00	5.2781729508e-17	3.3016318832e-14	0.0000000000e+00	0.0000000000e+00	0.0000000000e+00	0.0000000000e+00	0.0000000000e+00	0.0000000000e+00	0.0000000000e+00	0.0000000000e+00	0.0000000000e+00	0.0000000000e+00
1.0575339452e+05	3.0003011569e-14	7.6811003137e-17	0.0000000000e+00	0.0000000000e+00	5.3948870487e-17	3.2985334983e-14	0.0000000000e+00	0.0000000000e+00	0.0000000000e+00	0.0000000000e+00	0.0000000000e+00	0.0000000000e+00	0.0000000000e+00	0.0000000000e+00	0.0000000000e+00	0.0000000000e+00
1.0575788937e+05	2.9961136287e-14	8.0490232799e-17	0.0000000000e+00	0.0000000000e+00	5.6735881030e-17	3.2995651651e-14	0.0000000000e+00	0.0000000000e+00	0.0000000000e+00	0.0000000000e+00	0.0000000000e+00	0.0000000000e+00	0.0000000000e+00	0.0000000000e+00	0.0000000000e+00	0.0000000000e+00
1.0575948883e+05	2.9901695591e-14	8.1454322150e-17	0.0000000000e+00	0.0000000000e+00	5.7487666435e-17	3.2966630608e-14	0.0000000000e+00	0.0000000000e+00	0.0000000000e+00	0.0000000000e+00	0.0000000000e+00	0.0000000000e+00	0.0000000000e+00	0.0000000000e+00	0.0000000000e+00	0.0000000000e+00
1.0576403574e+05	2.9753411198e-14	8.3178789251e-17	0.0000000000e+00	0.0000000000e+00	5.8911984576e-17	3.2880210024e-14	0.0000000000e+00	0.0000000000e+00	0.0000000000e+00	0.0000000000e+00	0.0000000000e+00	0.0000000000e+00	0.0000000000e+00	0.0000000000e+00	0.0000000000e+00	0.0000000000e+00
1.0576565372e+05	2.9869708684e-14	8.3558772922e-17	0.0000000000e+00	0.0000000000e+00	5.9254347582e-17	3.2948513568e-14	0.0000000000e+00	0.0000000000e+00	0.0000000000e+00	0.0000000000e+00	0.0000000000e+00	0.0000000000e+00	0.0000000000e+00	0.0000000000e+00	0.0000000000e+00	0.0000000000e+00
1.0577025328e+05	2.9615821152e-14	8.5273045903e-17	0.0000000000e+00	0.0000000000e+00	6.0680030828e-17	3.2864830596e-14	0.0000000000e+00	0.0000000000e+00	0.0000000000e+00	0.0000000000e+00	0.0000000000e+00	0.0000000000e+00	0.0000000000e+00	0.0000000000e+00	0.0000000000e+00	0.0000000000e+00
1.0577189000e+05	2.9499970896e-14	8.6412546458e-17	0.0000000000e+00	0.0000000000e+00	6.1565766913e-17	3.2832542753e-14	0.0000000000e+00	0.0000000000e+00	0.0000000000e+00	0.0000000000e+00	0.0000000000e+00	0.0000000000e+00	0.0000000000e+00	0.0000000000e+00	0.0000000000e+00	0.0000000000e+00
1.0577654281e+05	2.9352570298e-14	9.0800915160e-17	0.0000000000e+00	0.0000000000e+00	6.4913408377e-17	3.2841488126e-14	0.0000000000e+00	0.0000000000e+00	0.0000000000e+00	0.0000000000e+00	0.0000000000e+00	0.0000000000e+00	0.0000000000e+00	0.0000000000e+00	0.0000000000e+00	0.0000000000e+00
1.0577819848e+05	2.9253784291e-14	9.2438500260e-17	0.0000000000e+00	0.0000000000e+00	6.6163290359e-17	3.2809174078e-14	0.0000000000e+00	0.0000000000e+00	0.0000000000e+00	0.0000000000e+00	0.0000000000e+00	0.0000000000e+00	0.0000000000e+00	0.0000000000e+00	0.0000000000e+00	0.0000000000e+00
1.0578290517e+05	2.9019000323e-14	9.6374825266e-17	0.0000000000e+00	0.0000000000e+00	6.9212709012e-17	3.2714649048e-14	0.0000000000e+00	0.0000000000e+00	0.0000000000e+00	0.0000000000e+00	0.0000000000e+00	0.0000000000e+00	0.0000000000e+00	0.0000000000e+00	0.0000000000e+00	0.0000000000e+00
1.0578458002e+05	2.8944196355e-14	9.7431387807e-17	0.0000000000e+00	0.0000000000e+00	7.0053988395e-17	3.2680693804e-14	0.0000000000e+00	0.0000000000e+00	0.0000000000e+00	0.0000000000e+00	0.0000000000e+00	0.0000000000e+00	0.0000000000e+00	0.0000000000e+00	0.0000000000e+00	0.0000000000e+00
1.0578934121e+05	2.8721803185e-14	9.9617444480e-17	0.0000000000e+00	0.0000000000e+00	7.1862817397e-17	3.2584766393e-14	0.0000000000e+00	0.0000000000e+00	0.0000000000e+00	0.0000000000e+00	0.0000000000e+00	0.0000000000e+00	0.0000000000e+00	0.0000000000e+00	0.0000000000e+00	0.0000000000e+00
1.0579103545e+05	2.8632949525e-14	1.0027744877e-16	0.0000000000e+00	0.0000000000e+00	7.2422871010e-17	3.2550933494e-14	0.0000000000e+00	0.0000000000e+00	0.0000000000e+00	0.0000000000e+00	0.0000000000e+00	0.0000000000e+00	0.0000000000e+00	0.0000000000e+00	0.0000000000e+00	0.0000000000e+00
1.0579585177e+05	2.8530180501e-14	1.0278657058e-16	0.0000000000e+00	0.0000000000e+00	7.4476798279e-17	3.2573074242e-14	0.0000000000e+00	0.0000000000e+00	0.0000000000e+00	0.0000000000e+00	0.0000000000e+00	0.0000000000e+00	0.0000000000e+00	0.0000000000e+00	0.0000000000e+00	0.0000000000e+00
1.0579756563e+05	2.8432073810e-14	1.0407337703e-16	0.0000000000e+00	0.0000000000e+00	7.5495303432e-17	3.2539070346e-14	0.0000000000e+00	0.0000000000e+00	0.0000000000e+00	0.0000000000e+00	0.0000000000e+00	0.0000000000e+00	0.0000000000e+00	0.0000000000e+00	0.0000000000e+00	0.0000000000e+00
1.0580243772e+05	2.8365171164e-14	1.0860978181e-16	0.0000000000e+00	0.0000000000e+00	7.9038582312e-17	3.2556263464e-14	0.0000000000e+00	0.0000000000e+00	0.0000000000e+00	0.0000000000e+00	0.0000000000e+00	0.0000000000e+00	0.0000000000e+00	0.0000000000e+00	0.0000000000e+00	0.0000000000e+00
1.0580417143e+05	2.8294787789e-14	1.1030869045e-16	0.0000000000e+00	0.0000000000e+00	8.0365158051e-17	3.2521611918e-14	0.0000000000e+00	0.0000000000e+00	0.0000000000e+00	0.0000000000e+00	0.0000000000e+00	0.0000000000e+00	0.0000000000e+00	0.0000000000e+00	0.0000000000e+00	0.0000000000e+00
1.0580909994e+05	2.8123223240e-14	1.1460757596e-16	0.0000000000e+00	0.0000000000e+00	8.3760548011e-17	3.2422290524e-14	0.0000000000e+00	0.0000000000e+00	0.0000000000e+00	0.0000000000e+00	0.0000000000e+00	0.0000000000e+00	0.0000000000e+00	0.0000000000e+00	0.0000000000e+00	0.0000000000e+00
1.0581085371e+05	2.8066637631e-14	1.1586855587e-16	0.0000000000e+00	0.0000000000e+00	8.4775822867e-17	3.2387096482e-14	0.0000000000e+00	0.0000000000e+00	0.0000000000e+00	0.0000000000e+00	0.0000000000e+00	0.0000000000e+00	0.0000000000e+00	0.0000000000e+00	0.0000000000e+00	0.0000000000e+00
1.0581583929e+05	2.8077361869e-14	1.1888287408e-16	0.0000000000e+00	0.0000000000e+00	8.7251409859e-17	3.2403459542e-14	0.0000000000e+00	0.0000000000e+00	0.0000000000e+00	0.0000000000e+00	0.0000000000e+00	0.0000000000e+00	0.0000000000e+00	0.0000000000e+00	0.0000000000e+00	0.0000000000e+00
1.0581761338e+05	2.8020318378e-14	1.1990345656e-16	0.0000000000e+00	0.0000000000e+00	8.8096288293e-17	3.2368684207e-14	0.0000000000e+00	0.0000000000e+00	0.0000000000e+00	0.0000000000e+00	0.0000000000e+00	0.0000000000e+00	0.0000000000e+00	0.0000000000e+00	0.0000000000e+00	0.0000000000e+00
1.0582265669e+05	2.8047487178e-14	1.2331284472e-16	0.0000000000e+00	0.0000000000e+00	9.0878261871e-17	3.2383630231e-14	0.0000000000e+00	0.0000000000e+00	0.0000000000e+00	0.0000000000e+00	0.0000000000e+00	0.0000000000e+00	0.0000000000e+00	0.0000000000e+00	0.0000000000e+00	0.0000000000e+00
1.0582445132e+05	2.8005990285e-14	1.2479592355e-16	0.0000000000e+00	0.0000000000e+00	9.2069865025e-17	3.2348924464e-14	0.0000000000e+00	0.0000000000e+00	0.0000000000e+00	0.0000000000e+00	0.0000000000e+00	0.0000000000e+00	0.0000000000e+00	0.0000000000e+00	0.0000000000e+00	0.0000000000e+00
1.0582955303e+05	2.7922856190e-14	1.2960181944e-16	0.0000000000e+00	0.0000000000e+00	9.5903278416e-17	3.2250638734e-14	0.0000000000e+00	0.0000000000e+00	0.0000000000e+00	0.0000000000e+00	0.0000000000e+00	0.0000000000e+00	0.0000000000e+00	0.0000000000e+00	0.0000000000e+00	0.0000000000e+00
1.0583136844e+05	2.7904027847e-14	1.3138056378e-16	0.0000000000e+00	0.0000000000e+00	9.7322149452e-17	3.2216125414e-14	0.0000000000e+00	0.0000000000e+00	0.0000000000e+00	0.0000000000e+00	0.0000000000e+00	0.0000000000e+00	0.0000000000e+00	0.0000000000e+00	0.0000000000e+00	0.0000000000e+00
1.0583652922e+05	2.7870162143e-14	1.3611252935e-16	0.0000000000e+00	0.0000000000e+00	1.0112622221e-16	3.2120001562e-14	0.0000000000e+00	0.0000000000e+00	0.0000000000e+00	0.0000000000e+00	0.0000000000e+00	0.0000000000e+00	0.0000000000e+00	0.0000000000e+00	0.0000000000e+00	0.0000000000e+00
1.0583836565e+05	2.7863010482e-14	1.3762195125e-16	0.0000000000e+00	0.0000000000e+00	1.0235393644e-16	3.2086449800e-14	0.0000000000e+00	0.0000000000e+00	0.0000000000e+00	0.0000000000e+00	0.0000000000e+00	0.0000000000e+00	0.0000000000e+00	0.0000000000e+00	0.0000000000e+00	0.0000000000e+00
1.0584358619e+05	2.8019513028e-14	1.4156103076e-16	0.0000000000e+00	0.0000000000e+00	1.0559075923e-16	3.2102340797e-14	0.0000000000e+00	0.0000000000e+00	0.0000000000e+00	0.0000000000e+00	0.0000000000e+00	0.0000000000e+00	0.0000000000e+00	0.0000000000e+00	0.0000000000e+00	0.0000000000e+00
1.0584544389e+05	2.8021394382e-14	1.4294339788e-16	0.0000000000e+00	0.0000000000e+00	1.0673098989e-16	3.2068682227e-14	0.0000000000e+00	0.0000000000e+00	0.0000000000e+00	0.0000000000e+00	0.0000000000e+00	0.0000000000e+00	0.0000000000e+00	0.0000000000e+00	0.0000000000e+00	0.0000000000e+00
1.0585072488e+05	2.8215154993e-14	1.4723151288e-16	0.0000000000e+00	0.0000000000e+00	1.1024862893e-16	3.2081680401e-14	0.0000000000e+00	0.0000000000e+00	0.0000000000e+00	0.0000000000e+00	0.0000000000e+00	0.0000000000e+00	0.0000000000e+00	0.0000000000e+00	0.0000000000e+00	0.0000000000e+00
1.0585260409e+05	2.8232452125e-14	1.4892973762e-16	0.0000000000e+00	0.0000000000e+00	1.1163266658e-16	3.2047205199e-14	0.0000000000e+00	0.0000000000e+00	0.0000000000e+00	0.0000000000e+00	0.0000000000e+00	0.0000000000e+00	0.0000000000e+00	0.0000000000e+00	0.0000000000e+00	0.0000000000e+00
1.0585794623e+05	2.8301477569e-14	1.5410024937e-16	0.0000000000e+00	0.0000000000e+00	1.1583510629e-16	3.1949563185e-14	0.0000000000e+00	0.0000000000e+00	0.0000000000e+00	0.0000000000e+00	0.0000000000e+00	0.0000000000e+00	0.0000000000e+00	0.0000000000e+00	0.0000000000e+00	0.0000000000e+00
1.0585984720e+05	2.8331248170e-14	1.5597438488e-16	0.0000000000e+00	0.0000000000e+00	1.1736022549e-16	3.1915081353e-14	0.0000000000e+00	0.0000000000e+00	0.0000000000e+00	0.0000000000e+00	0.0000000000e+00	0.0000000000e+00	0.0000000000e+00	0.0000000000e+00	0.0000000000e+00	0.0000000000e+00
1.0586525121e+05	2.8586628810e-14	1.6111689225e-16	0.0000000000e+00	0.0000000000e+00	1.2156738506e-16	3.1925924646e-14	0.0000000000e+00	0.0000000000e+00	0.0000000000e+00	0.0000000000e+00	0.0000000000e+00	0.0000000000e+00	0.0000000000e+00	0.0000000000e+00	0.0000000000e+00	0.0000000000e+00
1.0586717418e+05	2.8621300643e-14	1.6285724801e-16	0.0000000000e+00	0.0000000000e+00	1.2300063452e-16	3.1892235624e-14	0.0000000000e+00	0.0000000000e+00	0.0000000000e+00	0.0000000000e+00	0.0000000000e+00	0.0000000000e+00	0.0000000000e+00	0.0000000000e+00	0.0000000000e+00	0.0000000000e+00
1.0587264076e+05	2.8890758130e-14	1.6765723604e-16	0.0000000000e+00	0.0000000000e+00	1.2697336189e-16	3.1903881341e-14	0.0000000000e+00	0.0000000000e+00	0.0000000000e+00	0.0000000000e+00	0.0000000000e+00	0.0000000000e+00	0.0000000000e+00	0.0000000000e+00	0.0000000000e+00	0.0000000000e+00
1.0587458601e+05	2.8930203211e-14	1.6936885448e-16	0.0000000000e+00	0.0000000000e+00	1.2839310994e-16	3.1870794869e-14	0.0000000000e+00	0.0000000000e+00	0.0000000000e+00	0.0000000000e+00	0.0000000000e+00	0.0000000000e+00	0.0000000000e+00	0.0000000000e+00	0.0000000000e+00	0.0000000000e+00
1.0588011589e+05	2.9049430429e-14	1.7444493393e-16	0.0000000000e+00	0.0000000000e+00	1.3259850892e-16	3.1777047313e-14	0.0000000000e+00	0.0000000000e+00	0.0000000000e+00	0.0000000000e+00	0.0000000000e+00	0.0000000000e+00	0.0000000000e+00	0.0000000000e+00	0.0000000000e+00	0.0000000000e+00
1.0588208366e+05	2.9093664496e-14	1.7634854719e-16	0.0000000000e+00	0.0000000000e+00	1.3417256652e-16	3.1743453483e-14	0.0000000000e+00	0.0000000000e+00	0.0000000000e+00	0.0000000000e+00	0.0000000000e+00	0.0000000000e+00	0.0000000000e+00	0.0000000000e+00	0.0000000000e+00	0.0000000000e+00
1.0588767757e+05	2.9220235398e-14	1.8197160201e-16	0.0000000000e+00	0.0000000000e+00	1.3881933479e-16	3.1646092677e-14	0.0000000000e+00	0.0000000000e+00	0.0000000000e+00	0.0000000000e+00	0.0000000000e+00	0.0000000000e+00	0.0000000000e+00	0.0000000000e+00	0.0000000000e+00	0.0000000000e+00
1.0588966813e+05	2.9264373837e-14	1.8400218784e-16	0.0000000000e+00	0.0000000000e+00	1.4049948003e-16	3.1610558496e-14	0.0000000000e+00	0.0000000000e+00	0.0000000000e+00	0.0000000000e+00	0.0000000000e+00	0.0000000000e+00	0.0000000000e+00	0.0000000000e+00	0.0000000000e+00	0.0000000000e+00
1.0589532682e+05	2.9538546444e-14	1.8969400551e-16	0.0000000000e+00	0.0000000000e+00	1.4522539013e-16	3.1621475918e-14	0.0000000000e+00	0.0000000000e+00	0.0000000000e+00	0.0000000000e+00	0.0000000000e+00	0.0000000000e+00	0.0000000000e+00	0.0000000000e+00	0.0000000000e+00	0.0000000000e+00
1.0589734042e+05	2.9577767609e-14	1.9167688048e-16	0.0000000000e+00	0.0000000000e+00	1.4687842552e-16	3.1586083522e-14	0.0000000000e+00	0.0000000000e+00	0.0000000000e+00	0.0000000000e+00	0.0000000000e+00	0.0000000000e+00	0.0000000000e+00	0.0000000000e+00	0.0000000000e+00	0.0000000000e+00
1.0590306463e+05	2.9836981938e-14	1.9728112714e-16	0.0000000000e+00	0.0000000000e+00	1.5156330428e-16	3.1595127807e-14	0.0000000000e+00	0.0000000000e+00	0.0000000000e+00	0.0000000000e+00	0.0000000000e+00	0.0000000000e+00	0.0000000000e+00	0.0000000000e+00	0.0000000000e+00	0.0000000000e+00
1.0590510156e+05	2.9869857500e-14	1.9930502783e-16	0.0000000000e+00	0.0000000000e+00	1.5325694452e-16	3.1560297037e-14	0.0000000000e+00	0.0000000000e+00	0.0000000000e+00	0.0000000000e+00	0.0000000000e+00	0.0000000000e+00	0.0000000000e+00	0.0000000000e+00	0.0000000000e+00	0.0000000000e+00
1.0591089205e+05	3.0108911512e-14	2.0526764203e-16	0.0000000000e+00	0.0000000000e+00	1.5824354190e-16	3.1568633966e-14	0.0000000000e+00	0.0000000000e+00	0.0000000000e+00	0.0000000000e+00	0.0000000000e+00	0.0000000000e+00	0.0000000000e+00	0.0000000000e+00	0.0000000000e+00	0.0000000000e+00
1.0591295256e+05	3.0132702434e-14	2.0747189838e-16	0.0000000000e+00	0.0000000000e+00	1.6008562189e-16	3.1534533688e-14	0.0000000000e+00	0.0000000000e+00	0.0000000000e+00	0.0000000000e+00	0.0000000000e+00	0.0000000000e+00	0.0000000000e+00	0.0000000000e+00	0.0000000000e+00	0.0000000000e+00
1.0591881011e+05	3.0185825305e-14	2.1393601594e-16	0.0000000000e+00	0.0000000000e+00	1.6548711787e-16	3.1436303738e-14	0.0000000000e+00	0.0000000000e+00	0.0000000000e+00	0.0000000000e+00	0.0000000000e+00	0.0000000000e+00	0.0000000000e+00	0.0000000000e+00	0.0000000000e+00	0.0000000000e+00
1.0592089447e+05	3.0354929492e-14	2.1629169230e-16	0.0000000000e+00	0.0000000000e+00	1.6745647304e-16	3.1508652109e-14	0.0000000000e+00	0.0000000000e+00	0.0000000000e+00	0.0000000000e+00	0.0000000000e+00	0.0000000000e+00	0.0000000000e+00	0.0000000000e+00	0.0000000000e+00	0.0000000000e+00
1.0592681985e+05	3.0372103394e-14	2.2310768172e-16	0.0000000000e+00	0.0000000000e+00	1.7316009340e-16	3.1411218198e-14	0.0000000000e+00	0.0000000000e+00	0.0000000000e+00	0.0000000000e+00	0.0000000000e+00	0.0000000000e+00	0.0000000000e+00	0.0000000000e+00	0.0000000000e+00	0.0000000000e+00
1.0592892835e+05	3.0372034002e-14	2.2557814731e-16	0.0000000000e+00	0.0000000000e+00	1.7522920765e-16	3.1375578263e-14	0.0000000000e+00	0.0000000000e+00	0.0000000000e+00	0.0000000000e+00	0.0000000000e+00	0.0000000000e+00	0.0000000000e+00	0.0000000000e+00	0.0000000000e+00	0.0000000000e+00
1.0593492234e+05	3.0353377899e-14	2.3279458256e-16	0.0000000000e+00	0.0000000000e+00	1.8127493665e-16	3.1270550719e-14	0.0000000000e+00	0.0000000000e+00	0.0000000000e+00	0.0000000000e+00	0.0000000000e+00	0.0000000000e+00	0.0000000000e+00	0.0000000000e+00	0.0000000000e+00	0.0000000000e+00
1.0593678000e+05	3.0341859380e-14	2.3511304229e-16	0.0000000000e+00	0.0000000000e+00	1.8321649862e-16	3.1236804848e-14	0.0000000000e+00	0.0000000000e+00	0.0000000000e+00	0.0000000000e+00	0.0000000000e+00	0.0000000000e+00	0.0000000000e+00	0.0000000000e+00	0.0000000000e+00	0.0000000000e+00
1.0593705526e+05	3.0339914394e-14	2.3546075994e-16	3.0040705472e-21	0.0000000000e+00	1.8350761472e-16	3.1231756550e-14	1.1664325358e-19	0.0000000000e+00	1.1646885272e-24	5.8026148666e-23	6.3705487982e-14	0.0000000000e+00	0.0000000000e+00	0.0000000000e+00	0.0000000000e+00	0.0000000000e+00
1.0594311865e+05	3.0431322193e-14	2.4344529976e-16	1.1595250668e-20	0.0000000000e+00	1.9018527133e-16	3.1242099426e-14	1.0374654745e-19	0.0000000000e+00	1.0264704425e-22	1.1756132517e-21	4.6390421783e-14	0.0000000000e+00	0.0000000000e+00	0.0000000000e+00	0.0000000000e+00	0.0000000000e+00
1.0594499782e+05	3.0406531994e-14	2.4606026889e-16	1.4539884552e-20	0.0000000000e+00	1.9236905688e-16	3.1208593756e-14	9.6130617972e-20	0.0000000000e+00	1.6643668217e-22	1.4075249572e-21	4.5697320890e-14	0.0000000000e+00	0.0000000000e+00	0.0000000000e+00	0.0000000000e+00	0.0000000000e+00
1.0594527627e+05	3.0402613748e-14	2.4645374867e-16	1.4721416870e-20	0.0000000000e+00	1.9269752755e-16	3.1203590849e-14	9.5520372438e-20	0.0000000000e+00	1.7415687588e-22	1.4452610804e-21	4.5626075524e-14	0.0000000000e+00	0.0000000000e+00	0.0000000000e+00	0.0000000000e+00	0.0000000000e+00
1.0595140987e+05	3.0300031579e-14	2.5552452846e-16	1.1274178635e-20	0.0000000000e+00	2.0026176537e-16	3.1091049888e-14	7.9436807517e-20	0.0000000000e+00	2.2771675175e-22	2.0472289095e-21	4.4992721616e-14	0.0000000000e+00	0.0000000000e+00	0.0000000000e+00	0.0000000000e+00	0.0000000000e+00
1.0595331080e+05	3.0411491805e-14	2.5849489474e-16	1.0054830729e-20	0.0000000000e+00	2.0273606071e-16	3.1179095448e-14	7.1021180014e-20	0.0000000000e+00	2.2887589022e-22	2.0612664433e-21	4.4909853801e-14	0.0000000000e+00	0.0000000000e+00	0.0000000000e+00	0.0000000000e+00	0.0000000000e+00
1.0595359247e+05	3.0405543644e-14	2.5894152043e-16	9.9323373734e-21	0.0000000000e+00	2.0310800192e-16	3.1174187804e-14	6.9763738409e-20	0.0000000000e+00	2.2985074758e-22	2.0582535002e-21	4.4895967824e-14	0.0000000000e+00	0.0000000000e+00	0.0000000000e+00	0.0000000000e+00	0.0000000000e+00
1.0595979710e+05	3.0259157299e-14	2.6923130745e-16	1.1854805093e-20	0.0000000000e+00	2.1167067458e-16	3.1063633433e-14	4.7649013021e-20	0.0000000000e+00	3.7240422649e-22	1.9038773134e-21	4.4378669293e-14	0.0000000000e+00	0.0000000000e+00	0.0000000000e+00	0.0000000000e+00	0.0000000000e+00
1.0596172004e+05	3.0207852641e-14	2.7260759612e-16	1.3024996074e-20	0.0000000000e+00	2.1447768398e-16	3.1028358902e-14	4.3539513292e-20	0.0000000000e+00	4.4218716787e-22	1.8787454684e-21	4.4144086486e-14	0.0000000000e+00	0.0000000000e+00	0.0000000000e+00	0.0000000000e+00	0.0000000000e+00
1.0596200497e+05	3.0200012561e-14	2.7311594833e-16	1.3166104167e-20	0.0000000000e+00	2.1490021610e-16	3.1023090110e-14	4.3031673742e-20	0.0000000000e+00	4.5190891286e-22	1.8771201320e-21	4.4107794636e-14	0.0000000000e+00	0.0000000000e+00	0.0000000000e+00	0.0000000000e+00	0.0000000000e+00
1.0596828145e+05	3.0160280322e-14	2.8487740385e-16	1.4380475141e-20	0.0000000000e+00	2.2466887678e-16	3.1033754737e-14	3.6427898966e-20	0.0000000000e+00	6.1118592178e-22	1.9631311691e-21	4.3333181591e-14	0.0000000000e+00	0.0000000000e+00	0.0000000000e+00	0.0000000000e+00	0.0000000000e+00
1.0597022666e+05	3.0096233424e-14	2.8875313081e-16	1.4244176957e-20	0.0000000000e+00	2.2788521725e-16	3.0998294264e-14	3.5491890475e-20	0.0000000000e+00	6.4109356907e-22	2.0240616708e-21	4.3137317023e-14	0.0000000000e+00	0.0000000000e+00	0.0000000000e+00	0.0000000000e+00	0.0000000000e+00
1.0597051489e+05	3.0086527168e-14	2.8933714252e-16	1.4203450920e-20	0.0000000000e+00	2.2836976824e-16	3.0992985993e-14	3.5379445670e-20	0.0000000000e+00	6.4451947892e-22	2.0340366473e-21	4.3110820627e-14	0.0000000000e+00	0.0000000000e+00	0.0000000000e+00	0.0000000000e+00	0.0000000000e+00
1.0597686404e+05	3.0006464237e-14	3.0286326164e-16	1.2392896523e-20	0.0000000000e+00	2.3958615757e-16	3.0999096929e-14	3.3669229789e-20	0.0000000000e+00	6.6254275159e-22	2.2754072518e-21	4.2674577132e-14	0.0000000000e+00	0.0000000000e+00	0.0000000000e+00	0.0000000000e+00	0.0000000000e+00
1.0597883178e+05	2.9930530579e-14	3.0731955264e-16	1.1711531296e-20	0.0000000000e+00	2.4327946675e-16	3.0963174943e-14	3.3094954665e-20	0.0000000000e+00	6.5513279806e-22	2.3386336078e-21	4.2578439455e-14	0.0000000000e+00	0.0000000000e+00	0.0000000000e+00	0.0000000000e+00	0.0000000000e+00
1.0597912334e+05	2.9919092519e-14	3.0799070292e-16	1.1610272208e-20	0.0000000000e+00	2.4383564368e-16	3.0957799835e-14	3.2999747945e-20	0.0000000000e+00	6.5371799485e-22	2.3469242739e-21	4.2564875325e-14	0.0000000000e+00	0.0000000000e+00	0.0000000000e+00	0.0000000000e+00	0.0000000000e+00
1.0598554601e+05	2.9655332435e-14	3.2347991336e-16	9.4082925012e-21	0.0000000000e+00	2.5666901398e-16	3.0836461537e-14	3.0670375788e-20	0.0000000000e+00	6.0491961799e-22	2.4853057883e-21	4.2262002789e-14	0.0000000000e+00	0.0000000000e+00	0.0000000000e+00	0.0000000000e+00	0.0000000000e+00
1.0598753654e+05	2.9569180832e-14	3.2854638204e-16	8.8506137006e-21	0.0000000000e+00	2.6086668553e-16	3.0797964762e-14	3.0097874898e-20	0.0000000000e+00	5.9074039982e-22	2.5300970979e-21	4.2155651070e-14	0.0000000000e+00	0.0000000000e+00	0.0000000000e+00	0.0000000000e+00	0.0000000000e+00
1.0598783148e+05	2.9556245726e-14	3.2930731133e-16	8.7783846637e-21	0.0000000000e+00	2.6149716580e-16	3.0792235819e-14	3.0025455775e-20	0.0000000000e+00	5.8909566932e-22	2.5374367064e-21	4.2139259404e-14	0.0000000000e+00	0.0000000000e+00	0.0000000000e+00	0.0000000000e+00	0.0000000000e+00
1.0599432852e+05	2.9260792527e-14	3.4669135473e-16	7.8164235446e-21	0.0000000000e+00	2.7590606532e-16	3.0665162904e-14	2.8811068984e-20	0.0000000000e+00	5.8628913808e-22	2.7154693209e-21	4.1756451689e-14	0.0000000000e+00	0.0000000000e+00	0.0000000000e+00	0.0000000000e+00	0.0000000000e+00
1.0599634209e+05	2.9312857118e-14	3.5230076213e-16	7.6794395034e-21	0.0000000000e+00	2.8055846206e-16	3.0759598342e-14	2.8289162946e-20	0.0000000000e+00	5.9460804100e-22	2.7504994483e-21	4.1640488777e-14	0.0000000000e+00	0.0000000000e+00	0.0000000000e+00	0.0000000000e+00	0.0000000000e+00
1.0599664045e+05	2.9298668726e-14	3.5313994905e-16	7.6627979815e-21	0.0000000000e+00	2.8125463849e-16	3.0753927625e-14	2.8197123637e-20	0.0000000000e+00	5.9606037293e-22	2.7539423141e-21	4.1623856354e-14	0.0000000000e+00	0.0000000000e+00	0.0000000000e+00	0.0000000000e+00	0.0000000000e+00
1.0600321272e+05	2.8978297250e-14	3.7208671412e-16	7.4694723544e-21	0.0000000000e+00	2.9698598330e-16	3.0627950758e-14	2.5587276847e-20	0.0000000000e+00	6.3935429190e-22	2.7439989405e-21	4.1308519339e-14	0.0000000000e+00	0.0000000000e+00	0.0000000000e+00	0.0000000000e+00	0.0000000000e+00
1.0600524961e+05	2.8876211995e-14	3.7810807662e-16	7.4608659069e-21	0.0000000000e+00	3.0199177688e-16	3.0588654305e-14	2.4820690482e-20	0.0000000000e+00	6.5647532882e-22	2.7344114917e-21	4.1231074675e-14	0.0000000000e+00	0.0000000000e+00	0.0000000000e+00	0.0000000000e+00	0.0000000000e+00
1.0600555142e+05	2.9006905984e-14	3.7900515929e-16	7.4614049448e-21	0.0000000000e+00	3.0273784991e-16	3.0714675746e-14	2.4717847074e-20	0.0000000000e+00	6.5916103465e-22	2.7337573070e-21	4.1220268204e-14	0.0000000000e+00	0.0000000000e+00	0.0000000000e+00	0.0000000000e+00	0.0000000000e+00
1.0601219980e+05	2.8667846362e-14	3.9896547069e-16	7.5166394486e-21	0.0000000000e+00	3.1936139382e-16	3.0588986650e-14	2.3124427742e-20	0.0000000000e+00	7.2206900732e-22	2.7751015188e-21	4.1005279286e-14	0.0000000000e+00	0.0000000000e+00	0.0000000000e+00	0.0000000000e+00	0.0000000000e+00
1.0601426027e+05	2.8561182888e-14	4.0518998189e-16	7.5313559077e-21	0.0000000000e+00	3.2455557189e-16	3.0549551755e-14	2.2800071195e-20	0.0000000000e+00	7.4130279428e-22	2.8017430194e-21	4.0939354681e-14	0.0000000000e+00	0.0000000000e+00	0.0000000000e+00	0.0000000000e+00	0.0000000000e+00
1.0601456558e+05	2.8545325919e-14	4.0611220793e-16	7.5328786175e-21	0.0000000000e+00	3.2532560470e-16	3.0543698101e-14	2.2755661315e-20	0.0000000000e+00	7.4408573216e-22	2.8059457362e-21	4.0929339182e-14	0.0000000000e+00	0.0000000000e+00	0.0000000000e+00	0.0000000000e+00	0.0000000000e+00
1.0602129094e+05	2.8339427651e-14	4.2632252665e-16	7.4061391508e-21	0.0000000000e+00	3.4223370220e-16	3.0547486648e-14	2.1880848944e-20	0.0000000000e+00	7.8808747226e-22	2.9004289413e-21	4.0686544132e-14	0.0000000000e+00	0.0000000000e+00	0.0000000000e+00	0.0000000000e+00	0.0000000000e+00
1.0602337528e+05	2.8230450440e-14	4.3250845989e-16	7.2765499850e-21	0.0000000000e+00	3.4742281005e-16	3.0508096302e-14	2.1619696876e-20	0.0000000000e+00	7.9131798449e-22	2.9269236764e-21	4.0604068235e-14	0.0000000000e+00	0.0000000000e+00	0.0000000000e+00	0.0000000000e+00	0.0000000000e+00
1.0602368412e+05	2.8214299124e-14	4.3342048659e-16	7.2522448066e-21	0.0000000000e+00	3.4818847496e-16	3.0502256891e-14	2.1579818132e-20	0.0000000000e+00	7.9118076755e-22	2.9305294471e-21	4.0591716933e-14	0.0000000000e+00	0.0000000000e+00	0.0000000000e+00	0.0000000000e+00	0.0000000000e+00
1.0603048736e+05	2.8003204577e-14	4.5311668017e-16	6.5990037585e-21	0.0000000000e+00	3.6476596898e-16	3.0505349428e-14	2.0751165076e-20	0.0000000000e+00	7.6970032526e-22	3.0066405854e-21	4.0325951427e-14	0.0000000000e+00	0.0000000000e+00	0.0000000000e+00	0.0000000000e+00	0.0000000000e+00
1.0603259583e+05	2.7894074321e-14	4.5903070555e-16	6.4306037256e-21	0.0000000000e+00	3.6976113390e-16	3.0466771430e-14	2.0562127426e-20	0.0000000000e+00	7.6492756040e-22	3.0363867300e-21	4.0251311119e-14	0.0000000000e+00	0.0000000000e+00	0.0000000000e+00	0.0000000000e+00	0.0000000000e+00
1.0603290824e+05	2.7877947206e-14	4.5989794651e-16	6.4095892401e-21	0.0000000000e+00	3.7049439449e-16	3.0461064595e-14	2.0537143336e-20	0.0000000000e+00	7.6461728764e-22	3.0411215412e-21	4.0240723113e-14	0.0000000000e+00	0.0000000000e+00	0.0000000000e+00	0.0000000000e+00	0.0000000000e+00
1.0603979026e+05	2.7526027342e-14	4.7831959781e-16	6.2195826190e-21	0.0000000000e+00	3.8612230369e-16	3.0336678419e-14	2.0166797907e-20	0.0000000000e+00	7.8833594566e-22	3.1665060426e-21	4.0039236958e-14	0.0000000000e+00	0.0000000000e+00	0.0000000000e+00	0.0000000000e+00	0.0000000000e+00
1.0604192314e+05	2.7418462975e-14	4.8373305244e-16	6.2158775985e-21	0.0000000000e+00	3.9073636562e-16	3.0298856897e-14	2.0075483277e-20	0.0000000000e+00	8.0207453058e-22	3.2070092378e-21	3.9987014294e-14	0.0000000000e+00	0.0000000000e+00	0.0000000000e+00	0.0000000000e+00	0.0000000000e+00
1.0604223918e+05	2.7402593766e-14	4.8452211304e-16	6.2152263674e-21	0.0000000000e+00	3.9140984489e-16	3.0293288200e-14	2.0061285320e-20	0.0000000000e+00	8.0408922830e-22	3.2128311779e-21	3.9979537249e-14	0.0000000000e+00	0.0000000000e+00	0.0000000000e+00	0.0000000000e+00	0.0000000000e+00
1.0604920089e+05	2.7058322715e-14	5.0097755237e-16	6.1185176205e-21	0.0000000000e+00	4.0551824771e-16	3.0173103303e-14	1.9700868640e-20	0.0000000000e+00	8.3668661510e-22	3.3282032979e-21	3.9819675639e-14	0.0000000000e+00	0.0000000000e+00	0.0000000000e+00	0.0000000000e+00	0.0000000000e+00
1.0605135847e+05	2.7100670842e-14	5.0569135256e-16	6.0582683929e-21	0.0000000000e+00	4.0958607427e-16	3.0266156169e-14	1.9589126999e-20	0.0000000000e+00	8.4213715756e-22	3.3619383652e-21	3.9768084090e-14	0.0000000000e+00	0.0000000000e+00	0.0000000000e+00	0.0000000000e+00	0.0000000000e+00
1.0605167816e+05	2.7085467780e-14	5.0637314643e-16	6.0475232359e-21	0.0000000000e+00	4.1017560564e-16	3.0260735433e-14	1.9574780586e-20	0.0000000000e+00	8.4266223885e-22	3.3672373371e-21	3.9760247457e-14	0.0000000000e+00	0.0000000000e+00	0.0000000000e+00	0.0000000000e+00	0.0000000000e+00
1.0605872048e+05	2.6758472754e-14	5.2025112593e-16	5.8235260374e-21	0.0000000000e+00	4.2225406996e-16	3.0143291932e-14	1.9343902020e-20	0.0000000000e+00	8.5389314936e-22	3.4946265813e-21	3.9575437542e-14	0.0000000000e+00	0.0000000000e+00	0.0000000000e+00	0.0000000000e+00	0.0000000000e+00
1.0606090305e+05	2.6805013054e-14	5.2409094200e-16	5.7575791582e-21	0.0000000000e+00	4.2562900682e-16	3.0235963032e-14	1.9316976285e-20	0.0000000000e+00	8.5708452870e-22	3.5407749233e-21	3.9515220823e-14	0.0000000000e+00	0.0000000000e+00	0.0000000000e+00	0.0000000000e+00	0.0000000000e+00
1.0606122644e+05	2.6790767550e-14	5.2464076755e-16	5.7479316022e-21	0.0000000000e+00	4.2611374971e-16	3.0230663848e-14	1.9314066670e-20	0.0000000000e+00	8.5754512969e-22	3.5477712170e-21	3.9506297741e-14	0.0000000000e+00	0.0000000000e+00	0.0000000000e+00	0.0000000000e+00	0.0000000000e+00
1.0606835031e+05	2.6487131329e-14	5.3548365094e-16	5.6551578667e-21	0.0000000000e+00	4.3577192911e-16	3.0116113137e-14	1.9234623155e-20	0.0000000000e+00	8.8444784577e-22	3.6965632549e-21	3.9318507144e-14	0.0000000000e+00	0.0000000000e+00	0.0000000000e+00	0.0000000000e+00	0.0000000000e+00
1.0607055815e+05	2.6397091812e-14	5.3834801403e-16	5.6918464652e-21	0.0000000000e+00	4.3836532136e-16	3.0081660159e-14	1.9165271583e-20	0.0000000000e+00	9.0275450239e-22	3.7330034328e-21	3.9266417864e-14	0.0000000000e+00	0.0000000000e+00	0.0000000000e+00	0.0000000000e+00	0.0000000000e+00
1.0607088529e+05	2.6383919411e-14	5.3875242421e-16	5.7002834493e-21	0.0000000000e+00	4.3873341671e-16	3.0076603785e-14	1.9152136086e-20	0.0000000000e+00	9.0595214880e-22	3.7377870046e-21	3.9259010372e-14	0.0000000000e+00	0.0000000000e+00	0.0000000000e+00	0.0000000000e+00	0.0000000000e+00
1.0607809164e+05	2.6251095117e-14	5.4635513385e-16	6.0053501877e-21	0.0000000000e+00	4.4578361052e-16	3.0093684154e-14	1.8666320231e-20	0.0000000000e+00	9.9720830767e-22	3.7988941574e-21	3.9114702909e-14	0.0000000000e+00	0.0000000000e+00	0.0000000000e+00	0.0000000000e+00	0.0000000000e+00
1.0608032505e+05	2.6170368888e-14	5.4820832322e-16	6.0986830242e-21	0.0000000000e+00	4.4755981590e-16	3.0060852255e-14	1.8453818935e-20	0.0000000000e+00	1.0260194332e-21	3.8027722702e-21	3.9075428687e-14	0.0000000000e+00	0.0000000000e+00	0.0000000000e+00	0.0000000000e+00	0.0000000000e+00
1.0608065598e+05	2.6158597578e-14	5.4846291581e-16	6.1105544557e-21	0.0000000000e+00	4.4780670637e-16	3.0056040236e-14	1.8420688731e-20	0.0000000000e+00	1.0299871556e-21	3.8028896981e-21	3.9069723869e-14	0.0000000000e+00	0.0000000000e+00	0.0000000000e+00	0.0000000000e+00	0.0000000000e+00
1.0608794578e+05	2.6055794832e-14	5.5278622249e-16	6.2110227013e-21	0.0000000000e+00	4.5219566612e-16	3.0077444436e-14	1.7637838589e-20	0.0000000000e+00	1.0906520086e-21	3.7861626365e-21	3.8944246601e-14	0.0000000000e+00	0.0000000000e+00	0.0000000000e+00	0.0000000000e+00	0.0000000000e+00
1.0609020504e+05	2.5985467610e-14	5.5363753903e-16	6.1915666670e-21	0.0000000000e+00	4.5315577682e-16	3.0046134654e-14	1.7391288692e-20	0.0000000000e+00	1.1005964834e-21	3.7769161251e-21	3.8903292752e-14	0.0000000000e+00	0.0000000000e+00	0.0000000000e+00	0.0000000000e+00	0.0000000000e+00
1.0609053981e+05	2.5975257030e-14	5.5374445136e-16	6.1875309650e-21	0.0000000000e+00	4.5328224988e-16	3.0041537072e-14	1.7355206926e-20	0.0000000000e+00	1.1018516079e-21	3.7755149584e-21	3.8897091632e-14	0.0000000000e+00	0.0000000000e+00	0.0000000000e+00	0.0000000000e+00	0.0000000000e+00
1.0609791402e+05	2.5764190446e-14	5.5486873162e-16	6.0779292171e-21	0.0000000000e+00	4.5505500931e-16	2.9942779140e-14	1.6626204710e-20	0.0000000000e+00	1.1246372868e-21	3.7512526564e-21	3.8753137348e-14	0.0000000000e+00	0.0000000000e+00	0.0000000000e+00	0.0000000000e+00	0.0000000000e+00
1.0610019944e+05	2.5704219859e-14	5.5475071638e-16	6.0524448933e-21	0.0000000000e+00	4.5521943732e-16	2.9913046541e-14	1.6438321347e-20	0.0000000000e+00	1.1328329866e-21	3.7494674079e-21	3.8707200171e-14	0.0000000000e+00	0.0000000000e+00	0.0000000000e+00	0.0000000000e+00	0.0000000000e+00
1.0610053808e+05	2.5695556487e-14	5.5471497448e-16	6.0494789319e-21	0.0000000000e+00	4.5522869423e-16	2.9908671854e-14	1.6411958557e-20	0.0000000000e+00	1.1341842650e-21	3.7494392531e-21	3.8700422618e-14	0.0000000000e+00	0.0000000000e+00	0.0000000000e+00	0.0000000000e+00	0.0000000000e+00
1.0610799769e+05	2.5665491139e-14	5.5277720383e-16	6.0802303025e-21	0.0000000000e+00	4.5447797184e-16	2.9935035006e-14	1.5914337809e-20	0.0000000000e+00	1.1817844013e-21	3.7622190907e-21	3.8558443935e-14	0.0000000000e+00	0.0000000000e+00	0.0000000000e+00	0.0000000000e+00	0.0000000000e+00
1.0611030957e+05	2.5617497933e-14	5.5175072237e-16	6.1284383644e-21	0.0000000000e+00	4.5389085476e-16	2.9906240777e-14	1.5766464948e-20	0.0000000000e+00	1.2040780504e-21	3.7655691260e-21	3.8518724379e-14	0.0000000000e+00	0.0000000000e+00	0.0000000000e+00	0.0000000000e+00	0.0000000000e+00
1.0611065213e+05	2.5610610697e-14	5.5158243867e-16	6.1368026031e-21	0.0000000000e+00	4.5379034731e-16	2.9902014219e-14	1.5743621468e-20	0.0000000000e+00	1.2076332020e-21	3.7657605981e-21	3.8513039016e-14	0.0000000000e+00	0.0000000000e+00	0.0000000000e+00	0.0000000000e+00	0.0000000000e+00
1.0611819812e+05	2.5473559350e-14	5.4688743341e-16	6.3299746005e-21	0.0000000000e+00	4.5074880007e-16	2.9811418934e-14	1.5161471904e-20	0.0000000000e+00	1.2887011650e-21	3.7450272664e-21	3.8399013495e-14	0.0000000000e+00	0.0000000000e+00	0.0000000000e+00	0.0000000000e+00	0.0000000000e+00
1.0612053678e+05	2.5581825749e-14	5.4507787606e-16	6.3647573336e-21	0.0000000000e+00	4.4950816600e-16	2.9903897230e-14	1.4960104375e-20	0.0000000000e+00	1.3090508764e-21	3.7310431212e-21	3.8366529267e-14	0.0000000000e+00	0.0000000000e+00	0.0000000000e+00	0.0000000000e+00	0.0000000000e+00
1.0612088330e+05	2.5576730767e-14	5.4479681106e-16	6.3662506828e-21	0.0000000000e+00	4.4931341435e-16	2.9899887732e-14	1.4931532232e-20	0.0000000000e+00	1.3113185909e-21	3.7291858764e-21	3.8361740386e-14	0.0000000000e+00	0.0000000000e+00	0.0000000000e+00	0.0000000000e+00	0.0000000000e+00
1.0612851666e+05	2.5478778182e-14	5.3782775165e-16	6.2943450129e-21	0.0000000000e+00	4.4436400039e-16	2.9813977611e-14	1.4309528924e-20	0.0000000000e+00	1.3388296046e-21	3.6838712180e-21	3.8254455616e-14	0.0000000000e+00	0.0000000000e+00	0.0000000000e+00	0.0000000000e+00	0.0000000000e+00
1.0613088240e+05	2.5597163933e-14	5.3539965034e-16	6.2232462844e-21	0.0000000000e+00	4.4260139813e-16	2.9906539764e-14	1.4137157870e-20	0.0000000000e+00	1.3365315389e-21	3.6727353287e-21	3.8219160204e-14	0.0000000000e+00	0.0000000000e+00	0.0000000000e+00	0.0000000000e+00	0.0000000000e+00
1.0613123294e+05	2.5593846381e-14	5.3503029810e-16	6.2112704336e-21	0.0000000000e+00	4.4233201732e-16	2.9902689670e-14	1.4112036676e-20	0.0000000000e+00	1.3358505032e-21	3.6711076235e-21	3.8213826942e-14	0.0000000000e+00	0.0000000000e+00	0.0000000000e+00	0.0000000000e+00	0.0000000000e+00
1.0613895469e+05	2.5534597988e-14	5.2635534647e-16	5.9100746181e-21	0.0000000000e+00	4.3593232004e-16	2.9819209978e-14	1.3620378041e-20	0.0000000000e+00	1.3103561524e-21	3.6462422553e-21	3.8091354336e-14	0.0000000000e+00	0.0000000000e+00	0.0000000000e+00	0.0000000000e+00	0.0000000000e+00
1.0614134782e+05	2.5521509499e-14	5.2348739655e-16	5.8167572866e-21	0.0000000000e+00	4.3379245658e-16	2.9793641708e-14	1.3489146797e-20	0.0000000000e+00	1.3015162147e-21	3.6423137723e-21	3.8052770721e-14	0.0000000000e+00	0.0000000000e+00	0.0000000000e+00	0.0000000000e+00	0.0000000000e+00
1.0614170242e+05	2.5519779453e-14	5.2305638774e-16	5.8034321579e-21	0.0000000000e+00	4.3347004373e-16	2.9789858190e-14	1.3470318151e-20	0.0000000000e+00	1.3002812431e-21	3.6418299215e-21	3.8047092931e-14	0.0000000000e+00	0.0000000000e+00	0.0000000000e+00	0.0000000000e+00	0.0000000000e+00
1.0614951359e+05	2.5639435858e-14	5.1323895996e-16	5.5685070873e-21	0.0000000000e+00	4.2607847937e-16	2.9824778372e-14	1.3071479057e-20	0.0000000000e+00	1.2842348134e-21	3.6312856254e-21	3.7928421916e-14	0.0000000000e+00	0.0000000000e+00	0.0000000000e+00	0.0000000000e+00	0.0000000000e+00
1.0615193443e+05	2.5637484392e-14	5.1009955507e-16	5.5254607472e-21	0.0000000000e+00	4.2369897501e-16	2.9799667546e-14	1.2949626299e-20	0.0000000000e+00	1.2854349588e-21	3.6269066341e-21	3.7895071981e-14	0.0000000000e+00	0.0000000000e+00	0.0000000000e+00	0.0000000000e+00	0.0000000000e+00
1.0615229314e+05	2.5637444684e-14	5.0963168966e-16	5.5204199369e-21	0.0000000000e+00	4.2334382365e-16	2.9795970259e-14	1.2931835071e-20	0.0000000000e+00	1.2859046452e-21	3.6262688873e-21	3.7890281756e-14	0.0000000000e+00	0.0000000000e+00	0.0000000000e+00	0.0000000000e+00	0.0000000000e+00
1.0616019475e+05	2.5647563442e-14	4.9923091962e-16	5.4856206035e-21	0.0000000000e+00	4.1541983224e-16	2.9714978463e-14	1.2595400566e-20	0.0000000000e+00	1.3134308305e-21	3.6241625789e-21	3.7792779888e-14	0.0000000000e+00	0.0000000000e+00	0.0000000000e+00	0.0000000000e+00	0.0000000000e+00
1.0616264362e+05	2.5655336473e-14	4.9600418306e-16	5.4957672745e-21	0.0000000000e+00	4.1295276493e-16	2.9689899770e-14	1.2519077568e-20	0.0000000000e+00	1.3268014625e-21	3.6302363330e-21	3.7764418674e-14	0.0000000000e+00	0.0000000000e+00	0.0000000000e+00	0.0000000000e+00	0.0000000000e+00
1.0616300648e+05	2.5656672348e-14	4.9552729150e-16	5.4977310730e-21	0.0000000000e+00	4.1258789291e-16	2.9686174896e-14	1.2508728137e-20	0.0000000000e+00	1.3288924675e-21	3.6313708256e-21	3.7760231760e-14	0.0000000000e+00	0.0000000000e+00	0.0000000000e+00	0.0000000000e+00	0.0000000000e+00
1.0617099959e+05	2.5841908116e-14	4.8519249936e-16	5.5416779133e-21	0.0000000000e+00	4.0467058740e-16	2.9724737324e-14	1.2303335967e-20	0.0000000000e+00	1.3750994260e-21	3.6603965910e-21	3.7665636126e-14	0.0000000000e+00	0.0000000000e+00	0.0000000000e+00	0.0000000000e+00	0.0000000000e+00
1.0617347683e+05	2.5858891650e-14	4.8209018552e-16	5.5459408820e-21	0.0000000000e+00	4.0229255357e-16	2.9699888759e-14	1.2239874371e-20	0.0000000000e+00	1.3870719293e-21	3.6684871619e-21	3.7634609286e-14	0.0000000000e+00	0.0000000000e+00	0.0000000000e+00	0.0000000000e+00	0.0000000000e+00
1.0617384388e+05	2.5861566092e-14	4.8163594461e-16	5.5462793352e-21	0.0000000000e+00	4.0194440922e-16	2.9696184401e-14	1.2229604280e-20	0.0000000000e+00	1.3887690846e-21	3.6693877313e-21	3.7629933883e-14	0.0000000000e+00	0.0000000000e+00	0.0000000000e+00	0.0000000000e+00	0.0000000000e+00
1.0618192955e+05	2.6073715508e-14	4.7207151660e-16	5.5020175307e-21	0.0000000000e+00	3.9462394637e-16	2.9733066462e-14	1.2032479513e-20	0.0000000000e+00	1.4126112809e-21	3.6955594496e-21	3.7523590832e-14	0.0000000000e+00	0.0000000000e+00	0.0000000000e+00	0.0000000000e+00	0.0000000000e+00
1.0618443547e+05	2.6098812504e-14	4.6931038747e-16	5.4751950934e-21	0.0000000000e+00	3.9251734395e-16	2.9707996422e-14	1.1982539995e-20	0.0000000000e+00	1.4163768975e-21	3.7062050056e-21	3.7490498318e-14	0.0000000000e+00	0.0000000000e+00	0.0000000000e+00	0.0000000000e+00	0.0000000000e+00
1.0618480678e+05	2.6102659686e-14	4.6891060137e-16	5.4708407727e-21	0.0000000000e+00	3.9221272223e-16	2.9704260010e-14	1.1975849666e-20	0.0000000000e+00	1.4168228457e-21	3.7079697849e-21	3.7485644259e-14	0.0000000000e+00	0.0000000000e+00	0.0000000000e+00	0.0000000000e+00	0.0000000000e+00
1.0619298607e+05	2.6337651816e-14	4.6078335075e-16	5.3821136264e-21	0.0000000000e+00	3.8605304166e-16	2.9739239257e-14	1.1873569896e-20	0.0000000000e+00	1.4276175512e-21	3.7591541017e-21	3.7384973372e-14	0.0000000000e+00	0.0000000000e+00	0.0000000000e+00	0.0000000000e+00	0.0000000000e+00
1.0619552101e+05	2.6369577776e-14	4.5855122902e-16	5.3611966831e-21	0.0000000000e+00	3.8437759190e-16	2.9714071859e-14	1.1864425732e-20	0.0000000000e+00	1.4323802267e-21	3.7815783180e-21	3.7356898106e-14	0.0000000000e+00	0.0000000000e+00	0.0000000000e+00	0.0000000000e+00	0.0000000000e+00
1.0619589662e+05	2.6374405531e-14	4.5823288321e-16	5.3585929142e-21	0.0000000000e+00	3.8413947801e-16	2.9710323179e-14	1.1864666979e-20	0.0000000000e+00	1.4332070395e-21	3.7853934771e-21	3.7352868571e-14	0.0000000000e+00	0.0000000000e+00	0.0000000000e+00	0.0000000000e+00	0.0000000000e+00
1.0620417062e+05	2.6627720098e-14	4.5208367690e-16	5.3160201809e-21	0.0000000000e+00	3.7960356978e-16	2.9743555822e-14	1.1933910778e-20	0.0000000000e+00	1.4547969760e-21	3.8894401580e-21	3.7270979909e-14	0.0000000000e+00	0.0000000000e+00	0.0000000000e+00	0.0000000000e+00	0.0000000000e+00
1.0620673491e+05	2.6665071839e-14	4.5053275597e-16	5.3116061678e-21	0.0000000000e+00	3.7849037041e-16	2.9718117143e-14	1.1980477775e-20	0.0000000000e+00	1.4636876541e-21	3.9297798200e-21	3.7247124963e-14	0.0000000000e+00	0.0000000000e+00	0.0000000000e+00	0.0000000000e+00	0.0000000000e+00
1.0620711487e+05	2.6670671529e-14	4.5031801445e-16	5.3113142047e-21	0.0000000000e+00	3.7833788488e-16	2.9714322111e-14	1.1988137718e-20	0.0000000000e+00	1.4650989689e-21	3.9360098926e-21	3.7243599501e-14	0.0000000000e+00	0.0000000000e+00	0.0000000000e+00	0.0000000000e+00	0.0000000000e+00
1.0621548468e+05	2.6797932701e-14	4.4662428198e-16	5.3359899651e-21	0.0000000000e+00	3.7583910357e-16	2.9628630834e-14	1.2195029098e-20	0.0000000000e+00	1.5046270546e-21	4.0863641994e-21	3.7163547388e-14	0.0000000000e+00	0.0000000000e+00	0.0000000000e+00	0.0000000000e+00	0.0000000000e+00
1.0621807866e+05	2.6838778869e-14	4.4590131924e-16	5.3542644316e-21	0.0000000000e+00	3.7541570792e-16	2.9601171112e-14	1.2269404854e-20	0.0000000000e+00	1.5198432424e-21	4.1366501727e-21	3.7137087194e-14	0.0000000000e+00	0.0000000000e+00	0.0000000000e+00	0.0000000000e+00	0.0000000000e+00
1.0621846302e+05	2.6844883168e-14	4.4581193292e-16	5.3570838090e-21	0.0000000000e+00	3.7536777333e-16	2.9597064761e-14	1.2280361939e-20	0.0000000000e+00	1.5221309424e-21	4.1440925460e-21	3.7133091848e-14	0.0000000000e+00	0.0000000000e+00	0.0000000000e+00	0.0000000000e+00	0.0000000000e+00
1.0622692975e+05	2.7122562367e-14	4.4505079716e-16	5.4102430065e-21	0.0000000000e+00	3.7532241589e-16	2.9627642750e-14	1.2509460147e-20	0.0000000000e+00	1.5700322577e-21	4.3046262641e-21	3.7041621871e-14	0.0000000000e+00	0.0000000000e+00	0.0000000000e+00	0.0000000000e+00	0.0000000000e+00
1.0622955377e+05	2.7165809503e-14	4.4530077169e-16	5.4194572888e-21	0.0000000000e+00	3.7571584705e-16	2.9599664066e-14	1.2569564672e-20	0.0000000000e+00	1.5827753475e-21	4.3508854634e-21	3.7012911835e-14	0.0000000000e+00	0.0000000000e+00	0.0000000000e+00	0.0000000000e+00	0.0000000000e+00
1.0622994258e+05	2.7172238761e-14	4.4535799546e-16	5.4207007337e-21	0.0000000000e+00	3.7579111054e-16	2.9595479285e-14	1.2578108500e-20	0.0000000000e+00	1.5846263370e-21	4.3576217115e-21	3.7008689632e-14	0.0000000000e+00	0.0000000000e+00	0.0000000000e+00	0.0000000000e+00	0.0000000000e+00
1.0623850735e+05	2.7314986788e-14	4.4796842498e-16	5.4331853678e-21	0.0000000000e+00	3.7858633084e-16	2.9500698408e-14	1.2742692285e-20	0.0000000000e+00	1.6208349820e-21	4.4980880158e-21	3.6920346923e-14	0.0000000000e+00	0.0000000000e+00	0.0000000000e+00	0.0000000000e+00	0.0000000000e+00
1.0624116175e+05	2.7498621557e-14	4.4931014077e-16	5.4376542371e-21	0.0000000000e+00	3.7990239589e-16	2.9593978562e-14	1.2797468189e-20	0.0000000000e+00	1.6321554422e-21	4.5430568925e-21	3.6895394926e-14	0.0000000000e+00	0.0000000000e+00	0.0000000000e+00	0.0000000000e+00	0.0000000000e+00
1.0624155507e+05	2.7505165303e-14	4.4953057798e-16	5.4384425722e-21	0.0000000000e+00	3.8011570361e-16	2.9589671000e-14	1.2806251237e-20	0.0000000000e+00	1.6338676863e-21	4.5499621219e-21	3.6891802972e-14	0.0000000000e+00	0.0000000000e+00	0.0000000000e+00	0.0000000000e+00	0.0000000000e+00
1.0625021901e+05	2.7648345399e-14	4.5580741806e-16	5.4625716614e-21	0.0000000000e+00	3.8601931579e-16	2.9491815492e-14	1.3076243014e-20	0.0000000000e+00	1.6734771858e-21	4.7301834477e-21	3.6818160955e-14	0.0000000000e+00	0.0000000000e+00	0.0000000000e+00	0.0000000000e+00	0.0000000000e+00
1.0625290415e+05	2.7830654228e-14	4.5830411495e-16	5.4712771550e-21	0.0000000000e+00	3.8831742239e-16	2.9582826084e-14	1.3197053941e-20	0.0000000000e+00	1.6860781687e-21	4.7999074366e-21	3.6796557850e-14	0.0000000000e+00	0.0000000000e+00	0.0000000000e+00	0.0000000000e+00	0.0000000000e+00
1.0625330202e+05	2.7837092124e-14	4.5869615385e-16	5.4725549288e-21	0.0000000000e+00	3.8867675112e-16	2.9578367100e-14	1.3216579543e-20	0.0000000000e+00	1.6879398165e-21	4.8108568815e-21	3.6793363300e-14	0.0000000000e+00	0.0000000000e+00	0.0000000000e+00	0.0000000000e+00	0.0000000000e+00
1.0626206629e+05	2.7975960009e-14	4.6877200183e-16	5.5103321495e-21	0.0000000000e+00	3.9782048820e-16	2.9477295148e-14	1.3733882145e-20	0.0000000000e+00	1.7318614010e-21	5.0863142653e-21	3.6720953034e-14	0.0000000000e+00	0.0000000000e+00	0.0000000000e+00	0.0000000000e+00	0.0000000000e+00
1.0626478252e+05	2.8155425494e-14	4.7245066910e-16	5.5302993909e-21	0.0000000000e+00	4.0112954462e-16	2.9566168480e-14	1.3912668039e-20	0.0000000000e+00	1.7480632245e-21	5.1795345444e-21	3.6697136318e-14	0.0000000000e+00	0.0000000000e+00	0.0000000000e+00	0.0000000000e+00	0.0000000000e+00
1.0626518499e+05	2.8161555295e-14	4.7301794475e-16	5.5337626947e-21	0.0000000000e+00	4.0163886902e-16	2.9561570539e-14	1.3938820596e-20	0.0000000000e+00	1.7506252388e-21	5.1932659524e-21	3.6693544156e-14	0.0000000000e+00	0.0000000000e+00	0.0000000000e+00	0.0000000000e+00	0.0000000000e+00
1.0627405075e+05	2.8291965778e-14	4.8695831791e-16	5.6378002671e-21	0.0000000000e+00	4.1409787808e-16	2.9457312062e-14	1.4482195903e-20	0.0000000000e+00	1.8161761198e-21	5.4861979886e-21	3.6611535790e-14	0.0000000000e+00	0.0000000000e+00	0.0000000000e+00	0.0000000000e+00	0.0000000000e+00
1.0627679843e+05	2.8330560383e-14	4.9183448696e-16	5.6755593903e-21	0.0000000000e+00	4.1843708437e-16	2.9423893800e-14	1.4633920112e-20	0.0000000000e+00	1.8384103107e-21	5.5716427862e-21	3.6585804534e-14	0.0000000000e+00	0.0000000000e+00	0.0000000000e+00	0.0000000000e+00	0.0000000000e+00
1.0627720557e+05	2.8336203957e-14	4.9257913567e-16	5.6810258747e-21	0.0000000000e+00	4.1909910724e-16	2.9418901696e-14	1.4656134563e-20	0.0000000000e+00	1.8416701069e-21	5.5842363585e-21	3.6582017349e-14	0.0000000000e+00	0.0000000000e+00	0.0000000000e+00	0.0000000000e+00	0.0000000000e+00
1.0628617398e+05	2.8455376343e-14	5.1040908032e-16	5.7718426363e-21	0.0000000000e+00	4.3491404511e-16	2.9306797577e-14	1.5173060795e-20	0.0000000000e+00	1.9041427426e-21	5.8745306872e-21	3.6502416937e-14	0.0000000000e+00	0.0000000000e+00	0.0000000000e+00	0.0000000000e+00	0.0000000000e+00
1.0628895348e+05	2.8490182822e-14	5.1647799276e-16	5.7847483147e-21	0.0000000000e+00	4.4028526283e-16	2.9271466895e-14	1.5355604710e-20	0.0000000000e+00	1.9185469639e-21	5.9741010202e-21	3.6479746395e-14	0.0000000000e+00	0.0000000000e+00	0.0000000000e+00	0.0000000000e+00	0.0000000000e+00
1.0628936533e+05	2.8495248146e-14	5.1739857012e-16	5.7861567902e-21	0.0000000000e+00	4.4109962607e-16	2.9266218673e-14	1.5383702324e-20	0.0000000000e+00	1.9205133979e-21	5.9893066000e-21	3.6476474239e-14	0.0000000000e+00	0.0000000000e+00	0.0000000000e+00	0.0000000000e+00	0.0000000000e+00
1.0629843760e+05	2.8733078944e-14	5.3902931248e-16	5.8115667355e-21	0.0000000000e+00	4.6021367678e-16	2.9275208325e-14	1.6052517366e-20	0.0000000000e+00	1.9618257047e-21	6.3469225899e-21	3.6408964227e-14	0.0000000000e+00	0.0000000000e+00	0.0000000000e+00	0.0000000000e+00	0.0000000000e+00
1.0630124928e+05	2.8762254580e-14	5.4623903294e-16	5.8291328694e-21	0.0000000000e+00	4.6657827321e-16	2.9238848949e-14	1.6268448601e-20	0.0000000000e+00	1.9778629750e-21	6.4624411993e-21	3.6389090867e-14	0.0000000000e+00	0.0000000000e+00	0.0000000000e+00	0.0000000000e+00	0.0000000000e+00
1.0630166590e+05	2.8766465963e-14	5.4732690290e-16	5.8325766625e-21	0.0000000000e+00	4.6753843993e-16	2.9233453860e-14	1.6300596094e-20	0.0000000000e+00	1.9805255093e-21	6.4796708192e-21	3.6386154654e-14	0.0000000000e+00	0.0000000000e+00	0.0000000000e+00	0.0000000000e+00	0.0000000000e+00
1.0631084322e+05	2.8984026069e-14	5.7251400651e-16	5.9632538112e-21	0.0000000000e+00	4.8976055508e-16	2.9238404355e-14	1.6968534781e-20	0.0000000000e+00	2.0582489309e-21	6.8463840713e-21	3.6320134159e-14	0.0000000000e+00	0.0000000000e+00	0.0000000000e+00	0.0000000000e+00	0.0000000000e+00
1.0631368746e+05	2.9006653754e-14	5.8077306835e-16	6.0219718738e-21	0.0000000000e+00	4.9704555706e-16	2.9201141676e-14	1.7154008452e-20	0.0000000000e+00	2.0888380558e-21	6.9525151037e-21	3.6298717579e-14	0.0000000000e+00	0.0000000000e+00	0.0000000000e+00	0.0000000000e+00	0.0000000000e+00
1.0631410890e+05	2.9009880118e-14	5.8201419376e-16	6.0300681218e-21	0.0000000000e+00	4.9814028567e-16	2.9195611622e-14	1.7179745690e-20	0.0000000000e+00	2.0931733366e-21	6.9675744326e-21	3.6295503607e-14	0.0000000000e+00	0.0000000000e+00	0.0000000000e+00	0.0000000000e+00	0.0000000000e+00
1.0632339249e+05	2.9204575152e-14	6.1043101726e-16	6.2339813324e-21	0.0000000000e+00	5.2320689800e-16	2.9196502906e-14	1.7723921458e-20	0.0000000000e+00	2.1984215619e-21	7.2923654715e-21	3.6222804626e-14	0.0000000000e+00	0.0000000000e+00	0.0000000000e+00	0.0000000000e+00	0.0000000000e+00
1.0632626967e+05	2.9219972202e-14	6.1963341042e-16	6.2857415832e-21	0.0000000000e+00	5.3132612389e-16	2.9158318667e-14	1.7890173772e-20	0.0000000000e+00	2.2273259474e-21	7.3929108667e-21	3.6200186749e-14	0.0000000000e+00	0.0000000000e+00	0.0000000000e+00	0.0000000000e+00	0.0000000000e+00
1.0632669599e+05	2.9222116248e-14	6.2101195093e-16	6.2924793049e-21	0.0000000000e+00	5.3254251439e-16	2.9152655718e-14	1.7915517739e-20	0.0000000000e+00	2.2312885789e-21	7.4081366270e-21	3.6196860730e-14	0.0000000000e+00	0.0000000000e+00	0.0000000000e+00	0.0000000000e+00	0.0000000000e+00
1.0633608707e+05	2.9391784592e-14	6.5229761031e-16	6.3584458157e-21	0.0000000000e+00	5.6015812383e-16	2.9149998134e-14	1.8521913861e-20	0.0000000000e+00	2.2894310924e-21	7.7660040136e-21	3.6126735555e-14	0.0000000000e+00	0.0000000000e+00	0.0000000000e+00	0.0000000000e+00	0.0000000000e+00
1.0633899757e+05	2.9399320769e-14	6.6232519392e-16	6.3463928042e-21	0.0000000000e+00	5.6901416276e-16	2.9111215855e-14	1.8730148839e-20	0.0000000000e+00	2.2957220083e-21	7.8864540363e-21	3.6106527456e-14	0.0000000000e+00	0.0000000000e+00	0.0000000000e+00	0.0000000000e+00	0.0000000000e+00
1.0633942882e+05	2.9400288897e-14	6.6382331792e-16	6.3437144120e-21	0.0000000000e+00	5.7033748387e-16	2.9105471965e-14	1.8761790551e-20	0.0000000000e+00	2.2963229323e-21	7.9046785082e-21	3.6103595559e-14	0.0000000000e+00	0.0000000000e+00	0.0000000000e+00	0.0000000000e+00	0.0000000000e+00
1.0634892865e+05	2.9411819400e-14	6.9755576862e-16	6.2682521824e-21	0.0000000000e+00	6.0015128808e-16	2.8979623964e-14	1.9456560368e-20	0.0000000000e+00	2.3028727733e-21	8.3082153033e-21	3.6041998380e-14	0.0000000000e+00	0.0000000000e+00	0.0000000000e+00	0.0000000000e+00	0.0000000000e+00
1.0635187285e+05	2.9411539344e-14	7.0826489213e-16	6.2614053103e-21	0.0000000000e+00	6.0962390078e-16	2.8941001006e-14	1.9659363746e-20	0.0000000000e+00	2.3107256430e-21	8.4290718200e-21	3.6023472958e-14	0.0000000000e+00	0.0000000000e+00	0.0000000000e+00	0.0000000000e+00	0.0000000000e+00
1.0635230910e+05	2.9411340241e-14	7.0986074325e-16	6.2618316969e-21	0.0000000000e+00	6.1103582522e-16	2.8935295335e-14	1.9688424721e-20	0.0000000000e+00	2.3124147943e-21	8.4465975808e-21	3.6020724918e-14	0.0000000000e+00	0.0000000000e+00	0.0000000000e+00	0.0000000000e+00	0.0000000000e+00
1.0636191893e+05	2.9525448469e-14	7.4552618017e-16	6.3769726492e-21	0.0000000000e+00	6.4261491937e-16	2.8928223410e-14	2.0248181915e-20	0.0000000000e+00	2.3889938500e-21	8.8003228717e-21	3.5958760733e-14	0.0000000000e+00	0.0000000000e+00	0.0000000000e+00	0.0000000000e+00	0.0000000000e+00
1.0636489722e+05	2.9516471298e-14	7.5674715874e-16	6.4461706199e-21	0.0000000000e+00	6.5256040356e-16	2.8889174786e-14	2.0389514426e-20	0.0000000000e+00	2.4254694488e-21	8.8967415928e-21	3.5938795430e-14	0.0000000000e+00	0.0000000000e+00	0.0000000000e+00	0.0000000000e+00	0.0000000000e+00
1.0636533852e+05	2.9514983349e-14	7.5841531286e-16	6.4567825322e-21	0.0000000000e+00	6.5403937366e-16	2.8883407601e-14	2.0408925001e-20	0.0000000000e+00	2.4310237477e-21	8.9103829757e-21	3.5935807380e-14	0.0000000000e+00	0.0000000000e+00	0.0000000000e+00	0.0000000000e+00	0.0000000000e+00
1.0637505963e+05	2.9600188767e-14	7.9544423459e-16	6.6954588642e-21	0.0000000000e+00	6.8689925573e-16	2.8874214653e-14	2.0793076626e-20	0.0000000000e+00	2.5562376929e-21	9.1929804151e-21	3.5869234326e-14	0.0000000000e+00	0.0000000000e+00	0.0000000000e+00	0.0000000000e+00	0.0000000000e+00
1.0637807241e+05	2.9582412956e-14	8.0700044253e-16	6.7521055895e-21	0.0000000000e+00	6.9716677484e-16	2.8834989665e-14	2.0899812645e-20	0.0000000000e+00	2.5887910310e-21	9.2754983893e-21	3.5848849037e-14	0.0000000000e+00	0.0000000000e+00	0.0000000000e+00	0.0000000000e+00	0.0000000000e+00
1.0637851882e+05	2.9579620881e-14	8.0871483227e-16	6.7592959209e-21	0.0000000000e+00	6.9869050756e-16	2.8829203644e-14	2.0915432451e-20	0.0000000000e+00	2.5931636903e-21	9.2876509590e-21	3.5845860949e-14	0.0000000000e+00	0.0000000000e+00	0.0000000000e+00	0.0000000000e+00	0.0000000000e+00
1.0638835249e+05	2.9635599939e-14	8.4654331312e-16	6.8320295783e-21	0.0000000000e+00	7.3234776233e-16	2.8818918157e-14	2.1257748632e-20	0.0000000000e+00	2.6567263194e-21	9.5553406038e-21	3.5783042157e-14	0.0000000000e+00	0.0000000000e+00	0.0000000000e+00	0.0000000000e+00	0.0000000000e+00
1.0639140016e+05	2.9608943005e-14	8.5826370802e-16	6.8274028221e-21	0.0000000000e+00	7.4279017277e-16	2.8779748358e-14	2.1368830314e-20	0.0000000000e+00	2.6658488897e-21	9.6408505534e-21	3.5764821844e-14	0.0000000000e+00	0.0000000000e+00	0.0000000000e+00	0.0000000000e+00	0.0000000000e+00
1.0639185174e+05	2.9604836215e-14	8.5999909745e-16	6.8260979209e-21	0.0000000000e+00	7.4433693738e-16	2.8773970261e-14	2.1385737282e-20	0.0000000000e+00	2.6669525144e-21	9.6537360591e-21	3.5762166227e-14	0.0000000000e+00	0.0000000000e+00	0.0000000000e+00	0.0000000000e+00	0.0000000000e+00
1.0640179928e+05	2.9631474627e-14	8.9806941082e-16	6.8041264467e-21	0.0000000000e+00	7.7830993013e-16	2.8762647730e-14	2.1795628129e-20	0.0000000000e+00	2.6934749139e-21	9.9555963841e-21	3.5705374349e-14	0.0000000000e+00	0.0000000000e+00	0.0000000000e+00	0.0000000000e+00	0.0000000000e+00
1.0640488223e+05	2.9596015413e-14	9.0977763561e-16	6.8156932375e-21	0.0000000000e+00	7.8877440371e-16	2.8723404592e-14	2.1933428913e-20	0.0000000000e+00	2.7088319415e-21	1.0054512204e-20	3.5687910087e-14	0.0000000000e+00	0.0000000000e+00	0.0000000000e+00	0.0000000000e+00	0.0000000000e+00
1.0640533904e+05	2.9590610942e-14	9.1150764715e-16	6.8188764280e-21	0.0000000000e+00	7.9032132096e-16	2.8717613652e-14	2.1954209763e-20	0.0000000000e+00	2.7116900580e-21	1.0069355089e-20	3.5685307221e-14	0.0000000000e+00	0.0000000000e+00	0.0000000000e+00	0.0000000000e+00	0.0000000000e+00
1.0641540177e+05	2.9461811372e-14	9.4922333261e-16	6.9461043046e-21	0.0000000000e+00	8.2409132715e-16	2.8591548772e-14	2.2380275447e-20	0.0000000000e+00	2.7977142246e-21	1.0382944657e-20	3.5626465034e-14	0.0000000000e+00	0.0000000000e+00	0.0000000000e+00	0.0000000000e+00	0.0000000000e+00
1.0641852042e+05	2.9418138968e-14	9.6073047233e-16	6.9998973556e-21	0.0000000000e+00	8.3441304287e-16	2.8552981279e-14	2.2492236654e-20	0.0000000000e+00	2.8303234923e-21	1.0471225940e-20	3.5607663390e-14	0.0000000000e+00	0.0000000000e+00	0.0000000000e+00	0.0000000000e+00	0.0000000000e+00
1.0641898252e+05	2.9411517653e-14	9.6242709233e-16	7.0079829350e-21	0.0000000000e+00	8.3593565043e-16	2.8547281736e-14	2.2507703390e-20	0.0000000000e+00	2.8352112236e-21	1.0483795959e-20	3.5604864450e-14	0.0000000000e+00	0.0000000000e+00	0.0000000000e+00	0.0000000000e+00	0.0000000000e+00
1.0642916177e+05	2.9382291978e-14	9.9918162582e-16	7.1735516034e-21	0.0000000000e+00	8.6897159578e-16	2.8534433499e-14	2.2773020454e-20	0.0000000000e+00	2.9383653596e-21	1.0725833801e-20	3.5543585376e-14	0.0000000000e+00	0.0000000000e+00	0.0000000000e+00	0.0000000000e+00	0.0000000000e+00
1.0643231654e+05	2.9330467785e-14	1.0103081564e-15	7.2182447139e-21	0.0000000000e+00	8.7899278310e-16	2.8496129248e-14	2.2826796395e-20	0.0000000000e+00	2.9678271113e-21	1.0787492611e-20	3.5525224491e-14	0.0000000000e+00	0.0000000000e+00	0.0000000000e+00	0.0000000000e+00	0.0000000000e+00
1.0643278399e+05	2.9322645704e-14	1.0119452612e-15	7.2245072853e-21	0.0000000000e+00	8.8046809820e-16	2.8490470574e-14	2.2833893470e-20	0.0000000000e+00	2.9720513386e-21	1.0796212904e-20	3.5522546203e-14	0.0000000000e+00	0.0000000000e+00	0.0000000000e+00	0.0000000000e+00	0.0000000000e+00
1.0644308111e+05	2.9266856802e-14	1.0471972117e-15	7.3611898683e-21	0.0000000000e+00	9.1229207784e-16	2.8477590712e-14	2.2955732961e-20	0.0000000000e+00	3.0649719088e-21	1.0971454754e-20	3.5466521226e-14	0.0000000000e+00	0.0000000000e+00	0.0000000000e+00	0.0000000000e+00	0.0000000000e+00
1.0644627240e+05	2.9207205286e-14	1.0577874125e-15	7.4038371914e-21	0.0000000000e+00	9.2187469119e-16	2.8439557031e-14	2.2993844270e-20	0.0000000000e+00	3.0940397384e-21	1.1025723961e-20	3.5450164986e-14	0.0000000000e+00	0.0000000000e+00	0.0000000000e+00	0.0000000000e+00	0.0000000000e+00
1.0644674527e+05	2.9198234192e-14	1.0593423048e-15	7.4101290187e-21	0.0000000000e+00	9.2328257023e-16	2.8433936575e-14	2.2999973023e-20	0.0000000000e+00	3.0983414161e-21	1.1033988032e-20	3.5447768149e-14	0.0000000000e+00	0.0000000000e+00	0.0000000000e+00	0.0000000000e+00	0.0000000000e+00
1.0645716162e+05	2.9117372469e-14	1.0926076123e-15	7.5346364762e-21	0.0000000000e+00	9.5346369627e-16	2.8420971178e-14	2.3174903217e-20	0.0000000000e+00	3.1875268715e-21	1.1234908515e-20	3.5395394623e-14	0.0000000000e+00	0.0000000000e+00	0.0000000000e+00	0.0000000000e+00	0.0000000000e+00
1.0646038987e+05	2.9050515115e-14	1.1025146326e-15	7.5610821002e-21	0.0000000000e+00	9.6247657589e-16	2.8383255183e-14	2.3244853879e-20	0.0000000000e+00	3.2101334903e-21	1.1304728918e-20	3.5378864074e-14	0.0000000000e+00	0.0000000000e+00	0.0000000000e+00	0.0000000000e+00	0.0000000000e+00
1.0646086821e+05	2.9040492574e-14	1.1039656195e-15	7.5642659466e-21	0.0000000000e+00	9.6379762748e-16	2.8377684409e-14	2.3255771033e-20	0.0000000000e+00	3.2131728124e-21	1.1315343246e-20	3.5376389270e-14	0.0000000000e+00	0.0000000000e+00	0.0000000000e+00	0.0000000000e+00	0.0000000000e+00
1.0647140518e+05	2.8936912276e-14	1.1347715713e-15	7.5817909667e-21	0.0000000000e+00	9.9191229454e-16	2.8365168754e-14	2.3517795091e-20	0.0000000000e+00	3.2575479462e-21	1.1559812396e-20	3.5320202084e-14	0.0000000000e+00	0.0000000000e+00	0.0000000000e+00	0.0000000000e+00	0.0000000000e+00
1.0647467081e+05	2.8863591386e-14	1.1438532170e-15	7.5698545830e-21	0.0000000000e+00	1.0002275656e-15	2.8327979828e-14	2.3599621859e-20	0.0000000000e+00	3.2637206174e-21	1.1635953074e-20	3.5302385358e-14	0.0000000000e+00	0.0000000000e+00	0.0000000000e+00	0.0000000000e+00	0.0000000000e+00
1.0647515469e+05	2.8852625004e-14	1.1451795215e-15	7.5676784363e-21	0.0000000000e+00	1.0014430840e-15	2.8322489014e-14	2.3611384045e-20	0.0000000000e+00	3.2644514012e-21	1.1647059239e-20	3.5299745456e-14	0.0000000000e+00	0.0000000000e+00	0.0000000000e+00	0.0000000000e+00	0.0000000000e+00
1.0648581367e+05	2.8604504212e-14	1.1730961762e-15	7.5182107789e-21	0.0000000000e+00	1.0271026430e-15	2.8202192769e-14	2.3826870394e-20	0.0000000000e+00	3.2793145595e-21	1.1870126706e-20	3.5242903973e-14	0.0000000000e+00	0.0000000000e+00	0.0000000000e+00	0.0000000000e+00	0.0000000000e+00
1.0648911711e+05	2.8525146247e-14	1.1812325074e-15	7.5115482940e-21	0.0000000000e+00	1.0346111946e-15	2.8164933226e-14	2.3872674097e-20	0.0000000000e+00	3.2874942721e-21	1.1928746989e-20	3.5226197309e-14	0.0000000000e+00	0.0000000000e+00	0.0000000000e+00	0.0000000000e+00	0.0000000000e+00
1.0648960660e+05	2.8637419529e-14	1.1824170655e-15	7.5110763948e-21	0.0000000000e+00	1.0357056212e-15	2.8269019214e-14	2.3878370833e-20	0.0000000000e+00	3.2889253188e-21	1.1936881465e-20	3.5223767879e-14	0.0000000000e+00	0.0000000000e+00	0.0000000000e+00	0.0000000000e+00	0.0000000000e+00
1.0650038900e+05	2.8371221459e-14	1.2071036358e-15	7.5374101579e-21	0.0000000000e+00	1.0585974452e-15	2.8150861367e-14	2.3961071902e-20	0.0000000000e+00	3.3363351551e-21	1.2093930873e-20	3.5172971687e-14	0.0000000000e+00	0.0000000000e+00	0.0000000000e+00	0.0000000000e+00	0.0000000000e+00
1.0650373070e+05	2.8410132726e-14	1.2142025021e-15	7.5536873651e-21	0.0000000000e+00	1.0652139715e-15	2.8223104926e-14	2.3974995821e-20	0.0000000000e+00	3.3545604007e-21	1.2136387079e-20	3.5157941434e-14	0.0000000000e+00	0.0000000000e+00	0.0000000000e+00	0.0000000000e+00	0.0000000000e+00
1.0650422585e+05	2.8397550979e-14	1.2152318825e-15	7.5560906908e-21	0.0000000000e+00	1.0661748543e-15	2.8217828069e-14	2.3976804416e-20	0.0000000000e+00	3.3572562415e-21	1.2142534561e-20	3.5155724291e-14	0.0000000000e+00	0.0000000000e+00	0.0000000000e+00	0.0000000000e+00	0.0000000000e+00
1.0651513311e+05	2.8115879872e-14	1.2364251147e-15	7.5900735516e-21	0.0000000000e+00	1.0860528232e-15	2.8102516562e-14	2.4025341167e-20	0.0000000000e+00	3.4080712162e-21	1.2281434873e-20	3.5106294152e-14	0.0000000000e+00	0.0000000000e+00	0.0000000000e+00	0.0000000000e+00	0.0000000000e+00
1.0651851350e+05	2.8149848807e-14	1.2424142046e-15	7.5884341898e-21	0.0000000000e+00	1.0917090449e-15	2.8175040306e-14	2.4049264529e-20	0.0000000000e+00	3.4182794339e-21	1.2328683084e-20	3.5090420670e-14	0.0000000000e+00	0.0000000000e+00	0.0000000000e+00	0.0000000000e+00	0.0000000000e+00
1.0651901439e+05	2.8136644956e-14	1.2432781728e-15	7.5876307567e-21	0.0000000000e+00	1.0925266831e-15	2.8169913581e-14	2.4053317068e-20	0.0000000000e+00	3.4195341324e-21	1.2335932587e-20	3.5088040974e-14	0.0000000000e+00	0.0000000000e+00	0.0000000000e+00	0.0000000000e+00	0.0000000000e+00
1.0653004795e+05	2.7842379966e-14	1.2607722469e-15	7.5436817759e-21	0.0000000000e+00	1.1091940836e-15	2.8057844964e-14	2.4175754849e-20	0.0000000000e+00	3.4348189149e-21	1.2512083240e-20	3.5034382599e-14	0.0000000000e+00	0.0000000000e+00	0.0000000000e+00	0.0000000000e+00	0.0000000000e+00
1.0653346748e+05	2.7872244930e-14	1.2655966148e-15	7.5253760253e-21	0.0000000000e+00	1.1138367196e-15	2.8130724719e-14	2.4221840407e-20	0.0000000000e+00	3.4372130050e-21	1.2570691042e-20	3.5017679410e-14	0.0000000000e+00	0.0000000000e+00	0.0000000000e+00	0.0000000000e+00	0.0000000000e+00
1.0653397417e+05	2.7858540852e-14	1.2662873959e-15	7.5227064152e-21	0.0000000000e+00	1.1145035379e-15	2.8125749856e-14	2.4228701855e-20	0.0000000000e+00	3.4375780941e-21	1.2579385847e-20	3.5015220911e-14	0.0000000000e+00	0.0000000000e+00	0.0000000000e+00	0.0000000000e+00	0.0000000000e+00
1.0654513549e+05	2.7554240527e-14	1.2799366338e-15	7.4694369164e-21	0.0000000000e+00	1.1278158797e-15	2.8016941296e-14	2.4362447362e-20	0.0000000000e+00	3.4475843113e-21	1.2761396719e-20	3.4963206413e-14	0.0000000000e+00	0.0000000000e+00	0.0000000000e+00	0.0000000000e+00	0.0000000000e+00
1.0654859462e+05	2.7459099676e-14	1.2835618332e-15	7.4545157344e-21	0.0000000000e+00	1.1314095379e-15	2.7983316670e-14	2.4390459439e-20	0.0000000000e+00	3.4512037585e-21	1.2810559719e-20	3.4948124321e-14	0.0000000000e+00	0.0000000000e+00	0.0000000000e+00	0.0000000000e+00	0.0000000000e+00
1.0654910717e+05	2.7444974374e-14	1.2840748365e-15	7.4522920904e-21	0.0000000000e+00	1.1319207438e-15	2.7978331968e-14	2.4393844108e-20	0.0000000000e+00	3.4517259169e-21	1.2817431209e-20	3.4945931174e-14	0.0000000000e+00	0.0000000000e+00	0.0000000000e+00	0.0000000000e+00	0.0000000000e+00
1.0656039774e+05	2.7254913331e-14	1.2938125566e-15	7.4000127348e-21	0.0000000000e+00	1.1418028357e-15	2.7980307364e-14	2.4426084267e-20	0.0000000000e+00	3.4611508407e-21	1.2945599144e-20	3.4899475356e-14	0.0000000000e+00	0.0000000000e+00	0.0000000000e+00	0.0000000000e+00	0.0000000000e+00
1.0656389692e+05	2.7157849870e-14	1.2962319188e-15	7.3829681802e-21	0.0000000000e+00	1.1443365877e-15	2.7947832492e-14	2.4423975595e-20	0.0000000000e+00	3.4634652211e-21	1.2978518464e-20	3.4885331580e-14	0.0000000000e+00	0.0000000000e+00	0.0000000000e+00	0.0000000000e+00	0.0000000000e+00
1.0656441541e+05	2.7143455316e-14	1.2965667043e-15	7.3804704181e-21	0.0000000000e+00	1.1446910478e-15	2.7943018341e-14	2.4423468681e-20	0.0000000000e+00	3.4638125727e-21	1.2983275189e-20	3.4883226526e-14	0.0000000000e+00	0.0000000000e+00	0.0000000000e+00	0.0000000000e+00	0.0000000000e+00
1.0657583671e+05	2.6947908233e-14	1.3024174908e-15	7.3307549572e-21	0.0000000000e+00	1.1511483919e-15	2.7948370178e-14	2.4417633668e-20	0.0000000000e+00	3.4734232312e-21	1.3089753993e-20	3.4835412057e-14	0.0000000000e+00	0.0000000000e+00	0.0000000000e+00	0.0000000000e+00	0.0000000000e+00
1.0657937642e+05	2.6849706192e-14	1.3036503180e-15	7.3185077858e-21	0.0000000000e+00	1.1526343648e-15	2.7917020357e-14	2.4422402961e-20	0.0000000000e+00	3.4777003019e-21	1.3125853657e-20	3.4819944289e-14	0.0000000000e+00	0.0000000000e+00	0.0000000000e+00	0.0000000000e+00	0.0000000000e+00
1.0657990091e+05	2.6835158044e-14	1.3038102131e-15	7.3168272027e-21	0.0000000000e+00	1.1528342941e-15	2.7912369839e-14	2.4423326525e-20	0.0000000000e+00	3.4783904538e-21	1.3131303496e-20	3.4817631330e-14	0.0000000000e+00	0.0000000000e+00	0.0000000000e+00	0.0000000000e+00	0.0000000000e+00
1.0659145446e+05	2.6636699079e-14	1.3058648603e-15	7.2815041470e-21	0.0000000000e+00	1.1559315135e-15	2.7920877032e-14	2.4452023089e-20	0.0000000000e+00	3.4939453123e-21	1.3254883983e-20	3.4766355332e-14	0.0000000000e+00	0.0000000000e+00	0.0000000000e+00	0.0000000000e+00	0.0000000000e+00
1.0659503516e+05	2.6538169952e-14	1.3059455931e-15	7.2676401999e-21	0.0000000000e+00	1.1563954622e-15	2.7890553985e-14	2.4458788167e-20	0.0000000000e+00	3.4971881813e-21	1.3291660035e-20	3.4750805851e-14	0.0000000000e+00	0.0000000000e+00	0.0000000000e+00	0.0000000000e+00	0.0000000000e+00
1.0659556572e+05	2.6523589325e-14	1.3059357149e-15	7.2653198972e-21	0.0000000000e+00	1.1564446958e-15	2.7886053379e-14	2.4459634127e-20	0.0000000000e+00	3.4975330023e-21	1.3297009129e-20	3.4748532808e-14	0.0000000000e+00	0.0000000000e+00	0.0000000000e+00	0.0000000000e+00	0.0000000000e+00
1.0660725306e+05	2.6324868169e-14	1.3043281438e-15	7.1964952976e-21	0.0000000000e+00	1.1562854888e-15	2.7897485419e-14	2.4452918958e-20	0.0000000000e+00	3.4960044662e-21	1.3399957819e-20	3.4700954387e-14	0.0000000000e+00	0.0000000000e+00	0.0000000000e+00	0.0000000000e+00	0.0000000000e+00
1.0661087521e+05	2.6226792731e-14	1.3033061931e-15	7.1707852361e-21	0.0000000000e+00	1.1557667389e-15	2.7868097715e-14	2.4442378507e-20	0.0000000000e+00	3.4931663956e-21	1.3426792893e-20	3.4687116263e-14	0.0000000000e+00	0.0000000000e+00	0.0000000000e+00	0.0000000000e+00	0.0000000000e+00
1.0661141192e+05	2.6212292454e-14	1.3031343707e-15	7.1669442297e-21	0.0000000000e+00	1.1556715615e-15	2.7863732698e-14	2.4440557636e-20	0.0000000000e+00	3.4927203548e-21	1.3430608015e-20	3.4685092085e-14	0.0000000000e+00	0.0000000000e+00	0.0000000000e+00	0.0000000000e+00	0.0000000000e+00
1.0662323459e+05	2.5895367829e-14	1.2980627759e-15	7.0891863330e-21	0.0000000000e+00	1.1524177369e-15	2.7766866533e-14	2.4384572654e-20	0.0000000000e+00	3.4856020995e-21	1.3504618744e-20	3.4641067507e-14	0.0000000000e+00	0.0000000000e+00	0.0000000000e+00	0.0000000000e+00	0.0000000000e+00
1.0662689869e+05	2.5798296103e-14	1.2960106241e-15	7.0707616460e-21	0.0000000000e+00	1.1509764737e-15	2.7736659255e-14	2.4362862772e-20	0.0000000000e+00	3.4859511911e-21	1.3524634540e-20	3.4627213902e-14	0.0000000000e+00	0.0000000000e+00	0.0000000000e+00	0.0000000000e+00	0.0000000000e+00
1.0662744161e+05	2.5783966830e-14	1.2956880070e-15	7.0683358377e-21	0.0000000000e+00	1.1507461764e-15	2.7732182436e-14	2.4359446289e-20	0.0000000000e+00	3.4861446116e-21	1.3527468556e-20	3.4625139711e-14	0.0000000000e+00	0.0000000000e+00	0.0000000000e+00	0.0000000000e+00	0.0000000000e+00
1.0663940119e+05	2.5591976271e-14	1.2874203368e-15	7.0379231020e-21	0.0000000000e+00	1.1446229154e-15	2.7750513530e-14	2.4274141707e-20	0.0000000000e+00	3.5013486615e-21	1.3582904718e-20	3.4577978160e-14	0.0000000000e+00	0.0000000000e+00	0.0000000000e+00	0.0000000000e+00	0.0000000000e+00
1.0664310771e+05	2.5496666558e-14	1.2844276020e-15	7.0339862832e-21	0.0000000000e+00	1.1423350405e-15	2.7721055391e-14	2.4243084854e-20	0.0000000000e+00	3.5086421566e-21	1.3596952262e-20	3.4562991727e-14	0.0000000000e+00	0.0000000000e+00	0.0000000000e+00	0.0000000000e+00	0.0000000000e+00
1.0664365692e+05	2.5482612218e-14	1.2839676724e-15	7.0333656259e-21	0.0000000000e+00	1.1419810616e-15	2.7716689215e-14	2.4238279256e-20	0.0000000000e+00	3.5096992323e-21	1.3598896814e-20	3.4560770228e-14	0.0000000000e+00	0.0000000000e+00	0.0000000000e+00	0.0000000000e+00	0.0000000000e+00
1.0665575498e+05	2.5296917139e-14	1.2728113620e-15	6.9959671191e-21	0.0000000000e+00	1.1332503714e-15	2.7736722723e-14	2.4128743733e-20	0.0000000000e+00	3.5207171656e-21	1.3638175111e-20	3.4512864959e-14	0.0000000000e+00	0.0000000000e+00	0.0000000000e+00	0.0000000000e+00	0.0000000000e+00
1.0665950442e+05	2.5204038195e-14	1.2689773129e-15	6.9709256764e-21	0.0000000000e+00	1.1302009276e-15	2.7707808501e-14	2.4096686768e-20	0.0000000000e+00	3.5171792199e-21	1.3650846304e-20	3.4498735834e-14	0.0000000000e+00	0.0000000000e+00	0.0000000000e+00	0.0000000000e+00	0.0000000000e+00
1.0666005999e+05	2.5190355088e-14	1.2683949284e-15	6.9666936247e-21	0.0000000000e+00	1.1297360125e-15	2.7703519563e-14	2.4092374878e-20	0.0000000000e+00	3.5163821556e-21	1.3652949745e-20	3.4496677718e-14	0.0000000000e+00	0.0000000000e+00	0.0000000000e+00	0.0000000000e+00	0.0000000000e+00
1.0667229814e+05	2.5012823765e-14	1.2546897077e-15	6.8537043623e-21	0.0000000000e+00	1.1186905134e-15	2.7724354985e-14	2.4015644330e-20	0.0000000000e+00	3.4880954150e-21	1.3708300391e-20	3.4453263608e-14	0.0000000000e+00	0.0000000000e+00	0.0000000000e+00	0.0000000000e+00	0.0000000000e+00
1.0667609100e+05	2.4922869269e-14	1.2501244659e-15	6.8152807707e-21	0.0000000000e+00	1.1149748026e-15	2.7695713803e-14	2.3996663109e-20	0.0000000000e+00	3.4773006012e-21	1.3727692415e-20	3.4440228746e-14	0.0000000000e+00	0.0000000000e+00	0.0000000000e+00	0.0000000000e+00	0.0000000000e+00
1.0667665300e+05	2.4909628286e-14	1.2494361702e-15	6.8095793739e-21	0.0000000000e+00	1.1144132870e-15	2.7691464534e-14	2.3993890460e-20	0.0000000000e+00	3.4756846916e-21	1.3730569452e-20	3.4438298087e-14	0.0000000000e+00	0.0000000000e+00	0.0000000000e+00	0.0000000000e+00	0.0000000000e+00
1.0668903286e+05	2.4741792286e-14	1.2335571198e-15	6.6858032708e-21	0.0000000000e+00	1.1013790930e-15	2.7712485021e-14	2.3920422050e-20	0.0000000000e+00	3.4402265483e-21	1.3785569870e-20	3.4394934743e-14	0.0000000000e+00	0.0000000000e+00	0.0000000000e+00	0.0000000000e+00	0.0000000000e+00
1.0669286964e+05	2.4655273421e-14	1.2283806193e-15	6.6511894708e-21	0.0000000000e+00	1.0971017978e-15	2.7684028349e-14	2.3889306213e-20	0.0000000000e+00	3.4308673175e-21	1.3797301971e-20	3.4381008735e-14	0.0000000000e+00	0.0000000000e+00	0.0000000000e+00	0.0000000000e+00	0.0000000000e+00
1.0669343815e+05	2.4642552563e-14	1.2276042620e-15	6.6464002876e-21	0.0000000000e+00	1.0964592761e-15	2.7679808059e-14	2.3884159869e-20	0.0000000000e+00	3.4296445555e-21	1.3798709444e-20	3.4378926406e-14	0.0000000000e+00	0.0000000000e+00	0.0000000000e+00	0.0000000000e+00	0.0000000000e+00
1.0670596136e+05	2.4369194209e-14	1.2099514195e-15	6.5646382242e-21	0.0000000000e+00	1.0817868647e-15	2.7587140369e-14	2.3740004883e-20	0.0000000000e+00	3.4143587484e-21	1.3810372319e-20	3.4332601107e-14	0.0000000000e+00	0.0000000000e+00	0.0000000000e+00	0.0000000000e+00	0.0000000000e+00
1.0670984257e+05	2.4403631703e-14	1.2042898659e-15	6.5458702245e-21	0.0000000000e+00	1.0770589231e-15	2.7672252904e-14	2.3683753650e-20	0.0000000000e+00	3.4128197546e-21	1.3806642027e-20	3.4318451419e-14	0.0000000000e+00	0.0000000000e+00	0.0000000000e+00	0.0000000000e+00	0.0000000000e+00
1.0671041766e+05	2.4391506281e-14	1.2034442194e-15	6.5431377595e-21	0.0000000000e+00	1.0763519108e-15	2.7668032563e-14	2.3675220395e-20	0.0000000000e+00	3.4126093170e-21	1.3805947505e-20	3.4316378256e-14	0.0000000000e+00	0.0000000000e+00	0.0000000000e+00	0.0000000000e+00	0.0000000000e+00
1.0672308589e+05	2.4247946053e-14	1.1844353794e-15	6.4725567720e-21	0.0000000000e+00	1.0604097695e-15	2.7687870561e-14	2.3510095591e-20	0.0000000000e+00	3.4020210449e-21	1.3802354371e-20	3.4272716588e-14	0.0000000000e+00	0.0000000000e+00	0.0000000000e+00	0.0000000000e+00	0.0000000000e+00
1.0672701204e+05	2.4169662002e-14	1.1784192397e-15	6.4451845046e-21	0.0000000000e+00	1.0553465937e-15	2.7659171231e-14	2.3477874982e-20	0.0000000000e+00	3.3956373420e-21	1.3811773384e-20	3.4259930273e-14	0.0000000000e+00	0.0000000000e+00	0.0000000000e+00	0.0000000000e+00	0.0000000000e+00
1.0672759379e+05	2.4158173825e-14	1.1775236958e-15	6.4409683852e-21	0.0000000000e+00	1.0545922587e-15	2.7654911890e-14	2.3473883764e-20	0.0000000000e+00	3.3945976314e-21	1.3813609111e-20	3.4258057283e-14	0.0000000000e+00	0.0000000000e+00	0.0000000000e+00	0.0000000000e+00	0.0000000000e+00
1.0674040870e+05	2.4028284003e-14	1.1575854943e-15	6.3446576738e-21	0.0000000000e+00	1.0377589386e-15	2.7673115067e-14	2.3400677002e-20	0.0000000000e+00	3.3692499829e-21	1.3861494451e-20	3.4217208974e-14	0.0000000000e+00	0.0000000000e+00	0.0000000000e+00	0.0000000000e+00	0.0000000000e+00
1.0674438032e+05	2.3954588465e-14	1.1513464420e-15	6.3146111968e-21	0.0000000000e+00	1.0324776808e-15	2.7644117517e-14	2.3367943446e-20	0.0000000000e+00	3.3610456365e-21	1.3869909838e-20	3.4204345142e-14	0.0000000000e+00	0.0000000000e+00	0.0000000000e+00	0.0000000000e+00	0.0000000000e+00
1.0674496880e+05	2.3943788717e-14	1.1504202647e-15	6.3099125395e-21	0.0000000000e+00	1.0316931739e-15	2.7639817567e-14	2.3362375580e-20	0.0000000000e+00	3.3596889618e-21	1.3870710277e-20	3.4202419148e-14	0.0000000000e+00	0.0000000000e+00	0.0000000000e+00	0.0000000000e+00	0.0000000000e+00
1.0675793211e+05	2.3828840341e-14	1.1299766299e-15	6.2078098144e-21	0.0000000000e+00	1.0143469132e-15	2.7656292801e-14	2.3196508206e-20	0.0000000000e+00	3.3299032503e-21	1.3861134472e-20	3.4158825366e-14	0.0000000000e+00	0.0000000000e+00	0.0000000000e+00	0.0000000000e+00	0.0000000000e+00
1.0676194971e+05	2.3760146071e-14	1.1236442702e-15	6.1767891891e-21	0.0000000000e+00	1.0089635121e-15	2.7626907860e-14	2.3134524760e-20	0.0000000000e+00	3.3207590949e-21	1.3851236818e-20	3.4145075084e-14	0.0000000000e+00	0.0000000000e+00	0.0000000000e+00	0.0000000000e+00	0.0000000000e+00
1.0676254501e+05	2.3750092636e-14	1.1227069759e-15	6.1723246419e-21	0.0000000000e+00	1.0081663045e-15	2.7622548380e-14	2.3125101816e-20	0.0000000000e+00	3.3194653620e-21	1.3849601500e-20	3.4143041791e-14	0.0000000000e+00	0.0000000000e+00	0.0000000000e+00	0.0000000000e+00	0.0000000000e+00
1.0677565842e+05	2.3536946896e-14	1.1021778466e-15	6.0846749025e-21	0.0000000000e+00	9.9068380015e-16	2.7526528490e-14	2.2911596008e-20	0.0000000000e+00	3.2961426891e-21	1.3808311757e-20	3.4099481766e-14	0.0000000000e+00	0.0000000000e+00	0.0000000000e+00	0.0000000000e+00	0.0000000000e+00
1.0677972255e+05	2.3474092667e-14	1.0958814203e-15	6.0592543463e-21	0.0000000000e+00	9.8531448362e-16	2.7496864859e-14	2.2851085238e-20	0.0000000000e+00	3.2896407467e-21	1.3798275654e-20	3.4086694286e-14	0.0000000000e+00	0.0000000000e+00	0.0000000000e+00	0.0000000000e+00	0.0000000000e+00
1.0678032474e+05	2.3464905200e-14	1.0949519000e-15	6.0553885586e-21	0.0000000000e+00	9.8452157640e-16	2.7492475013e-14	2.2842731715e-20	0.0000000000e+00	3.2886150686e-21	1.3797133569e-20	3.4084830900e-14	0.0000000000e+00	0.0000000000e+00	0.0000000000e+00	0.0000000000e+00	0.0000000000e+00
1.0679359000e+05	2.3381960130e-14	1.0747518368e-15	5.9550629470e-21	0.0000000000e+00	9.6727665313e-16	2.7504250411e-14	2.2714850030e-20	0.0000000000e+00	3.2571704332e-21	1.3804525768e-20	3.4045236598e-14	0.0000000000e+00	0.0000000000e+00	0.0000000000e+00	0.0000000000e+00	0.0000000000e+00
1.0679770118e+05	2.3324376861e-14	1.0686167414e-15	5.9186395043e-21	0.0000000000e+00	9.6203478516e-16	2.7474059298e-14	2.2691298176e-20	0.0000000000e+00	3.2442670617e-21	1.3816093056e-20	3.4033167522e-14	0.0000000000e+00	0.0000000000e+00	0.0000000000e+00	0.0000000000e+00	0.0000000000e+00
1.0679831035e+05	2.3315972622e-14	1.0677134457e-15	5.9131444538e-21	0.0000000000e+00	9.6126286989e-16	2.7469591953e-14	2.2687924719e-20	0.0000000000e+00	3.2422908832e-21	1.3817860484e-20	3.4031371669e-14	0.0000000000e+00	0.0000000000e+00	0.0000000000e+00	0.0000000000e+00	0.0000000000e+00
1.0681172922e+05	2.3249746465e-14	1.0482371191e-15	5.7955016485e-21	0.0000000000e+00	9.4461331429e-16	2.7478682398e-14	2.2586131856e-20	0.0000000000e+00	3.1999521217e-21	1.3838842850e-20	3.3990685252e-14	0.0000000000e+00	0.0000000000e+00	0.0000000000e+00	0.0000000000e+00	0.0000000000e+00
1.0681588800e+05	2.3309474009e-14	1.0423812745e-15	5.7619569879e-21	0.0000000000e+00	9.3960607829e-16	2.7555631521e-14	2.2537528376e-20	0.0000000000e+00	3.1881853427e-21	1.3834409249e-20	3.3977605195e-14	0.0000000000e+00	0.0000000000e+00	0.0000000000e+00	0.0000000000e+00	0.0000000000e+00
1.0681650423e+05	2.3301787064e-14	1.0415214572e-15	5.7571299777e-21	0.0000000000e+00	9.3887084948e-16	2.7551010387e-14	2.2529573964e-20	0.0000000000e+00	3.1865115030e-21	1.3833268349e-20	3.3975654345e-14	0.0000000000e+00	0.0000000000e+00	0.0000000000e+00	0.0000000000e+00	0.0000000000e+00
1.0683007847e+05	2.3252816741e-14	1.0231378927e-15	5.6625548940e-21	0.0000000000e+00	9.2315304963e-16	2.7556315823e-14	2.2323952228e-20	0.0000000000e+00	3.1555758034e-21	1.3787887693e-20	3.3932818509e-14	0.0000000000e+00	0.0000000000e+00	0.0000000000e+00	0.0000000000e+00	0.0000000000e+00
1.0683428542e+05	2.3205594793e-14	1.0176711958e-15	5.6397970200e-21	0.0000000000e+00	9.1848089762e-16	2.7524357550e-14	2.2254819685e-20	0.0000000000e+00	3.1494293269e-21	1.3769869596e-20	3.3919978035e-14	0.0000000000e+00	0.0000000000e+00	0.0000000000e+00	0.0000000000e+00	0.0000000000e+00
1.0683490878e+05	2.3198728819e-14	1.0168710353e-15	5.6367568365e-21	0.0000000000e+00	9.1779715326e-16	2.7519620498e-14	2.2244635888e-20	0.0000000000e+00	3.1486966023e-21	1.3767211594e-20	3.3918104899e-14	0.0000000000e+00	0.0000000000e+00	0.0000000000e+00	0.0000000000e+00	0.0000000000e+00
1.0684864020e+05	2.3055967404e-14	9.9992556940e-16	5.5832875341e-21	0.0000000000e+00	9.0332767187e-16	2.7415374156e-14	2.2050561746e-20	0.0000000000e+00	3.1396978629e-21	1.3725869980e-20	3.3878820249e-14	0.0000000000e+00	0.0000000000e+00	0.0000000000e+00	0.0000000000e+00	0.0000000000e+00
1.0685289586e+05	2.3014917480e-14	9.9495079581e-16	5.5664062949e-21	0.0000000000e+00	8.9908508050e-16	2.7383109322e-14	2.2011984779e-20	0.0000000000e+00	3.1365818185e-21	1.3725928578e-20	3.3867211350e-14	0.0000000000e+00	0.0000000000e+00	0.0000000000e+00	0.0000000000e+00	0.0000000000e+00
1.0685352644e+05	2.3008957648e-14	9.9422530690e-16	5.5636677530e-21	0.0000000000e+00	8.9846663442e-16	2.7378327762e-14	2.2007390488e-20	0.0000000000e+00	3.1359802814e-21	1.3726617916e-20	3.3865500325e-14	0.0000000000e+00	0.0000000000e+00	0.0000000000e+00	0.0000000000e+00	0.0000000000e+00
1.0686741687e+05	2.2994112255e-14	9.7903490241e-16	5.4838126333e-21	0.0000000000e+00	8.8553779509e-16	2.7377919350e-14	2.1964801457e-20	0.0000000000e+00	3.1112324740e-21	1.3777429908e-20	3.3827386122e-14	0.0000000000e+00	0.0000000000e+00	0.0000000000e+00	0.0000000000e+00	0.0000000000e+00
1.0687172181e+05	2.2958571051e-14	9.7464456888e-16	5.4531994275e-21	0.0000000000e+00	8.8181037289e-16	2.7344965424e-14	2.1960499742e-20	0.0000000000e+00	3.1000398448e-21	1.3798414223e-20	3.3815145802e-14	0.0000000000e+00	0.0000000000e+00	0.0000000000e+00	0.0000000000e+00	0.0000000000e+00
1.0687235969e+05	2.2953424939e-14	9.7400721686e-16	5.4485569608e-21	0.0000000000e+00	8.8126969678e-16	2.7340075302e-14	2.1959517752e-20	0.0000000000e+00	3.0983122425e-21	1.3801294525e-20	3.3813311202e-14	0.0000000000e+00	0.0000000000e+00	0.0000000000e+00	0.0000000000e+00	0.0000000000e+00
1.0688641096e+05	2.2955641155e-14	9.6085410645e-16	5.3464937744e-21	0.0000000000e+00	8.7014362947e-16	2.7336340171e-14	2.1891509020e-20	0.0000000000e+00	3.0598034612e-21	1.3834602041e-20	3.3772103933e-14	0.0000000000e+00	0.0000000000e+00	0.0000000000e+00	0.0000000000e+00	0.0000000000e+00
1.0689076575e+05	2.2925508077e-14	9.5713023376e-16	5.3170498523e-21	0.0000000000e+00	8.6700783382e-16	2.7302497153e-14	2.1850710887e-20	0.0000000000e+00	3.0489052849e-21	1.3832057480e-20	3.3759385125e-14	0.0000000000e+00	0.0000000000e+00	0.0000000000e+00	0.0000000000e+00	0.0000000000e+00
1.0689141101e+05	2.2921155743e-14	9.5659297059e-16	5.3128654742e-21	0.0000000000e+00	8.6655607996e-16	2.7297472576e-14	2.1844073815e-20	0.0000000000e+00	3.0473845522e-21	1.3831286877e-20	3.3757518333e-14	0.0000000000e+00	0.0000000000e+00	0.0000000000e+00	0.0000000000e+00	0.0000000000e+00
1.0690562499e+05	2.2939817012e-14	9.4572603774e-16	5.2364011852e-21	0.0000000000e+00	8.5746574853e-16	2.7290385609e-14	2.1684476633e-20	0.0000000000e+00	3.0224339009e-21	1.3804523139e-20	3.3718181258e-14	0.0000000000e+00	0.0000000000e+00	0.0000000000e+00	0.0000000000e+00	0.0000000000e+00
1.0691003021e+05	2.3022562438e-14	9.4274047681e-16	5.2182954217e-21	0.0000000000e+00	8.5498911450e-16	2.7359298061e-14	2.1641727829e-20	0.0000000000e+00	3.0177584885e-21	1.3800007350e-20	3.3706703473e-14	0.0000000000e+00	0.0000000000e+00	0.0000000000e+00	0.0000000000e+00	0.0000000000e+00
1.0691068294e+05	2.3018902494e-14	9.4231366760e-16	5.2157517230e-21	0.0000000000e+00	8.5463603928e-16	2.7354157116e-14	2.1636170515e-20	0.0000000000e+00	3.0171401985e-21	1.3799814992e-20	3.3705024643e-14	0.0000000000e+00	0.0000000000e+00	0.0000000000e+00	0.0000000000e+00	0.0000000000e+00
1.0691884000e+05	0.0000000000e+00	0.0000000000e+00	0.0000000000e+00	0.0000000000e+00	0.0000000000e+00	0.0000000000e+00	0.0000000000e+00	0.0000000000e+00	0.0000000000e+00	0.0000000000e+00	0.0000000000e+00	0.0000000000e+00	0.0000000000e+00	0.0000000000e+00	0.0000000000e+00	0.0000000000e+00
1.0692506151e+05	2.2945894638e-14	9.3394592850e-16	5.1606063457e-21	6.4436002077e-20	8.4778274569e-16	2.7240742699e-14	2.1585152827e-20	6.4915570331e-20	3.0036616066e-21	1.3840206146e-20	3.3668492073e-14	1.3659567094e-20	2.3609894583e-22	2.6203029024e-22	8.5990826970e-23	3.4140652962e-14
1.0692951773e+05	2.2926020681e-14	9.3175819721e-16	5.1417711185e-21	1.6284216493e-19	8.4602185807e-16	2.7205384786e-14	2.1594730022e-20	2.2538041529e-20	2.9983241624e-21	1.3868684274e-20	3.3656975368e-14	4.4680061034e-21	1.0213563459e-21	1.5568552562e-22	4.8057186073e-23	3.3979976182e-14
1.0693017803e+05	2.2923176639e-14	9.3145050332e-16	5.1388743136e-21	1.6747883754e-19	8.4577570613e-16	2.7200131312e-14	2.1596686147e-20	2.0098979479e-20	2.9974655003e-21	1.3873239688e-20	3.3655250260e-14	4.6853368378e-21	1.1149627148e-21	1.4735978824e-22	5.3475521417e-23	3.3882402631e-14
1.0693842954e+05	2.2889660440e-14	9.2796524793e-16	5.1013060549e-21	6.6597054290e-20	8.4302257435e-16	2.7134102121e-14	2.1621523166e-20	3.0926665627e-20	2.9858019099e-21	1.3930233780e-20	3.3633265155e-14	3.1389914483e-20	7.6233017659e-22	3.8968500851e-22	6.1390138415e-22	3.3452746729e-14
1.0694472309e+05	2.2973412571e-14	9.2575691376e-16	5.0717219156e-21	4.3238947710e-20	8.4132687976e-16	2.7187078085e-14	2.1627290915e-20	3.2607582533e-20	2.9761927025e-21	1.3964967722e-20	3.3616092023e-14	3.8073195309e-20	6.5156974615e-22	5.4067538294e-22	9.7768624886e-22	3.3124859297e-14
1.0694923092e+05	2.2958399015e-14	9.2441501688e-16	5.0502295862e-21	7.4392967728e-20	8.4032804650e-16	2.7150822931e-14	2.1618830189e-20	2.2313303095e-20	2.9690425029e-21	1.3981559537e-20	3.3603738407e-14	3.3185469358e-20	1.3128255569e-21	4.3316876844e-22	9.9613410619e-22	3.2849226255e-14
1.0694989886e+05	2.2956264368e-14	9.2423324571e-16	5.0470432594e-21	7.8772650181e-20	8.4019540406e-16	2.7145435458e-14	2.1616650493e-20	2.1054664738e-20	2.9679756278e-21	1.3983406692e-20	3.3601913135e-14	3.2258488948e-20	1.4201160463e-21	4.1753990984e-22	9.8893806830e-22	3.2821050043e-14
1.0695824592e+05	2.3037502053e-14	9.2233351787e-16	5.0078396501e-21	7.8247734079e-20	8.3887278280e-16	2.7180784763e-14	2.1572912867e-20	2.0872020248e-20	2.9548681755e-21	1.3995498528e-20	3.3579438917e-14	2.2215980382e-20	1.7811358816e-21	5.2237412601e-22	8.5704390320e-22	3.2607364346e-14
1.0696461235e+05	2.3021084627e-14	9.2134696105e-16	4.9791961835e-21	4.9591207261e-20	8.3828097827e-16	2.7129348412e-14	2.1527497645e-20	2.3630808320e-20	2.9454463769e-21	1.3996486484e-20	3.3562938889e-14	1.6496214390e-20	1.3064039172e-21	6.8420298817e-22	7.3462415238e-22	3.2372854652e-14
1.0696917237e+05	2.3010543353e-14	9.2088630084e-16	4.9593447510e-21	4.7808057535e-20	8.3807917215e-16	2.7092329005e-14	2.1495244288e-20	2.1444710135e-20	2.9390055086e-21	1.3997144638e-20	3.3551522196e-14	1.5028427711e-20	1.3812738706e-21	6.8080046379e-22	7.3268304896e-22	3.2219532103e-14
1.0697829176e+05	2.3097847147e-14	9.2057989589e-16	4.9209370138e-21	5.8985002759e-20	8.3823139445e-16	2.7120548404e-14	2.1447402151e-20	1.8689037060e-20	2.9266837712e-21	1.4008777969e-20	3.3529492982e-14	3.2979999616e-20	2.0024889965e-21	6.9680783180e-22	1.8825702332e-21	3.2027012284e-14
1.0698473191e+05	2.3087485496e-14	9.2085551620e-16	4.8951090415e-21	5.3960108689e-20	8.3878418193e-16	2.7068056088e-14	2.1432799923e-20	1.6605505657e-20	2.9185915731e-21	1.4029142475e-20	3.3514219306e-14	4.3632151171e-20	2.0229004189e-21	6.8343160022e-22	2.7434519619e-21	3.1855551259e-14
1.0698934473e+05	2.3081180090e-14	9.2130237235e-16	4.8773898492e-21	4.6601079350e-20	8.3940614368e-16	2.7030214581e-14	2.1430877500e-20	1.5369330991e-20	2.9131818739e-21	1.4049152568e-20	3.3503217808e-14	4.6312620519e-20	1.8644277798e-21	6.7489249563e-22	3.1021930180e-21	3.1733957864e-14
1.0699856972e+05	2.3176369701e-14	9.2281701838e-16	4.8431405372e-21	4.0041404856e-20	8.4121332617e-16	2.7056471506e-14	2.1435810334e-20	1.6405231524e-20	2.9028821381e-21	1.4094565377e-20	3.3480699987e-14	4.8118228293e-20	1.8021600846e-21	8.0998294614e-22	3.6131946357e-21	3.1576120421e-14
1.0700508444e+05	2.3171761772e-14	9.2438092002e-16	4.8189481904e-21	4.3060851500e-20	8.4293844324e-16	2.7002701787e-14	2.1434919999e-20	1.7496627096e-20	2.8954554848e-21	1.4123476580e-20	3.3464328753e-14	4.7952802812e-20	2.0887349548e-21	9.3070097512e-22	3.8712398745e-21	3.1463422065e-14
1.0700975068e+05	2.3169425132e-14	9.2575011473e-16	4.8014492118e-21	4.4153756934e-20	8.4440050234e-16	2.6963949452e-14	2.1428120322e-20	1.6547306556e-20	2.8899578515e-21	1.4139971605e-20	3.3452457617e-14	4.6899919254e-20	2.2517174348e-21	9.2516422819e-22	3.9737373057e-21	3.1366318083e-14
1.0701908249e+05	2.3166748052e-14	9.2910427690e-16	4.7672206562e-21	4.1185855671e-20	8.4788508328e-16	2.6885937737e-14	2.1397598690e-20	1.1581617394e-20	2.8792390675e-21	1.4161360376e-20	3.3428805641e-14	4.1890954561e-20	2.3039006757e-21	7.0992478223e-22	3.8799260060e-21	3.1208720117e-14
1.0702567265e+05	2.3272419377e-14	9.3196153866e-16	4.7445004887e-21	3.8709602578e-20	8.5079108192e-16	2.6933463119e-14	2.1364670680e-20	9.2281042616e-21	2.8724016138e-21	1.4168567060e-20	3.3412559472e-14	3.5798137802e-20	2.2992823564e-21	6.0042829170e-22	3.5122010092e-21	3.1127926121e-14
1.0703039292e+05	2.3273575013e-14	9.3425281587e-16	4.7287083771e-21	3.7935277635e-20	8.5309578893e-16	2.6893965240e-14	2.1336118035e-20	8.7843179190e-21	2.8677248385e-21	1.4170232268e-20	3.3401250089e-14	3.0483450288e-20	2.3466889134e-21	5.9509584398e-22	3.1094346205e-21	3.1059825795e-14
1.0703983278e+05	2.3277502900e-14	9.3943957708e-16	4.6966993014e-21	3.5933365687e-20	8.5825695647e-16	2.6814522860e-14	2.1265443756e-20	1.0160173627e-20	2.8579384163e-21	1.4164005283e-20	3.3379430925e-14	2.1800528749e-20	2.3983976175e-21	7.4229397711e-22	2.3912787462e-21	3.0903651880e-14
1.0704649925e+05	2.3387587747e-14	9.4358131377e-16	4.6729039073e-21	3.3782509620e-20	8.6233955219e-16	2.6860692166e-14	2.1201500680e-20	1.2100527738e-20	2.8501621754e-21	1.4149801578e-20	3.3364457626e-14	2.0749421469e-20	2.3703572759e-21	9.2902465327e-22	2.3869601689e-21	3.0814723757e-14
1.0705127418e+05	2.3391897399e-14	9.4678740659e-16	4.6550587874e-21	3.2109406955e-20	8.6548298096e-16	2.6820347505e-14	2.1146683710e-20	1.3443119064e-20	2.8440307665e-21	1.4133357040e-20	3.3353737793e-14	2.2916438006e-20	2.3311149819e-21	1.0676413769e-21	2.7231364617e-21	3.0761502551e-14
1.0706082336e+05	2.3506798428e-14	9.5378963120e-16	4.6179384911e-21	2.9068357325e-20	8.7231042094e-16	2.6841063533e-14	2.1013470353e-20	1.4650027242e-20	2.8307076728e-21	1.4084005817e-20	3.3332028488e-14	3.2641749311e-20	2.2507214226e-21	1.2402842331e-21	4.1231373424e-21	3.0645812832e-14
1.0706756702e+05	2.3516093908e-14	9.5919929200e-16	4.5918056888e-21	2.8278352420e-20	8.7755819164e-16	2.6783771843e-14	2.0901583160e-20	1.3957395274e-20	2.8212002728e-21	1.4036619351e-20	3.3316313539e-14	4.3377880634e-20	2.2851440335e-21	1.2328117907e-21	5.7052856103e-21	3.0561286587e-14
1.0707239724e+05	2.3523262750e-14	9.6330554574e-16	4.5746040132e-21	2.8041031347e-20	8.8152956262e-16	2.6742558764e-14	2.0814083185e-20	1.2889278114e-20	2.8152489036e-21	1.3997412348e-20	3.3304916549e-14	5.3634390899e-20	2.3334343988e-21	1.1720803550e-21	7.2523987513e-21	3.0510619217e-14
1.0708205699e+05	2.3643505292e-14	9.7208405345e-16	4.5506226332e-21	2.7583639379e-20	8.8999258340e-16	2.6761385476e-14	2.0630057991e-20	1.0476839217e-20	2.8096043849e-21	1.3912085227e-20	3.3282208357e-14	8.1678452868e-20	2.4270612764e-21	1.0068780775e-21	1.1640250546e-20	3.0426393212e-14
1.0708887874e+05	2.3656342079e-14	9.7872681320e-16	4.5456776349e-21	2.7339296516e-20	8.9637721464e-16	2.6703034423e-14	2.0507181658e-20	9.2796255560e-21	2.8129235943e-21	1.3855938869e-20	3.3266441094e-14	1.0449337453e-19	2.4969210600e-21	9.2537680025e-22	1.5422221259e-20	3.0359085926e-14
1.0709376489e+05	2.3665867053e-14	9.8370470155e-16	4.5475571967e-21	2.7002000127e-20	9.0115291804e-16	2.6661120426e-14	2.0435658619e-20	8.9755188434e-21	2.8186241714e-21	1.3826552108e-20	3.3255396285e-14	1.1960894212e-19	2.5303398872e-21	9.1813965105e-22	1.8083711675e-20	3.0305914674e-14
1.0710353649e+05	2.3685585951e-14	9.9419607653e-16	4.5589951110e-21	2.5668777391e-20	9.1119833804e-16	2.6577127831e-14	2.0382711943e-20	9.8315118907e-21	2.8347395827e-21	1.3828183513e-20	3.3233885584e-14	1.4522964792e-19	2.5265485577e-21	1.0558492129e-21	2.2989721420e-20	3.0210170573e-14
1.0711043724e+05	2.3806289229e-14	1.0020246465e-15	4.5745035618e-21	2.4413545410e-20	9.1867986663e-16	2.6618599427e-14	2.0463190897e-20	1.0960674621e-20	2.8507218983e-21	1.3909081206e-20	3.3219234565e-14	1.6415472881e-19	2.4836460055e-21	1.2162149371e-21	2.6797936796e-20	3.0154636873e-14
1.0711537997e+05	2.3817804859e-14	1.0078388324e-15	4.5954310126e-21	2.3511261948e-20	9.2422987622e-16	2.6575862857e-14	2.0604951222e-20	1.1662207382e-20	2.8682961493e-21	1.4024274848e-20	3.3208592689e-14	1.8096022290e-19	2.4471361616e-21	1.3236526674e-21	3.0176410433e-20	3.0114270093e-14
1.0712526472e+05	2.3946374764e-14	1.0199694688e-15	4.6998277828e-21	2.1901638531e-20	9.3579480581e-16	2.6590615076e-14	2.1179970208e-20	1.2279718980e-20	2.9426550927e-21	1.4454041722e-20	3.3187281341e-14	2.2269865893e-19	2.3817826436e-21	1.4555277475e-21	3.8679932145e-20	3.0026017627e-14
1.0713224537e+05	2.3964673954e-14	1.0289264118e-15	4.8677720833e-21	2.1018536040e-20	9.4432369387e-16	2.6529937883e-14	2.1915501379e-20	1.2086916704e-20	3.0544768402e-21	1.4983781814e-20	3.3171790672e-14	2.5296328836e-19	2.3543845984e-21	1.4752101856e-21	4.5157078998e-20	2.9968963890e-14
1.0713724533e+05	2.3977899842e-14	1.0355336715e-15	5.0600249589e-21	2.0570921309e-20	9.5061055204e-16	2.6486459623e-14	2.2673750168e-20	1.1765331268e-20	3.1800474265e-21	1.5522650857e-20	3.3160577297e-14	2.7241900076e-19	2.3520594778e-21	1.4654139145e-21	4.9562250059e-20	2.9934878698e-14
1.0714724455e+05	2.4109698606e-14	1.0492102561e-15	5.6572162763e-21	2.0085232520e-20	9.6361361133e-16	2.6499200998e-14	2.4917951753e-20	1.0923121752e-20	3.5663065500e-21	1.7103611803e-20	3.3138725403e-14	3.0607241484e-19	2.3891610441e-21	1.4147344751e-21	5.7753307634e-20	2.9871849361e-14
1.0715430603e+05	2.4129900749e-14	1.0592263130e-15	6.2383743397e-21	1.9961243738e-20	9.7312916596e-16	2.6437621405e-14	2.7127597330e-20	1.0284866672e-20	3.9411166284e-21	1.8654235604e-20	3.3123364743e-14	3.2810232723e-19	2.4388520719e-21	1.3677754337e-21	6.3454045651e-20	2.9821104678e-14
1.0715936389e+05	2.4247746622e-14	1.0665761168e-15	6.7184567901e-21	1.9949601914e-20	9.8010848427e-16	2.6492745249e-14	2.8995274055e-20	9.8502387087e-21	4.2508865244e-21	1.9964337694e-20	3.3113079910e-14	3.4442467959e-19	2.4832690150e-21	1.3343015693e-21	6.7760065214e-20	2.9782982656e-14
1.0716947889e+05	2.4278427191e-14	1.0816954673e-15	7.8016170352e-21	2.0037995107e-20	9.9445876830e-16	2.6404149939e-14	3.3249760398e-20	9.0913131243e-21	4.9511427431e-21	2.2952371680e-20	3.3092131899e-14	3.8584037749e-19	2.5856309530e-21	1.2760189277e-21	7.8451116050e-20	2.9715185289e-14
1.0717662214e+05	2.4299951400e-14	1.0926975324e-15	8.6696489286e-21	2.0021906703e-20	1.0048964313e-15	2.6341523240e-14	3.6537295137e-20	8.6315145751e-21	5.5136285564e-21	2.5266846702e-20	3.3077323698e-14	4.3281048470e-19	2.6474505546e-21	1.2410466054e-21	8.9987917925e-20	2.9674235201e-14
1.0718173857e+05	2.4315306430e-14	1.1007357592e-15	9.3615407644e-21	1.9852167405e-20	1.0125202817e-15	2.6296690771e-14	3.9010620609e-20	8.3220448960e-21	5.9625707542e-21	2.7011482234e-20	3.3066514322e-14	4.8123641341e-19	2.6700996159e-21	1.2168272702e-21	1.0162295147e-19	2.9643960224e-14
1.0719197069e+05	2.4346049497e-14	1.1171870151e-15	1.0978369887e-20	1.9106092756e-20	1.0281193447e-15	2.6207151859e-14	4.4320736640e-20	7.7604068160e-21	7.0131218417e-21	3.0765419670e-20	3.3044010785e-14	6.1980462245e-19	2.6558662644e-21	1.1721984901e-21	1.3487007730e-19	2.9576728096e-14
1.0719919666e+05	2.4473664576e-14	1.1290915277e-15	1.2332850516e-20	1.8456112600e-20	1.0394045997e-15	2.6241376806e-14	4.8440922256e-20	7.4574551325e-21	7.8947027875e-21	3.3684432459e-20	3.3029824582e-14	7.4787775287e-19	2.6237394517e-21	1.1516370750e-21	1.6608819744e-19	2.9530808744e-14
1.0720437233e+05	2.4489689033e-14	1.1377556293e-15	1.3406274333e-20	1.8016269539e-20	1.0476170504e-15	2.6195957717e-14	5.1593951685e-20	7.3135693444e-21	8.5944684131e-21	3.5921639085e-20	3.3018210275e-14	8.5405540409e-19	2.6016656168e-21	1.1469973780e-21	1.9238080347e-19	2.9502194952e-14
1.0721472294e+05	2.4626554256e-14	1.1554084469e-15	1.5773877471e-20	1.7336472368e-20	1.0643480053e-15	2.6202197879e-14	5.8303909512e-20	7.2670789790e-21	1.0141769608e-20	4.0693481017e-20	3.2997319840e-14	1.1108867283e-18	2.5807412874e-21	1.1743444670e-21	2.5720430832e-19	2.9450970240e-14
1.0722203258e+05	2.4649524470e-14	1.1681210194e-15	1.7585061055e-20	1.7026312723e-20	1.0763959944e-15	2.6137918189e-14	6.3223464861e-20	7.4643306131e-21	1.1329270975e-20	4.4203040443e-20	3.2981530065e-14	1.3363450524e-18	2.5876692805e-21	1.2311041555e-21	3.1524535086e-19	2.9411927935e-14
1.0722726818e+05	2.4665788973e-14	1.1773444854e-15	1.8937698036e-20	1.6846509167e-20	1.0851371935e-15	2.6091947683e-14	6.6773853781e-20	7.7222591245e-21	1.2218349212e-20	4.6742366090e-20	3.2970174337e-14	1.5198106446e-18	2.5977376662e-21	1.2919587393e-21	3.6323651871e-19	2.9381755872e-14
1.0723773864e+05	2.4802761745e-14	1.1960673037e-15	2.1756819894e-20	1.6505565677e-20	1.1028814834e-15	2.6096022009e-14	7.3896047080e-20	8.3802786441e-21	1.4077408794e-20	5.1853166938e-20	3.2951049521e-14	1.9215325710e-18	2.6178629062e-21	1.4414570903e-21	4.7101737866e-19	2.9323979297e-14
1.0724513292e+05	2.4825711614e-14	1.2094960728e-15	2.3833149991e-20	1.6242299027e-20	1.1156092889e-15	2.6030826575e-14	7.8997631802e-20	8.7084347137e-21	1.5451688909e-20	5.5526579689e-20	3.2935119180e-14	2.2154411249e-18	2.6261816147e-21	1.5265452986e-21	5.5251358194e-19	2.9288933107e-14
1.0725042915e+05	2.4945637888e-14	1.2192123518e-15	2.5376583214e-20	1.6098263595e-20	1.1248190740e-15	2.6079826197e-14	8.2733633299e-20	8.7680240335e-21	1.6475699097e-20	5.8222316856e-20	3.2927032434e-14	2.4272511697e-18	2.6382179177e-21	1.5575071335e-21	6.1268273948e-19	2.9265066229e-14
1.0726102086e+05	2.4978579019e-14	1.2388660324e-15	2.8658647673e-20	1.6067505095e-20	1.1434506139e-15	2.5986142104e-14	9.0489691653e-20	8.4381299669e-21	1.8658919514e-20	6.3831763044e-20	3.2903500109e-14	2.8565830396e-18	2.7031364650e-21	1.5380578429e-21	7.3813462858e-19	2.9213864304e-14
1.0726850076e+05	2.5001293343e-14	1.2529091246e-15	3.1184993228e-20	1.6069615990e-20	1.1567657034e-15	2.5920221432e-14	9.6207144706e-20	7.9843070972e-21	2.0343628866e-20	6.7977355291e-20	3.2885727319e-14	3.1628340140e-18	2.7524662010e-21	1.4812484093e-21	8.3044356947e-19	2.9175664826e-14
1.0727385832e+05	2.5017384489e-14	1.2630430185e-15	3.3111407738e-20	1.6006741930e-20	1.1663756590e-15	2.5873047180e-14	1.0041515855e-19	7.6665238110e-21	2.1630462505e-20	7.1034141094e-20	3.2872411916e-14	3.3789932349e-18	2.7764190698e-21	1.4399925967e-21	8.9718341648e-19	2.9149777393e-14
1.0728457267e+05	2.5152884352e-14	1.2834798998e-15	3.7218478278e-20	1.5867534233e-20	1.1857599386e-15	2.5873380836e-14	1.0910318475e-19	7.3639290635e-21	2.4380663273e-20	7.7360030106e-20	3.2853479607e-14	3.7889771607e-18	2.8205708371e-21	1.4168682285e-21	1.0281646094e-18	2.9104067108e-14
1.0729213918e+05	2.5174873032e-14	1.2980343175e-15	4.0255313827e-20	1.5858807096e-20	1.1995683450e-15	2.5806778678e-14	1.1547397766e-19	7.5473413995e-21	2.6420876404e-20	8.2010471050e-20	3.2835196907e-14	4.0561338696e-18	2.8667984057e-21	1.4763244456e-21	1.1171588112e-18	2.9073208822e-14
1.0729755878e+05	2.5190417926e-14	1.3085138806e-15	4.2469516146e-20	1.5971977694e-20	1.2095127744e-15	2.5758992538e-14	1.2017107601e-19	7.8893406396e-21	2.7912334101e-20	8.5445002330e-20	3.2821546812e-14	4.2374337861e-18	2.9215064401e-21	1.5611935037e-21	1.1793215546e-18	2.9049922430e-14
1.0730839719e+05	2.5323983027e-14	1.3295905631e-15	4.6972078622e-20	1.6673022836e-20	1.2295186648e-15	2.5757610312e-14	1.2992845390e-19	8.9024183730e-21	3.0955406701e-20	9.2594204245e-20	3.2804800949e-14	4.5823305027e-18	3.1206810781e-21	1.8018799010e-21	1.3014416976e-18	2.9001987629e-14
1.0731605132e+05	2.5344927392e-14	1.3445548187e-15	5.0239085993e-20	1.7179412063e-20	1.2437274315e-15	2.5690130906e-14	1.3712507660e-19	9.4854298988e-21	3.3171188882e-20	9.7878992677e-20	3.2785056856e-14	4.8177124164e-18	3.2666267803e-21	1.9498515162e-21	1.3874354469e-18	2.8970748440e-14
1.0732153368e+05	2.5462298544e-14	1.3553066880e-15	5.2662058603e-20	1.7275248793e-20	1.2539390575e-15	2.5735347209e-14	1.4245980774e-19	9.6546862926e-21	3.4817827795e-20	1.0180224288e-19	3.2781728905e-14	4.9855312189e-18	3.3214707662e-21	2.0063442061e-21	1.4498187861e-18	2.8950265382e-14
1.0733249759e+05	2.5490992177e-14	1.3768714202e-15	5.7807603445e-20	1.7059494100e-20	1.2744271674e-15	2.5638976431e-14	1.5368493978e-19	9.4998645481e-21	3.8321838220e-20	1.1007052651e-19	3.2752852156e-14	5.3300275660e-18	3.3517449593e-21	2.0165109954e-21	1.5796937648e-18	2.8910026831e-14
1.0734024036e+05	2.5612754644e-14	1.3921372138e-15	6.1749189924e-20	1.7161940456e-20	1.2889366565e-15	2.5663904009e-14	1.6218056890e-19	9.3097717310e-21	4.1011061905e-20	1.1633731537e-19	3.2744045812e-14	5.5899765573e-18	3.4224009623e-21	2.0051829312e-21	1.6784358030e-18	2.8879638692e-14
1.0734578619e+05	2.5626465780e-14	1.4030822817e-15	6.4732171839e-20	1.7448987216e-20	1.2993426137e-15	2.5615352896e-14	1.6859365759e-19	9.2388331296e-21	4.3049131471e-20	1.2107233173e-19	3.2729474376e-14	5.7894120139e-18	3.5162090052e-21	2.0103933489e-21	1.7542629852e-18	2.8857417258e-14
1.0735687707e+05	2.5652915329e-14	1.4249814826e-15	7.1039081921e-20	1.8300940264e-20	1.3201713103e-15	2.5518217365e-14	1.8222558381e-19	9.4455217334e-21	4.7367360523e-20	1.3115055277e-19	3.2698148290e-14	6.2332627524e-18	3.7639866903e-21	2.0969088736e-21	1.9226855617e-18	2.8815759661e-14
1.0736470948e+05	2.5671019101e-14	1.4404418959e-15	7.5686914601e-20	1.9020272376e-20	1.3348827799e-15	2.5449258290e-14	1.9242288267e-19	9.9526278510e-21	5.0558847216e-20	1.3870294811e-19	3.2674090262e-14	6.5923830332e-18	3.9672912253e-21	2.2401016654e-21	2.0584646874e-18	2.8789079807e-14
1.0737031954e+05	2.5683760173e-14	1.4515063926e-15	7.9084880590e-20	1.9503766670e-20	1.3454148740e-15	2.5399545909e-14	1.9999034323e-19	1.0391981734e-20	5.2897415388e-20	1.4431542189e-19	3.2655769913e-14	6.8774322341e-18	4.1085433854e-21	2.3617313125e-21	2.1659813616e-18	2.8770124716e-14
1.0738153884e+05	2.5808397579e-14	1.4735946041e-15	8.6085985221e-20	2.0028909960e-20	1.3664495233e-15	2.5395158284e-14	2.1591268910e-19	1.0952726729e-20	5.7728680191e-20	1.5614273061e-19	3.2642447210e-14	7.5281903665e-18	4.3014961369e-21	2.5366988049e-21	2.4109801855e-18	2.8730146829e-14
1.0738946195e+05	2.5925061842e-14	1.4891483460e-15	9.1310959720e-20	2.0004829265e-20	1.3812690848e-15	2.5418605898e-14	2.2801627835e-19	1.0975582000e-20	6.1342722762e-20	1.6514508997e-19	3.2638194411e-14	8.0619968059e-18	4.3538817482e-21	2.5753070147e-21	2.6118261196e-18	2.8701486306e-14
1.0739513696e+05	2.5935910749e-14	1.5002588236e-15	9.5276960307e-20	1.9891400786e-20	1.3918591678e-15	2.5369353814e-14	2.3726202480e-19	1.0896726864e-20	6.4088933914e-20	1.7202607561e-19	3.2620375398e-14	8.4867650107e-18	4.3699301604e-21	2.5803349725e-21	2.7717633702e-18	2.8682060102e-14
1.0740648618e+05	2.5956793358e-14	1.5223876483e-15	1.0395630825e-19	1.9630881969e-20	1.4129619150e-15	2.5270458373e-14	2.5744108188e-19	1.0884442421e-20	7.0104384899e-20	1.8705399259e-19	3.2581746755e-14	9.4489608158e-18	4.3924664437e-21	2.6240349941e-21	3.1351502114e-18	2.8646335679e-14
1.0741450104e+05	2.6070379453e-14	1.5379303351e-15	1.1074703819e-19	1.9512655839e-20	1.4277924676e-15	2.5293849743e-14	2.7304205335e-19	1.1364454881e-20	7.4815946965e-20	1.9868412822e-19	3.2580059334e-14	1.0218170184e-17	4.4215115830e-21	2.7737963225e-21	3.4274052456e-18	2.8621316657e-14
1.0742024177e+05	2.6079604101e-14	1.5490129679e-15	1.1592450338e-19	1.9554025520e-20	1.4383717961e-15	2.5244322173e-14	2.8478733859e-19	1.2132478101e-20	7.8412069407e-20	2.0744942885e-19	3.2561259821e-14	1.0812740953e-17	4.4704717078e-21	2.9871056547e-21	3.6546458627e-18	2.8602504366e-14
1.0743172240e+05	2.6196328447e-14	1.5710382120e-15	1.2693576115e-19	2.0136973747e-20	1.4594082023e-15	2.5237452089e-14	3.0948266687e-19	1.4599087616e-20	8.6074055395e-20	2.2590953934e-19	3.2548933055e-14	1.2109523675e-17	4.6846355814e-21	3.6560934636e-21	4.1545156156e-18	2.8563986360e-14
1.0743983006e+05	2.6207202185e-14	1.5864689246e-15	1.3514384640e-19	2.0842558248e-20	1.4741555259e-15	2.5168078798e-14	3.2783774488e-19	1.6477021365e-20	9.1799290059e-20	2.3965708118e-19	3.2521343261e-14	1.3115054556e-17	4.9073842548e-21	4.1750916273e-21	4.5459650833e-18	2.8538435377e-14
1.0744563727e+05	2.6214584490e-14	1.5974530500e-15	1.4123609191e-19	2.1395178075e-20	1.4846580583e-15	2.5118167039e-14	3.4155211469e-19	1.7564743146e-20	9.6056147537e-20	2.4994135182e-19	3.2499986857e-14	1.3881890718e-17	5.0803160650e-21	4.4876429203e-21	4.8466758536e-18	2.8521357477e-14
1.0745725084e+05	2.6228415046e-14	1.6192352419e-15	1.5407373662e-19	2.2511878946e-20	1.5054976153e-15	2.5017652472e-14	3.7083188406e-19	1.8870889485e-20	1.0504382438e-19	2.7192482196e-19	3.2454231191e-14	1.5523450161e-17	5.4348724058e-21	4.9000425884e-21	5.4969773808e-18	2.8487793333e-14
1.0746545239e+05	2.6334733070e-14	1.6344598100e-15	1.6382189525e-19	2.3245838000e-20	1.5200734484e-15	2.5041637954e-14	3.9328874895e-19	1.9341432802e-20	1.1188090412e-19	2.8880533847e-19	3.2455864228e-14	1.6758857600e-17	5.6766782060e-21	5.0786394911e-21	5.9925195374e-18	2.8462755713e-14
1.0747132683e+05	2.6340199748e-14	1.6452782498e-15	1.7122196588e-19	2.3665682370e-20	1.5304361645e-15	2.4991517114e-14	4.1027666293e-19	1.9675452441e-20	1.1707682611e-19	3.0158685798e-19	3.2433190461e-14	1.7680795594e-17	5.8260241097e-21	5.2071742503e-21	6.3656621931e-18	2.8444372635e-14
1.0748307488e+05	2.6447192553e-14	1.6666867214e-15	1.8713923956e-19	2.4052777877e-20	1.5509561254e-15	2.4985216084e-14	4.4638805641e-19	2.0841755772e-20	1.2826878881e-19	3.2879345408e-19	3.2422201775e-14	1.9627392414e-17	6.0157390286e-21	5.6016054049e-21	7.1619324247e-18	2.8409249082e-14
1.0749137140e+05	2.6452522163e-14	1.6816125368e-15	1.9923662211e-19	2.4003203756e-20	1.5652733734e-15	2.4915370596e-14	4.7340696722e-19	2.2102823240e-20	1.3679021492e-19	3.4918553597e-19	3.2390554220e-14	2.1086903861e-17	6.0692932717e-21	6.0041619931e-21	7.7659728470e-18	2.8386596880e-14
1.0749731387e+05	2.6455886142e-14	1.6922005567e-15	2.0830030862e-19	2.3889885406e-20	1.5754353246e-15	2.4865073032e-14	4.9353878038e-19	2.3036375624e-20	1.4318397892e-19	3.6439889512e-19	3.2367166961e-14	2.2167142694e-17	6.0873619798e-21	6.3049328693e-21	8.2171320170e-18	2.8370750575e-14
1.0750919796e+05	2.6557469861e-14	1.7131070568e-15	2.2739064587e-19	2.3835396603e-20	1.5955148019e-15	2.4859437892e-14	5.3604706112e-19	2.4410912874e-20	1.5667669607e-19	3.9656866506e-19	3.2357272026e-14	2.4379292480e-17	6.1659729957e-21	6.7802689764e-21	9.1531066737e-18	2.8337594114e-14
1.0751759054e+05	2.6559638710e-14	1.7276464199e-15	2.4170464056e-19	2.4159445486e-20	1.6094906690e-15	2.4789407323e-14	5.6806700748e-19	2.4914210449e-20	1.6681473633e-19	4.2083843108e-19	3.2324098511e-14	2.5972615945e-17	6.3154235705e-21	6.9908349945e-21	9.8374330698e-18	2.8313141865e-14
1.0752360182e+05	2.6656816258e-14	1.7379427580e-15	2.5243973262e-19	2.4587166038e-20	1.6193939527e-15	2.4832924862e-14	5.9211292030e-19	2.5175180395e-20	1.7442839735e-19	4.3908335278e-19	3.2337444281e-14	2.7138027210e-17	6.4747671762e-21	7.1149397788e-21	1.0342713079e-17	2.8296050244e-14
1.0753562352e+05	2.6656627205e-14	1.7582270836e-15	2.7522576852e-19	2.5644308682e-20	1.6389191896e-15	2.4734455909e-14	6.4269925883e-19	2.5932482347e-20	1.9061578826e-19	4.7752377671e-19	3.2290321298e-14	2.9562257066e-17	6.8515301444e-21	7.4328966322e-21	1.1404188570e-17	2.8264468587e-14
1.0754411329e+05	2.6655486259e-14	1.7722992620e-15	2.9239860508e-19	2.6346003456e-20	1.6524771262e-15	2.4664590338e-14	6.8030046362e-19	2.6884128682e-20	2.0283870858e-19	5.0614844548e-19	3.2256206237e-14	3.1352511825e-17	7.1097482411e-21	7.7810291717e-21	1.2196529706e-17	2.8243293434e-14
1.0755019418e+05	2.6654067863e-14	1.7822464527e-15	3.0522878573e-19	2.6797288939e-20	1.6620672074e-15	2.4614492715e-14	7.0814330633e-19	2.7784731031e-20	2.1198379954e-19	5.2737254358e-19	3.2231487183e-14	3.2661725792e-17	7.2827471452e-21	8.0971045633e-21	1.2781043647e-17	2.8227745215e-14
1.0756235508e+05	2.6744359147e-14	1.8018006451e-15	3.3217152861e-19	2.7630110931e-20	1.6809355349e-15	2.4611057277e-14	7.6624077212e-19	2.9947180129e-20	2.3122418255e-19	5.7173105786e-19	3.2221626122e-14	3.5304083206e-17	7.6138649917e-21	8.8457397481e-21	1.3975798596e-17	2.8195191634e-14
1.0757094316e+05	2.6739669016e-14	1.8153302353e-15	3.5226893765e-19	2.8171061535e-20	1.6940037432e-15	2.4541550882e-14	8.0933552074e-19	3.1695868783e-20	2.4560622211e-19	6.0469293173e-19	3.2186378546e-14	3.7177706795e-17	7.8377086351e-21	9.4499571257e-21	1.4835544314e-17	2.8172464446e-14
1.0757709446e+05	2.6830112103e-14	1.8248766032e-15	3.6726071603e-19	2.8495847547e-20	1.7032313360e-15	2.4587254215e-14	8.4135687696e-19	3.3101255025e-20	2.5634975291e-19	6.2921423584e-19	3.2200749485e-14	3.8532439575e-17	7.9819076846e-21	9.9341210268e-21	1.5462980259e-17	2.8157068365e-14
1.0758939617e+05	2.6819981472e-14	1.8435968152e-15	3.9885739166e-19	2.8950091446e-20	1.7213436356e-15	2.4489626917e-14	9.0818705701e-19	3.6459247225e-20	2.7903164455e-19	6.8047079926e-19	3.2150646719e-14	4.1315563230e-17	8.2176742318e-21	1.1084217765e-20	1.6763968828e-17	2.8127954627e-14
1.0759808370e+05	2.6905493713e-14	1.8565160027e-15	4.2248814231e-19	2.9205378238e-20	1.7338572068e-15	2.4515919459e-14	9.5771155584e-19	3.9258052314e-20	2.9602824903e-19	7.1851978092e-19	3.2155011071e-14	4.3357919950e-17	8.3667742703e-21	1.2042297043e-20	1.7727399187e-17	2.8107133764e-14
1.0760430623e+05	2.6898538324e-14	1.8656130509e-15	4.4005240456e-19	2.9462079776e-20	1.7426758602e-15	2.4467592603e-14	9.9435131277e-19	4.1396257831e-20	3.0867992456e-19	7.4670454422e-19	3.2130039096e-14	4.4853759792e-17	8.4953402201e-21	1.2778604065e-20	1.8437933356e-17	2.8091637855e-14
1.0761675039e+05	2.6976611609e-14	1.8834102705e-15	4.7667328211e-19	3.0321076168e-20	1.7599466101e-15	2.4465508206e-14	1.0706966429e-18	4.5814678731e-20	3.3510912394e-19	8.0552184850e-19	3.2119670372e-14	4.7883283514e-17	8.8553981170e-21	1.4319028912e-20	1.9892160780e-17	2.8060455631e-14
1.0762553851e+05	2.6964007894e-14	1.8956553320e-15	5.0369479057e-19	3.1182842236e-20	1.7718442906e-15	2.4398765050e-14	1.1269497246e-18	4.9114387824e-20	3.5465379402e-19	8.4893710514e-19	3.2085100582e-14	5.0028793672e-17	9.1879679827e-21	1.5482687002e-20	2.0935659953e-17	2.8039690837e-14
1.0763183309e+05	2.6954318310e-14	1.9042596036e-15	5.2363990310e-19	3.1861437418e-20	1.7802121459e-15	2.4351004560e-14	1.1683294903e-18	5.1691069880e-20	3.6910281175e-19	8.8091570669e-19	3.2060615346e-14	5.1570817983e-17	9.4467408386e-21	1.6394061199e-20	2.1692321695e-17	2.8025553411e-14
1.0764442135e+05	2.6932941868e-14	1.9210462998e-15	5.6497898610e-19	3.3384546047e-20	1.7965569937e-15	2.4256145923e-14	1.2534857739e-18	5.7547075635e-20	3.9911015065e-19	9.4684027032e-19	3.2012386371e-14	5.4703281062e-17	1.0020638706e-20	1.8470132908e-20	2.3243569651e-17	2.7997447673e-14
1.0765331123e+05	2.7009613915e-14	1.9325617842e-15	5.9525505464e-19	3.4802320329e-20	1.8077851153e-15	2.4284781117e-14	1.3155387605e-18	6.2026881354e-20	4.2113797336e-19	9.9497356059e-19	3.2017960698e-14	5.6973181987e-17	1.0535437902e-20	2.0072936856e-20	2.4377746489e-17	2.7976745106e-14
1.0765967870e+05	2.6996966525e-14	1.9406353593e-15	6.1743638839e-19	3.6152841839e-20	1.8156653928e-15	2.4237857399e-14	1.3610766137e-18	6.5165265975e-20	4.3730382850e-19	1.0303428339e-18	3.1993901374e-14	5.8624065190e-17	1.1010256053e-20	2.1211885505e-20	2.5208084718e-17	2.7961701629e-14
1.0767241273e+05	2.7062488306e-14	1.9563447262e-15	6.6298543007e-19	3.9841536477e-20	1.8310191823e-15	2.4239434784e-14	1.4554953438e-18	7.0824517007e-20	4.7057151117e-19	1.1037861922e-18	3.1984838688e-14	6.1944557028e-17	1.2277927613e-20	2.3319815033e-20	2.6894934750e-17	2.7932772239e-14
1.0768140555e+05	2.7041770683e-14	1.9670851372e-15	6.9616875633e-19	4.3018055365e-20	1.8415332755e-15	2.4174936450e-14	1.5250364200e-18	7.4433609523e-20	4.9486456608e-19	1.1579655288e-18	3.1951090153e-14	6.4270709484e-17	1.3365879986e-20	2.4703554636e-20	2.8092348513e-17	2.7913680839e-14
1.0768784675e+05	2.7026058132e-14	1.9745975192e-15	7.2050330961e-19	4.5342996740e-20	1.8488960655e-15	2.4129214622e-14	1.5762059713e-18	7.7082089251e-20	5.1270788531e-19	1.1978793383e-18	3.1926945612e-14	6.5919364725e-17	1.4170059955e-20	2.5726519460e-20	2.8949459851e-17	2.7900213731e-14
1.0770072823e+05	2.7085470829e-14	1.9891680698e-15	7.7060477212e-19	4.9678241215e-20	1.8631984863e-15	2.4132651155e-14	1.6812630901e-18	8.3173644627e-20	5.4951726910e-19	1.2799637976e-18	3.1917867767e-14	6.9181388960e-17	1.5702713432e-20	2.8067684250e-20	3.0665363660e-17	2.7872368806e-14
1.0770982519e+05	2.7152494077e-14	1.9990925071e-15	8.0704206797e-19	5.2500227984e-20	1.8729582971e-15	2.4162965036e-14	1.7572210741e-18	8.8133684859e-20	5.7634904503e-19	1.3394317564e-18	3.1922416931e-14	7.1463804148e-17	1.6726271425e-20	2.9969856448e-20	3.1881201259e-17	2.7852155554e-14
1.0771634097e+05	2.7133986949e-14	2.0060142874e-15	8.3361665366e-19	5.4534538797e-20	1.8797746509e-15	2.4118485114e-14	1.8124956192e-18	9.1807578993e-20	5.9595102289e-19	1.3827682084e-18	3.1897946651e-14	7.3080448057e-17	1.7471660460e-20	3.1388409119e-20	3.2750621849e-17	2.7838037295e-14
1.0772937162e+05	2.7094850321e-14	2.0193915379e-15	8.8795255930e-19	5.8921376578e-20	1.8929718406e-15	2.4030601674e-14	1.9258012076e-18	9.8944903667e-20	6.3611397812e-19	1.4717464904e-18	3.1848439807e-14	7.6210176657e-17	1.9085636987e-20	3.4190352866e-20	3.4458912491e-17	2.7811734819e-14
1.0773857390e+05	2.7065267888e-14	2.0284657283e-15	9.2739698536e-19	6.2212087932e-20	1.9019432546e-15	2.3969822712e-14	2.0084412089e-18	1.0383296709e-19	6.6533503650e-19	1.5367526010e-18	3.1812929892e-14	7.8285198340e-17	2.0305667759e-20	3.6144971147e-20	3.5616188477e-17	2.7794096699e-14
1.0774516514e+05	2.7043035704e-14	2.0347759485e-15	9.5625422512e-19	6.4553374028e-20	1.9081920960e-15	2.3927076504e-14	2.0690055699e-18	1.0746558915e-19	6.8674516652e-19	1.5844495194e-18	3.1787096545e-14	7.9684884546e-17	2.1183671239e-20	3.7605053253e-20	3.6411283200e-17	2.7781300394e-14
1.0775834667e+05	2.7090095588e-14	2.0469236216e-15	1.0154546814e-18	6.8957828075e-20	1.9202471810e-15	2.3934130480e-14	2.1931880683e-18	1.1565581478e-19	7.3075102371e-19	1.6824000106e-18	3.1777270793e-14	8.2249555543e-17	2.2870283112e-20	4.0888383430e-20	3.7906408628e-17	2.7754902951e-14
1.0776765552e+05	2.7055922268e-14	2.0551228305e-15	1.0583231662e-18	7.1803725388e-20	1.9284049839e-15	2.3875643409e-14	2.2829981253e-18	1.2226023756e-19	7.6268766193e-19	1.7533697580e-18	3.1740784440e-14	8.3855385389e-17	2.3989980146e-20	4.3531906249e-20	3.8876347225e-17	2.7736573829e-14
1.0777432308e+05	2.7123531918e-14	2.0608044660e-15	1.0894960027e-18	7.3701793783e-20	1.9340689025e-15	2.3925135670e-14	2.3483261725e-18	1.2724539356e-19	7.8594921510e-19	1.8050619294e-18	3.1756801432e-14	8.4885149022e-17	2.4752598395e-20	4.5535451977e-20	3.9518969340e-17	2.7724155099e-14
1.0778765724e+05	2.7071549922e-14	2.0716868999e-15	1.1529424979e-18	7.7091945642e-20	1.9449455484e-15	2.3843338826e-14	2.4814756812e-18	1.3742337636e-19	8.3339152190e-19	1.9105927545e-18	3.1705429356e-14	8.6593641826e-17	2.6157802262e-20	4.9667183525e-20	4.0647778989e-17	2.7700896837e-14
1.0779707388e+05	2.7125655989e-14	2.0789920940e-15	1.1986347439e-18	7.9162736069e-20	1.9522698549e-15	2.3877063210e-14	2.5775955276e-18	1.4472557067e-19	8.6763691228e-19	1.9869133006e-18	3.1712145871e-14	8.7488289333e-17	2.7052075064e-20	5.2666935351e-20	4.1302710614e-17	2.7684701727e-14
1.0780381865e+05	2.7097625936e-14	2.0840317760e-15	1.2317959652e-18	8.0548473099e-20	1.9573348581e-15	2.3836884076e-14	2.6475058325e-18	1.5008089123e-19	8.9253118478e-19	2.0424938311e-18	3.1686857848e-14	8.7961767450e-17	2.7664410383e-20	5.4881846182e-20	4.1693987463e-17	2.7672906925e-14
1.0781730721e+05	2.7131300152e-14	2.0936350034e-15	1.2990679153e-18	8.3436829251e-20	1.9670170806e-15	2.3848094815e-14	2.7900564295e-18	1.6125047336e-19	9.4313810986e-19	2.1560025191e-18	3.1679402758e-14	8.8481955705e-17	2.8941686851e-20	5.9533290327e-20	4.2274387527e-17	2.7649716274e-14
1.0782683289e+05	2.7088938328e-14	2.1000367785e-15	1.3472382371e-18	8.5791769406e-20	1.9734970493e-15	2.3793390414e-14	2.8929691380e-18	1.6956372212e-19	9.7946282821e-19	2.2380911928e-18	3.1644346489e-14	8.8506933769e-17	2.9963854106e-20	6.3019566209e-20	4.2519268654e-17	2.7634678049e-14
1.0783365576e+05	2.7057594537e-14	2.1044305950e-15	1.3820619057e-18	8.7647854834e-20	1.9779580318e-15	2.3755004835e-14	2.9678418774e-18	1.7576748404e-19	1.0057677299e-18	2.2978860774e-18	3.1618695974e-14	8.8353987921e-17	3.0761410309e-20	6.5632813562e-20	4.2610919619e-17	2.7624649134e-14
1.0784730052e+05	2.6992603781e-14	2.1127421110e-15	1.4525616686e-18	9.1540405431e-20	1.9864312479e-15	2.3680039253e-14	3.1204121338e-18	1.8880933248e-19	1.0591320244e-18	2.4199167671e-18	3.1565808076e-14	8.7639097830e-17	3.2436955537e-20	7.1157988208e-20	4.2590195326e-17	2.7605105367e-14
1.0785693649e+05	2.7038528224e-14	2.1182347729e-15	1.5030393737e-18	9.4326013951e-20	1.9920595464e-15	2.3715915138e-14	3.2303715749e-18	1.9831220780e-19	1.0974293826e-18	2.5080170431e-18	3.1578148868e-14	8.6828043447e-17	3.3647174162e-20	7.5220867955e-20	4.2420023269e-17	2.7590883493e-14
1.0786383837e+05	2.7004038603e-14	2.1219781754e-15	1.5394813835e-18	9.6419762987e-20	1.9959108247e-15	2.3679147121e-14	3.3102363630e-18	2.0506689683e-19	1.1251246112e-18	2.5720829323e-18	3.1551771501e-14	8.6105985370e-17	3.4556395192e-20	7.8137176030e-20	4.2224987563e-17	2.7580640007e-14
1.0787764112e+05	2.7025944227e-14	2.1289964638e-15	1.6127177104e-18	1.0138139627e-19	2.0031708220e-15	2.3694411303e-14	3.4726801206e-18	2.1821167598e-19	1.1809095397e-18	2.7025890387e-18	3.1548625455e-14	8.4355205592e-17	3.6673352852e-20	8.3893301955e-20	4.1672155152e-17	2.7561386617e-14
1.0788738868e+05	2.6974596498e-14	2.1335808547e-15	1.6644051262e-18	1.0586534580e-19	2.0079462998e-15	2.3644427967e-14	3.5893675039e-18	2.2757456490e-19	1.2203904439e-18	2.7964991518e-18	3.1511205397e-14	8.2917054676e-17	3.8542943244e-20	8.8038328386e-20	4.1171355764e-17	2.7549123452e-14
1.0789437047e+05	2.7029233118e-14	2.1366794375e-15	1.7012951569e-18	1.0959806753e-19	2.0111917592e-15	2.3696308715e-14	3.6737745357e-18	2.3469491396e-19	1.2486272911e-18	2.8645179406e-18	3.1534680967e-14	8.1809655845e-17	4.0084369019e-20	9.1193046169e-20	4.0768390235e-17	2.7540616562e-14
1.0790833306e+05	2.7043991562e-14	2.1424157806e-15	1.7746968038e-18	1.1790941910e-19	2.0172464376e-15	2.3713991797e-14	3.8441833880e-18	2.5054231740e-19	1.3049577509e-18	3.0020725481e-18	3.1531010574e-14	7.9466347867e-17	4.3513605136e-20	9.8197958307e-20	3.9882974112e-17	2.7523035178e-14
1.0791819349e+05	2.6989249840e-14	2.1461025004e-15	1.8263597825e-18	1.2401060067e-19	2.0211771833e-15	2.3665580327e-14	3.9657590970e-18	2.6271667287e-19	1.3447174824e-18	3.1003956485e-18	3.1494372580e-14	7.7757356324e-17	4.6051899128e-20	1.0359109950e-19	3.9218005605e-17	2.7510229990e-14
1.0792525613e+05	2.6949123205e-14	2.1485609763e-15	1.8633816143e-18	1.2839393183e-19	2.0238199259e-15	2.3631608958e-14	4.0536109538e-18	2.7155172698e-19	1.3732623126e-18	3.1715354956e-18	3.1467026177e-14	7.6529884832e-17	4.7890944254e-20	1.0753189185e-19	3.8733635892e-17	2.7501321539e-14
1.0793938039e+05	2.6866845855e-14	2.1530291233e-15	1.9377038856e-18	1.3747148569e-19	2.0286796018e-15	2.3565110363e-14	4.2317404091e-18	2.8905511917e-19	1.4306899332e-18	3.3159927455e-18	3.1409925282e-14	7.4129715521e-17	5.1725731181e-20	1.1542798633e-19	3.7777066835e-17	2.7484755012e-14
1.0794935500e+05	2.6899457734e-14	2.1558320581e-15	1.9905059060e-18	1.4456287527e-19	2.0317768717e-15	2.3605044363e-14	4.3596736891e-18	3.0179764325e-19	1.4715842958e-18	3.4199091731e-18	3.1423562801e-14	7.2531231056e-17	5.4724360505e-20	1.2122122689e-19	3.7138750859e-17	2.7473389687e-14
1.0795649942e+05	2.6856347820e-14	2.1576624072e-15	2.0284651222e-18	1.5015307872e-19	2.0338268939e-15	2.3572577328e-14	4.4522755964e-18	3.1160711497e-19	1.5010318236e-18	3.4952150649e-18	3.1394393559e-14	7.1461287759e-17	5.7084787369e-20	1.2567908810e-19	3.6714247338e-17	2.7464911920e-14
1.0797078723e+05	2.6860055718e-14	2.1608908901e-15	2.1045102677e-18	1.6255689476e-19	2.0375159222e-15	2.3594433662e-14	4.6392464770e-18	3.3361209601e-19	1.5601535966e-18	3.6475023605e-18	3.1389981705e-14	6.9567067344e-17	6.2325125934e-20	1.3565361956e-19	3.5978674405e-17	2.7447081337e-14
1.0798087734e+05	2.6796859979e-14	2.1628291547e-15	2.1581000483e-18	1.7195192305e-19	2.0397959843e-15	2.3550407420e-14	4.7720955918e-18	3.5076833499e-19	1.6019271005e-18	3.7559153135e-18	3.1347969049e-14	6.8468868339e-17	6.6315710165e-20	1.4343834035e-19	3.5573890451e-17	2.7434639773e-14
1.0798810449e+05	2.6750931074e-14	2.1640475135e-15	2.1963362631e-18	1.7880595350e-19	2.0412672658e-15	2.3519278107e-14	4.8674530208e-18	3.6351364735e-19	1.6317909163e-18	3.8338433899e-18	3.1317257473e-14	6.7824866404e-17	6.9246596610e-20	1.4924648072e-19	3.5354095133e-17	2.7426096118e-14
1.0800255775e+05	2.6749159979e-14	2.1660687358e-15	2.2723741428e-18	1.9257412237e-19	2.0438137870e-15	2.3543402830e-14	5.0585882500e-18	3.8966251251e-19	1.6913257029e-18	3.9903193157e-18	3.1312070116e-14	6.6943773625e-17	7.5193089332e-20	1.6124993083e-19	3.5119051743e-17	2.7409175504e-14
1.0801276470e+05	2.6773138839e-14	2.1671692876e-15	2.3258286526e-18	2.0236299411e-19	2.0453004027e-15	2.3585862234e-14	5.1941588896e-18	4.0887819589e-19	1.7332909313e-18	4.1015188558e-18	3.1324419283e-14	6.6683943866e-17	7.9467238982e-20	1.7013227634e-19	3.5138608274e-17	2.7396480905e-14
1.0802007553e+05	2.6724898049e-14	2.1677940993e-15	2.3640894447e-18	2.0946230315e-19	2.0462091709e-15	2.3555976358e-14	5.2917377404e-18	4.2325750516e-19	1.7633807695e-18	4.1816580081e-18	3.1293870609e-14	6.6697363764e-17	8.2588086481e-20	1.7680078952e-19	3.5256402989e-17	2.7386971495e-14
1.0803469615e+05	2.6626755382e-14	2.1686460171e-15	2.4408040971e-18	2.2400033527e-19	2.0476467101e-15	2.3497155967e-14	5.4884327532e-18	4.5384479492e-19	1.8238321406e-18	4.3434410304e-18	3.1231954797e-14	6.7254507814e-17	8.9026785969e-20	1.9103503682e-19	3.5771856840e-17	2.7367891706e-14
1.0804502129e+05	2.6556485416e-14	2.1689359000e-15	2.4952737983e-18	2.3459108657e-19	2.0483638300e-15	2.3456069509e-14	5.6285034727e-18	4.7683210625e-19	1.8668444008e-18	4.4588459945e-18	3.1188128207e-14	6.8096482692e-17	9.3753915587e-20	2.0178227613e-19	3.6375810037e-17	2.7354674452e-14
1.0805241678e+05	2.6596093621e-14	2.1689900211e-15	2.5344609274e-18	2.4234940319e-19	2.0487305562e-15	2.3512457149e-14	5.7292542058e-18	4.9392200984e-19	1.8978331259e-18	4.5419591496e-18	3.1213407551e-14	6.8938807486e-17	9.7235356227e-20	2.0980379689e-19	3.6938018900e-17	2.7345048234e-14
1.0806720670e+05	2.6493098304e-14	2.1687181660e-15	2.6132434368e-18	2.5826604380e-19	2.0490999471e-15	2.3455616792e-14	5.9311908691e-18	5.2963262552e-19	1.9602446582e-18	4.7088221320e-18	3.1151374888e-14	7.1246912740e-17	1.0442673855e-19	2.2665176716e-19	3.8404316840e-17	2.7324678877e-14
1.0807765140e+05	2.6509580311e-14	2.1682323816e-15	2.6691993590e-18	2.6975931158e-19	2.0490791498e-15	2.3501302518e-14	6.0740047153e-18	5.5610720799e-19	2.0046621572e-18	4.8270566627e-18	3.1164142714e-14	7.3392912002e-17	1.0966266670e-19	2.3921476061e-19	3.9726133451e-17	2.7309734739e-14
1.0808513252e+05	2.6456372018e-14	2.1677377964e-15	2.7094473930e-18	2.7807241257e-19	2.0489235649e-15	2.3473481059e-14	6.1763886936e-18	5.7566432116e-19	2.0366555412e-18	4.9119334260e-18	3.1133242895e-14	7.5197553956e-17	1.1347409028e-19	2.4853588922e-19	4.0823069732e-17	2.7299092474e-14
1.0810009370e+05	2.6438756407e-14	2.1663963021e-15	2.7903904515e-18	2.9479039023e-19	2.0482739408e-15	2.3503333233e-14	6.3815634871e-18	6.1596631114e-19	2.1011075940e-18	5.0822997454e-18	3.1127602643e-14	7.9481319719e-17	1.2120493928e-19	2.6786367467e-19	4.3399902180e-17	2.7277834188e-14
1.0811065934e+05	2.6362007543e-14	2.1651728454e-15	2.8479109983e-18	3.0660928062e-19	2.0475497588e-15	2.3465315112e-14	6.5267316153e-18	6.4520535583e-19	2.1469970553e-18	5.2030607611e-18	3.1084560408e-14	8.3048373680e-17	1.2672588290e-19	2.8199155369e-19	4.5530888536e-17	2.7262159493e-14
1.0811822709e+05	2.6396074230e-14	2.1641620685e-15	2.8892711165e-18	3.1506180377e-19	2.0469016353e-15	2.3522785015e-14	6.6308066508e-18	6.6654733563e-19	2.1800391596e-18	5.2897502901e-18	3.1109204307e-14	8.5878163102e-17	1.3070326618e-19	2.9235766864e-19	4.7216895952e-17	2.7250470094e-14
1.0813336151e+05	2.6284151431e-14	2.1618085127e-15	2.9723257643e-18	3.3191213200e-19	2.0452855720e-15	2.3470131264e-14	6.8388955978e-18	7.1039574744e-19	2.2465058051e-18	5.4633670743e-18	3.1048275604e-14	9.2224101836e-17	1.3870501195e-19	3.1378533893e-19	5.0992032426e-17	2.7226650842e-14
1.0814404950e+05	2.6204667494e-14	2.1598895195e-15	3.0312792534e-18	3.4379797190e-19	2.0438965847e-15	2.3433030139e-14	6.9858997269e-18	7.4231806787e-19	2.2937755021e-18	5.5862443674e-18	3.1005818558e-14	9.7255300568e-17	1.4440534439e-19	3.2949027948e-19	5.3984399351e-17	2.7209828072e-14
1.0815170488e+05	2.6147665524e-14	2.1583883359e-15	3.0737248909e-18	3.5235168222e-19	2.0427794279e-15	2.3406489172e-14	7.0912971441e-18	7.6559032551e-19	2.3278517059e-18	5.6744543957e-18	3.0975594520e-14	1.0113515210e-16	1.4853306603e-19	3.4099761633e-19	5.6293546764e-17	2.7197602720e-14
1.0816701455e+05	2.6120370515e-14	2.1550809083e-15	3.1594461360e-18	3.6977095744e-19	2.0402502661e-15	2.3440341099e-14	7.3024894297e-18	8.1293359910e-19	2.3967642071e-18	5.8514759998e-18	3.0968795930e-14	1.0956589236e-16	1.5698998086e-19	3.6456447681e-19	6.1319720156e-17	2.7172176808e-14
1.0817782630e+05	2.6038687692e-14	2.1525067197e-15	3.2208624179e-18	3.8247596627e-19	2.0382334863e-15	2.3403930974e-14	7.4519347827e-18	8.4701603911e-19	2.4462036148e-18	5.9769559984e-18	3.0926091158e-14	1.1603830591e-16	1.6319045566e-19	3.8165663978e-19	6.5188585058e-17	2.7153681348e-14
1.0818557033e+05	2.6067041452e-14	2.1505480533e-15	3.2653472783e-18	3.9180003312e-19	2.0366776484e-15	2.3464012766e-14	7.5591049900e-18	8.7181155960e-19	2.4820450240e-18	6.0670491069e-18	3.0948779323e-14	1.2092799751e-16	1.6775672958e-19	3.9415311184e-19	6.8118027730e-17	2.7140411184e-14
1.0820105727e+05	2.6035642587e-14	2.1463502764e-15	3.3554311725e-18	4.1081789037e-19	2.0332939648e-15	2.3498508182e-14	7.7736074830e-18	9.2227033156e-19	2.5547108789e-18	6.2476466258e-18	3.0940400204e-14	1.3132212940e-16	1.7712292939e-19	4.1974361968e-19	7.4365231107e-17	2.7113714555e-14
1.0821199421e+05	2.5950766990e-14	2.1431696829e-15	3.4197462985e-18	4.2434541198e-19	2.0306945391e-15	2.3463731329e-14	7.9251264505e-18	9.5826087892e-19	2.6066683650e-18	6.3754383392e-18	3.0896670897e-14	1.3914172042e-16	1.8383975449e-19	4.3814275531e-19	7.9083411594e-17	2.7094288277e-14
1.0821982792e+05	2.5889954637e-14	2.1407865879e-15	3.4660789974e-18	4.3404424973e-19	2.0287305949e-15	2.3438827069e-14	8.0336035271e-18	9.8402478321e-19	2.6441421378e-18	6.4670427477e-18	3.0865210905e-14	1.4497681324e-16	1.8868552461e-19	4.5139797830e-19	8.2614596369e-17	2.7080039939e-14
1.0823549419e+05	2.5854331798e-14	2.1357701777e-15	3.5594302849e-18	4.5366800723e-19	2.0245589251e-15	2.3474905287e-14	8.2502172637e-18	1.0354235514e-18	2.7197518648e-18	6.6502546272e-18	3.0854545952e-14	1.5719910921e-16	1.9855173885e-19	4.7805479283e-19	9.0040278533e-17	2.7051267764e-14
1.0824655778e+05	2.5767590943e-14	2.1320325975e-15	3.6261464033e-18	4.6796206479e-19	2.0214227380e-15	2.3440649672e-14	8.4029309570e-18	1.0718716314e-18	2.7738638054e-18	6.7796502248e-18	3.0809454002e-14	1.6624235910e-16	2.0577187708e-19	4.9711268067e-19	9.5560247238e-17	2.7030930305e-14
1.0825448219e+05	2.5705536181e-14	2.1292609451e-15	3.6744918038e-18	4.7849955954e-19	2.0190840316e-15	2.3416221101e-14	8.5123378362e-18	1.0981915754e-18	2.8131068470e-18	6.8724611038e-18	3.0776748222e-14	1.7291222400e-16	2.1110717036e-19	5.1094487140e-19	9.9645615521e-17	2.7016215375e-14
1.0827032987e+05	2.5666122576e-14	2.1234931082e-15	3.7727533124e-18	5.0019854683e-19	2.0141868394e-15	2.3453374166e-14	8.7316952511e-18	1.1512887137e-18	2.8929392287e-18	7.0587950616e-18	3.0764045883e-14	1.8669583137e-16	2.2213604517e-19	5.3902878639e-19	1.0812604786e-16	2.6986128515e-14
1.0828152157e+05	2.5577704885e-14	2.1192454074e-15	3.8432574159e-18	5.1579565906e-19	2.0105574942e-15	2.3419801260e-14	8.8871852750e-18	1.1887971516e-18	2.9502855824e-18	7.1910709084e-18	3.0716713347e-14	1.9676233304e-16	2.3011327021e-19	5.5903177208e-19	1.1435136732e-16	2.6964593560e-14
1.0828953774e+05	2.5599064598e-14	2.1161204729e-15	3.8941462573e-18	5.2701522439e-19	2.0078769042e-15	2.3481033910e-14	8.9987581667e-18	1.2154764787e-18	2.9917188870e-18	7.2860879576e-18	3.0736141227e-14	2.0412942412e-16	2.3588274390e-19	5.7335403529e-19	1.1892416089e-16	2.6949192237e-14
1.0830556893e+05	2.5471399473e-14	2.1096690464e-15	3.9965456755e-18	5.4959710161e-19	2.0023174407e-15	2.3434076112e-14	9.2218485571e-18	1.2682452304e-18	3.0752112869e-18	7.4763489908e-18	3.0667511078e-14	2.1921732402e-16	2.4757103012e-19	6.0192173869e-19	1.2833351300e-16	2.6918337089e-14
1.0831689022e+05	2.5465475686e-14	2.1049632468e-15	4.0693996680e-18	5.6582364052e-19	1.9982435660e-15	2.3486021560e-14	9.3792288350e-18	1.3052262447e-18	3.1347074393e-18	7.6107927398e-18	3.0672674772e-14	2.3012175345e-16	2.5601974483e-19	6.2212014355e-19	1.3517095341e-16	2.6896254293e-14
1.0832499921e+05	2.5400536995e-14	2.1015190833e-15	4.1220238088e-18	5.7767958671e-19	1.9952529076e-15	2.3462763514e-14	9.4919569282e-18	1.3317030979e-18	3.1777227081e-18	7.7072003035e-18	3.0637631709e-14	2.3804095547e-16	2.6221216187e-19	6.3666152565e-19	1.4015609642e-16	2.6880312287e-14
1.0834121603e+05	2.5354653913e-14	2.0944616637e-15	4.2289206227e-18	6.0205130682e-19	1.9891038792e-15	2.3501048982e-14	9.7179982015e-18	1.3847490311e-18	3.2651758531e-18	7.9007588851e-18	3.0621136268e-14	2.5411121027e-16	2.7498673481e-19	6.6598471530e-19	1.5032285754e-16	2.6848509018e-14
1.0835266842e+05	2.5262535006e-14	2.0893475186e-15	4.3059606509e-18	6.1969207149e-19	1.9846320883e-15	2.3468890337e-14	9.8783774210e-18	1.4221595836e-18	3.3282545091e-18	8.0382731535e-18	3.0570858156e-14	2.6561757432e-16	2.8427765461e-19	6.8682451633e-19	1.5764388097e-16	2.6826159066e-14
1.0836087131e+05	2.5196637624e-14	2.0856227601e-15	4.3618522672e-18	6.3244253671e-19	1.9813676213e-15	2.3446166073e-14	9.9936034627e-18	1.4488118833e-18	3.3740478764e-18	8.1371645329e-18	3.0534113852e-14	2.7392330994e-16	2.9102284070e-19	7.0176014387e-19	1.6295012799e-16	2.6810081808e-14
1.0837727591e+05	2.5147784566e-14	2.0780306655e-15	4.4747036131e-18	6.5797488292e-19	1.9746959695e-15	2.3484801316e-14	1.0224432450e-17	1.5015687831e-18	3.4666194890e-18	8.3355223833e-18	3.0517452261e-14	2.9065215740e-16	3.0462144958e-19	7.3155689561e-19	1.7369319995e-16	2.6777651533e-14
1.0838886091e+05	2.5054405965e-14	2.0725595773e-15	4.5545873504e-18	6.7593364904e-19	1.9698745735e-15	2.3453528740e-14	1.0387402411e-17	1.5384220122e-18	3.5322662557e-18	8.4757824784e-18	3.0465361598e-14	3.0252952290e-16	3.1426584205e-19	7.5255292318e-19	1.8136625206e-16	2.6754787190e-14
1.0839715879e+05	2.5070364588e-14	2.0685911082e-15	4.6116469342e-18	6.8876979842e-19	1.9663709928e-15	2.3514407419e-14	1.0504099690e-17	1.5646955778e-18	3.5792277867e-18	8.5763267164e-18	3.0485595518e-14	3.1105421272e-16	3.2119849778e-19	7.6760617446e-19	1.8689694800e-16	2.6738551121e-14
1.0841375335e+05	2.4936386831e-14	2.0605330789e-15	4.7252988704e-18	7.1453152903e-19	1.9592413918e-15	2.3470312714e-14	1.0737808064e-17	1.6172000425e-18	3.6729450476e-18	8.7779363767e-18	3.0411374992e-14	3.2810974669e-16	3.3519785535e-19	7.9787566969e-19	1.9802217098e-16	2.6706272336e-14
1.0842547249e+05	2.4924282715e-14	2.0547564879e-15	4.8055563036e-18	7.3296169048e-19	1.9541188673e-15	2.3522072377e-14	1.0903667684e-17	1.6544480525e-18	3.7392500493e-18	8.9211907914e-18	3.0417390685e-14	3.4013130827e-16	3.4526949181e-19	8.1948205417e-19	2.0591249502e-16	2.6683435980e-14
1.0843386645e+05	2.4856461818e-14	2.0505772100e-15	4.8633179373e-18	7.4635165969e-19	1.9504071718e-15	2.3500087639e-14	1.1023096241e-17	1.6812957975e-18	3.7870196175e-18	9.0244206970e-18	3.0380172495e-14	3.4871613412e-16	3.5261033119e-19	8.3511541133e-19	2.1157223730e-16	2.6667097498e-14
1.0845065317e+05	2.4803033034e-14	2.0421285000e-15	4.9800356500e-18	7.7362176340e-19	1.9428906651e-15	2.3538733129e-14	1.1263812900e-17	1.7354825816e-18	3.8836459364e-18	9.2326699421e-18	3.0364727435e-14	3.6578754033e-16	3.6761929055e-19	8.6681132690e-19	2.2289039015e-16	2.6634799273e-14
1.0846250801e+05	2.4707224220e-14	2.0360941182e-15	5.0633872681e-18	7.9314036979e-19	1.9375120672e-15	2.3508293855e-14	1.1435233609e-17	1.7740621490e-18	3.9527316141e-18	9.3811192469e-18	3.0312605956e-14	3.7773835015e-16	3.7841954709e-19	8.8949962512e-19	2.3086516266e-16	2.6612322197e-14
1.0847099917e+05	2.4638657294e-14	2.0317415134e-15	5.1232875536e-18	8.0714222297e-19	1.9336276973e-15	2.3486920296e-14	1.1558576874e-17	1.8017676548e-18	4.0024343638e-18	9.4880168732e-18	3.0274810654e-14	3.8623009393e-16	3.8620477283e-19	9.0586181342e-19	2.3655830149e-16	2.6596293882e-14
1.0848798027e+05	2.4583457436e-14	2.0229711460e-15	5.2424207836e-18	8.3497389122e-19	1.9257895779e-15	2.3525363831e-14	1.1805960536e-17	1.8572329932e-18	4.1014766562e-18	9.7026541413e-18	3.0261151852e-14	4.0300766597e-16	4.0178940395e-19	9.3879945772e-19	2.4787374222e-16	2.6564348473e-14
1.0849997239e+05	2.4486812075e-14	2.0167289109e-15	5.3251968721e-18	8.5444965649e-19	1.9202021964e-15	2.3495759029e-14	1.1980787012e-17	1.8965452581e-18	4.1704841391e-18	9.8545481368e-18	3.0208545100e-14	4.1467020807e-16	4.1278538794e-19	9.6228033098e-19	2.5579371238e-16	2.6542074457e-14
1.0850856187e+05	2.4499212483e-14	2.0122387467e-15	5.3836173457e-18	8.6834600725e-19	1.9161790478e-15	2.3554969874e-14	1.2106117874e-17	1.9248989256e-18	4.2192924499e-18	9.9635421667e-18	3.0232946211e-14	4.2292010850e-16	4.2067361644e-19	9.7927307461e-19	2.6142393868e-16	2.6526349662e-14
1.0852573960e+05	2.4361083285e-14	2.0032121450e-15	5.4986725030e-18	8.9615952605e-19	1.9080813429e-15	2.3512893079e-14	1.2358006066e-17	1.9824184686e-18	4.3156572210e-18	1.0182807931e-17	3.0159178579e-14	4.3913519366e-16	4.3655391124e-19	1.0138599145e-18	2.7255974458e-16	2.6495344441e-14
1.0853787058e+05	2.4344975990e-14	1.9968107005e-15	5.5791539784e-18	9.1590789733e-19	1.9023313508e-15	2.3563166591e-14	1.2538081949e-17	2.0238505529e-18	4.3832215721e-18	1.0339675553e-17	3.0169613473e-14	4.5033590640e-16	4.4789524972e-19	1.0388523405e-18	2.8030842505e-16	2.6473681129e-14
1.0854655952e+05	2.4275318530e-14	1.9922131636e-15	5.6366623959e-18	9.3011923553e-19	1.8981980838e-15	2.3542118460e-14	1.2668582329e-17	2.0539646889e-18	4.4315653445e-18	1.0453396569e-17	3.0132844445e-14	4.5821979808e-16	4.5608891074e-19	1.0570563387e-18	2.8579169420e-16	2.6458331565e-14
1.0856393616e+05	2.4217301319e-14	1.9830000669e-15	5.7513122211e-18	9.5864995448e-19	1.8899070847e-15	2.3579705459e-14	1.2933301608e-17	2.1152385833e-18	4.5281066642e-18	1.0684184650e-17	3.0121921899e-14	4.7361663694e-16	4.7262333507e-19	1.0942000744e-18	2.9657350533e-16	2.6428304689e-14
1.0857620761e+05	2.4119396742e-14	1.9764822583e-15	5.8315173061e-18	9.7880095393e-19	1.8840352375e-15	2.3550447990e-14	1.3122361651e-17	2.1592658502e-18	4.5957979331e-18	1.0849138625e-17	3.0070833423e-14	4.8417863921e-16	4.8437624120e-19	1.1209815484e-18	3.0402879458e-16	2.6407612012e-14
1.0858499717e+05	2.4049287194e-14	1.9718114955e-15	5.8882773369e-18	9.9318521556e-19	1.8798243574e-15	2.3529743629e-14	1.3258331826e-17	2.1911315361e-18	4.6437963754e-18	1.0967860475e-17	3.0034329212e-14	4.9157873976e-16	4.9280774724e-19	1.1404174439e-18	3.0928258116e-16	2.6392948880e-14
1.0860257502e+05	2.3990619443e-14	1.9624739625e-15	5.9995642003e-18	1.0217265977e-18	1.8713991854e-15	2.3566813398e-14	1.3530991598e-17	2.2556171844e-18	4.7381660041e-18	1.1206181676e-17	3.0024718919e-14	5.0594780017e-16	5.0965027069e-19	1.1798870160e-18	3.1956021498e-16	2.6363972530e-14
1.0862387990e+05	2.3902654004e-14	1.9511742633e-15	6.1302236991e-18	1.0558095273e-18	1.8611918219e-15	2.3594973321e-14	1.3863695535e-17	2.3352940205e-18	4.8494384335e-18	1.1497384693e-17	3.0000301986e-14	5.2255682869e-16	5.2997018507e-19	1.2288881371e-18	3.3157689573e-16	2.6330040076e-14
1.0864166130e+05	2.3762360646e-14	1.9417715048e-15	6.2359464691e-18	1.0838132235e-18	1.8526890169e-15	2.3553543620e-14	1.4145567209e-17	2.4034128797e-18	4.9398573070e-18	1.1744323047e-17	2.9928456806e-14	5.3570470539e-16	5.4683775513e-19	1.2709487172e-18	3.4120664597e-16	2.6302831930e-14
1.0866321288e+05	2.3674081654e-14	1.9304305707e-15	6.3603101099e-18	1.1172822013e-18	1.8424238376e-15	2.3581254607e-14	1.4494151226e-17	2.4882817082e-18	5.0466642813e-18	1.2049903111e-17	2.9904441101e-14	5.5073555575e-16	5.6719647021e-19	1.3235331662e-18	3.5236083516e-16	2.6270702097e-14
1.0868120017e+05	2.3614321255e-14	1.9210234318e-15	6.4610364237e-18	1.1448778378e-18	1.8339016245e-15	2.3617038181e-14	1.4789945346e-17	2.5610658730e-18	5.1335359340e-18	1.2309420652e-17	2.9894827975e-14	5.6251254167e-16	5.8414092206e-19	1.3687869609e-18	3.6122373278e-16	2.6244827795e-14
1.0870300130e+05	2.3445059732e-14	1.9097059400e-15	6.5791864865e-18	1.1777603788e-18	1.8236406152e-15	2.3566591495e-14	1.5151850124e-17	2.6513334650e-18	5.2358890170e-18	1.2627318782e-17	2.9808430903e-14	5.7583319112e-16	6.0453628098e-19	1.4251383480e-18	3.7140170076e-16	2.6214838174e-14
1.0872119688e+05	2.3385309169e-14	1.9003468116e-15	6.6739456321e-18	1.2044450756e-18	1.8151492666e-15	2.3601820731e-14	1.5455937544e-17	2.7280979024e-18	5.3183968066e-18	1.2894780348e-17	2.9798468318e-14	5.8612662655e-16	6.2128605172e-19	1.4732792658e-18	3.7940057224e-16	2.6190706797e-14
1.0874325046e+05	2.3296665499e-14	1.8891210721e-15	6.7835421223e-18	1.2356636297e-18	1.8049580143e-15	2.3627886379e-14	1.5827790533e-17	2.8228784636e-18	5.4143747977e-18	1.3222231961e-17	2.9773346451e-14	5.9757874564e-16	6.4114185808e-19	1.5329879328e-18	3.8846976285e-16	2.6162700273e-14
1.0876165673e+05	2.3236757209e-14	1.8798622576e-15	6.8710030747e-18	1.2608497978e-18	1.7965478247e-15	2.3662155032e-14	1.6141905580e-17	2.9036137734e-18	5.4914047971e-18	1.3499117087e-17	2.9762633723e-14	6.0627943673e-16	6.5736914270e-19	1.5840615580e-18	3.9550819229e-16	2.6140350112e-14
1.0878396568e+05	2.3148274789e-14	1.8687869650e-15	6.9727544224e-18	1.2903985374e-18	1.7864828575e-15	2.3687221091e-14	1.6526657759e-17	3.0034779750e-18	5.5815070093e-18	1.3838629472e-17	2.9736788453e-14	6.1579075799e-16	6.7664874038e-19	1.6474976738e-18	4.0339032468e-16	2.6114228001e-14
1.0880258508e+05	2.3009134225e-14	1.8596744319e-15	7.0535783542e-18	1.3140724842e-18	1.7781981627e-15	2.3644448916e-14	1.6849390181e-17	3.0882360708e-18	5.6535333518e-18	1.4123795274e-17	2.9664523928e-14	6.2286798417e-16	6.9231743394e-19	1.7015832459e-18	4.0942229795e-16	2.6093550331e-14
1.0882515236e+05	2.2841450573e-14	1.8488024000e-15	7.1453231021e-18	1.3411726542e-18	1.7683104943e-15	2.3591188713e-14	1.7241188376e-17	3.1920032726e-18	5.7359633278e-18	1.4470504184e-17	2.9576582980e-14	6.3039160140e-16	7.1057523476e-19	1.7681563997e-18	4.1605553269e-16	2.6069956509e-14
1.0884398736e+05	2.2782843079e-14	1.8398834619e-15	7.2167521886e-18	1.3623663237e-18	1.7601970027e-15	2.3624689494e-14	1.7569123221e-17	3.2791410369e-18	5.8007161931e-18	1.4761107816e-17	2.9565568317e-14	6.3579047605e-16	7.2513971881e-19	1.8243868316e-18	4.2101928276e-16	2.6051090239e-14
1.0886681596e+05	2.2696159384e-14	1.8292691526e-15	7.2984823913e-18	1.3865837859e-18	1.7505393207e-15	2.3648400358e-14	1.7968162247e-17	3.3856198065e-18	5.8753917436e-18	1.5115191892e-17	2.9539767496e-14	6.4128891401e-16	7.4209759430e-19	1.8934717653e-18	4.2634814184e-16	2.6029375250e-14
1.0888586906e+05	2.2637969529e-14	1.8205826129e-15	7.3633017081e-18	1.4056760046e-18	1.7426346796e-15	2.3680615645e-14	1.8301731634e-17	3.4753083721e-18	5.9350488675e-18	1.5411606947e-17	2.9529270903e-14	6.4502106516e-16	7.5571809786e-19	1.9519647755e-18	4.3022613228e-16	2.6012375636e-14
1.0890896200e+05	2.2552003806e-14	1.8102725967e-15	7.4367475724e-18	1.4271432420e-18	1.7332522108e-15	2.3703028912e-14	1.8704419336e-17	3.5841960589e-18	6.0032959505e-18	1.5770053194e-17	2.9504205106e-14	6.4851922384e-16	7.7139812589e-19	2.0234150993e-18	4.3423732934e-16	2.5992829025e-14
1.0892823573e+05	2.2415960672e-14	1.8018555530e-15	7.4925314151e-18	1.4432977921e-18	1.7255925001e-15	2.3657613126e-14	1.9037832768e-17	3.6741544064e-18	6.0558480171e-18	1.6067400909e-17	2.9432438768e-14	6.5060484876e-16	7.8358341723e-19	2.0829000043e-18	4.3701887056e-16	2.5977552181e-14
1.0895159606e+05	2.2331577957e-14	1.7918934845e-15	7.5535375106e-18	1.4606548252e-18	1.7165277556e-15	2.3679515593e-14	1.9439314820e-17	3.7813488515e-18	6.1142406098e-18	1.6426099468e-17	2.9409101265e-14	6.5214741284e-16	7.9719428638e-19	2.1543917891e-18	4.3971392618e-16	2.5960486371e-14
1.0897109297e+05	2.2275367495e-14	1.7837828061e-15	7.6002868701e-18	1.4736161714e-18	1.7091488973e-15	2.3710227543e-14	1.9773233768e-17	3.8697666936e-18	6.1596235948e-18	1.6724916728e-17	2.9401064226e-14	6.5262839432e-16	8.0775394464e-19	2.2138162218e-18	4.4140422390e-16	2.5947112197e-14
1.0899472381e+05	2.2192206178e-14	1.7742050945e-15	7.6529941765e-18	1.4878365638e-18	1.7004375146e-15	2.3730810382e-14	2.0175537319e-17	3.9763951966e-18	6.2114386252e-18	1.7085554162e-17	2.9379656282e-14	6.5226932458e-16	8.1976539972e-19	2.2859516544e-18	4.4279274416e-16	2.5931977104e-14
1.0901444649e+05	2.2059457366e-14	1.7664257747e-15	7.6931144600e-18	1.4982579654e-18	1.6933641026e-15	2.3683970866e-14	2.0506874227e-17	4.0640656031e-18	6.2515479159e-18	1.7383206212e-17	2.9311507251e-14	6.5121627157e-16	8.2901071543e-19	2.3457369166e-18	4.4341810548e-16	2.5920449219e-14
1.0903835096e+05	2.1978257555e-14	1.7572675903e-15	7.7359640713e-18	1.5085642622e-18	1.6850405843e-15	2.3704069153e-14	2.0901617826e-17	4.1663809162e-18	6.2954601526e-18	1.7738646210e-17	2.9292921876e-14	6.4906005813e-16	8.3893979403e-19	2.4163146514e-18	4.4354616540e-16	2.5907557560e-14
1.0905830201e+05	2.1847391694e-14	1.7498506277e-15	7.7670712402e-18	1.5151984375e-18	1.6783030077e-15	2.3656180278e-14	2.1226027911e-17	4.2478221946e-18	6.3283064895e-18	1.8031404320e-17	2.9227590572e-14	6.4655632482e-16	8.4613158564e-19	2.4732346825e-18	4.4314366175e-16	2.5897707073e-14
1.0908248328e+05	2.1768149379e-14	1.7411442477e-15	7.8002787376e-18	1.5214294311e-18	1.6703991312e-15	2.3675549331e-14	2.1613724266e-17	4.3430074143e-18	6.3644252672e-18	1.8382017394e-17	2.9211835516e-14	6.4271342202e-16	8.5382484326e-19	2.5405166272e-18	4.4206412756e-16	2.5887056993e-14
1.0910266535e+05	2.1716260612e-14	1.7341142260e-15	7.8246200243e-18	1.5254451795e-18	1.6640216671e-15	2.3704326580e-14	2.1931333938e-17	4.4203903924e-18	6.3917864237e-18	1.8669933460e-17	2.9210239451e-14	6.3886568234e-16	8.5956420742e-19	2.5957392769e-18	4.4068907064e-16	2.5879004949e-14
1.0912712663e+05	2.1638992518e-14	1.7258816376e-15	7.8496525602e-18	1.5286796726e-18	1.6565593762e-15	2.3722778845e-14	2.2307093128e-17	4.5106222958e-18	6.4212506098e-18	1.9011490506e-17	2.9197236555e-14	6.3346772200e-16	8.6557209617e-19	2.6608918311e-18	4.3847219842e-16	2.5870201587e-14
1.0914754240e+05	2.1588680379e-14	1.7192543871e-15	7.8667519416e-18	1.5296677818e-18	1.6505579275e-15	2.3750685022e-14	2.2613234692e-17	4.5811940278e-18	6.4426930277e-18	1.9290524840e-17	2.9197689824e-14	6.2838378294e-16	8.6958695276e-19	2.7127136437e-18	4.3618314609e-16	2.5863796924e-14
1.0917228692e+05	2.1437403043e-14	1.7115178241e-15	7.8833667677e-18	1.5288493662e-18	1.6435594250e-15	2.3692048702e-14	2.2975685111e-17	4.6603879408e-18	6.4652508485e-18	1.9621767857e-17	2.9128047105e-14	6.2157352700e-16	8.7325955272e-19	2.7720223820e-18	4.3290989179e-16	2.5856933667e-14
1.0919293910e+05	2.1389054098e-14	1.7053131040e-15	7.8940243486e-18	1.5269781075e-18	1.6379536833e-15	2.3719440705e-14	2.3269453507e-17	4.7223685564e-18	6.4813860961e-18	1.9891069171e-17	2.9130153828e-14	6.1539716858e-16	8.7560052116e-19	2.8192629996e-18	4.2979292594e-16	2.5851909356e-14
1.0921797015e+05	2.1316355551e-14	1.6980951523e-15	7.9028748647e-18	1.5236396259e-18	1.6314415331e-15	2.3736492988e-14	2.3612266499e-17	4.7933361464e-18	6.4975228995e-18	2.0206490802e-17	2.9121623211e-14	6.0735994960e-16	8.7776271663e-19	2.8742415618e-18	4.2557715595e-16	2.5846818001e-14
1.0923886147e+05	2.1269821031e-14	1.6923235412e-15	7.9068542094e-18	1.5197960787e-18	1.6262423886e-15	2.3763187458e-14	2.3887467342e-17	4.8481810007e-18	6.5081166665e-18	2.0460668718e-17	2.9124840329e-14	6.0021748767e-16	8.7890338638e-19	2.9176471073e-18	4.2170899480e-16	2.5843202813e-14
1.0926418236e+05	2.1199411831e-14	1.6856330810e-15	7.9078320740e-18	1.5136260326e-18	1.6202260013e-15	2.3779402335e-14	2.4209225799e-17	4.9081026505e-18	6.5176956002e-18	2.0758930968e-17	2.9117582567e-14	5.9108706875e-16	8.7933862743e-19	2.9664610359e-18	4.1663177207e-16	2.5839546381e-14
1.0928531559e+05	2.1079910915e-14	1.6803014983e-15	7.9056250071e-18	1.5073826265e-18	1.6154408286e-15	2.3730425071e-14	2.4467480136e-17	4.9528660530e-18	6.5231136396e-18	2.0999267128e-17	2.9065407472e-14	5.8312586878e-16	8.7900096034e-19	3.0041290617e-18	4.1210645592e-16	2.5837196453e-14
1.0931092969e+05	2.0936531848e-14	1.6741471914e-15	7.8993942959e-18	1.4989971385e-18	1.6099294019e-15	2.3671586125e-14	2.4765296812e-17	5.0017749820e-18	6.5266369005e-18	2.1277764804e-17	2.9004013824e-14	5.7312209206e-16	8.7803045009e-19	3.0466301129e-18	4.0631257464e-16	2.5834775310e-14
1.0933230763e+05	2.0894925032e-14	1.6692696228e-15	7.8912312045e-18	1.4915233372e-18	1.6055723697e-15	2.3697513549e-14	2.4999582928e-17	5.0382795885e-18	6.5270336441e-18	2.1498118437e-17	2.9008137546e-14	5.6450665172e-16	8.7687027028e-19	3.0795280299e-18	4.0123912364e-16	2.5833086287e-14
1.0935821833e+05	2.0830324124e-14	1.6636659107e-15	7.8775733116e-18	1.4816877626e-18	1.6005806603e-15	2.3713075923e-14	2.5266613318e-17	5.0763335102e-18	6.5242783853e-18	2.1750819123e-17	2.9001696907e-14	5.5377821384e-16	8.7491763242e-19	3.1156536594e-18	3.9482651551e-16	2.5831892995e-14
1.0937984381e+05	2.0790586170e-14	1.6592429577e-15	7.8629629544e-18	1.4726596106e-18	1.5966530664e-15	2.3738350778e-14	2.5476171251e-17	5.1025067759e-18	6.5192121719e-18	2.1950401545e-17	2.9005279211e-14	5.4463465191e-16	8.7272712935e-19	3.1423829834e-18	3.8928931529e-16	2.5831323800e-14
1.0940605454e+05	2.0728641121e-14	1.6541849306e-15	7.8415891289e-18	1.4610435520e-18	1.5921772090e-15	2.3753437260e-14	2.5713562950e-17	5.1282123136e-18	6.5098962326e-18	2.2178128632e-17	2.8997980641e-14	5.3338902393e-16	8.6957635796e-19	3.1710509209e-18	3.8240067776e-16	2.5830713165e-14
1.0942793043e+05	2.0616017616e-14	1.6502128505e-15	7.8211172249e-18	1.4511752822e-18	1.5886761539e-15	2.3704701792e-14	2.5896197512e-17	5.1455699568e-18	6.4998176482e-18	2.2354911977e-17	2.8945801260e-14	5.2390611603e-16	8.6676227629e-19	3.1924066289e-18	3.7653141806e-16	2.5830464936e-14
1.0945444467e+05	2.0557278225e-14	1.6457032491e-15	7.7931054889e-18	1.4391364346e-18	1.5847196235e-15	2.3719542601e-14	2.6097807615e-17	5.1613339821e-18	6.4847958080e-18	2.2552197529e-17	2.8937046885e-14	5.1232355650e-16	8.6320674442e-19	3.2149476817e-18	3.6929330216e-16	2.5830492593e-14
1.0947657387e+05	2.0522472936e-14	1.6421882304e-15	7.7666846362e-18	1.4287970586e-18	1.5816517525e-15	2.3744158659e-14	2.6249642706e-17	5.1693157739e-18	6.4696004284e-18	2.2702686523e-17	2.8938634302e-14	5.0261888335e-16	8.5998270430e-19	3.2304594959e-18	3.6317519859e-16	2.5830642814e-14
1.0950339513e+05	2.0466509911e-14	1.6382233096e-15	7.7309586085e-18	1.4157331648e-18	1.5782117637e-15	2.3758693733e-14	2.6414069559e-17	5.1728604929e-18	6.4479388396e-18	2.2868132683e-17	2.8928350007e-14	4.9087663846e-16	8.5565465994e-19	3.2453063897e-18	3.5571478486e-16	2.5831136769e-14
1.0952578057e+05	2.0434038327e-14	1.6351579204e-15	7.6984221041e-18	1.4046299031e-18	1.5755705917e-15	2.3783069753e-14	2.6535390243e-17	5.1714688459e-18	6.4274552624e-18	2.2992418619e-17	2.8928436558e-14	4.8113099665e-16	8.5183769874e-19	3.2548478755e-18	3.4947888439e-16	2.5831581598e-14
1.0955291241e+05	2.0306284239e-14	1.6317289222e-15	7.6559592762e-18	1.3912740736e-18	1.5726395025e-15	2.3724453037e-14	2.6662726517e-17	5.1650824429e-18	6.3999304269e-18	2.3125920447e-17	2.8858955549e-14	4.6941802428e-16	8.4717223745e-19	3.2632858066e-18	3.4193467656e-16	2.5831879277e-14
1.0957555707e+05	2.0276626867e-14	1.6291048232e-15	7.6179855514e-18	1.3801492184e-18	1.5704176429e-15	2.3748700273e-14	2.6751306251e-17	5.1559424535e-18	6.3746949654e-18	2.3221919788e-17	2.8857913396e-14	4.5975947209e-16	8.4320886562e-19	3.2677667205e-18	3.3567619382e-16	2.5832227352e-14
1.0960300307e+05	2.0226956665e-14	1.6262035109e-15	7.5686299937e-18	1.3667823520e-18	1.5679882822e-15	2.3762929217e-14	2.6837110602e-17	5.1399533941e-18	6.3411419390e-18	2.3319435737e-17	2.8843787991e-14	4.4823816685e-16	8.3837742077e-19	3.2698774290e-18	3.2816997517e-16	2.5832777503e-14
1.0962590994e+05	2.0199792918e-14	1.6240128422e-15	7.5249436889e-18	1.3555753040e-18	1.5661787833e-15	2.3787042346e-14	2.6891547341e-17	5.1227287121e-18	6.3108959765e-18	2.3385770451e-17	2.8841285145e-14	4.3881937309e-16	8.3423218212e-19	3.2689838232e-18	3.2200403711e-16	2.5833021278e-14
1.0965367375e+05	2.0153306951e-14	1.6216304992e-15	7.4690324760e-18	1.3418372250e-18	1.5642434866e-15	2.3801063484e-14	2.6938192522e-17	5.0971413228e-18	6.2715632870e-18	2.3449169308e-17	2.8825419922e-14	4.2767375954e-16	8.2901441362e-19	3.2646488076e-18	3.1467583167e-16	2.5833164654e-14
1.0967684588e+05	2.0054233615e-14	1.6198608792e-15	7.4198633864e-18	1.3302845168e-18	1.5628350077e-15	2.3752658541e-14	2.6960905019e-17	5.0723220482e-18	6.2364719838e-18	2.3487788039e-17	2.8762232509e-14	4.1862098379e-16	8.2452444941e-19	3.2585951562e-18	3.0870021313e-16	2.5833179632e-14
1.0970493118e+05	2.0011054506e-14	1.6179774275e-15	7.3575838517e-18	1.3163506928e-18	1.5613751154e-15	2.3766821162e-14	2.6967891791e-17	5.0393020431e-18	6.1914853958e-18	2.3516453921e-17	2.8745120992e-14	4.0799735640e-16	8.1902705046e-19	3.2490936844e-18	3.0166460463e-16	2.5832863300e-14
1.0972837162e+05	1.9989275231e-14	1.6166171802e-15	7.3033680037e-18	1.3049927868e-18	1.5603569630e-15	2.3790865668e-14	2.6956993589e-17	5.0092234290e-18	6.1518898968e-18	2.3525564405e-17	2.8740761100e-14	3.9944921185e-16	8.1452768521e-19	3.2393014751e-18	2.9598788682e-16	2.5832502311e-14
1.0975678214e+05	1.9949406177e-14	1.6152178824e-15	7.2350252328e-18	1.2910635857e-18	1.5593589247e-15	2.3804915230e-14	2.6924052287e-17	4.9692251303e-18	6.1014768802e-18	2.3519082150e-17	2.8722736197e-14	3.8951247272e-16	8.0887699199e-19	3.2248427846e-18	2.8937519389e-16	2.5831875262e-14
1.0978049400e+05	1.9930139485e-14	1.6142528600e-15	7.1756360130e-18	1.2792201255e-18	1.5587179875e-15	2.3828730674e-14	2.6881308461e-17	4.9328048252e-18	6.0572469754e-18	2.3500077941e-17	2.8717726035e-14	3.8159006537e-16	8.0394478311e-19	3.2105459316e-18	2.8409469002e-16	2.5830933252e-14
1.0980923350e+05	1.9819899763e-14	1.6133176134e-15	7.1012382237e-18	1.2646274551e-18	1.5581630325e-15	2.3771283250e-14	2.6811652022e-17	4.8865427573e-18	6.0013866461e-18	2.3461084217e-17	2.8639141270e-14	3.7247388988e-16	7.9772075565e-19	3.1915155722e-18	2.7801395422e-16	2.5829387984e-14
1.0983321994e+05	1.9803524861e-14	1.6127305611e-15	7.0371284699e-18	1.2525700542e-18	1.5578831630e-15	2.3795298544e-14	2.6739355970e-17	4.8465877909e-18	5.9528820915e-18	2.3415836450e-17	2.8634149867e-14	3.6529253626e-16	7.9252324314e-19	3.1744829559e-18	2.7322408561e-16	2.5828080557e-14
1.0986229222e+05	1.9770419706e-14	1.6122404322e-15	6.9572191346e-18	1.2377938964e-18	1.5577536047e-15	2.3809524834e-14	2.6634265026e-17	4.7964820571e-18	5.8920080361e-18	2.3345297250e-17	2.8615936633e-14	3.5714002789e-16	7.8602551061e-19	3.1524061938e-18	2.6779297808e-16	2.5825907774e-14
1.0988655641e+05	1.9756655627e-14	1.6120106375e-15	6.8885743529e-18	1.2253850877e-18	1.5578152760e-15	2.3833426976e-14	2.6532912446e-17	4.7529642905e-18	5.8393657304e-18	2.3274116047e-17	2.8610914776e-14	3.5081099565e-16	7.8047465374e-19	3.1325838841e-18	2.6358645160e-16	2.5823824723e-14
1.0991596533e+05	1.9726738606e-14	1.6119422814e-15	6.8031742233e-18	1.2101841756e-18	1.5580891204e-15	2.3847775625e-14	2.6394608127e-17	4.6989539535e-18	5.7734721362e-18	2.3173834002e-17	2.8592845062e-14	3.4374238257e-16	7.7354874931e-19	3.1073816713e-18	2.5890701650e-16	2.5820967250e-14
1.0994051049e+05	1.9643544573e-14	1.6120526169e-15	6.7302205471e-18	1.1972486319e-18	1.5584762294e-15	2.3801408169e-14	2.6266929670e-17	4.6534542722e-18	5.7168651223e-18	2.3079000230e-17	2.8529780296e-14	3.3836525533e-16	7.6752983667e-19	3.0857831171e-18	2.5536891386e-16	2.5817440959e-14
1.0997025995e+05	1.9617319158e-14	1.6123835552e-15	6.6397595503e-18	1.1816297411e-18	1.5591322725e-15	2.3815943551e-14	2.6098830576e-17	4.5978313893e-18	5.6462950516e-18	2.2951848240e-17	2.8512719424e-14	3.3249692741e-16	7.6017697085e-19	3.0589454704e-18	2.5154153983e-16	2.5813320983e-14
1.0999508932e+05	1.9609008000e-14	1.6128153441e-15	6.5630953117e-18	1.1685575672e-18	1.5598271815e-15	2.3839886452e-14	2.5947632018e-17	4.5515318931e-18	5.5862153259e-18	2.2835727583e-17	2.8508589544e-14	3.2816099097e-16	7.5393769629e-19	3.0363448799e-18	2.4875014348e-16	2.5809865125e-14
1.1002518327e+05	1.9586007287e-14	1.6135188900e-15	6.4684137360e-18	1.1529152115e-18	1.5608401028e-15	2.3854613893e-14	2.5752145127e-17	4.4951818785e-18	5.5116652345e-18	2.2683710263e-17	2.8492235737e-14	3.2359879071e-16	7.4641116913e-19	3.0084560255e-18	2.4586834007e-16	2.5804724908e-14
1.1005030015e+05	1.9580500371e-14	1.6142499521e-15	6.3880987484e-18	1.1395767083e-18	1.5618217462e-15	2.3878617390e-14	2.5579022198e-17	4.4484068748e-18	5.4481501134e-18	2.2547619629e-17	2.8488625916e-14	3.2038583782e-16	7.3986804235e-19	2.9850700339e-18	2.4389706321e-16	2.5800243516e-14
1.1008074257e+05	1.9490706904e-14	1.6152970703e-15	6.2891559661e-18	1.1234732037e-18	1.5631639020e-15	2.3824993923e-14	2.5359091460e-17	4.3924272871e-18	5.3695699361e-18	2.2373231492e-17	2.8415882230e-14	3.1722150204e-16	7.3188444345e-19	2.9568702423e-18	2.4204453240e-16	2.5790870900e-14
1.1010615030e+05	1.9487859670e-14	1.6163050591e-15	6.2057658435e-18	1.1102095333e-18	1.5644110114e-15	2.3849008712e-14	2.5167951458e-17	4.3469035210e-18	5.3030981791e-18	2.2220540496e-17	2.8412900483e-14	3.1520055167e-16	7.2525897637e-19	2.9338684017e-18	2.4095772078e-16	2.5785283049e-14
1.1013694522e+05	1.9471816804e-14	1.6176787880e-15	6.1039791755e-18	1.0942670930e-18	1.5660663939e-15	2.3864166649e-14	2.4927080778e-17	4.2930263190e-18	5.2216857495e-18	2.2026790948e-17	2.8397834455e-14	3.1351467872e-16	7.1722413092e-19	2.9065461649e-18	2.4021036581e-16	2.5776944363e-14
1.1016264715e+05	1.9471802535e-14	1.6189444181e-15	6.0181293179e-18	1.0812373692e-18	1.5675606259e-15	2.3888164129e-14	2.4719030280e-17	4.2487319932e-18	5.1527748979e-18	2.1858415484e-17	2.8395012066e-14	3.1274835154e-16	7.1062402943e-19	2.8839370146e-18	2.4006796781e-16	2.5770482259e-14
1.1019379866e+05	1.9459223070e-14	1.6206104063e-15	5.9136087719e-18	1.0653724330e-18	1.5694963512e-15	2.3903272094e-14	2.4459293416e-17	4.1967680779e-18	5.0686167872e-18	2.1647068331e-17	2.8379991493e-14	3.1260705185e-16	7.0248748515e-19	2.8573959143e-18	2.4049111679e-16	2.5760647780e-14
1.1021979821e+05	1.9393109352e-14	1.6221040828e-15	5.8259188099e-18	1.0523624951e-18	1.5712093391e-15	2.3860749060e-14	2.4237434460e-17	4.1548666828e-18	4.9977918401e-18	2.1465699677e-17	2.8319796917e-14	3.1314632697e-16	6.9577561353e-19	2.8359959064e-18	2.4134451179e-16	2.5744372480e-14
1.1025131044e+05	1.9383978069e-14	1.6240386519e-15	5.7195261819e-18	1.0366814384e-18	1.5734028054e-15	2.3876285145e-14	2.3962368041e-17	4.1062503508e-18	4.9116216349e-18	2.1239829520e-17	2.8304509618e-14	3.1460218481e-16	6.8761120049e-19	2.8112501048e-18	2.4299341391e-16	2.5731776137e-14
1.1027761105e+05	1.9389502565e-14	1.6257480701e-15	5.6304576045e-18	1.0241079287e-18	1.5753228897e-15	2.3900358918e-14	2.3728371814e-17	4.0670726649e-18	4.8392759776e-18	2.1046907871e-17	2.8301494398e-14	3.1648367503e-16	6.8106716660e-19	2.7913211811e-18	2.4488310946e-16	2.5722483063e-14
1.1030948817e+05	1.9383796706e-14	1.6279242348e-15	5.5227492667e-18	1.0093551950e-18	1.5777482504e-15	2.3915814887e-14	2.3440086195e-17	4.0214291692e-18	4.7515700325e-18	2.0808342787e-17	2.8285570564e-14	3.1957404584e-16	6.7337666776e-19	2.7681584563e-18	2.4780138794e-16	2.5707882450e-14
1.1033609332e+05	1.9391905252e-14	1.6298220044e-15	5.4334757270e-18	9.9717556857e-19	1.5798491230e-15	2.3939913584e-14	2.3195822113e-17	3.9851100037e-18	4.6787133703e-18	2.0605494520e-17	2.8281775588e-14	3.2282949974e-16	6.6697970424e-19	2.7498301342e-18	2.5076417608e-16	2.5697431012e-14
1.1036833957e+05	1.9321515217e-14	1.6322088295e-15	5.3255432253e-18	9.8302869607e-19	1.5824766565e-15	2.3889554415e-14	2.2896118741e-17	3.9428617687e-18	4.5904136184e-18	2.0355800438e-17	2.8205850113e-14	3.2758341345e-16	6.5955892952e-19	2.7285842682e-18	2.5498897750e-16	2.5664547758e-14
1.1039525279e+05	1.9332627932e-14	1.6342723845e-15	5.2361895004e-18	9.7137791903e-19	1.5847366444e-15	2.3913805413e-14	2.2643075337e-17	3.9095143724e-18	4.5171581008e-18	2.0144323582e-17	2.8201086680e-14	3.3222012984e-16	6.5340639603e-19	2.7119726798e-18	2.5904258322e-16	2.5652291862e-14
1.1042787243e+05	1.9333614835e-14	1.6368503355e-15	5.1285120465e-18	9.5812472272e-19	1.5875476376e-15	2.3929380599e-14	2.2333995252e-17	3.8707634177e-18	4.4286839410e-18	1.9885290166e-17	2.8182372493e-14	3.3864254941e-16	6.4645863753e-19	2.6927592701e-18	2.6459212464e-16	2.5633135587e-14
1.1045509730e+05	1.9347239482e-14	1.6390612070e-15	5.0396974437e-18	9.4772178388e-19	1.5899490074e-15	2.3953588947e-14	2.2074083734e-17	3.8399471772e-18	4.3555700745e-18	1.9666867963e-17	2.8175898388e-14	3.4466824234e-16	6.4104502608e-19	2.6775950562e-18	2.6975431493e-16	2.5619760185e-14
1.1048809465e+05	1.9351432630e-14	1.6418018687e-15	4.9338979297e-18	9.3557210164e-19	1.5929160988e-15	2.3969124753e-14	2.1756706160e-17	3.8045628291e-18	4.2683334123e-18	1.9399438769e-17	2.8155077765e-14	3.5276431481e-16	6.3472574096e-19	2.6603663933e-18	2.7664658849e-16	2.5598788390e-14
1.1051563477e+05	1.9300035786e-14	1.6441320221e-15	4.8467651252e-18	9.2597294817e-19	1.5954318045e-15	2.3926637627e-14	2.1490436945e-17	3.7762314501e-18	4.1963592212e-18	1.9174514312e-17	2.8089109067e-14	3.6016624623e-16	6.2976391461e-19	2.6466500460e-18	2.8291879428e-16	2.5563496954e-14
1.1054901421e+05	1.9375162433e-14	1.6470101814e-15	4.7430881415e-18	9.1467194404e-19	1.5985306964e-15	2.4008462687e-14	2.1166094589e-17	3.7438554064e-18	4.1105871724e-18	1.8899865059e-17	2.8123339989e-14	3.6990452742e-16	6.2391315097e-19	2.6311957109e-18	2.9114260352e-16	2.5561860448e-14
1.1061063919e+05	1.9404490093e-14	1.6524346160e-15	4.5573448304e-18	8.9686166228e-19	1.6043522315e-15	2.4047452208e-14	2.0564637533e-17	3.6881817598e-18	3.9565697772e-18	1.8388764856e-17	2.8086534605e-14	3.9001670936e-16	6.1502793828e-19	2.6049912082e-18	3.0806734079e-16	2.5522253139e-14
1.1067297775e+05	1.9372625632e-14	1.6580301631e-15	4.3795239543e-18	8.8038628469e-19	1.6103372181e-15	2.4020425698e-14	1.9953465664e-17	3.6373161889e-18	3.8087989420e-18	1.7867141478e-17	2.7987988376e-14	4.1301962363e-16	6.0689671523e-19	2.5816547985e-18	3.2737918532e-16	2.5458994548e-14
