E, cm-1	Sigma_00, cm2	Sigma_01, cm2	Sigma_02, cm2	Sigma_10, cm2	Sigma_11, cm2	Sigma_12, cm2	Sigma_20, cm2	Sigma_21, cm2	Sigma_22, cm2	
9.3083123700e+04	1.6271375162e-14	0.0000000000e+00	0.0000000000e+00	0.0000000000e+00	0.0000000000e+00	0.0000000000e+00	0.0000000000e+00	0.0000000000e+00	0.0000000000e+00
9.3083129069e+04	1.5820738285e-14	0.0000000000e+00	0.0000000000e+00	0.0000000000e+00	0.0000000000e+00	0.0000000000e+00	0.0000000000e+00	0.0000000000e+00	0.0000000000e+00
9.3083134501e+04	7.1116159786e-14	0.0000000000e+00	0.0000000000e+00	0.0000000000e+00	0.0000000000e+00	0.0000000000e+00	0.0000000000e+00	0.0000000000e+00	0.0000000000e+00
9.3083139995e+04	6.9837022147e-14	0.0000000000e+00	0.0000000000e+00	0.0000000000e+00	0.0000000000e+00	0.0000000000e+00	0.0000000000e+00	0.0000000000e+00	0.0000000000e+00
9.3083145554e+04	6.8572404925e-14	0.0000000000e+00	0.0000000000e+00	0.0000000000e+00	0.0000000000e+00	0.0000000000e+00	0.0000000000e+00	0.0000000000e+00	0.0000000000e+00
9.3083151176e+04	6.7322234589e-14	0.0000000000e+00	0.0000000000e+00	0.0000000000e+00	0.0000000000e+00	0.0000000000e+00	0.0000000000e+00	0.0000000000e+00	0.0000000000e+00
9.3083156864e+04	6.6086439062e-14	0.0000000000e+00	0.0000000000e+00	0.0000000000e+00	0.0000000000e+00	0.0000000000e+00	0.0000000000e+00	0.0000000000e+00	0.0000000000e+00
9.3083162617e+04	6.4864948081e-14	0.0000000000e+00	0.0000000000e+00	0.0000000000e+00	0.0000000000e+00	0.0000000000e+00	0.0000000000e+00	0.0000000000e+00	0.0000000000e+00
9.3083168437e+04	6.3657693506e-14	0.0000000000e+00	0.0000000000e+00	0.0000000000e+00	0.0000000000e+00	0.0000000000e+00	0.0000000000e+00	0.0000000000e+00	0.0000000000e+00
9.3083174324e+04	6.2464609597e-14	0.0000000000e+00	0.0000000000e+00	0.0000000000e+00	0.0000000000e+00	0.0000000000e+00	0.0000000000e+00	0.0000000000e+00	0.0000000000e+00
9.3083180280e+04	6.1285633254e-14	0.0000000000e+00	0.0000000000e+00	0.0000000000e+00	0.0000000000e+00	0.0000000000e+00	0.0000000000e+00	0.0000000000e+00	0.0000000000e+00
9.3083186305e+04	6.0120704217e-14	0.0000000000e+00	0.0000000000e+00	0.0000000000e+00	0.0000000000e+00	0.0000000000e+00	0.0000000000e+00	0.0000000000e+00	0.0000000000e+00
9.3083192399e+04	5.8969765242e-14	0.0000000000e+00	0.0000000000e+00	0.0000000000e+00	0.0000000000e+00	0.0000000000e+00	0.0000000000e+00	0.0000000000e+00	0.0000000000e+00
9.3083198564e+04	5.7832762247e-14	0.0000000000e+00	0.0000000000e+00	0.0000000000e+00	0.0000000000e+00	0.0000000000e+00	0.0000000000e+00	0.0000000000e+00	0.0000000000e+00
9.3083204800e+04	5.6709644427e-14	0.0000000000e+00	0.0000000000e+00	0.0000000000e+00	0.0000000000e+00	0.0000000000e+00	0.0000000000e+00	0.0000000000e+00	0.0000000000e+00
9.3083211108e+04	5.5600364351e-14	0.0000000000e+00	0.0000000000e+00	0.0000000000e+00	0.0000000000e+00	0.0000000000e+00	0.0000000000e+00	0.0000000000e+00	0.0000000000e+00
9.3083217490e+04	5.4504878031e-14	0.0000000000e+00	0.0000000000e+00	0.0000000000e+00	0.0000000000e+00	0.0000000000e+00	0.0000000000e+00	0.0000000000e+00	0.0000000000e+00
9.3083223945e+04	5.3423144969e-14	0.0000000000e+00	0.0000000000e+00	0.0000000000e+00	0.0000000000e+00	0.0000000000e+00	0.0000000000e+00	0.0000000000e+00	0.0000000000e+00
9.3083230476e+04	5.2355128193e-14	0.0000000000e+00	0.0000000000e+00	0.0000000000e+00	0.0000000000e+00	0.0000000000e+00	0.0000000000e+00	0.0000000000e+00	0.0000000000e+00
9.3083237081e+04	5.1300794258e-14	0.0000000000e+00	0.0000000000e+00	0.0000000000e+00	0.0000000000e+00	0.0000000000e+00	0.0000000000e+00	0.0000000000e+00	0.0000000000e+00
9.3083243764e+04	5.0260113248e-14	0.0000000000e+00	0.0000000000e+00	0.0000000000e+00	0.0000000000e+00	0.0000000000e+00	0.0000000000e+00	0.0000000000e+00	0.0000000000e+00
9.3083250523e+04	4.9233058753e-14	0.0000000000e+00	0.0000000000e+00	0.0000000000e+00	0.0000000000e+00	0.0000000000e+00	0.0000000000e+00	0.0000000000e+00	0.0000000000e+00
9.3083257361e+04	4.8219607820e-14	0.0000000000e+00	0.0000000000e+00	0.0000000000e+00	0.0000000000e+00	0.0000000000e+00	0.0000000000e+00	0.0000000000e+00	0.0000000000e+00
9.3083264278e+04	4.7219740917e-14	0.0000000000e+00	0.0000000000e+00	0.0000000000e+00	0.0000000000e+00	0.0000000000e+00	0.0000000000e+00	0.0000000000e+00	0.0000000000e+00
9.3083271276e+04	4.6233441857e-14	0.0000000000e+00	0.0000000000e+00	0.0000000000e+00	0.0000000000e+00	0.0000000000e+00	0.0000000000e+00	0.0000000000e+00	0.0000000000e+00
9.3083278354e+04	4.5260697721e-14	0.0000000000e+00	0.0000000000e+00	0.0000000000e+00	0.0000000000e+00	0.0000000000e+00	0.0000000000e+00	0.0000000000e+00	0.0000000000e+00
9.3083285514e+04	4.4301498770e-14	0.0000000000e+00	0.0000000000e+00	0.0000000000e+00	0.0000000000e+00	0.0000000000e+00	0.0000000000e+00	0.0000000000e+00	0.0000000000e+00
9.3083292757e+04	4.3355838346e-14	0.0000000000e+00	0.0000000000e+00	0.0000000000e+00	0.0000000000e+00	0.0000000000e+00	0.0000000000e+00	0.0000000000e+00	0.0000000000e+00
9.3083300084e+04	4.2423712753e-14	0.0000000000e+00	0.0000000000e+00	0.0000000000e+00	0.0000000000e+00	0.0000000000e+00	0.0000000000e+00	0.0000000000e+00	0.0000000000e+00
9.3083307496e+04	4.1505121141e-14	0.0000000000e+00	0.0000000000e+00	0.0000000000e+00	0.0000000000e+00	0.0000000000e+00	0.0000000000e+00	0.0000000000e+00	0.0000000000e+00
9.3083314994e+04	4.0600065373e-14	0.0000000000e+00	0.0000000000e+00	0.0000000000e+00	0.0000000000e+00	0.0000000000e+00	0.0000000000e+00	0.0000000000e+00	0.0000000000e+00
9.3083322578e+04	3.9708549884e-14	0.0000000000e+00	0.0000000000e+00	0.0000000000e+00	0.0000000000e+00	0.0000000000e+00	0.0000000000e+00	0.0000000000e+00	0.0000000000e+00
9.3083330250e+04	3.8830581529e-14	0.0000000000e+00	0.0000000000e+00	0.0000000000e+00	0.0000000000e+00	0.0000000000e+00	0.0000000000e+00	0.0000000000e+00	0.0000000000e+00
9.3083338012e+04	3.7966169433e-14	0.0000000000e+00	0.0000000000e+00	0.0000000000e+00	0.0000000000e+00	0.0000000000e+00	0.0000000000e+00	0.0000000000e+00	0.0000000000e+00
9.3083345863e+04	3.7115324814e-14	0.0000000000e+00	0.0000000000e+00	0.0000000000e+00	0.0000000000e+00	0.0000000000e+00	0.0000000000e+00	0.0000000000e+00	0.0000000000e+00
9.3083353804e+04	3.6278060821e-14	0.0000000000e+00	0.0000000000e+00	0.0000000000e+00	0.0000000000e+00	0.0000000000e+00	0.0000000000e+00	0.0000000000e+00	0.0000000000e+00
9.3083361838e+04	3.5454392349e-14	0.0000000000e+00	0.0000000000e+00	0.0000000000e+00	0.0000000000e+00	0.0000000000e+00	0.0000000000e+00	0.0000000000e+00	0.0000000000e+00
9.3083369965e+04	3.4644335850e-14	0.0000000000e+00	0.0000000000e+00	0.0000000000e+00	0.0000000000e+00	0.0000000000e+00	0.0000000000e+00	0.0000000000e+00	0.0000000000e+00
9.3083378186e+04	3.3847909143e-14	0.0000000000e+00	0.0000000000e+00	0.0000000000e+00	0.0000000000e+00	0.0000000000e+00	0.0000000000e+00	0.0000000000e+00	0.0000000000e+00
9.3083386502e+04	3.3065131214e-14	0.0000000000e+00	0.0000000000e+00	0.0000000000e+00	0.0000000000e+00	0.0000000000e+00	0.0000000000e+00	0.0000000000e+00	0.0000000000e+00
9.3083394915e+04	3.2296022007e-14	0.0000000000e+00	0.0000000000e+00	0.0000000000e+00	0.0000000000e+00	0.0000000000e+00	0.0000000000e+00	0.0000000000e+00	0.0000000000e+00
9.3083403425e+04	3.1540602218e-14	0.0000000000e+00	0.0000000000e+00	0.0000000000e+00	0.0000000000e+00	0.0000000000e+00	0.0000000000e+00	0.0000000000e+00	0.0000000000e+00
9.3083412033e+04	3.0798893075e-14	0.0000000000e+00	0.0000000000e+00	0.0000000000e+00	0.0000000000e+00	0.0000000000e+00	0.0000000000e+00	0.0000000000e+00	0.0000000000e+00
9.3083420741e+04	3.0070916114e-14	0.0000000000e+00	0.0000000000e+00	0.0000000000e+00	0.0000000000e+00	0.0000000000e+00	0.0000000000e+00	0.0000000000e+00	0.0000000000e+00
9.3083429550e+04	2.9356692960e-14	0.0000000000e+00	0.0000000000e+00	0.0000000000e+00	0.0000000000e+00	0.0000000000e+00	0.0000000000e+00	0.0000000000e+00	0.0000000000e+00
9.3083438461e+04	7.4494100159e-14	0.0000000000e+00	0.0000000000e+00	0.0000000000e+00	0.0000000000e+00	0.0000000000e+00	0.0000000000e+00	0.0000000000e+00	0.0000000000e+00
9.3083447476e+04	7.3275461212e-14	0.0000000000e+00	0.0000000000e+00	0.0000000000e+00	0.0000000000e+00	0.0000000000e+00	0.0000000000e+00	0.0000000000e+00	0.0000000000e+00
9.3083456594e+04	7.2062974508e-14	0.0000000000e+00	0.0000000000e+00	0.0000000000e+00	0.0000000000e+00	0.0000000000e+00	0.0000000000e+00	0.0000000000e+00	0.0000000000e+00
9.3083465818e+04	7.0857320709e-14	0.0000000000e+00	0.0000000000e+00	0.0000000000e+00	0.0000000000e+00	0.0000000000e+00	0.0000000000e+00	0.0000000000e+00	0.0000000000e+00
9.3083475149e+04	6.9659117542e-14	0.0000000000e+00	0.0000000000e+00	0.0000000000e+00	0.0000000000e+00	0.0000000000e+00	0.0000000000e+00	0.0000000000e+00	0.0000000000e+00
9.3083484588e+04	6.8468924929e-14	0.0000000000e+00	0.0000000000e+00	0.0000000000e+00	0.0000000000e+00	0.0000000000e+00	0.0000000000e+00	0.0000000000e+00	0.0000000000e+00
9.3083494136e+04	6.7287249866e-14	0.0000000000e+00	0.0000000000e+00	0.0000000000e+00	0.0000000000e+00	0.0000000000e+00	0.0000000000e+00	0.0000000000e+00	0.0000000000e+00
9.3083503795e+04	6.6114551024e-14	0.0000000000e+00	0.0000000000e+00	0.0000000000e+00	0.0000000000e+00	0.0000000000e+00	0.0000000000e+00	0.0000000000e+00	0.0000000000e+00
9.3083513566e+04	6.4951243088e-14	0.0000000000e+00	0.0000000000e+00	0.0000000000e+00	0.0000000000e+00	0.0000000000e+00	0.0000000000e+00	0.0000000000e+00	0.0000000000e+00
9.3083523450e+04	6.3797700807e-14	0.0000000000e+00	0.0000000000e+00	0.0000000000e+00	0.0000000000e+00	0.0000000000e+00	0.0000000000e+00	0.0000000000e+00	0.0000000000e+00
9.3083533448e+04	6.2654262776e-14	0.0000000000e+00	0.0000000000e+00	0.0000000000e+00	0.0000000000e+00	0.0000000000e+00	0.0000000000e+00	0.0000000000e+00	0.0000000000e+00
9.3083543562e+04	6.1521234956e-14	0.0000000000e+00	0.0000000000e+00	0.0000000000e+00	0.0000000000e+00	0.0000000000e+00	0.0000000000e+00	0.0000000000e+00	0.0000000000e+00
9.3083553793e+04	6.0398893926e-14	0.0000000000e+00	0.0000000000e+00	0.0000000000e+00	0.0000000000e+00	0.0000000000e+00	0.0000000000e+00	0.0000000000e+00	0.0000000000e+00
9.3083564143e+04	5.9287489889e-14	0.0000000000e+00	0.0000000000e+00	0.0000000000e+00	0.0000000000e+00	0.0000000000e+00	0.0000000000e+00	0.0000000000e+00	0.0000000000e+00
9.3083574612e+04	5.8187249439e-14	0.0000000000e+00	0.0000000000e+00	0.0000000000e+00	0.0000000000e+00	0.0000000000e+00	0.0000000000e+00	0.0000000000e+00	0.0000000000e+00
9.3083585203e+04	5.7098378102e-14	0.0000000000e+00	0.0000000000e+00	0.0000000000e+00	0.0000000000e+00	0.0000000000e+00	0.0000000000e+00	0.0000000000e+00	0.0000000000e+00
9.3083595916e+04	5.6021062658e-14	0.0000000000e+00	0.0000000000e+00	0.0000000000e+00	0.0000000000e+00	0.0000000000e+00	0.0000000000e+00	0.0000000000e+00	0.0000000000e+00
9.3083606754e+04	5.4955473268e-14	0.0000000000e+00	0.0000000000e+00	0.0000000000e+00	0.0000000000e+00	0.0000000000e+00	0.0000000000e+00	0.0000000000e+00	0.0000000000e+00
9.3083617717e+04	5.3901765400e-14	0.0000000000e+00	0.0000000000e+00	0.0000000000e+00	0.0000000000e+00	0.0000000000e+00	0.0000000000e+00	0.0000000000e+00	0.0000000000e+00
9.3083628807e+04	5.2860081589e-14	0.0000000000e+00	0.0000000000e+00	0.0000000000e+00	0.0000000000e+00	0.0000000000e+00	0.0000000000e+00	0.0000000000e+00	0.0000000000e+00
9.3083640025e+04	5.1830553015e-14	0.0000000000e+00	0.0000000000e+00	0.0000000000e+00	0.0000000000e+00	0.0000000000e+00	0.0000000000e+00	0.0000000000e+00	0.0000000000e+00
9.3083651373e+04	5.0813300946e-14	0.0000000000e+00	0.0000000000e+00	0.0000000000e+00	0.0000000000e+00	0.0000000000e+00	0.0000000000e+00	0.0000000000e+00	0.0000000000e+00
9.3083662853e+04	4.9808438013e-14	0.0000000000e+00	0.0000000000e+00	0.0000000000e+00	0.0000000000e+00	0.0000000000e+00	0.0000000000e+00	0.0000000000e+00	0.0000000000e+00
9.3083674465e+04	4.8816069369e-14	0.0000000000e+00	0.0000000000e+00	0.0000000000e+00	0.0000000000e+00	0.0000000000e+00	0.0000000000e+00	0.0000000000e+00	0.0000000000e+00
9.3083686212e+04	4.7836293711e-14	0.0000000000e+00	0.0000000000e+00	0.0000000000e+00	0.0000000000e+00	0.0000000000e+00	0.0000000000e+00	0.0000000000e+00	0.0000000000e+00
9.3083698095e+04	4.6869204200e-14	0.0000000000e+00	0.0000000000e+00	0.0000000000e+00	0.0000000000e+00	0.0000000000e+00	0.0000000000e+00	0.0000000000e+00	0.0000000000e+00
9.3083710116e+04	4.5914889252e-14	0.0000000000e+00	0.0000000000e+00	0.0000000000e+00	0.0000000000e+00	0.0000000000e+00	0.0000000000e+00	0.0000000000e+00	0.0000000000e+00
9.3083722275e+04	4.4973433256e-14	0.0000000000e+00	0.0000000000e+00	0.0000000000e+00	0.0000000000e+00	0.0000000000e+00	0.0000000000e+00	0.0000000000e+00	0.0000000000e+00
9.3083734576e+04	4.4044917177e-14	0.0000000000e+00	0.0000000000e+00	0.0000000000e+00	0.0000000000e+00	0.0000000000e+00	0.0000000000e+00	0.0000000000e+00	0.0000000000e+00
9.3083747019e+04	4.3129419089e-14	0.0000000000e+00	0.0000000000e+00	0.0000000000e+00	0.0000000000e+00	0.0000000000e+00	0.0000000000e+00	0.0000000000e+00	0.0000000000e+00
9.3083759606e+04	4.2227014620e-14	0.0000000000e+00	0.0000000000e+00	0.0000000000e+00	0.0000000000e+00	0.0000000000e+00	0.0000000000e+00	0.0000000000e+00	0.0000000000e+00
9.3083772339e+04	4.1337777335e-14	0.0000000000e+00	0.0000000000e+00	0.0000000000e+00	0.0000000000e+00	0.0000000000e+00	0.0000000000e+00	0.0000000000e+00	0.0000000000e+00
9.3083785219e+04	4.0461779039e-14	0.0000000000e+00	0.0000000000e+00	0.0000000000e+00	0.0000000000e+00	0.0000000000e+00	0.0000000000e+00	0.0000000000e+00	0.0000000000e+00
9.3083798249e+04	3.9599090026e-14	0.0000000000e+00	0.0000000000e+00	0.0000000000e+00	0.0000000000e+00	0.0000000000e+00	0.0000000000e+00	0.0000000000e+00	0.0000000000e+00
9.3083811429e+04	3.8749779274e-14	0.0000000000e+00	0.0000000000e+00	0.0000000000e+00	0.0000000000e+00	0.0000000000e+00	0.0000000000e+00	0.0000000000e+00	0.0000000000e+00
9.3083824762e+04	3.7913914578e-14	0.0000000000e+00	0.0000000000e+00	0.0000000000e+00	0.0000000000e+00	0.0000000000e+00	0.0000000000e+00	0.0000000000e+00	0.0000000000e+00
9.3083838249e+04	3.7091562637e-14	0.0000000000e+00	0.0000000000e+00	0.0000000000e+00	0.0000000000e+00	0.0000000000e+00	0.0000000000e+00	0.0000000000e+00	0.0000000000e+00
9.3083851893e+04	3.6282789103e-14	0.0000000000e+00	0.0000000000e+00	0.0000000000e+00	0.0000000000e+00	0.0000000000e+00	0.0000000000e+00	0.0000000000e+00	0.0000000000e+00
9.3083865694e+04	3.5487658581e-14	0.0000000000e+00	0.0000000000e+00	0.0000000000e+00	0.0000000000e+00	0.0000000000e+00	0.0000000000e+00	0.0000000000e+00	0.0000000000e+00
9.3083879655e+04	3.4706234593e-14	0.0000000000e+00	0.0000000000e+00	0.0000000000e+00	0.0000000000e+00	0.0000000000e+00	0.0000000000e+00	0.0000000000e+00	0.0000000000e+00
9.3083893778e+04	3.3938579507e-14	0.0000000000e+00	0.0000000000e+00	0.0000000000e+00	0.0000000000e+00	0.0000000000e+00	0.0000000000e+00	0.0000000000e+00	0.0000000000e+00
9.3083908065e+04	3.3184754435e-14	0.0000000000e+00	0.0000000000e+00	0.0000000000e+00	0.0000000000e+00	0.0000000000e+00	0.0000000000e+00	0.0000000000e+00	0.0000000000e+00
9.3083922517e+04	3.2444819098e-14	0.0000000000e+00	0.0000000000e+00	0.0000000000e+00	0.0000000000e+00	0.0000000000e+00	0.0000000000e+00	0.0000000000e+00	0.0000000000e+00
9.3083937136e+04	3.1718831670e-14	0.0000000000e+00	0.0000000000e+00	0.0000000000e+00	0.0000000000e+00	0.0000000000e+00	0.0000000000e+00	0.0000000000e+00	0.0000000000e+00
9.3083951924e+04	3.1006848591e-14	0.0000000000e+00	0.0000000000e+00	0.0000000000e+00	0.0000000000e+00	0.0000000000e+00	0.0000000000e+00	0.0000000000e+00	0.0000000000e+00
9.3083966884e+04	3.0308924358e-14	0.0000000000e+00	0.0000000000e+00	0.0000000000e+00	0.0000000000e+00	0.0000000000e+00	0.0000000000e+00	0.0000000000e+00	0.0000000000e+00
9.3083982017e+04	2.9625111305e-14	0.0000000000e+00	0.0000000000e+00	0.0000000000e+00	0.0000000000e+00	0.0000000000e+00	0.0000000000e+00	0.0000000000e+00	0.0000000000e+00
9.3083997325e+04	2.8955459350e-14	0.0000000000e+00	0.0000000000e+00	0.0000000000e+00	0.0000000000e+00	0.0000000000e+00	0.0000000000e+00	0.0000000000e+00	0.0000000000e+00
9.3084012811e+04	2.8300015739e-14	0.0000000000e+00	0.0000000000e+00	0.0000000000e+00	0.0000000000e+00	0.0000000000e+00	0.0000000000e+00	0.0000000000e+00	0.0000000000e+00
9.3084028476e+04	2.7658824769e-14	0.0000000000e+00	0.0000000000e+00	0.0000000000e+00	0.0000000000e+00	0.0000000000e+00	0.0000000000e+00	0.0000000000e+00	0.0000000000e+00
9.3084044322e+04	2.7031927497e-14	0.0000000000e+00	0.0000000000e+00	0.0000000000e+00	0.0000000000e+00	0.0000000000e+00	0.0000000000e+00	0.0000000000e+00	0.0000000000e+00
9.3084060352e+04	2.6419361444e-14	0.0000000000e+00	0.0000000000e+00	0.0000000000e+00	0.0000000000e+00	0.0000000000e+00	0.0000000000e+00	0.0000000000e+00	0.0000000000e+00
9.3084076567e+04	2.5821160284e-14	0.0000000000e+00	0.0000000000e+00	0.0000000000e+00	0.0000000000e+00	0.0000000000e+00	0.0000000000e+00	0.0000000000e+00	0.0000000000e+00
9.3084092970e+04	2.5237353534e-14	0.0000000000e+00	0.0000000000e+00	0.0000000000e+00	0.0000000000e+00	0.0000000000e+00	0.0000000000e+00	0.0000000000e+00	0.0000000000e+00
9.3084109563e+04	2.4667966225e-14	0.0000000000e+00	0.0000000000e+00	0.0000000000e+00	0.0000000000e+00	0.0000000000e+00	0.0000000000e+00	0.0000000000e+00	0.0000000000e+00
9.3084126348e+04	2.4113018582e-14	0.0000000000e+00	0.0000000000e+00	0.0000000000e+00	0.0000000000e+00	0.0000000000e+00	0.0000000000e+00	0.0000000000e+00	0.0000000000e+00
9.3084143328e+04	2.3572525696e-14	0.0000000000e+00	0.0000000000e+00	0.0000000000e+00	0.0000000000e+00	0.0000000000e+00	0.0000000000e+00	0.0000000000e+00	0.0000000000e+00
9.3084160504e+04	2.3046497193e-14	0.0000000000e+00	0.0000000000e+00	0.0000000000e+00	0.0000000000e+00	0.0000000000e+00	0.0000000000e+00	0.0000000000e+00	0.0000000000e+00
9.3084177879e+04	2.2534936908e-14	0.0000000000e+00	0.0000000000e+00	0.0000000000e+00	0.0000000000e+00	0.0000000000e+00	0.0000000000e+00	0.0000000000e+00	0.0000000000e+00
9.3084195455e+04	2.2037842557e-14	0.0000000000e+00	0.0000000000e+00	0.0000000000e+00	0.0000000000e+00	0.0000000000e+00	0.0000000000e+00	0.0000000000e+00	0.0000000000e+00
9.3084213235e+04	2.1555205417e-14	0.0000000000e+00	0.0000000000e+00	0.0000000000e+00	0.0000000000e+00	0.0000000000e+00	0.0000000000e+00	0.0000000000e+00	0.0000000000e+00
9.3084231220e+04	2.1087010005e-14	0.0000000000e+00	0.0000000000e+00	0.0000000000e+00	0.0000000000e+00	0.0000000000e+00	0.0000000000e+00	0.0000000000e+00	0.0000000000e+00
9.3084249414e+04	2.0633233772e-14	0.0000000000e+00	0.0000000000e+00	0.0000000000e+00	0.0000000000e+00	0.0000000000e+00	0.0000000000e+00	0.0000000000e+00	0.0000000000e+00
9.3084267819e+04	2.0193846797e-14	0.0000000000e+00	0.0000000000e+00	0.0000000000e+00	0.0000000000e+00	0.0000000000e+00	0.0000000000e+00	0.0000000000e+00	0.0000000000e+00
9.3084286436e+04	4.4217120196e-14	0.0000000000e+00	0.0000000000e+00	0.0000000000e+00	0.0000000000e+00	0.0000000000e+00	0.0000000000e+00	0.0000000000e+00	0.0000000000e+00
9.3084305270e+04	4.3342938730e-14	0.0000000000e+00	0.0000000000e+00	0.0000000000e+00	0.0000000000e+00	0.0000000000e+00	0.0000000000e+00	0.0000000000e+00	0.0000000000e+00
9.3084324321e+04	4.2479827491e-14	0.0000000000e+00	0.0000000000e+00	0.0000000000e+00	0.0000000000e+00	0.0000000000e+00	0.0000000000e+00	0.0000000000e+00	0.0000000000e+00
9.3084343593e+04	4.1628038208e-14	0.0000000000e+00	0.0000000000e+00	0.0000000000e+00	0.0000000000e+00	0.0000000000e+00	0.0000000000e+00	0.0000000000e+00	0.0000000000e+00
9.3084363088e+04	4.0787805970e-14	0.0000000000e+00	0.0000000000e+00	0.0000000000e+00	0.0000000000e+00	0.0000000000e+00	0.0000000000e+00	0.0000000000e+00	0.0000000000e+00
9.3084382809e+04	3.9959350720e-14	0.0000000000e+00	0.0000000000e+00	0.0000000000e+00	0.0000000000e+00	0.0000000000e+00	0.0000000000e+00	0.0000000000e+00	0.0000000000e+00
9.3084402758e+04	3.9142878562e-14	0.0000000000e+00	0.0000000000e+00	0.0000000000e+00	0.0000000000e+00	0.0000000000e+00	0.0000000000e+00	0.0000000000e+00	0.0000000000e+00
9.3084422938e+04	3.8338582916e-14	0.0000000000e+00	0.0000000000e+00	0.0000000000e+00	0.0000000000e+00	0.0000000000e+00	0.0000000000e+00	0.0000000000e+00	0.0000000000e+00
9.3084443352e+04	3.7546645521e-14	0.0000000000e+00	0.0000000000e+00	0.0000000000e+00	0.0000000000e+00	0.0000000000e+00	0.0000000000e+00	0.0000000000e+00	0.0000000000e+00
9.3084464002e+04	3.6767237304e-14	0.0000000000e+00	0.0000000000e+00	0.0000000000e+00	0.0000000000e+00	0.0000000000e+00	0.0000000000e+00	0.0000000000e+00	0.0000000000e+00
9.3084484892e+04	3.6000519118e-14	0.0000000000e+00	0.0000000000e+00	0.0000000000e+00	0.0000000000e+00	0.0000000000e+00	0.0000000000e+00	0.0000000000e+00	0.0000000000e+00
9.3084506023e+04	3.5246642366e-14	0.0000000000e+00	0.0000000000e+00	0.0000000000e+00	0.0000000000e+00	0.0000000000e+00	0.0000000000e+00	0.0000000000e+00	0.0000000000e+00
9.3084527399e+04	3.4505749521e-14	0.0000000000e+00	0.0000000000e+00	0.0000000000e+00	0.0000000000e+00	0.0000000000e+00	0.0000000000e+00	0.0000000000e+00	0.0000000000e+00
9.3084549022e+04	3.3777974547e-14	0.0000000000e+00	0.0000000000e+00	0.0000000000e+00	0.0000000000e+00	0.0000000000e+00	0.0000000000e+00	0.0000000000e+00	0.0000000000e+00
9.3084570896e+04	3.3063443237e-14	0.0000000000e+00	0.0000000000e+00	0.0000000000e+00	0.0000000000e+00	0.0000000000e+00	0.0000000000e+00	0.0000000000e+00	0.0000000000e+00
9.3084593023e+04	3.2362273460e-14	0.0000000000e+00	0.0000000000e+00	0.0000000000e+00	0.0000000000e+00	0.0000000000e+00	0.0000000000e+00	0.0000000000e+00	0.0000000000e+00
9.3084615407e+04	3.1674575355e-14	0.0000000000e+00	0.0000000000e+00	0.0000000000e+00	0.0000000000e+00	0.0000000000e+00	0.0000000000e+00	0.0000000000e+00	0.0000000000e+00
9.3084638049e+04	3.1000451441e-14	0.0000000000e+00	0.0000000000e+00	0.0000000000e+00	0.0000000000e+00	0.0000000000e+00	0.0000000000e+00	0.0000000000e+00	0.0000000000e+00
9.3084660954e+04	3.0339996689e-14	0.0000000000e+00	0.0000000000e+00	0.0000000000e+00	0.0000000000e+00	0.0000000000e+00	0.0000000000e+00	0.0000000000e+00	0.0000000000e+00
9.3084684124e+04	2.9693298531e-14	0.0000000000e+00	0.0000000000e+00	0.0000000000e+00	0.0000000000e+00	0.0000000000e+00	0.0000000000e+00	0.0000000000e+00	0.0000000000e+00
9.3084707562e+04	2.9060436832e-14	0.0000000000e+00	0.0000000000e+00	0.0000000000e+00	0.0000000000e+00	0.0000000000e+00	0.0000000000e+00	0.0000000000e+00	0.0000000000e+00
9.3084731272e+04	2.8441483819e-14	0.0000000000e+00	0.0000000000e+00	0.0000000000e+00	0.0000000000e+00	0.0000000000e+00	0.0000000000e+00	0.0000000000e+00	0.0000000000e+00
9.3084755256e+04	2.7836503987e-14	0.0000000000e+00	0.0000000000e+00	0.0000000000e+00	0.0000000000e+00	0.0000000000e+00	0.0000000000e+00	0.0000000000e+00	0.0000000000e+00
9.3084779518e+04	2.7245553971e-14	0.0000000000e+00	0.0000000000e+00	0.0000000000e+00	0.0000000000e+00	0.0000000000e+00	0.0000000000e+00	0.0000000000e+00	0.0000000000e+00
9.3084804061e+04	2.6668682397e-14	0.0000000000e+00	0.0000000000e+00	0.0000000000e+00	0.0000000000e+00	0.0000000000e+00	0.0000000000e+00	0.0000000000e+00	0.0000000000e+00
9.3084828888e+04	4.7734588727e-14	0.0000000000e+00	0.0000000000e+00	0.0000000000e+00	0.0000000000e+00	0.0000000000e+00	0.0000000000e+00	0.0000000000e+00	0.0000000000e+00
9.3084854002e+04	4.6893432149e-14	0.0000000000e+00	0.0000000000e+00	0.0000000000e+00	0.0000000000e+00	0.0000000000e+00	0.0000000000e+00	0.0000000000e+00	0.0000000000e+00
9.3084879408e+04	4.6057046343e-14	0.0000000000e+00	0.0000000000e+00	0.0000000000e+00	0.0000000000e+00	0.0000000000e+00	0.0000000000e+00	0.0000000000e+00	0.0000000000e+00
9.3084905107e+04	4.5226177240e-14	0.0000000000e+00	0.0000000000e+00	0.0000000000e+00	0.0000000000e+00	0.0000000000e+00	0.0000000000e+00	0.0000000000e+00	0.0000000000e+00
9.3084931104e+04	4.4401516047e-14	0.0000000000e+00	0.0000000000e+00	0.0000000000e+00	0.0000000000e+00	0.0000000000e+00	0.0000000000e+00	0.0000000000e+00	0.0000000000e+00
9.3084957403e+04	4.3583702967e-14	0.0000000000e+00	0.0000000000e+00	0.0000000000e+00	0.0000000000e+00	0.0000000000e+00	0.0000000000e+00	0.0000000000e+00	0.0000000000e+00
9.3084984005e+04	4.2773330789e-14	0.0000000000e+00	0.0000000000e+00	0.0000000000e+00	0.0000000000e+00	0.0000000000e+00	0.0000000000e+00	0.0000000000e+00	0.0000000000e+00
9.3085010916e+04	4.1970948297e-14	0.0000000000e+00	0.0000000000e+00	0.0000000000e+00	0.0000000000e+00	0.0000000000e+00	0.0000000000e+00	0.0000000000e+00	0.0000000000e+00
9.3085038138e+04	4.1177063496e-14	0.0000000000e+00	0.0000000000e+00	0.0000000000e+00	0.0000000000e+00	0.0000000000e+00	0.0000000000e+00	0.0000000000e+00	0.0000000000e+00
9.3085065676e+04	4.0392146620e-14	0.0000000000e+00	0.0000000000e+00	0.0000000000e+00	0.0000000000e+00	0.0000000000e+00	0.0000000000e+00	0.0000000000e+00	0.0000000000e+00
9.3085093532e+04	3.9616632919e-14	0.0000000000e+00	0.0000000000e+00	0.0000000000e+00	0.0000000000e+00	0.0000000000e+00	0.0000000000e+00	0.0000000000e+00	0.0000000000e+00
9.3085121711e+04	3.8850925232e-14	0.0000000000e+00	0.0000000000e+00	0.0000000000e+00	0.0000000000e+00	0.0000000000e+00	0.0000000000e+00	0.0000000000e+00	0.0000000000e+00
9.3085150216e+04	3.8095396333e-14	0.0000000000e+00	0.0000000000e+00	0.0000000000e+00	0.0000000000e+00	0.0000000000e+00	0.0000000000e+00	0.0000000000e+00	0.0000000000e+00
9.3085179052e+04	3.7350391069e-14	0.0000000000e+00	0.0000000000e+00	0.0000000000e+00	0.0000000000e+00	0.0000000000e+00	0.0000000000e+00	0.0000000000e+00	0.0000000000e+00
9.3085208221e+04	3.6616228284e-14	0.0000000000e+00	0.0000000000e+00	0.0000000000e+00	0.0000000000e+00	0.0000000000e+00	0.0000000000e+00	0.0000000000e+00	0.0000000000e+00
9.3085237728e+04	3.5893202557e-14	0.0000000000e+00	0.0000000000e+00	0.0000000000e+00	0.0000000000e+00	0.0000000000e+00	0.0000000000e+00	0.0000000000e+00	0.0000000000e+00
9.3085267577e+04	3.5181585748e-14	0.0000000000e+00	0.0000000000e+00	0.0000000000e+00	0.0000000000e+00	0.0000000000e+00	0.0000000000e+00	0.0000000000e+00	0.0000000000e+00
9.3085297771e+04	3.4481628375e-14	0.0000000000e+00	0.0000000000e+00	0.0000000000e+00	0.0000000000e+00	0.0000000000e+00	0.0000000000e+00	0.0000000000e+00	0.0000000000e+00
9.3085328315e+04	3.3793560834e-14	0.0000000000e+00	0.0000000000e+00	0.0000000000e+00	0.0000000000e+00	0.0000000000e+00	0.0000000000e+00	0.0000000000e+00	0.0000000000e+00
9.3085359213e+04	3.3117594469e-14	0.0000000000e+00	0.0000000000e+00	0.0000000000e+00	0.0000000000e+00	0.0000000000e+00	0.0000000000e+00	0.0000000000e+00	0.0000000000e+00
9.3085390468e+04	3.2453922523e-14	0.0000000000e+00	0.0000000000e+00	0.0000000000e+00	0.0000000000e+00	0.0000000000e+00	0.0000000000e+00	0.0000000000e+00	0.0000000000e+00
9.3085422085e+04	3.1802720957e-14	0.0000000000e+00	0.0000000000e+00	0.0000000000e+00	0.0000000000e+00	0.0000000000e+00	0.0000000000e+00	0.0000000000e+00	0.0000000000e+00
9.3085454069e+04	4.8974968286e-14	0.0000000000e+00	0.0000000000e+00	0.0000000000e+00	0.0000000000e+00	0.0000000000e+00	0.0000000000e+00	0.0000000000e+00	0.0000000000e+00
9.3085486423e+04	4.8237282464e-14	0.0000000000e+00	0.0000000000e+00	0.0000000000e+00	0.0000000000e+00	0.0000000000e+00	0.0000000000e+00	0.0000000000e+00	0.0000000000e+00
9.3085519151e+04	4.7495547720e-14	0.0000000000e+00	0.0000000000e+00	0.0000000000e+00	0.0000000000e+00	0.0000000000e+00	0.0000000000e+00	0.0000000000e+00	0.0000000000e+00
9.3085552258e+04	4.6751054233e-14	0.0000000000e+00	0.0000000000e+00	0.0000000000e+00	0.0000000000e+00	0.0000000000e+00	0.0000000000e+00	0.0000000000e+00	0.0000000000e+00
9.3085585749e+04	4.6005030297e-14	0.0000000000e+00	0.0000000000e+00	0.0000000000e+00	0.0000000000e+00	0.0000000000e+00	0.0000000000e+00	0.0000000000e+00	0.0000000000e+00
9.3085619628e+04	4.5258666944e-14	0.0000000000e+00	0.0000000000e+00	0.0000000000e+00	0.0000000000e+00	0.0000000000e+00	0.0000000000e+00	0.0000000000e+00	0.0000000000e+00
9.3085653899e+04	4.4512790305e-14	0.0000000000e+00	0.0000000000e+00	0.0000000000e+00	0.0000000000e+00	0.0000000000e+00	0.0000000000e+00	0.0000000000e+00	0.0000000000e+00
9.3085688566e+04	4.3768893898e-14	0.0000000000e+00	0.0000000000e+00	0.0000000000e+00	0.0000000000e+00	0.0000000000e+00	0.0000000000e+00	0.0000000000e+00	0.0000000000e+00
9.3085723636e+04	4.3027639614e-14	0.0000000000e+00	0.0000000000e+00	0.0000000000e+00	0.0000000000e+00	0.0000000000e+00	0.0000000000e+00	0.0000000000e+00	0.0000000000e+00
9.3085759111e+04	4.2289972380e-14	0.0000000000e+00	0.0000000000e+00	0.0000000000e+00	0.0000000000e+00	0.0000000000e+00	0.0000000000e+00	0.0000000000e+00	0.0000000000e+00
9.3085794997e+04	4.1556733007e-14	0.0000000000e+00	0.0000000000e+00	0.0000000000e+00	0.0000000000e+00	0.0000000000e+00	0.0000000000e+00	0.0000000000e+00	0.0000000000e+00
9.3085831298e+04	4.0828700333e-14	0.0000000000e+00	0.0000000000e+00	0.0000000000e+00	0.0000000000e+00	0.0000000000e+00	0.0000000000e+00	0.0000000000e+00	0.0000000000e+00
9.3085868020e+04	4.0106596483e-14	0.0000000000e+00	0.0000000000e+00	0.0000000000e+00	0.0000000000e+00	0.0000000000e+00	0.0000000000e+00	0.0000000000e+00	0.0000000000e+00
9.3085905167e+04	3.9391089745e-14	0.0000000000e+00	0.0000000000e+00	0.0000000000e+00	0.0000000000e+00	0.0000000000e+00	0.0000000000e+00	0.0000000000e+00	0.0000000000e+00
9.3085942745e+04	3.8682796054e-14	0.0000000000e+00	0.0000000000e+00	0.0000000000e+00	0.0000000000e+00	0.0000000000e+00	0.0000000000e+00	0.0000000000e+00	0.0000000000e+00
9.3085980757e+04	3.7982273048e-14	0.0000000000e+00	0.0000000000e+00	0.0000000000e+00	0.0000000000e+00	0.0000000000e+00	0.0000000000e+00	0.0000000000e+00	0.0000000000e+00
9.3086019210e+04	3.7289656836e-14	0.0000000000e+00	0.0000000000e+00	0.0000000000e+00	0.0000000000e+00	0.0000000000e+00	0.0000000000e+00	0.0000000000e+00	0.0000000000e+00
9.3086058107e+04	3.6606866843e-14	0.0000000000e+00	0.0000000000e+00	0.0000000000e+00	0.0000000000e+00	0.0000000000e+00	0.0000000000e+00	0.0000000000e+00	0.0000000000e+00
9.3086097456e+04	3.5932685628e-14	0.0000000000e+00	0.0000000000e+00	0.0000000000e+00	0.0000000000e+00	0.0000000000e+00	0.0000000000e+00	0.0000000000e+00	0.0000000000e+00
9.3086137259e+04	4.9107267830e-14	0.0000000000e+00	0.0000000000e+00	0.0000000000e+00	0.0000000000e+00	0.0000000000e+00	0.0000000000e+00	0.0000000000e+00	0.0000000000e+00
9.3086177524e+04	4.8507561862e-14	0.0000000000e+00	0.0000000000e+00	0.0000000000e+00	0.0000000000e+00	0.0000000000e+00	0.0000000000e+00	0.0000000000e+00	0.0000000000e+00
9.3086218255e+04	4.7896188824e-14	0.0000000000e+00	0.0000000000e+00	0.0000000000e+00	0.0000000000e+00	0.0000000000e+00	0.0000000000e+00	0.0000000000e+00	0.0000000000e+00
9.3086259458e+04	4.7274496343e-14	0.0000000000e+00	0.0000000000e+00	0.0000000000e+00	0.0000000000e+00	0.0000000000e+00	0.0000000000e+00	0.0000000000e+00	0.0000000000e+00
9.3086301138e+04	4.6643844381e-14	0.0000000000e+00	0.0000000000e+00	0.0000000000e+00	0.0000000000e+00	0.0000000000e+00	0.0000000000e+00	0.0000000000e+00	0.0000000000e+00
9.3086343300e+04	4.6005587923e-14	0.0000000000e+00	0.0000000000e+00	0.0000000000e+00	0.0000000000e+00	0.0000000000e+00	0.0000000000e+00	0.0000000000e+00	0.0000000000e+00
9.3086385951e+04	4.5361062625e-14	0.0000000000e+00	0.0000000000e+00	0.0000000000e+00	0.0000000000e+00	0.0000000000e+00	0.0000000000e+00	0.0000000000e+00	0.0000000000e+00
9.3086429095e+04	4.4711573056e-14	0.0000000000e+00	0.0000000000e+00	0.0000000000e+00	0.0000000000e+00	0.0000000000e+00	0.0000000000e+00	0.0000000000e+00	0.0000000000e+00
9.3086472739e+04	4.4058383297e-14	0.0000000000e+00	0.0000000000e+00	0.0000000000e+00	0.0000000000e+00	0.0000000000e+00	0.0000000000e+00	0.0000000000e+00	0.0000000000e+00
9.3086516889e+04	4.3402709673e-14	0.0000000000e+00	0.0000000000e+00	0.0000000000e+00	0.0000000000e+00	0.0000000000e+00	0.0000000000e+00	0.0000000000e+00	0.0000000000e+00
9.3086561549e+04	4.2745715461e-14	0.0000000000e+00	0.0000000000e+00	0.0000000000e+00	0.0000000000e+00	0.0000000000e+00	0.0000000000e+00	0.0000000000e+00	0.0000000000e+00
9.3086606727e+04	4.2088507708e-14	0.0000000000e+00	0.0000000000e+00	0.0000000000e+00	0.0000000000e+00	0.0000000000e+00	0.0000000000e+00	0.0000000000e+00	0.0000000000e+00
9.3086652428e+04	4.1432138332e-14	0.0000000000e+00	0.0000000000e+00	0.0000000000e+00	0.0000000000e+00	0.0000000000e+00	0.0000000000e+00	0.0000000000e+00	0.0000000000e+00
9.3086698658e+04	4.0777652838e-14	0.0000000000e+00	0.0000000000e+00	0.0000000000e+00	0.0000000000e+00	0.0000000000e+00	0.0000000000e+00	0.0000000000e+00	0.0000000000e+00
9.3086745424e+04	4.0125567700e-14	0.0000000000e+00	0.0000000000e+00	0.0000000000e+00	0.0000000000e+00	0.0000000000e+00	0.0000000000e+00	0.0000000000e+00	0.0000000000e+00
9.3086792731e+04	3.9477401380e-14	0.0000000000e+00	0.0000000000e+00	0.0000000000e+00	0.0000000000e+00	0.0000000000e+00	0.0000000000e+00	0.0000000000e+00	0.0000000000e+00
9.3086840585e+04	3.8833569611e-14	0.0000000000e+00	0.0000000000e+00	0.0000000000e+00	0.0000000000e+00	0.0000000000e+00	0.0000000000e+00	0.0000000000e+00	0.0000000000e+00
9.3086888994e+04	3.8194864013e-14	0.0000000000e+00	0.0000000000e+00	0.0000000000e+00	0.0000000000e+00	0.0000000000e+00	0.0000000000e+00	0.0000000000e+00	0.0000000000e+00
9.3086937964e+04	3.7561972421e-14	0.0000000000e+00	0.0000000000e+00	0.0000000000e+00	0.0000000000e+00	0.0000000000e+00	0.0000000000e+00	0.0000000000e+00	0.0000000000e+00
9.3086987500e+04	3.6935521916e-14	0.0000000000e+00	0.0000000000e+00	0.0000000000e+00	0.0000000000e+00	0.0000000000e+00	0.0000000000e+00	0.0000000000e+00	0.0000000000e+00
9.3087037610e+04	3.6316084061e-14	0.0000000000e+00	0.0000000000e+00	0.0000000000e+00	0.0000000000e+00	0.0000000000e+00	0.0000000000e+00	0.0000000000e+00	0.0000000000e+00
9.3087088301e+04	3.5704177575e-14	0.0000000000e+00	0.0000000000e+00	0.0000000000e+00	0.0000000000e+00	0.0000000000e+00	0.0000000000e+00	0.0000000000e+00	0.0000000000e+00
9.3087139578e+04	3.5100270582e-14	0.0000000000e+00	0.0000000000e+00	0.0000000000e+00	0.0000000000e+00	0.0000000000e+00	0.0000000000e+00	0.0000000000e+00	0.0000000000e+00
9.3087191449e+04	3.4504782758e-14	0.0000000000e+00	0.0000000000e+00	0.0000000000e+00	0.0000000000e+00	0.0000000000e+00	0.0000000000e+00	0.0000000000e+00	0.0000000000e+00
9.3087243921e+04	3.3918087427e-14	0.0000000000e+00	0.0000000000e+00	0.0000000000e+00	0.0000000000e+00	0.0000000000e+00	0.0000000000e+00	0.0000000000e+00	0.0000000000e+00
9.3087297000e+04	3.3340513635e-14	0.0000000000e+00	0.0000000000e+00	0.0000000000e+00	0.0000000000e+00	0.0000000000e+00	0.0000000000e+00	0.0000000000e+00	0.0000000000e+00
9.3087350694e+04	3.2772348193e-14	0.0000000000e+00	0.0000000000e+00	0.0000000000e+00	0.0000000000e+00	0.0000000000e+00	0.0000000000e+00	0.0000000000e+00	0.0000000000e+00
9.3087405010e+04	3.2213837695e-14	0.0000000000e+00	0.0000000000e+00	0.0000000000e+00	0.0000000000e+00	0.0000000000e+00	0.0000000000e+00	0.0000000000e+00	0.0000000000e+00
9.3087459954e+04	3.1665190543e-14	0.0000000000e+00	0.0000000000e+00	0.0000000000e+00	0.0000000000e+00	0.0000000000e+00	0.0000000000e+00	0.0000000000e+00	0.0000000000e+00
9.3087515535e+04	3.1126578984e-14	0.0000000000e+00	0.0000000000e+00	0.0000000000e+00	0.0000000000e+00	0.0000000000e+00	0.0000000000e+00	0.0000000000e+00	0.0000000000e+00
9.3087571760e+04	3.0598141314e-14	0.0000000000e+00	0.0000000000e+00	0.0000000000e+00	0.0000000000e+00	0.0000000000e+00	0.0000000000e+00	0.0000000000e+00	0.0000000000e+00
9.3087628635e+04	3.0079984889e-14	0.0000000000e+00	0.0000000000e+00	0.0000000000e+00	0.0000000000e+00	0.0000000000e+00	0.0000000000e+00	0.0000000000e+00	0.0000000000e+00
9.3087686169e+04	2.9572198007e-14	0.0000000000e+00	0.0000000000e+00	0.0000000000e+00	0.0000000000e+00	0.0000000000e+00	0.0000000000e+00	0.0000000000e+00	0.0000000000e+00
9.3087744369e+04	3.9759550242e-14	0.0000000000e+00	0.0000000000e+00	0.0000000000e+00	0.0000000000e+00	0.0000000000e+00	0.0000000000e+00	0.0000000000e+00	0.0000000000e+00
9.3087803244e+04	3.9184210772e-14	0.0000000000e+00	0.0000000000e+00	0.0000000000e+00	0.0000000000e+00	0.0000000000e+00	0.0000000000e+00	0.0000000000e+00	0.0000000000e+00
9.3087862800e+04	3.8611137725e-14	0.0000000000e+00	0.0000000000e+00	0.0000000000e+00	0.0000000000e+00	0.0000000000e+00	0.0000000000e+00	0.0000000000e+00	0.0000000000e+00
9.3087923045e+04	3.8041167242e-14	0.0000000000e+00	0.0000000000e+00	0.0000000000e+00	0.0000000000e+00	0.0000000000e+00	0.0000000000e+00	0.0000000000e+00	0.0000000000e+00
9.3087983988e+04	3.7475021168e-14	0.0000000000e+00	0.0000000000e+00	0.0000000000e+00	0.0000000000e+00	0.0000000000e+00	0.0000000000e+00	0.0000000000e+00	0.0000000000e+00
9.3088045637e+04	3.6913356369e-14	0.0000000000e+00	0.0000000000e+00	0.0000000000e+00	0.0000000000e+00	0.0000000000e+00	0.0000000000e+00	0.0000000000e+00	0.0000000000e+00
9.3088108000e+04	3.6356767778e-14	0.0000000000e+00	0.0000000000e+00	0.0000000000e+00	0.0000000000e+00	0.0000000000e+00	0.0000000000e+00	0.0000000000e+00	0.0000000000e+00
9.3088171085e+04	3.5805789956e-14	0.0000000000e+00	0.0000000000e+00	0.0000000000e+00	0.0000000000e+00	0.0000000000e+00	0.0000000000e+00	0.0000000000e+00	0.0000000000e+00
9.3088234900e+04	3.5260898699e-14	0.0000000000e+00	0.0000000000e+00	0.0000000000e+00	0.0000000000e+00	0.0000000000e+00	0.0000000000e+00	0.0000000000e+00	0.0000000000e+00
9.3088299454e+04	3.4722512823e-14	0.0000000000e+00	0.0000000000e+00	0.0000000000e+00	0.0000000000e+00	0.0000000000e+00	0.0000000000e+00	0.0000000000e+00	0.0000000000e+00
9.3088364756e+04	3.4190996166e-14	0.0000000000e+00	0.0000000000e+00	0.0000000000e+00	0.0000000000e+00	0.0000000000e+00	0.0000000000e+00	0.0000000000e+00	0.0000000000e+00
9.3088430814e+04	3.3666659755e-14	0.0000000000e+00	0.0000000000e+00	0.0000000000e+00	0.0000000000e+00	0.0000000000e+00	0.0000000000e+00	0.0000000000e+00	0.0000000000e+00
9.3088497637e+04	3.3149764131e-14	0.0000000000e+00	0.0000000000e+00	0.0000000000e+00	0.0000000000e+00	0.0000000000e+00	0.0000000000e+00	0.0000000000e+00	0.0000000000e+00
9.3088565234e+04	3.2640521823e-14	0.0000000000e+00	0.0000000000e+00	0.0000000000e+00	0.0000000000e+00	0.0000000000e+00	0.0000000000e+00	0.0000000000e+00	0.0000000000e+00
9.3088633613e+04	3.2139099955e-14	0.0000000000e+00	0.0000000000e+00	0.0000000000e+00	0.0000000000e+00	0.0000000000e+00	0.0000000000e+00	0.0000000000e+00	0.0000000000e+00
9.3088702784e+04	4.0471962940e-14	0.0000000000e+00	0.0000000000e+00	0.0000000000e+00	0.0000000000e+00	0.0000000000e+00	0.0000000000e+00	0.0000000000e+00	0.0000000000e+00
9.3088772756e+04	3.9962061997e-14	0.0000000000e+00	0.0000000000e+00	0.0000000000e+00	0.0000000000e+00	0.0000000000e+00	0.0000000000e+00	0.0000000000e+00	0.0000000000e+00
9.3088843539e+04	3.9451172911e-14	0.0000000000e+00	0.0000000000e+00	0.0000000000e+00	0.0000000000e+00	0.0000000000e+00	0.0000000000e+00	0.0000000000e+00	0.0000000000e+00
9.3088915141e+04	3.8940170548e-14	0.0000000000e+00	0.0000000000e+00	0.0000000000e+00	0.0000000000e+00	0.0000000000e+00	0.0000000000e+00	0.0000000000e+00	0.0000000000e+00
9.3088987572e+04	3.8429872192e-14	0.0000000000e+00	0.0000000000e+00	0.0000000000e+00	0.0000000000e+00	0.0000000000e+00	0.0000000000e+00	0.0000000000e+00	0.0000000000e+00
9.3089060842e+04	3.7921034236e-14	0.0000000000e+00	0.0000000000e+00	0.0000000000e+00	0.0000000000e+00	0.0000000000e+00	0.0000000000e+00	0.0000000000e+00	0.0000000000e+00
9.3089134960e+04	3.7414350208e-14	0.0000000000e+00	0.0000000000e+00	0.0000000000e+00	0.0000000000e+00	0.0000000000e+00	0.0000000000e+00	0.0000000000e+00	0.0000000000e+00
9.3089209937e+04	3.6910449106e-14	0.0000000000e+00	0.0000000000e+00	0.0000000000e+00	0.0000000000e+00	0.0000000000e+00	0.0000000000e+00	0.0000000000e+00	0.0000000000e+00
9.3089285781e+04	3.6409895265e-14	0.0000000000e+00	0.0000000000e+00	0.0000000000e+00	0.0000000000e+00	0.0000000000e+00	0.0000000000e+00	0.0000000000e+00	0.0000000000e+00
9.3089362504e+04	3.5913188418e-14	0.0000000000e+00	0.0000000000e+00	0.0000000000e+00	0.0000000000e+00	0.0000000000e+00	0.0000000000e+00	0.0000000000e+00	0.0000000000e+00
9.3089440116e+04	3.5420764527e-14	0.0000000000e+00	0.0000000000e+00	0.0000000000e+00	0.0000000000e+00	0.0000000000e+00	0.0000000000e+00	0.0000000000e+00	0.0000000000e+00
9.3089518626e+04	3.4932997117e-14	0.0000000000e+00	0.0000000000e+00	0.0000000000e+00	0.0000000000e+00	0.0000000000e+00	0.0000000000e+00	0.0000000000e+00	0.0000000000e+00
9.3089598045e+04	3.4450199053e-14	0.0000000000e+00	0.0000000000e+00	0.0000000000e+00	0.0000000000e+00	0.0000000000e+00	0.0000000000e+00	0.0000000000e+00	0.0000000000e+00
9.3089678384e+04	4.1152129938e-14	0.0000000000e+00	0.0000000000e+00	0.0000000000e+00	0.0000000000e+00	0.0000000000e+00	0.0000000000e+00	0.0000000000e+00	0.0000000000e+00
9.3089759653e+04	4.0703754677e-14	0.0000000000e+00	0.0000000000e+00	0.0000000000e+00	0.0000000000e+00	0.0000000000e+00	0.0000000000e+00	0.0000000000e+00	0.0000000000e+00
9.3089841863e+04	4.0251176850e-14	0.0000000000e+00	0.0000000000e+00	0.0000000000e+00	0.0000000000e+00	0.0000000000e+00	0.0000000000e+00	0.0000000000e+00	0.0000000000e+00
9.3089925025e+04	3.9795329260e-14	0.0000000000e+00	0.0000000000e+00	0.0000000000e+00	0.0000000000e+00	0.0000000000e+00	0.0000000000e+00	0.0000000000e+00	0.0000000000e+00
9.3090009150e+04	3.9337106086e-14	0.0000000000e+00	0.0000000000e+00	0.0000000000e+00	0.0000000000e+00	0.0000000000e+00	0.0000000000e+00	0.0000000000e+00	0.0000000000e+00
9.3090094249e+04	3.8877354464e-14	0.0000000000e+00	0.0000000000e+00	0.0000000000e+00	0.0000000000e+00	0.0000000000e+00	0.0000000000e+00	0.0000000000e+00	0.0000000000e+00
9.3090180333e+04	3.8416867627e-14	0.0000000000e+00	0.0000000000e+00	0.0000000000e+00	0.0000000000e+00	0.0000000000e+00	0.0000000000e+00	0.0000000000e+00	0.0000000000e+00
9.3090267415e+04	3.7956379497e-14	0.0000000000e+00	0.0000000000e+00	0.0000000000e+00	0.0000000000e+00	0.0000000000e+00	0.0000000000e+00	0.0000000000e+00	0.0000000000e+00
9.3090355504e+04	3.7496560614e-14	0.0000000000e+00	0.0000000000e+00	0.0000000000e+00	0.0000000000e+00	0.0000000000e+00	0.0000000000e+00	0.0000000000e+00	0.0000000000e+00
9.3090444614e+04	3.7038015295e-14	0.0000000000e+00	0.0000000000e+00	0.0000000000e+00	0.0000000000e+00	0.0000000000e+00	0.0000000000e+00	0.0000000000e+00	0.0000000000e+00
9.3090534756e+04	3.6581279889e-14	0.0000000000e+00	0.0000000000e+00	0.0000000000e+00	0.0000000000e+00	0.0000000000e+00	0.0000000000e+00	0.0000000000e+00	0.0000000000e+00
9.3090625941e+04	3.6126822021e-14	0.0000000000e+00	0.0000000000e+00	0.0000000000e+00	0.0000000000e+00	0.0000000000e+00	0.0000000000e+00	0.0000000000e+00	0.0000000000e+00
9.3090718182e+04	4.1466162479e-14	0.0000000000e+00	0.0000000000e+00	0.0000000000e+00	0.0000000000e+00	0.0000000000e+00	0.0000000000e+00	0.0000000000e+00	0.0000000000e+00
9.3090811492e+04	4.1070471566e-14	0.0000000000e+00	0.0000000000e+00	0.0000000000e+00	0.0000000000e+00	0.0000000000e+00	0.0000000000e+00	0.0000000000e+00	0.0000000000e+00
9.3090905882e+04	4.0668168411e-14	0.0000000000e+00	0.0000000000e+00	0.0000000000e+00	0.0000000000e+00	0.0000000000e+00	0.0000000000e+00	0.0000000000e+00	0.0000000000e+00
9.3091001364e+04	4.0260193300e-14	0.0000000000e+00	0.0000000000e+00	0.0000000000e+00	0.0000000000e+00	0.0000000000e+00	0.0000000000e+00	0.0000000000e+00	0.0000000000e+00
9.3091097953e+04	3.9847463306e-14	0.0000000000e+00	0.0000000000e+00	0.0000000000e+00	0.0000000000e+00	0.0000000000e+00	0.0000000000e+00	0.0000000000e+00	0.0000000000e+00
9.3091195660e+04	3.9430870590e-14	0.0000000000e+00	0.0000000000e+00	0.0000000000e+00	0.0000000000e+00	0.0000000000e+00	0.0000000000e+00	0.0000000000e+00	0.0000000000e+00
9.3091294498e+04	3.9011271535e-14	0.0000000000e+00	0.0000000000e+00	0.0000000000e+00	0.0000000000e+00	0.0000000000e+00	0.0000000000e+00	0.0000000000e+00	0.0000000000e+00
9.3091394481e+04	3.8589476841e-14	0.0000000000e+00	0.0000000000e+00	0.0000000000e+00	0.0000000000e+00	0.0000000000e+00	0.0000000000e+00	0.0000000000e+00	0.0000000000e+00
9.3091495621e+04	3.8166243136e-14	0.0000000000e+00	0.0000000000e+00	0.0000000000e+00	0.0000000000e+00	0.0000000000e+00	0.0000000000e+00	0.0000000000e+00	0.0000000000e+00
9.3091597933e+04	3.7742266127e-14	0.0000000000e+00	0.0000000000e+00	0.0000000000e+00	0.0000000000e+00	0.0000000000e+00	0.0000000000e+00	0.0000000000e+00	0.0000000000e+00
9.3091701429e+04	3.7318175298e-14	0.0000000000e+00	0.0000000000e+00	0.0000000000e+00	0.0000000000e+00	0.0000000000e+00	0.0000000000e+00	0.0000000000e+00	0.0000000000e+00
9.3091806124e+04	3.6894530057e-14	0.0000000000e+00	0.0000000000e+00	0.0000000000e+00	0.0000000000e+00	0.0000000000e+00	0.0000000000e+00	0.0000000000e+00	0.0000000000e+00
9.3091912031e+04	3.6471817273e-14	0.0000000000e+00	0.0000000000e+00	0.0000000000e+00	0.0000000000e+00	0.0000000000e+00	0.0000000000e+00	0.0000000000e+00	0.0000000000e+00
9.3092019165e+04	3.6050450105e-14	0.0000000000e+00	0.0000000000e+00	0.0000000000e+00	0.0000000000e+00	0.0000000000e+00	0.0000000000e+00	0.0000000000e+00	0.0000000000e+00
9.3092127539e+04	3.5630768002e-14	0.0000000000e+00	0.0000000000e+00	0.0000000000e+00	0.0000000000e+00	0.0000000000e+00	0.0000000000e+00	0.0000000000e+00	0.0000000000e+00
9.3092237168e+04	3.5213037757e-14	0.0000000000e+00	0.0000000000e+00	0.0000000000e+00	0.0000000000e+00	0.0000000000e+00	0.0000000000e+00	0.0000000000e+00	0.0000000000e+00
9.3092348066e+04	3.4797455495e-14	0.0000000000e+00	0.0000000000e+00	0.0000000000e+00	0.0000000000e+00	0.0000000000e+00	0.0000000000e+00	0.0000000000e+00	0.0000000000e+00
9.3092460249e+04	3.4384149485e-14	0.0000000000e+00	0.0000000000e+00	0.0000000000e+00	0.0000000000e+00	0.0000000000e+00	0.0000000000e+00	0.0000000000e+00	0.0000000000e+00
9.3092573730e+04	3.3973183674e-14	0.0000000000e+00	0.0000000000e+00	0.0000000000e+00	0.0000000000e+00	0.0000000000e+00	0.0000000000e+00	0.0000000000e+00	0.0000000000e+00
9.3092688526e+04	3.3564561926e-14	0.0000000000e+00	0.0000000000e+00	0.0000000000e+00	0.0000000000e+00	0.0000000000e+00	0.0000000000e+00	0.0000000000e+00	0.0000000000e+00
9.3092804651e+04	3.3158232933e-14	0.0000000000e+00	0.0000000000e+00	0.0000000000e+00	0.0000000000e+00	0.0000000000e+00	0.0000000000e+00	0.0000000000e+00	0.0000000000e+00
9.3092922120e+04	3.2754095873e-14	0.0000000000e+00	0.0000000000e+00	0.0000000000e+00	0.0000000000e+00	0.0000000000e+00	0.0000000000e+00	0.0000000000e+00	0.0000000000e+00
9.3093040950e+04	3.2352006894e-14	0.0000000000e+00	0.0000000000e+00	0.0000000000e+00	0.0000000000e+00	0.0000000000e+00	0.0000000000e+00	0.0000000000e+00	0.0000000000e+00
9.3093161156e+04	3.6979338334e-14	0.0000000000e+00	0.0000000000e+00	0.0000000000e+00	0.0000000000e+00	0.0000000000e+00	0.0000000000e+00	0.0000000000e+00	0.0000000000e+00
9.3093282753e+04	3.6582804865e-14	0.0000000000e+00	0.0000000000e+00	0.0000000000e+00	0.0000000000e+00	0.0000000000e+00	0.0000000000e+00	0.0000000000e+00	0.0000000000e+00
9.3093405759e+04	3.6186925531e-14	0.0000000000e+00	0.0000000000e+00	0.0000000000e+00	0.0000000000e+00	0.0000000000e+00	0.0000000000e+00	0.0000000000e+00	0.0000000000e+00
9.3093530189e+04	3.5792059870e-14	0.0000000000e+00	0.0000000000e+00	0.0000000000e+00	0.0000000000e+00	0.0000000000e+00	0.0000000000e+00	0.0000000000e+00	0.0000000000e+00
9.3093656060e+04	3.5398486879e-14	0.0000000000e+00	0.0000000000e+00	0.0000000000e+00	0.0000000000e+00	0.0000000000e+00	0.0000000000e+00	0.0000000000e+00	0.0000000000e+00
9.3093783388e+04	3.5006406564e-14	0.0000000000e+00	0.0000000000e+00	0.0000000000e+00	0.0000000000e+00	0.0000000000e+00	0.0000000000e+00	0.0000000000e+00	0.0000000000e+00
9.3093912191e+04	3.4615942724e-14	0.0000000000e+00	0.0000000000e+00	0.0000000000e+00	0.0000000000e+00	0.0000000000e+00	0.0000000000e+00	0.0000000000e+00	0.0000000000e+00
9.3094042485e+04	3.4227146764e-14	0.0000000000e+00	0.0000000000e+00	0.0000000000e+00	0.0000000000e+00	0.0000000000e+00	0.0000000000e+00	0.0000000000e+00	0.0000000000e+00
9.3094174288e+04	3.3840002395e-14	0.0000000000e+00	0.0000000000e+00	0.0000000000e+00	0.0000000000e+00	0.0000000000e+00	0.0000000000e+00	0.0000000000e+00	0.0000000000e+00
9.3094307617e+04	3.3454431103e-14	0.0000000000e+00	0.0000000000e+00	0.0000000000e+00	0.0000000000e+00	0.0000000000e+00	0.0000000000e+00	0.0000000000e+00	0.0000000000e+00
9.3094442490e+04	3.7322451523e-14	0.0000000000e+00	0.0000000000e+00	0.0000000000e+00	0.0000000000e+00	0.0000000000e+00	0.0000000000e+00	0.0000000000e+00	0.0000000000e+00
9.3094578925e+04	3.6949816179e-14	0.0000000000e+00	0.0000000000e+00	0.0000000000e+00	0.0000000000e+00	0.0000000000e+00	0.0000000000e+00	0.0000000000e+00	0.0000000000e+00
9.3094716940e+04	3.6577161240e-14	0.0000000000e+00	0.0000000000e+00	0.0000000000e+00	0.0000000000e+00	0.0000000000e+00	0.0000000000e+00	0.0000000000e+00	0.0000000000e+00
9.3094856553e+04	3.6204973356e-14	0.0000000000e+00	0.0000000000e+00	0.0000000000e+00	0.0000000000e+00	0.0000000000e+00	0.0000000000e+00	0.0000000000e+00	0.0000000000e+00
9.3094997782e+04	3.5833650929e-14	0.0000000000e+00	0.0000000000e+00	0.0000000000e+00	0.0000000000e+00	0.0000000000e+00	0.0000000000e+00	0.0000000000e+00	0.0000000000e+00
9.3095140647e+04	3.5463502209e-14	0.0000000000e+00	0.0000000000e+00	0.0000000000e+00	0.0000000000e+00	0.0000000000e+00	0.0000000000e+00	0.0000000000e+00	0.0000000000e+00
9.3095285166e+04	3.5094745408e-14	0.0000000000e+00	0.0000000000e+00	0.0000000000e+00	0.0000000000e+00	0.0000000000e+00	0.0000000000e+00	0.0000000000e+00	0.0000000000e+00
9.3095431358e+04	3.4727510712e-14	0.0000000000e+00	0.0000000000e+00	0.0000000000e+00	0.0000000000e+00	0.0000000000e+00	0.0000000000e+00	0.0000000000e+00	0.0000000000e+00
9.3095579244e+04	3.4361843968e-14	0.0000000000e+00	0.0000000000e+00	0.0000000000e+00	0.0000000000e+00	0.0000000000e+00	0.0000000000e+00	0.0000000000e+00	0.0000000000e+00
9.3095728842e+04	3.3997711740e-14	0.0000000000e+00	0.0000000000e+00	0.0000000000e+00	0.0000000000e+00	0.0000000000e+00	0.0000000000e+00	0.0000000000e+00	0.0000000000e+00
9.3095880172e+04	3.7260645710e-14	0.0000000000e+00	0.0000000000e+00	0.0000000000e+00	0.0000000000e+00	0.0000000000e+00	0.0000000000e+00	0.0000000000e+00	0.0000000000e+00
9.3096033254e+04	3.6912354660e-14	0.0000000000e+00	0.0000000000e+00	0.0000000000e+00	0.0000000000e+00	0.0000000000e+00	0.0000000000e+00	0.0000000000e+00	0.0000000000e+00
9.3096188109e+04	3.6563996384e-14	0.0000000000e+00	0.0000000000e+00	0.0000000000e+00	0.0000000000e+00	0.0000000000e+00	0.0000000000e+00	0.0000000000e+00	0.0000000000e+00
9.3096344757e+04	3.6216114511e-14	0.0000000000e+00	0.0000000000e+00	0.0000000000e+00	0.0000000000e+00	0.0000000000e+00	0.0000000000e+00	0.0000000000e+00	0.0000000000e+00
9.3096503219e+04	3.5869159025e-14	0.0000000000e+00	0.0000000000e+00	0.0000000000e+00	0.0000000000e+00	0.0000000000e+00	0.0000000000e+00	0.0000000000e+00	0.0000000000e+00
9.3096663516e+04	3.5523481347e-14	0.0000000000e+00	0.0000000000e+00	0.0000000000e+00	0.0000000000e+00	0.0000000000e+00	0.0000000000e+00	0.0000000000e+00	0.0000000000e+00
9.3096825669e+04	3.5179331642e-14	0.0000000000e+00	0.0000000000e+00	0.0000000000e+00	0.0000000000e+00	0.0000000000e+00	0.0000000000e+00	0.0000000000e+00	0.0000000000e+00
9.3096989700e+04	3.4836858568e-14	0.0000000000e+00	0.0000000000e+00	0.0000000000e+00	0.0000000000e+00	0.0000000000e+00	0.0000000000e+00	0.0000000000e+00	0.0000000000e+00
9.3097155630e+04	3.4496111480e-14	0.0000000000e+00	0.0000000000e+00	0.0000000000e+00	0.0000000000e+00	0.0000000000e+00	0.0000000000e+00	0.0000000000e+00	0.0000000000e+00
9.3097323482e+04	3.7271803183e-14	0.0000000000e+00	0.0000000000e+00	0.0000000000e+00	0.0000000000e+00	0.0000000000e+00	0.0000000000e+00	0.0000000000e+00	0.0000000000e+00
9.3097493277e+04	3.6948926889e-14	0.0000000000e+00	0.0000000000e+00	0.0000000000e+00	0.0000000000e+00	0.0000000000e+00	0.0000000000e+00	0.0000000000e+00	0.0000000000e+00
9.3097665038e+04	3.6625724303e-14	0.0000000000e+00	0.0000000000e+00	0.0000000000e+00	0.0000000000e+00	0.0000000000e+00	0.0000000000e+00	0.0000000000e+00	0.0000000000e+00
9.3097838788e+04	3.6302803255e-14	0.0000000000e+00	0.0000000000e+00	0.0000000000e+00	0.0000000000e+00	0.0000000000e+00	0.0000000000e+00	0.0000000000e+00	0.0000000000e+00
9.3098014550e+04	3.5980677610e-14	0.0000000000e+00	0.0000000000e+00	0.0000000000e+00	0.0000000000e+00	0.0000000000e+00	0.0000000000e+00	0.0000000000e+00	0.0000000000e+00
9.3098192347e+04	3.5659759784e-14	0.0000000000e+00	0.0000000000e+00	0.0000000000e+00	0.0000000000e+00	0.0000000000e+00	0.0000000000e+00	0.0000000000e+00	0.0000000000e+00
9.3098372204e+04	3.5340354963e-14	0.0000000000e+00	0.0000000000e+00	0.0000000000e+00	0.0000000000e+00	0.0000000000e+00	0.0000000000e+00	0.0000000000e+00	0.0000000000e+00
9.3098554142e+04	3.5022657473e-14	0.0000000000e+00	0.0000000000e+00	0.0000000000e+00	0.0000000000e+00	0.0000000000e+00	0.0000000000e+00	0.0000000000e+00	0.0000000000e+00
9.3098738188e+04	3.4706749719e-14	0.0000000000e+00	0.0000000000e+00	0.0000000000e+00	0.0000000000e+00	0.0000000000e+00	0.0000000000e+00	0.0000000000e+00	0.0000000000e+00
9.3098924364e+04	3.4392603978e-14	0.0000000000e+00	0.0000000000e+00	0.0000000000e+00	0.0000000000e+00	0.0000000000e+00	0.0000000000e+00	0.0000000000e+00	0.0000000000e+00
9.3099112697e+04	3.4080087063e-14	0.0000000000e+00	0.0000000000e+00	0.0000000000e+00	0.0000000000e+00	0.0000000000e+00	0.0000000000e+00	0.0000000000e+00	0.0000000000e+00
9.3099303210e+04	3.3768967577e-14	0.0000000000e+00	0.0000000000e+00	0.0000000000e+00	0.0000000000e+00	0.0000000000e+00	0.0000000000e+00	0.0000000000e+00	0.0000000000e+00
9.3099495929e+04	3.3458925320e-14	0.0000000000e+00	0.0000000000e+00	0.0000000000e+00	0.0000000000e+00	0.0000000000e+00	0.0000000000e+00	0.0000000000e+00	0.0000000000e+00
9.3099690880e+04	3.3149562383e-14	0.0000000000e+00	0.0000000000e+00	0.0000000000e+00	0.0000000000e+00	0.0000000000e+00	0.0000000000e+00	0.0000000000e+00	0.0000000000e+00
9.3099888089e+04	3.2840415287e-14	0.0000000000e+00	0.0000000000e+00	0.0000000000e+00	0.0000000000e+00	0.0000000000e+00	0.0000000000e+00	0.0000000000e+00	0.0000000000e+00
9.3100087580e+04	3.2530970696e-14	0.0000000000e+00	0.0000000000e+00	0.0000000000e+00	0.0000000000e+00	0.0000000000e+00	0.0000000000e+00	0.0000000000e+00	0.0000000000e+00
9.3100289382e+04	3.2220684209e-14	0.0000000000e+00	0.0000000000e+00	0.0000000000e+00	0.0000000000e+00	0.0000000000e+00	0.0000000000e+00	0.0000000000e+00	0.0000000000e+00
9.3100493521e+04	3.4729540494e-14	0.0000000000e+00	0.0000000000e+00	0.0000000000e+00	0.0000000000e+00	0.0000000000e+00	0.0000000000e+00	0.0000000000e+00	0.0000000000e+00
9.3100700023e+04	3.4438650683e-14	0.0000000000e+00	0.0000000000e+00	0.0000000000e+00	0.0000000000e+00	0.0000000000e+00	0.0000000000e+00	0.0000000000e+00	0.0000000000e+00
9.3100908917e+04	3.4149093234e-14	0.0000000000e+00	0.0000000000e+00	0.0000000000e+00	0.0000000000e+00	0.0000000000e+00	0.0000000000e+00	0.0000000000e+00	0.0000000000e+00
9.3101120229e+04	3.3860592805e-14	0.0000000000e+00	0.0000000000e+00	0.0000000000e+00	0.0000000000e+00	0.0000000000e+00	0.0000000000e+00	0.0000000000e+00	0.0000000000e+00
9.3101333989e+04	3.3572760782e-14	0.0000000000e+00	0.0000000000e+00	0.0000000000e+00	0.0000000000e+00	0.0000000000e+00	0.0000000000e+00	0.0000000000e+00	0.0000000000e+00
9.3101550223e+04	3.3285147950e-14	0.0000000000e+00	0.0000000000e+00	0.0000000000e+00	0.0000000000e+00	0.0000000000e+00	0.0000000000e+00	0.0000000000e+00	0.0000000000e+00
9.3101768962e+04	3.2997141869e-14	0.0000000000e+00	0.0000000000e+00	0.0000000000e+00	0.0000000000e+00	0.0000000000e+00	0.0000000000e+00	0.0000000000e+00	0.0000000000e+00
9.3101990233e+04	3.2708215303e-14	0.0000000000e+00	0.0000000000e+00	0.0000000000e+00	0.0000000000e+00	0.0000000000e+00	0.0000000000e+00	0.0000000000e+00	0.0000000000e+00
9.3102214067e+04	3.4888563277e-14	0.0000000000e+00	0.0000000000e+00	0.0000000000e+00	0.0000000000e+00	0.0000000000e+00	0.0000000000e+00	0.0000000000e+00	0.0000000000e+00
9.3102440492e+04	3.4615140159e-14	0.0000000000e+00	0.0000000000e+00	0.0000000000e+00	0.0000000000e+00	0.0000000000e+00	0.0000000000e+00	0.0000000000e+00	0.0000000000e+00
9.3102669540e+04	3.4342651956e-14	0.0000000000e+00	0.0000000000e+00	0.0000000000e+00	0.0000000000e+00	0.0000000000e+00	0.0000000000e+00	0.0000000000e+00	0.0000000000e+00
9.3102901239e+04	3.4070842468e-14	0.0000000000e+00	0.0000000000e+00	0.0000000000e+00	0.0000000000e+00	0.0000000000e+00	0.0000000000e+00	0.0000000000e+00	0.0000000000e+00
9.3103135622e+04	3.3799339567e-14	0.0000000000e+00	0.0000000000e+00	0.0000000000e+00	0.0000000000e+00	0.0000000000e+00	0.0000000000e+00	0.0000000000e+00	0.0000000000e+00
9.3103372718e+04	3.3527677347e-14	0.0000000000e+00	0.0000000000e+00	0.0000000000e+00	0.0000000000e+00	0.0000000000e+00	0.0000000000e+00	0.0000000000e+00	0.0000000000e+00
9.3103612560e+04	3.3255304347e-14	0.0000000000e+00	0.0000000000e+00	0.0000000000e+00	0.0000000000e+00	0.0000000000e+00	0.0000000000e+00	0.0000000000e+00	0.0000000000e+00
9.3103855179e+04	3.5156270510e-14	0.0000000000e+00	0.0000000000e+00	0.0000000000e+00	0.0000000000e+00	0.0000000000e+00	0.0000000000e+00	0.0000000000e+00	0.0000000000e+00
9.3104100608e+04	3.4894349300e-14	0.0000000000e+00	0.0000000000e+00	0.0000000000e+00	0.0000000000e+00	0.0000000000e+00	0.0000000000e+00	0.0000000000e+00	0.0000000000e+00
9.3104348879e+04	3.4632970352e-14	0.0000000000e+00	0.0000000000e+00	0.0000000000e+00	0.0000000000e+00	0.0000000000e+00	0.0000000000e+00	0.0000000000e+00	0.0000000000e+00
9.3104600024e+04	3.4372019957e-14	0.0000000000e+00	0.0000000000e+00	0.0000000000e+00	0.0000000000e+00	0.0000000000e+00	0.0000000000e+00	0.0000000000e+00	0.0000000000e+00
9.3104854077e+04	3.4111266869e-14	0.0000000000e+00	0.0000000000e+00	0.0000000000e+00	0.0000000000e+00	0.0000000000e+00	0.0000000000e+00	0.0000000000e+00	0.0000000000e+00
9.3105111073e+04	3.3850365863e-14	0.0000000000e+00	0.0000000000e+00	0.0000000000e+00	0.0000000000e+00	0.0000000000e+00	0.0000000000e+00	0.0000000000e+00	0.0000000000e+00
9.3105371044e+04	3.3588869796e-14	0.0000000000e+00	0.0000000000e+00	0.0000000000e+00	0.0000000000e+00	0.0000000000e+00	0.0000000000e+00	0.0000000000e+00	0.0000000000e+00
9.3105634025e+04	3.3326244183e-14	0.0000000000e+00	0.0000000000e+00	0.0000000000e+00	0.0000000000e+00	0.0000000000e+00	0.0000000000e+00	0.0000000000e+00	0.0000000000e+00
9.3105900052e+04	3.5007692493e-14	0.0000000000e+00	0.0000000000e+00	0.0000000000e+00	0.0000000000e+00	0.0000000000e+00	0.0000000000e+00	0.0000000000e+00	0.0000000000e+00
9.3106169159e+04	3.4753599139e-14	0.0000000000e+00	0.0000000000e+00	0.0000000000e+00	0.0000000000e+00	0.0000000000e+00	0.0000000000e+00	0.0000000000e+00	0.0000000000e+00
9.3106441382e+04	3.4499783871e-14	0.0000000000e+00	0.0000000000e+00	0.0000000000e+00	0.0000000000e+00	0.0000000000e+00	0.0000000000e+00	0.0000000000e+00	0.0000000000e+00
9.3106716758e+04	3.4246161322e-14	0.0000000000e+00	0.0000000000e+00	0.0000000000e+00	0.0000000000e+00	0.0000000000e+00	0.0000000000e+00	0.0000000000e+00	0.0000000000e+00
9.3106995322e+04	3.3992525067e-14	0.0000000000e+00	0.0000000000e+00	0.0000000000e+00	0.0000000000e+00	0.0000000000e+00	0.0000000000e+00	0.0000000000e+00	0.0000000000e+00
9.3107277112e+04	3.3738553983e-14	0.0000000000e+00	0.0000000000e+00	0.0000000000e+00	0.0000000000e+00	0.0000000000e+00	0.0000000000e+00	0.0000000000e+00	0.0000000000e+00
9.3107562164e+04	3.3483823525e-14	0.0000000000e+00	0.0000000000e+00	0.0000000000e+00	0.0000000000e+00	0.0000000000e+00	0.0000000000e+00	0.0000000000e+00	0.0000000000e+00
9.3107850518e+04	3.3227821387e-14	0.0000000000e+00	0.0000000000e+00	0.0000000000e+00	0.0000000000e+00	0.0000000000e+00	0.0000000000e+00	0.0000000000e+00	0.0000000000e+00
9.3108142210e+04	3.2969951728e-14	0.0000000000e+00	0.0000000000e+00	0.0000000000e+00	0.0000000000e+00	0.0000000000e+00	0.0000000000e+00	0.0000000000e+00	0.0000000000e+00
9.3108437280e+04	3.2709617865e-14	0.0000000000e+00	0.0000000000e+00	0.0000000000e+00	0.0000000000e+00	0.0000000000e+00	0.0000000000e+00	0.0000000000e+00	0.0000000000e+00
9.3108735767e+04	3.2446142684e-14	0.0000000000e+00	0.0000000000e+00	0.0000000000e+00	0.0000000000e+00	0.0000000000e+00	0.0000000000e+00	0.0000000000e+00	0.0000000000e+00
9.3109037710e+04	3.2178891761e-14	0.0000000000e+00	0.0000000000e+00	0.0000000000e+00	0.0000000000e+00	0.0000000000e+00	0.0000000000e+00	0.0000000000e+00	0.0000000000e+00
9.3109343150e+04	3.1907265987e-14	0.0000000000e+00	0.0000000000e+00	0.0000000000e+00	0.0000000000e+00	0.0000000000e+00	0.0000000000e+00	0.0000000000e+00	0.0000000000e+00
9.3109652126e+04	3.3492965734e-14	0.0000000000e+00	0.0000000000e+00	0.0000000000e+00	0.0000000000e+00	0.0000000000e+00	0.0000000000e+00	0.0000000000e+00	0.0000000000e+00
9.3109964680e+04	3.3245792960e-14	0.0000000000e+00	0.0000000000e+00	0.0000000000e+00	0.0000000000e+00	0.0000000000e+00	0.0000000000e+00	0.0000000000e+00	0.0000000000e+00
9.3110280854e+04	3.2997470929e-14	0.0000000000e+00	0.0000000000e+00	0.0000000000e+00	0.0000000000e+00	0.0000000000e+00	0.0000000000e+00	0.0000000000e+00	0.0000000000e+00
9.3110600688e+04	3.2747374795e-14	0.0000000000e+00	0.0000000000e+00	0.0000000000e+00	0.0000000000e+00	0.0000000000e+00	0.0000000000e+00	0.0000000000e+00	0.0000000000e+00
9.3110924226e+04	3.2494879862e-14	0.0000000000e+00	0.0000000000e+00	0.0000000000e+00	0.0000000000e+00	0.0000000000e+00	0.0000000000e+00	0.0000000000e+00	0.0000000000e+00
9.3111251510e+04	3.2239302291e-14	0.0000000000e+00	0.0000000000e+00	0.0000000000e+00	0.0000000000e+00	0.0000000000e+00	0.0000000000e+00	0.0000000000e+00	0.0000000000e+00
9.3111582584e+04	3.1980008869e-14	0.0000000000e+00	0.0000000000e+00	0.0000000000e+00	0.0000000000e+00	0.0000000000e+00	0.0000000000e+00	0.0000000000e+00	0.0000000000e+00
9.3111917492e+04	3.3401751669e-14	0.0000000000e+00	0.0000000000e+00	0.0000000000e+00	0.0000000000e+00	0.0000000000e+00	0.0000000000e+00	0.0000000000e+00	0.0000000000e+00
9.3112256278e+04	3.3165985747e-14	0.0000000000e+00	0.0000000000e+00	0.0000000000e+00	0.0000000000e+00	0.0000000000e+00	0.0000000000e+00	0.0000000000e+00	0.0000000000e+00
9.3112598987e+04	3.2929629203e-14	0.0000000000e+00	0.0000000000e+00	0.0000000000e+00	0.0000000000e+00	0.0000000000e+00	0.0000000000e+00	0.0000000000e+00	0.0000000000e+00
9.3112945664e+04	3.2692017103e-14	0.0000000000e+00	0.0000000000e+00	0.0000000000e+00	0.0000000000e+00	0.0000000000e+00	0.0000000000e+00	0.0000000000e+00	0.0000000000e+00
9.3113296355e+04	3.2452426529e-14	0.0000000000e+00	0.0000000000e+00	0.0000000000e+00	0.0000000000e+00	0.0000000000e+00	0.0000000000e+00	0.0000000000e+00	0.0000000000e+00
9.3113651107e+04	3.2210133912e-14	0.0000000000e+00	0.0000000000e+00	0.0000000000e+00	0.0000000000e+00	0.0000000000e+00	0.0000000000e+00	0.0000000000e+00	0.0000000000e+00
9.3114009968e+04	3.3479391082e-14	0.0000000000e+00	0.0000000000e+00	0.0000000000e+00	0.0000000000e+00	0.0000000000e+00	0.0000000000e+00	0.0000000000e+00	0.0000000000e+00
9.3114372983e+04	3.3256785310e-14	0.0000000000e+00	0.0000000000e+00	0.0000000000e+00	0.0000000000e+00	0.0000000000e+00	0.0000000000e+00	0.0000000000e+00	0.0000000000e+00
9.3114740202e+04	3.3034283252e-14	0.0000000000e+00	0.0000000000e+00	0.0000000000e+00	0.0000000000e+00	0.0000000000e+00	0.0000000000e+00	0.0000000000e+00	0.0000000000e+00
9.3115111673e+04	3.2811181007e-14	0.0000000000e+00	0.0000000000e+00	0.0000000000e+00	0.0000000000e+00	0.0000000000e+00	0.0000000000e+00	0.0000000000e+00	0.0000000000e+00
9.3115487446e+04	3.2586691126e-14	0.0000000000e+00	0.0000000000e+00	0.0000000000e+00	0.0000000000e+00	0.0000000000e+00	0.0000000000e+00	0.0000000000e+00	0.0000000000e+00
9.3115867570e+04	3.2359974761e-14	0.0000000000e+00	0.0000000000e+00	0.0000000000e+00	0.0000000000e+00	0.0000000000e+00	0.0000000000e+00	0.0000000000e+00	0.0000000000e+00
9.3116252095e+04	3.3506144316e-14	0.0000000000e+00	0.0000000000e+00	0.0000000000e+00	0.0000000000e+00	0.0000000000e+00	0.0000000000e+00	0.0000000000e+00	0.0000000000e+00
9.3116641074e+04	3.3295674521e-14	0.0000000000e+00	0.0000000000e+00	0.0000000000e+00	0.0000000000e+00	0.0000000000e+00	0.0000000000e+00	0.0000000000e+00	0.0000000000e+00
9.3117034556e+04	3.3085365343e-14	0.0000000000e+00	0.0000000000e+00	0.0000000000e+00	0.0000000000e+00	0.0000000000e+00	0.0000000000e+00	0.0000000000e+00	0.0000000000e+00
9.3117432594e+04	3.2874458377e-14	0.0000000000e+00	0.0000000000e+00	0.0000000000e+00	0.0000000000e+00	0.0000000000e+00	0.0000000000e+00	0.0000000000e+00	0.0000000000e+00
9.3117835242e+04	3.2662096455e-14	0.0000000000e+00	0.0000000000e+00	0.0000000000e+00	0.0000000000e+00	0.0000000000e+00	0.0000000000e+00	0.0000000000e+00	0.0000000000e+00
9.3118242552e+04	3.2447362602e-14	0.0000000000e+00	0.0000000000e+00	0.0000000000e+00	0.0000000000e+00	0.0000000000e+00	0.0000000000e+00	0.0000000000e+00	0.0000000000e+00
9.3118654579e+04	3.2229315662e-14	0.0000000000e+00	0.0000000000e+00	0.0000000000e+00	0.0000000000e+00	0.0000000000e+00	0.0000000000e+00	0.0000000000e+00	0.0000000000e+00
9.3119071376e+04	3.2007041804e-14	0.0000000000e+00	0.0000000000e+00	0.0000000000e+00	0.0000000000e+00	0.0000000000e+00	0.0000000000e+00	0.0000000000e+00	0.0000000000e+00
9.3119493000e+04	3.1779704383e-14	0.0000000000e+00	0.0000000000e+00	0.0000000000e+00	0.0000000000e+00	0.0000000000e+00	0.0000000000e+00	0.0000000000e+00	0.0000000000e+00
9.3119919506e+04	3.1546599313e-14	0.0000000000e+00	0.0000000000e+00	0.0000000000e+00	0.0000000000e+00	0.0000000000e+00	0.0000000000e+00	0.0000000000e+00	0.0000000000e+00
9.3120350951e+04	3.1307220370e-14	0.0000000000e+00	0.0000000000e+00	0.0000000000e+00	0.0000000000e+00	0.0000000000e+00	0.0000000000e+00	0.0000000000e+00	0.0000000000e+00
9.3120787392e+04	3.2470435469e-14	0.0000000000e+00	0.0000000000e+00	0.0000000000e+00	0.0000000000e+00	0.0000000000e+00	0.0000000000e+00	0.0000000000e+00	0.0000000000e+00
9.3121228886e+04	3.2258683236e-14	0.0000000000e+00	0.0000000000e+00	0.0000000000e+00	0.0000000000e+00	0.0000000000e+00	0.0000000000e+00	0.0000000000e+00	0.0000000000e+00
9.3121675493e+04	3.2042184213e-14	0.0000000000e+00	0.0000000000e+00	0.0000000000e+00	0.0000000000e+00	0.0000000000e+00	0.0000000000e+00	0.0000000000e+00	0.0000000000e+00
9.3122127271e+04	3.1820123503e-14	0.0000000000e+00	0.0000000000e+00	0.0000000000e+00	0.0000000000e+00	0.0000000000e+00	0.0000000000e+00	0.0000000000e+00	0.0000000000e+00
9.3122584280e+04	3.1591826470e-14	0.0000000000e+00	0.0000000000e+00	0.0000000000e+00	0.0000000000e+00	0.0000000000e+00	0.0000000000e+00	0.0000000000e+00	0.0000000000e+00
9.3123046582e+04	3.1356825012e-14	0.0000000000e+00	0.0000000000e+00	0.0000000000e+00	0.0000000000e+00	0.0000000000e+00	0.0000000000e+00	0.0000000000e+00	0.0000000000e+00
9.3123514236e+04	3.2420426040e-14	0.0000000000e+00	0.0000000000e+00	0.0000000000e+00	0.0000000000e+00	0.0000000000e+00	0.0000000000e+00	0.0000000000e+00	0.0000000000e+00
9.3123987306e+04	3.2210933335e-14	0.0000000000e+00	0.0000000000e+00	0.0000000000e+00	0.0000000000e+00	0.0000000000e+00	0.0000000000e+00	0.0000000000e+00	0.0000000000e+00
9.3124465854e+04	3.1996471805e-14	0.0000000000e+00	0.0000000000e+00	0.0000000000e+00	0.0000000000e+00	0.0000000000e+00	0.0000000000e+00	0.0000000000e+00	0.0000000000e+00
9.3124949943e+04	3.1776331183e-14	0.0000000000e+00	0.0000000000e+00	0.0000000000e+00	0.0000000000e+00	0.0000000000e+00	0.0000000000e+00	0.0000000000e+00	0.0000000000e+00
9.3125439637e+04	3.1549952676e-14	0.0000000000e+00	0.0000000000e+00	0.0000000000e+00	0.0000000000e+00	0.0000000000e+00	0.0000000000e+00	0.0000000000e+00	0.0000000000e+00
9.3125935002e+04	3.2503280858e-14	0.0000000000e+00	0.0000000000e+00	0.0000000000e+00	0.0000000000e+00	0.0000000000e+00	0.0000000000e+00	0.0000000000e+00	0.0000000000e+00
9.3126436103e+04	3.2299518986e-14	0.0000000000e+00	0.0000000000e+00	0.0000000000e+00	0.0000000000e+00	0.0000000000e+00	0.0000000000e+00	0.0000000000e+00	0.0000000000e+00
9.3126943006e+04	3.2091779405e-14	0.0000000000e+00	0.0000000000e+00	0.0000000000e+00	0.0000000000e+00	0.0000000000e+00	0.0000000000e+00	0.0000000000e+00	0.0000000000e+00
9.3127455779e+04	3.1879329680e-14	0.0000000000e+00	0.0000000000e+00	0.0000000000e+00	0.0000000000e+00	0.0000000000e+00	0.0000000000e+00	0.0000000000e+00	0.0000000000e+00
9.3127974490e+04	3.1661533570e-14	0.0000000000e+00	0.0000000000e+00	0.0000000000e+00	0.0000000000e+00	0.0000000000e+00	0.0000000000e+00	0.0000000000e+00	0.0000000000e+00
9.3128499207e+04	3.2525579974e-14	0.0000000000e+00	0.0000000000e+00	0.0000000000e+00	0.0000000000e+00	0.0000000000e+00	0.0000000000e+00	0.0000000000e+00	0.0000000000e+00
9.3129030000e+04	3.2328680692e-14	0.0000000000e+00	0.0000000000e+00	0.0000000000e+00	0.0000000000e+00	0.0000000000e+00	0.0000000000e+00	0.0000000000e+00	0.0000000000e+00
9.3129566939e+04	3.2128903149e-14	0.0000000000e+00	0.0000000000e+00	0.0000000000e+00	0.0000000000e+00	0.0000000000e+00	0.0000000000e+00	0.0000000000e+00	0.0000000000e+00
9.3130110096e+04	3.1925452323e-14	0.0000000000e+00	0.0000000000e+00	0.0000000000e+00	0.0000000000e+00	0.0000000000e+00	0.0000000000e+00	0.0000000000e+00	0.0000000000e+00
9.3130659542e+04	3.1717614588e-14	0.0000000000e+00	0.0000000000e+00	0.0000000000e+00	0.0000000000e+00	0.0000000000e+00	0.0000000000e+00	0.0000000000e+00	0.0000000000e+00
9.3131215351e+04	3.1504804773e-14	0.0000000000e+00	0.0000000000e+00	0.0000000000e+00	0.0000000000e+00	0.0000000000e+00	0.0000000000e+00	0.0000000000e+00	0.0000000000e+00
9.3131777595e+04	3.1286634773e-14	0.0000000000e+00	0.0000000000e+00	0.0000000000e+00	0.0000000000e+00	0.0000000000e+00	0.0000000000e+00	0.0000000000e+00	0.0000000000e+00
9.3132346350e+04	3.1062956428e-14	0.0000000000e+00	0.0000000000e+00	0.0000000000e+00	0.0000000000e+00	0.0000000000e+00	0.0000000000e+00	0.0000000000e+00	0.0000000000e+00
9.3132921691e+04	3.0833928601e-14	0.0000000000e+00	0.0000000000e+00	0.0000000000e+00	0.0000000000e+00	0.0000000000e+00	0.0000000000e+00	0.0000000000e+00	0.0000000000e+00
9.3133503694e+04	3.0599962909e-14	0.0000000000e+00	0.0000000000e+00	0.0000000000e+00	0.0000000000e+00	0.0000000000e+00	0.0000000000e+00	0.0000000000e+00	0.0000000000e+00
9.3134092436e+04	3.1539612563e-14	0.0000000000e+00	0.0000000000e+00	0.0000000000e+00	0.0000000000e+00	0.0000000000e+00	0.0000000000e+00	0.0000000000e+00	0.0000000000e+00
9.3134687996e+04	3.1332473670e-14	0.0000000000e+00	0.0000000000e+00	0.0000000000e+00	0.0000000000e+00	0.0000000000e+00	0.0000000000e+00	0.0000000000e+00	0.0000000000e+00
9.3135290452e+04	3.1119713255e-14	0.0000000000e+00	0.0000000000e+00	0.0000000000e+00	0.0000000000e+00	0.0000000000e+00	0.0000000000e+00	0.0000000000e+00	0.0000000000e+00
9.3135899883e+04	3.0901263142e-14	0.0000000000e+00	0.0000000000e+00	0.0000000000e+00	0.0000000000e+00	0.0000000000e+00	0.0000000000e+00	0.0000000000e+00	0.0000000000e+00
9.3136516372e+04	3.0677367261e-14	0.0000000000e+00	0.0000000000e+00	0.0000000000e+00	0.0000000000e+00	0.0000000000e+00	0.0000000000e+00	0.0000000000e+00	0.0000000000e+00
9.3137140000e+04	3.1550078819e-14	0.0000000000e+00	0.0000000000e+00	0.0000000000e+00	0.0000000000e+00	0.0000000000e+00	0.0000000000e+00	0.0000000000e+00	0.0000000000e+00
9.3137770848e+04	3.1350700976e-14	0.0000000000e+00	0.0000000000e+00	0.0000000000e+00	0.0000000000e+00	0.0000000000e+00	0.0000000000e+00	0.0000000000e+00	0.0000000000e+00
9.3138409002e+04	3.1145027043e-14	0.0000000000e+00	0.0000000000e+00	0.0000000000e+00	0.0000000000e+00	0.0000000000e+00	0.0000000000e+00	0.0000000000e+00	0.0000000000e+00
9.3139054545e+04	3.0932912564e-14	0.0000000000e+00	0.0000000000e+00	0.0000000000e+00	0.0000000000e+00	0.0000000000e+00	0.0000000000e+00	0.0000000000e+00	0.0000000000e+00
9.3139707563e+04	3.1718371002e-14	0.0000000000e+00	0.0000000000e+00	0.0000000000e+00	0.0000000000e+00	0.0000000000e+00	0.0000000000e+00	0.0000000000e+00	0.0000000000e+00
9.3140368143e+04	3.1528406750e-14	0.0000000000e+00	0.0000000000e+00	0.0000000000e+00	0.0000000000e+00	0.0000000000e+00	0.0000000000e+00	0.0000000000e+00	0.0000000000e+00
9.3141036371e+04	3.1331845328e-14	0.0000000000e+00	0.0000000000e+00	0.0000000000e+00	0.0000000000e+00	0.0000000000e+00	0.0000000000e+00	0.0000000000e+00	0.0000000000e+00
9.3141712338e+04	3.1128296524e-14	0.0000000000e+00	0.0000000000e+00	0.0000000000e+00	0.0000000000e+00	0.0000000000e+00	0.0000000000e+00	0.0000000000e+00	0.0000000000e+00
9.3142396132e+04	3.0917727031e-14	0.0000000000e+00	0.0000000000e+00	0.0000000000e+00	0.0000000000e+00	0.0000000000e+00	0.0000000000e+00	0.0000000000e+00	0.0000000000e+00
9.3143087844e+04	3.1652871087e-14	0.0000000000e+00	0.0000000000e+00	0.0000000000e+00	0.0000000000e+00	0.0000000000e+00	0.0000000000e+00	0.0000000000e+00	0.0000000000e+00
9.3143787565e+04	3.1462498967e-14	0.0000000000e+00	0.0000000000e+00	0.0000000000e+00	0.0000000000e+00	0.0000000000e+00	0.0000000000e+00	0.0000000000e+00	0.0000000000e+00
9.3144495389e+04	3.1265237180e-14	0.0000000000e+00	0.0000000000e+00	0.0000000000e+00	0.0000000000e+00	0.0000000000e+00	0.0000000000e+00	0.0000000000e+00	0.0000000000e+00
9.3145211409e+04	3.1060910710e-14	0.0000000000e+00	0.0000000000e+00	0.0000000000e+00	0.0000000000e+00	0.0000000000e+00	0.0000000000e+00	0.0000000000e+00	0.0000000000e+00
9.3145935720e+04	3.0849744771e-14	0.0000000000e+00	0.0000000000e+00	0.0000000000e+00	0.0000000000e+00	0.0000000000e+00	0.0000000000e+00	0.0000000000e+00	0.0000000000e+00
9.3146668418e+04	3.0632349903e-14	0.0000000000e+00	0.0000000000e+00	0.0000000000e+00	0.0000000000e+00	0.0000000000e+00	0.0000000000e+00	0.0000000000e+00	0.0000000000e+00
9.3147409601e+04	3.0409699891e-14	0.0000000000e+00	0.0000000000e+00	0.0000000000e+00	0.0000000000e+00	0.0000000000e+00	0.0000000000e+00	0.0000000000e+00	0.0000000000e+00
9.3148159366e+04	3.0183045438e-14	0.0000000000e+00	0.0000000000e+00	0.0000000000e+00	0.0000000000e+00	0.0000000000e+00	0.0000000000e+00	0.0000000000e+00	0.0000000000e+00
9.3148917813e+04	3.0949650710e-14	0.0000000000e+00	0.0000000000e+00	0.0000000000e+00	0.0000000000e+00	0.0000000000e+00	0.0000000000e+00	0.0000000000e+00	0.0000000000e+00
9.3149685042e+04	3.0739678106e-14	0.0000000000e+00	0.0000000000e+00	0.0000000000e+00	0.0000000000e+00	0.0000000000e+00	0.0000000000e+00	0.0000000000e+00	0.0000000000e+00
9.3150461156e+04	3.0524623610e-14	0.0000000000e+00	0.0000000000e+00	0.0000000000e+00	0.0000000000e+00	0.0000000000e+00	0.0000000000e+00	0.0000000000e+00	0.0000000000e+00
9.3151246256e+04	3.0305612731e-14	0.0000000000e+00	0.0000000000e+00	0.0000000000e+00	0.0000000000e+00	0.0000000000e+00	0.0000000000e+00	0.0000000000e+00	0.0000000000e+00
9.3152040447e+04	3.1016380412e-14	0.0000000000e+00	0.0000000000e+00	0.0000000000e+00	0.0000000000e+00	0.0000000000e+00	0.0000000000e+00	0.0000000000e+00	0.0000000000e+00
9.3152843835e+04	3.0815707281e-14	0.0000000000e+00	0.0000000000e+00	0.0000000000e+00	0.0000000000e+00	0.0000000000e+00	0.0000000000e+00	0.0000000000e+00	0.0000000000e+00
9.3153656526e+04	3.0610078630e-14	0.0000000000e+00	0.0000000000e+00	0.0000000000e+00	0.0000000000e+00	0.0000000000e+00	0.0000000000e+00	0.0000000000e+00	0.0000000000e+00
9.3154478627e+04	3.0400357571e-14	0.0000000000e+00	0.0000000000e+00	0.0000000000e+00	0.0000000000e+00	0.0000000000e+00	0.0000000000e+00	0.0000000000e+00	0.0000000000e+00
9.3155310247e+04	3.1063760729e-14	0.0000000000e+00	0.0000000000e+00	0.0000000000e+00	0.0000000000e+00	0.0000000000e+00	0.0000000000e+00	0.0000000000e+00	0.0000000000e+00
9.3156151497e+04	3.0872551972e-14	0.0000000000e+00	0.0000000000e+00	0.0000000000e+00	0.0000000000e+00	0.0000000000e+00	0.0000000000e+00	0.0000000000e+00	0.0000000000e+00
9.3157002489e+04	3.0676012341e-14	0.0000000000e+00	0.0000000000e+00	0.0000000000e+00	0.0000000000e+00	0.0000000000e+00	0.0000000000e+00	0.0000000000e+00	0.0000000000e+00
9.3157863334e+04	3.0474720295e-14	0.0000000000e+00	0.0000000000e+00	0.0000000000e+00	0.0000000000e+00	0.0000000000e+00	0.0000000000e+00	0.0000000000e+00	0.0000000000e+00
9.3158734148e+04	3.1096198154e-14	0.0000000000e+00	0.0000000000e+00	0.0000000000e+00	0.0000000000e+00	0.0000000000e+00	0.0000000000e+00	0.0000000000e+00	0.0000000000e+00
9.3159615045e+04	3.0911987760e-14	0.0000000000e+00	0.0000000000e+00	0.0000000000e+00	0.0000000000e+00	0.0000000000e+00	0.0000000000e+00	0.0000000000e+00	0.0000000000e+00
9.3160506142e+04	3.0721597830e-14	0.0000000000e+00	0.0000000000e+00	0.0000000000e+00	0.0000000000e+00	0.0000000000e+00	0.0000000000e+00	0.0000000000e+00	0.0000000000e+00
9.3161407558e+04	3.0525468304e-14	0.0000000000e+00	0.0000000000e+00	0.0000000000e+00	0.0000000000e+00	0.0000000000e+00	0.0000000000e+00	0.0000000000e+00	0.0000000000e+00
9.3162319412e+04	3.0324403706e-14	0.0000000000e+00	0.0000000000e+00	0.0000000000e+00	0.0000000000e+00	0.0000000000e+00	0.0000000000e+00	0.0000000000e+00	0.0000000000e+00
9.3163241824e+04	3.0119483214e-14	0.0000000000e+00	0.0000000000e+00	0.0000000000e+00	0.0000000000e+00	0.0000000000e+00	0.0000000000e+00	0.0000000000e+00	0.0000000000e+00
9.3164174918e+04	2.9911923144e-14	0.0000000000e+00	0.0000000000e+00	0.0000000000e+00	0.0000000000e+00	0.0000000000e+00	0.0000000000e+00	0.0000000000e+00	0.0000000000e+00
9.3165118816e+04	2.9702929868e-14	0.0000000000e+00	0.0000000000e+00	0.0000000000e+00	0.0000000000e+00	0.0000000000e+00	0.0000000000e+00	0.0000000000e+00	0.0000000000e+00
9.3166073644e+04	3.0344087898e-14	0.0000000000e+00	0.0000000000e+00	0.0000000000e+00	0.0000000000e+00	0.0000000000e+00	0.0000000000e+00	0.0000000000e+00	0.0000000000e+00
9.3167039529e+04	3.0139821373e-14	0.0000000000e+00	0.0000000000e+00	0.0000000000e+00	0.0000000000e+00	0.0000000000e+00	0.0000000000e+00	0.0000000000e+00	0.0000000000e+00
9.3168016598e+04	2.9932771499e-14	0.0000000000e+00	0.0000000000e+00	0.0000000000e+00	0.0000000000e+00	0.0000000000e+00	0.0000000000e+00	0.0000000000e+00	0.0000000000e+00
9.3169004981e+04	2.9724394096e-14	0.0000000000e+00	0.0000000000e+00	0.0000000000e+00	0.0000000000e+00	0.0000000000e+00	0.0000000000e+00	0.0000000000e+00	0.0000000000e+00
9.3170004808e+04	3.0328073730e-14	0.0000000000e+00	0.0000000000e+00	0.0000000000e+00	0.0000000000e+00	0.0000000000e+00	0.0000000000e+00	0.0000000000e+00	0.0000000000e+00
9.3171016213e+04	3.0125167027e-14	0.0000000000e+00	0.0000000000e+00	0.0000000000e+00	0.0000000000e+00	0.0000000000e+00	0.0000000000e+00	0.0000000000e+00	0.0000000000e+00
9.3172039330e+04	2.9920246060e-14	0.0000000000e+00	0.0000000000e+00	0.0000000000e+00	0.0000000000e+00	0.0000000000e+00	0.0000000000e+00	0.0000000000e+00	0.0000000000e+00
9.3173074294e+04	3.0483544261e-14	0.0000000000e+00	0.0000000000e+00	0.0000000000e+00	0.0000000000e+00	0.0000000000e+00	0.0000000000e+00	0.0000000000e+00	0.0000000000e+00
9.3174121242e+04	3.0287571134e-14	0.0000000000e+00	0.0000000000e+00	0.0000000000e+00	0.0000000000e+00	0.0000000000e+00	0.0000000000e+00	0.0000000000e+00	0.0000000000e+00
9.3175180314e+04	3.0088971189e-14	0.0000000000e+00	0.0000000000e+00	0.0000000000e+00	0.0000000000e+00	0.0000000000e+00	0.0000000000e+00	0.0000000000e+00	0.0000000000e+00
9.3176251648e+04	2.9889307118e-14	0.0000000000e+00	0.0000000000e+00	0.0000000000e+00	0.0000000000e+00	0.0000000000e+00	0.0000000000e+00	0.0000000000e+00	0.0000000000e+00
9.3177335388e+04	3.0427804013e-14	0.0000000000e+00	0.0000000000e+00	0.0000000000e+00	0.0000000000e+00	0.0000000000e+00	0.0000000000e+00	0.0000000000e+00	0.0000000000e+00
9.3178431678e+04	3.0237415747e-14	0.0000000000e+00	0.0000000000e+00	0.0000000000e+00	0.0000000000e+00	0.0000000000e+00	0.0000000000e+00	0.0000000000e+00	0.0000000000e+00
9.3179540662e+04	3.0044892694e-14	0.0000000000e+00	0.0000000000e+00	0.0000000000e+00	0.0000000000e+00	0.0000000000e+00	0.0000000000e+00	0.0000000000e+00	0.0000000000e+00
9.3180662487e+04	2.9851564863e-14	0.0000000000e+00	0.0000000000e+00	0.0000000000e+00	0.0000000000e+00	0.0000000000e+00	0.0000000000e+00	0.0000000000e+00	0.0000000000e+00
9.3181797302e+04	2.9658584580e-14	0.0000000000e+00	0.0000000000e+00	0.0000000000e+00	0.0000000000e+00	0.0000000000e+00	0.0000000000e+00	0.0000000000e+00	0.0000000000e+00
9.3182945258e+04	2.9466778917e-14	0.0000000000e+00	0.0000000000e+00	0.0000000000e+00	0.0000000000e+00	0.0000000000e+00	0.0000000000e+00	0.0000000000e+00	0.0000000000e+00
9.3184106507e+04	2.9276523938e-14	0.0000000000e+00	0.0000000000e+00	0.0000000000e+00	0.0000000000e+00	0.0000000000e+00	0.0000000000e+00	0.0000000000e+00	0.0000000000e+00
9.3185281202e+04	2.9804638988e-14	0.0000000000e+00	0.0000000000e+00	0.0000000000e+00	0.0000000000e+00	0.0000000000e+00	0.0000000000e+00	0.0000000000e+00	0.0000000000e+00
9.3186469499e+04	2.9614782995e-14	0.0000000000e+00	0.0000000000e+00	0.0000000000e+00	0.0000000000e+00	0.0000000000e+00	0.0000000000e+00	0.0000000000e+00	0.0000000000e+00
9.3187671557e+04	2.9425329050e-14	0.0000000000e+00	0.0000000000e+00	0.0000000000e+00	0.0000000000e+00	0.0000000000e+00	0.0000000000e+00	0.0000000000e+00	0.0000000000e+00
9.3188887533e+04	2.9925586686e-14	0.0000000000e+00	0.0000000000e+00	0.0000000000e+00	0.0000000000e+00	0.0000000000e+00	0.0000000000e+00	0.0000000000e+00	0.0000000000e+00
9.3190117590e+04	2.9736078570e-14	0.0000000000e+00	0.0000000000e+00	0.0000000000e+00	0.0000000000e+00	0.0000000000e+00	0.0000000000e+00	0.0000000000e+00	0.0000000000e+00
9.3191361890e+04	2.9546177219e-14	0.0000000000e+00	0.0000000000e+00	0.0000000000e+00	0.0000000000e+00	0.0000000000e+00	0.0000000000e+00	0.0000000000e+00	0.0000000000e+00
9.3192620599e+04	3.0018822379e-14	0.0000000000e+00	0.0000000000e+00	0.0000000000e+00	0.0000000000e+00	0.0000000000e+00	0.0000000000e+00	0.0000000000e+00	0.0000000000e+00
9.3193893882e+04	2.9829682449e-14	0.0000000000e+00	0.0000000000e+00	0.0000000000e+00	0.0000000000e+00	0.0000000000e+00	0.0000000000e+00	0.0000000000e+00	0.0000000000e+00
9.3195181910e+04	2.9639957767e-14	0.0000000000e+00	0.0000000000e+00	0.0000000000e+00	0.0000000000e+00	0.0000000000e+00	0.0000000000e+00	0.0000000000e+00	0.0000000000e+00
9.3196484852e+04	2.9450898893e-14	0.0000000000e+00	0.0000000000e+00	0.0000000000e+00	0.0000000000e+00	0.0000000000e+00	0.0000000000e+00	0.0000000000e+00	0.0000000000e+00
9.3197802882e+04	2.9900404030e-14	0.0000000000e+00	0.0000000000e+00	0.0000000000e+00	0.0000000000e+00	0.0000000000e+00	0.0000000000e+00	0.0000000000e+00	0.0000000000e+00
9.3199136174e+04	2.9713127939e-14	0.0000000000e+00	0.0000000000e+00	0.0000000000e+00	0.0000000000e+00	0.0000000000e+00	0.0000000000e+00	0.0000000000e+00	0.0000000000e+00
9.3200484904e+04	2.9526921099e-14	0.0000000000e+00	0.0000000000e+00	0.0000000000e+00	0.0000000000e+00	0.0000000000e+00	0.0000000000e+00	0.0000000000e+00	0.0000000000e+00
9.3201849252e+04	2.9342730099e-14	0.0000000000e+00	0.0000000000e+00	0.0000000000e+00	0.0000000000e+00	0.0000000000e+00	0.0000000000e+00	0.0000000000e+00	0.0000000000e+00
9.3203229399e+04	2.9160894801e-14	0.0000000000e+00	0.0000000000e+00	0.0000000000e+00	0.0000000000e+00	0.0000000000e+00	0.0000000000e+00	0.0000000000e+00	0.0000000000e+00
9.3204625527e+04	2.8981134312e-14	0.0000000000e+00	0.0000000000e+00	0.0000000000e+00	0.0000000000e+00	0.0000000000e+00	0.0000000000e+00	0.0000000000e+00	0.0000000000e+00
9.3206037821e+04	2.9412477489e-14	0.0000000000e+00	0.0000000000e+00	0.0000000000e+00	0.0000000000e+00	0.0000000000e+00	0.0000000000e+00	0.0000000000e+00	0.0000000000e+00
9.3207466469e+04	2.9234903855e-14	0.0000000000e+00	0.0000000000e+00	0.0000000000e+00	0.0000000000e+00	0.0000000000e+00	0.0000000000e+00	0.0000000000e+00	0.0000000000e+00
9.3208911660e+04	2.9059103668e-14	0.0000000000e+00	0.0000000000e+00	0.0000000000e+00	0.0000000000e+00	0.0000000000e+00	0.0000000000e+00	0.0000000000e+00	0.0000000000e+00
9.3210373585e+04	2.9472265814e-14	0.0000000000e+00	0.0000000000e+00	0.0000000000e+00	0.0000000000e+00	0.0000000000e+00	0.0000000000e+00	0.0000000000e+00	0.0000000000e+00
9.3211852439e+04	2.9297007213e-14	0.0000000000e+00	0.0000000000e+00	0.0000000000e+00	0.0000000000e+00	0.0000000000e+00	0.0000000000e+00	0.0000000000e+00	0.0000000000e+00
9.3213348417e+04	2.9122717038e-14	0.0000000000e+00	0.0000000000e+00	0.0000000000e+00	0.0000000000e+00	0.0000000000e+00	0.0000000000e+00	0.0000000000e+00	0.0000000000e+00
9.3214861717e+04	2.9516360162e-14	0.0000000000e+00	0.0000000000e+00	0.0000000000e+00	0.0000000000e+00	0.0000000000e+00	0.0000000000e+00	0.0000000000e+00	0.0000000000e+00
9.3216392541e+04	2.9340948784e-14	0.0000000000e+00	0.0000000000e+00	0.0000000000e+00	0.0000000000e+00	0.0000000000e+00	0.0000000000e+00	0.0000000000e+00	0.0000000000e+00
9.3217941091e+04	2.9166033259e-14	0.0000000000e+00	0.0000000000e+00	0.0000000000e+00	0.0000000000e+00	0.0000000000e+00	0.0000000000e+00	0.0000000000e+00	0.0000000000e+00
9.3219507572e+04	2.9539851769e-14	0.0000000000e+00	0.0000000000e+00	0.0000000000e+00	0.0000000000e+00	0.0000000000e+00	0.0000000000e+00	0.0000000000e+00	0.0000000000e+00
9.3221092192e+04	2.9363637304e-14	0.0000000000e+00	0.0000000000e+00	0.0000000000e+00	0.0000000000e+00	0.0000000000e+00	0.0000000000e+00	0.0000000000e+00	0.0000000000e+00
9.3222695161e+04	2.9188376825e-14	0.0000000000e+00	0.0000000000e+00	0.0000000000e+00	0.0000000000e+00	0.0000000000e+00	0.0000000000e+00	0.0000000000e+00	0.0000000000e+00
9.3224316692e+04	2.9013942228e-14	0.0000000000e+00	0.0000000000e+00	0.0000000000e+00	0.0000000000e+00	0.0000000000e+00	0.0000000000e+00	0.0000000000e+00	0.0000000000e+00
9.3225956999e+04	2.8839737296e-14	0.0000000000e+00	0.0000000000e+00	0.0000000000e+00	0.0000000000e+00	0.0000000000e+00	0.0000000000e+00	0.0000000000e+00	0.0000000000e+00
9.3227616300e+04	2.9196370325e-14	0.0000000000e+00	0.0000000000e+00	0.0000000000e+00	0.0000000000e+00	0.0000000000e+00	0.0000000000e+00	0.0000000000e+00	0.0000000000e+00
9.3229294815e+04	2.9025033171e-14	0.0000000000e+00	0.0000000000e+00	0.0000000000e+00	0.0000000000e+00	0.0000000000e+00	0.0000000000e+00	0.0000000000e+00	0.0000000000e+00
9.3230992766e+04	2.8854737274e-14	0.0000000000e+00	0.0000000000e+00	0.0000000000e+00	0.0000000000e+00	0.0000000000e+00	0.0000000000e+00	0.0000000000e+00	0.0000000000e+00
9.3232710379e+04	2.9198432267e-14	0.0000000000e+00	0.0000000000e+00	0.0000000000e+00	0.0000000000e+00	0.0000000000e+00	0.0000000000e+00	0.0000000000e+00	0.0000000000e+00
9.3234447880e+04	2.9031558885e-14	0.0000000000e+00	0.0000000000e+00	0.0000000000e+00	0.0000000000e+00	0.0000000000e+00	0.0000000000e+00	0.0000000000e+00	0.0000000000e+00
9.3236205501e+04	2.8865507741e-14	0.0000000000e+00	0.0000000000e+00	0.0000000000e+00	0.0000000000e+00	0.0000000000e+00	0.0000000000e+00	0.0000000000e+00	0.0000000000e+00
9.3237983474e+04	2.9196609441e-14	0.0000000000e+00	0.0000000000e+00	0.0000000000e+00	0.0000000000e+00	0.0000000000e+00	0.0000000000e+00	0.0000000000e+00	0.0000000000e+00
9.3239782035e+04	2.9032563302e-14	0.0000000000e+00	0.0000000000e+00	0.0000000000e+00	0.0000000000e+00	0.0000000000e+00	0.0000000000e+00	0.0000000000e+00	0.0000000000e+00
9.3241601423e+04	2.8868279260e-14	0.0000000000e+00	0.0000000000e+00	0.0000000000e+00	0.0000000000e+00	0.0000000000e+00	0.0000000000e+00	0.0000000000e+00	0.0000000000e+00
9.3243441878e+04	2.9184855151e-14	0.0000000000e+00	0.0000000000e+00	0.0000000000e+00	0.0000000000e+00	0.0000000000e+00	0.0000000000e+00	0.0000000000e+00	0.0000000000e+00
9.3245303644e+04	2.9020735461e-14	0.0000000000e+00	0.0000000000e+00	0.0000000000e+00	0.0000000000e+00	0.0000000000e+00	0.0000000000e+00	0.0000000000e+00	0.0000000000e+00
9.3247186969e+04	2.8855637066e-14	0.0000000000e+00	0.0000000000e+00	0.0000000000e+00	0.0000000000e+00	0.0000000000e+00	0.0000000000e+00	0.0000000000e+00	0.0000000000e+00
9.3249092101e+04	2.8688221324e-14	0.0000000000e+00	0.0000000000e+00	0.0000000000e+00	0.0000000000e+00	0.0000000000e+00	0.0000000000e+00	0.0000000000e+00	0.0000000000e+00
9.3251019294e+04	2.8517173548e-14	0.0000000000e+00	0.0000000000e+00	0.0000000000e+00	0.0000000000e+00	0.0000000000e+00	0.0000000000e+00	0.0000000000e+00	0.0000000000e+00
9.3252968803e+04	2.8826391003e-14	0.0000000000e+00	0.0000000000e+00	0.0000000000e+00	0.0000000000e+00	0.0000000000e+00	0.0000000000e+00	0.0000000000e+00	0.0000000000e+00
9.3254940886e+04	2.8659148176e-14	0.0000000000e+00	0.0000000000e+00	0.0000000000e+00	0.0000000000e+00	0.0000000000e+00	0.0000000000e+00	0.0000000000e+00	0.0000000000e+00
9.3256935804e+04	2.8489056107e-14	0.0000000000e+00	0.0000000000e+00	0.0000000000e+00	0.0000000000e+00	0.0000000000e+00	0.0000000000e+00	0.0000000000e+00	0.0000000000e+00
9.3258953823e+04	2.8788237544e-14	0.0000000000e+00	0.0000000000e+00	0.0000000000e+00	0.0000000000e+00	0.0000000000e+00	0.0000000000e+00	0.0000000000e+00	0.0000000000e+00
9.3260995209e+04	2.8623930994e-14	0.0000000000e+00	0.0000000000e+00	0.0000000000e+00	0.0000000000e+00	0.0000000000e+00	0.0000000000e+00	0.0000000000e+00	0.0000000000e+00
9.3263060234e+04	2.8908143339e-14	0.0000000000e+00	0.0000000000e+00	0.0000000000e+00	0.0000000000e+00	0.0000000000e+00	0.0000000000e+00	0.0000000000e+00	0.0000000000e+00
9.3265149170e+04	2.8748780659e-14	0.0000000000e+00	0.0000000000e+00	0.0000000000e+00	0.0000000000e+00	0.0000000000e+00	0.0000000000e+00	0.0000000000e+00	0.0000000000e+00
9.3267262295e+04	2.8587480974e-14	0.0000000000e+00	0.0000000000e+00	0.0000000000e+00	0.0000000000e+00	0.0000000000e+00	0.0000000000e+00	0.0000000000e+00	0.0000000000e+00
9.3269399889e+04	2.8863721631e-14	0.0000000000e+00	0.0000000000e+00	0.0000000000e+00	0.0000000000e+00	0.0000000000e+00	0.0000000000e+00	0.0000000000e+00	0.0000000000e+00
9.3271562235e+04	2.8705780923e-14	0.0000000000e+00	0.0000000000e+00	0.0000000000e+00	0.0000000000e+00	0.0000000000e+00	0.0000000000e+00	0.0000000000e+00	0.0000000000e+00
9.3273749620e+04	2.8544283180e-14	0.0000000000e+00	0.0000000000e+00	0.0000000000e+00	0.0000000000e+00	0.0000000000e+00	0.0000000000e+00	0.0000000000e+00	0.0000000000e+00
9.3275962333e+04	2.8377627996e-14	0.0000000000e+00	0.0000000000e+00	0.0000000000e+00	0.0000000000e+00	0.0000000000e+00	0.0000000000e+00	0.0000000000e+00	0.0000000000e+00
9.3278200669e+04	2.8204989695e-14	0.0000000000e+00	0.0000000000e+00	0.0000000000e+00	0.0000000000e+00	0.0000000000e+00	0.0000000000e+00	0.0000000000e+00	0.0000000000e+00
9.3280464923e+04	2.8486727739e-14	0.0000000000e+00	0.0000000000e+00	0.0000000000e+00	0.0000000000e+00	0.0000000000e+00	0.0000000000e+00	0.0000000000e+00	0.0000000000e+00
9.3282755396e+04	2.8317426108e-14	0.0000000000e+00	0.0000000000e+00	0.0000000000e+00	0.0000000000e+00	0.0000000000e+00	0.0000000000e+00	0.0000000000e+00	0.0000000000e+00
9.3285072391e+04	2.8582072486e-14	0.0000000000e+00	0.0000000000e+00	0.0000000000e+00	0.0000000000e+00	0.0000000000e+00	0.0000000000e+00	0.0000000000e+00	0.0000000000e+00
9.3287416216e+04	2.8417210821e-14	0.0000000000e+00	0.0000000000e+00	0.0000000000e+00	0.0000000000e+00	0.0000000000e+00	0.0000000000e+00	0.0000000000e+00	0.0000000000e+00
9.3289787182e+04	2.8667902973e-14	0.0000000000e+00	0.0000000000e+00	0.0000000000e+00	0.0000000000e+00	0.0000000000e+00	0.0000000000e+00	0.0000000000e+00	0.0000000000e+00
9.3292185601e+04	2.8508479795e-14	0.0000000000e+00	0.0000000000e+00	0.0000000000e+00	0.0000000000e+00	0.0000000000e+00	0.0000000000e+00	0.0000000000e+00	0.0000000000e+00
9.3294611794e+04	2.8345445455e-14	0.0000000000e+00	0.0000000000e+00	0.0000000000e+00	0.0000000000e+00	0.0000000000e+00	0.0000000000e+00	0.0000000000e+00	0.0000000000e+00
9.3297066080e+04	2.8593539810e-14	0.0000000000e+00	0.0000000000e+00	0.0000000000e+00	0.0000000000e+00	0.0000000000e+00	0.0000000000e+00	0.0000000000e+00	0.0000000000e+00
9.3299548785e+04	2.8435845420e-14	0.0000000000e+00	0.0000000000e+00	0.0000000000e+00	0.0000000000e+00	0.0000000000e+00	0.0000000000e+00	0.0000000000e+00	0.0000000000e+00
9.3302060239e+04	2.8273279864e-14	0.0000000000e+00	0.0000000000e+00	0.0000000000e+00	0.0000000000e+00	0.0000000000e+00	0.0000000000e+00	0.0000000000e+00	0.0000000000e+00
9.3304600774e+04	2.8105245545e-14	0.0000000000e+00	0.0000000000e+00	0.0000000000e+00	0.0000000000e+00	0.0000000000e+00	0.0000000000e+00	0.0000000000e+00	0.0000000000e+00
9.3307170727e+04	2.8357375931e-14	0.0000000000e+00	0.0000000000e+00	0.0000000000e+00	0.0000000000e+00	0.0000000000e+00	0.0000000000e+00	0.0000000000e+00	0.0000000000e+00
9.3309770439e+04	2.8191366794e-14	0.0000000000e+00	0.0000000000e+00	0.0000000000e+00	0.0000000000e+00	0.0000000000e+00	0.0000000000e+00	0.0000000000e+00	0.0000000000e+00
9.3312400253e+04	2.8019634521e-14	0.0000000000e+00	0.0000000000e+00	0.0000000000e+00	0.0000000000e+00	0.0000000000e+00	0.0000000000e+00	0.0000000000e+00	0.0000000000e+00
9.3315060520e+04	2.8264713872e-14	0.0000000000e+00	0.0000000000e+00	0.0000000000e+00	0.0000000000e+00	0.0000000000e+00	0.0000000000e+00	0.0000000000e+00	0.0000000000e+00
9.3317751591e+04	2.8095237590e-14	0.0000000000e+00	0.0000000000e+00	0.0000000000e+00	0.0000000000e+00	0.0000000000e+00	0.0000000000e+00	0.0000000000e+00	0.0000000000e+00
9.3320473824e+04	2.8328377988e-14	0.0000000000e+00	0.0000000000e+00	0.0000000000e+00	0.0000000000e+00	0.0000000000e+00	0.0000000000e+00	0.0000000000e+00	0.0000000000e+00
9.3323227578e+04	2.8163061603e-14	0.0000000000e+00	0.0000000000e+00	0.0000000000e+00	0.0000000000e+00	0.0000000000e+00	0.0000000000e+00	0.0000000000e+00	0.0000000000e+00
9.3326013219e+04	2.8386640072e-14	0.0000000000e+00	0.0000000000e+00	0.0000000000e+00	0.0000000000e+00	0.0000000000e+00	0.0000000000e+00	0.0000000000e+00	0.0000000000e+00
9.3328831117e+04	2.8226520771e-14	0.0000000000e+00	0.0000000000e+00	0.0000000000e+00	0.0000000000e+00	0.0000000000e+00	0.0000000000e+00	0.0000000000e+00	0.0000000000e+00
9.3331681644e+04	2.8062291145e-14	0.0000000000e+00	0.0000000000e+00	0.0000000000e+00	0.0000000000e+00	0.0000000000e+00	0.0000000000e+00	0.0000000000e+00	0.0000000000e+00
9.3334565179e+04	2.7894827136e-14	0.0000000000e+00	0.0000000000e+00	0.0000000000e+00	0.0000000000e+00	0.0000000000e+00	0.0000000000e+00	0.0000000000e+00	0.0000000000e+00
9.3337482103e+04	2.8124427310e-14	0.0000000000e+00	0.0000000000e+00	0.0000000000e+00	0.0000000000e+00	0.0000000000e+00	0.0000000000e+00	0.0000000000e+00	0.0000000000e+00
9.3340432804e+04	2.7958419093e-14	0.0000000000e+00	0.0000000000e+00	0.0000000000e+00	0.0000000000e+00	0.0000000000e+00	0.0000000000e+00	0.0000000000e+00	0.0000000000e+00
9.3343417672e+04	2.7789013976e-14	0.0000000000e+00	0.0000000000e+00	0.0000000000e+00	0.0000000000e+00	0.0000000000e+00	0.0000000000e+00	0.0000000000e+00	0.0000000000e+00
9.3346437104e+04	2.8011020979e-14	0.0000000000e+00	0.0000000000e+00	0.0000000000e+00	0.0000000000e+00	0.0000000000e+00	0.0000000000e+00	0.0000000000e+00	0.0000000000e+00
9.3349491499e+04	2.7841277179e-14	0.0000000000e+00	0.0000000000e+00	0.0000000000e+00	0.0000000000e+00	0.0000000000e+00	0.0000000000e+00	0.0000000000e+00	0.0000000000e+00
9.3352581262e+04	2.8053407943e-14	0.0000000000e+00	0.0000000000e+00	0.0000000000e+00	0.0000000000e+00	0.0000000000e+00	0.0000000000e+00	0.0000000000e+00	0.0000000000e+00
9.3355706803e+04	2.7885070235e-14	0.0000000000e+00	0.0000000000e+00	0.0000000000e+00	0.0000000000e+00	0.0000000000e+00	0.0000000000e+00	0.0000000000e+00	0.0000000000e+00
9.3358868536e+04	2.8089792038e-14	0.0000000000e+00	0.0000000000e+00	0.0000000000e+00	0.0000000000e+00	0.0000000000e+00	0.0000000000e+00	0.0000000000e+00	0.0000000000e+00
9.3362066880e+04	2.7924867438e-14	0.0000000000e+00	0.0000000000e+00	0.0000000000e+00	0.0000000000e+00	0.0000000000e+00	0.0000000000e+00	0.0000000000e+00	0.0000000000e+00
9.3365302259e+04	2.7759135882e-14	0.0000000000e+00	0.0000000000e+00	0.0000000000e+00	0.0000000000e+00	0.0000000000e+00	0.0000000000e+00	0.0000000000e+00	0.0000000000e+00
9.3368575102e+04	2.7594263590e-14	0.0000000000e+00	0.0000000000e+00	0.0000000000e+00	0.0000000000e+00	0.0000000000e+00	0.0000000000e+00	0.0000000000e+00	0.0000000000e+00
9.3371885843e+04	2.7798885310e-14	0.0000000000e+00	0.0000000000e+00	0.0000000000e+00	0.0000000000e+00	0.0000000000e+00	0.0000000000e+00	0.0000000000e+00	0.0000000000e+00
9.3375234921e+04	2.7634822396e-14	0.0000000000e+00	0.0000000000e+00	0.0000000000e+00	0.0000000000e+00	0.0000000000e+00	0.0000000000e+00	0.0000000000e+00	0.0000000000e+00
9.3378622779e+04	2.7831281520e-14	0.0000000000e+00	0.0000000000e+00	0.0000000000e+00	0.0000000000e+00	0.0000000000e+00	0.0000000000e+00	0.0000000000e+00	0.0000000000e+00
9.3382049866e+04	2.7666219568e-14	0.0000000000e+00	0.0000000000e+00	0.0000000000e+00	0.0000000000e+00	0.0000000000e+00	0.0000000000e+00	0.0000000000e+00	0.0000000000e+00
9.3385516637e+04	2.7853961704e-14	0.0000000000e+00	0.0000000000e+00	0.0000000000e+00	0.0000000000e+00	0.0000000000e+00	0.0000000000e+00	0.0000000000e+00	0.0000000000e+00
9.3389023552e+04	2.7688433255e-14	0.0000000000e+00	0.0000000000e+00	0.0000000000e+00	0.0000000000e+00	0.0000000000e+00	0.0000000000e+00	0.0000000000e+00	0.0000000000e+00
9.3392571075e+04	2.7869374508e-14	0.0000000000e+00	0.0000000000e+00	0.0000000000e+00	0.0000000000e+00	0.0000000000e+00	0.0000000000e+00	0.0000000000e+00	0.0000000000e+00
9.3396159676e+04	2.7705677294e-14	0.0000000000e+00	0.0000000000e+00	0.0000000000e+00	0.0000000000e+00	0.0000000000e+00	0.0000000000e+00	0.0000000000e+00	0.0000000000e+00
9.3399789831e+04	2.7543820371e-14	0.0000000000e+00	0.0000000000e+00	0.0000000000e+00	0.0000000000e+00	0.0000000000e+00	0.0000000000e+00	0.0000000000e+00	0.0000000000e+00
9.3403462021e+04	2.7384406408e-14	0.0000000000e+00	0.0000000000e+00	0.0000000000e+00	0.0000000000e+00	0.0000000000e+00	0.0000000000e+00	0.0000000000e+00	0.0000000000e+00
9.3407176734e+04	2.7562280962e-14	0.0000000000e+00	0.0000000000e+00	0.0000000000e+00	0.0000000000e+00	0.0000000000e+00	0.0000000000e+00	0.0000000000e+00	0.0000000000e+00
9.3410934460e+04	2.7734853039e-14	0.0000000000e+00	0.0000000000e+00	0.0000000000e+00	0.0000000000e+00	0.0000000000e+00	0.0000000000e+00	0.0000000000e+00	0.0000000000e+00
9.3414735699e+04	2.7575884667e-14	0.0000000000e+00	0.0000000000e+00	0.0000000000e+00	0.0000000000e+00	0.0000000000e+00	0.0000000000e+00	0.0000000000e+00	0.0000000000e+00
9.3418580955e+04	2.7741225471e-14	0.0000000000e+00	0.0000000000e+00	0.0000000000e+00	0.0000000000e+00	0.0000000000e+00	0.0000000000e+00	0.0000000000e+00	0.0000000000e+00
9.3422470736e+04	2.7581229924e-14	0.0000000000e+00	0.0000000000e+00	0.0000000000e+00	0.0000000000e+00	0.0000000000e+00	0.0000000000e+00	0.0000000000e+00	0.0000000000e+00
9.3426405559e+04	2.7739555237e-14	0.0000000000e+00	0.0000000000e+00	0.0000000000e+00	0.0000000000e+00	0.0000000000e+00	0.0000000000e+00	0.0000000000e+00	0.0000000000e+00
9.3430385945e+04	2.7579980961e-14	0.0000000000e+00	0.0000000000e+00	0.0000000000e+00	0.0000000000e+00	0.0000000000e+00	0.0000000000e+00	0.0000000000e+00	0.0000000000e+00
9.3434412422e+04	2.7422461943e-14	0.0000000000e+00	0.0000000000e+00	0.0000000000e+00	0.0000000000e+00	0.0000000000e+00	0.0000000000e+00	0.0000000000e+00	0.0000000000e+00
9.3438485523e+04	2.7266747527e-14	0.0000000000e+00	0.0000000000e+00	0.0000000000e+00	0.0000000000e+00	0.0000000000e+00	0.0000000000e+00	0.0000000000e+00	0.0000000000e+00
9.3442605788e+04	2.7422503418e-14	0.0000000000e+00	0.0000000000e+00	0.0000000000e+00	0.0000000000e+00	0.0000000000e+00	0.0000000000e+00	0.0000000000e+00	0.0000000000e+00
9.3446773764e+04	2.7269264340e-14	0.0000000000e+00	0.0000000000e+00	0.0000000000e+00	0.0000000000e+00	0.0000000000e+00	0.0000000000e+00	0.0000000000e+00	0.0000000000e+00
9.3450990002e+04	2.7420612282e-14	0.0000000000e+00	0.0000000000e+00	0.0000000000e+00	0.0000000000e+00	0.0000000000e+00	0.0000000000e+00	0.0000000000e+00	0.0000000000e+00
9.3455255063e+04	2.7566094713e-14	0.0000000000e+00	0.0000000000e+00	0.0000000000e+00	0.0000000000e+00	0.0000000000e+00	0.0000000000e+00	0.0000000000e+00	0.0000000000e+00
9.3459569510e+04	2.7412440211e-14	0.0000000000e+00	0.0000000000e+00	0.0000000000e+00	0.0000000000e+00	0.0000000000e+00	0.0000000000e+00	0.0000000000e+00	0.0000000000e+00
9.3463933917e+04	2.7551490886e-14	0.0000000000e+00	0.0000000000e+00	0.0000000000e+00	0.0000000000e+00	0.0000000000e+00	0.0000000000e+00	0.0000000000e+00	0.0000000000e+00
9.3468348861e+04	2.7397749371e-14	0.0000000000e+00	0.0000000000e+00	0.0000000000e+00	0.0000000000e+00	0.0000000000e+00	0.0000000000e+00	0.0000000000e+00	0.0000000000e+00
9.3472814927e+04	2.7244485882e-14	0.0000000000e+00	0.0000000000e+00	0.0000000000e+00	0.0000000000e+00	0.0000000000e+00	0.0000000000e+00	0.0000000000e+00	0.0000000000e+00
9.3477332708e+04	2.7090204256e-14	0.0000000000e+00	0.0000000000e+00	0.0000000000e+00	0.0000000000e+00	0.0000000000e+00	0.0000000000e+00	0.0000000000e+00	0.0000000000e+00
9.3481902803e+04	2.7230194287e-14	0.0000000000e+00	0.0000000000e+00	0.0000000000e+00	0.0000000000e+00	0.0000000000e+00	0.0000000000e+00	0.0000000000e+00	0.0000000000e+00
9.3486525817e+04	2.7364132613e-14	0.0000000000e+00	0.0000000000e+00	0.0000000000e+00	0.0000000000e+00	0.0000000000e+00	0.0000000000e+00	0.0000000000e+00	0.0000000000e+00
9.3491202362e+04	2.7214306308e-14	0.0000000000e+00	0.0000000000e+00	0.0000000000e+00	0.0000000000e+00	0.0000000000e+00	0.0000000000e+00	0.0000000000e+00	0.0000000000e+00
9.3495933060e+04	2.7343561788e-14	0.0000000000e+00	0.0000000000e+00	0.0000000000e+00	0.0000000000e+00	0.0000000000e+00	0.0000000000e+00	0.0000000000e+00	0.0000000000e+00
9.3500718537e+04	2.7192396067e-14	0.0000000000e+00	0.0000000000e+00	0.0000000000e+00	0.0000000000e+00	0.0000000000e+00	0.0000000000e+00	0.0000000000e+00	0.0000000000e+00
9.3505559426e+04	2.7316338489e-14	0.0000000000e+00	0.0000000000e+00	0.0000000000e+00	0.0000000000e+00	0.0000000000e+00	0.0000000000e+00	0.0000000000e+00	0.0000000000e+00
9.3510456371e+04	2.7164543956e-14	0.0000000000e+00	0.0000000000e+00	0.0000000000e+00	0.0000000000e+00	0.0000000000e+00	0.0000000000e+00	0.0000000000e+00	0.0000000000e+00
9.3515410019e+04	2.7009765146e-14	0.0000000000e+00	0.0000000000e+00	0.0000000000e+00	0.0000000000e+00	0.0000000000e+00	0.0000000000e+00	0.0000000000e+00	0.0000000000e+00
9.3520421028e+04	2.7135331404e-14	0.0000000000e+00	0.0000000000e+00	0.0000000000e+00	0.0000000000e+00	0.0000000000e+00	0.0000000000e+00	0.0000000000e+00	0.0000000000e+00
9.3525490062e+04	2.6981894070e-14	0.0000000000e+00	0.0000000000e+00	0.0000000000e+00	0.0000000000e+00	0.0000000000e+00	0.0000000000e+00	0.0000000000e+00	0.0000000000e+00
9.3530617793e+04	2.7105562146e-14	0.0000000000e+00	0.0000000000e+00	0.0000000000e+00	0.0000000000e+00	0.0000000000e+00	0.0000000000e+00	0.0000000000e+00	0.0000000000e+00
9.3535804899e+04	2.7222114312e-14	0.0000000000e+00	0.0000000000e+00	0.0000000000e+00	0.0000000000e+00	0.0000000000e+00	0.0000000000e+00	0.0000000000e+00	0.0000000000e+00
9.3541052070e+04	2.7070789950e-14	0.0000000000e+00	0.0000000000e+00	0.0000000000e+00	0.0000000000e+00	0.0000000000e+00	0.0000000000e+00	0.0000000000e+00	0.0000000000e+00
9.3546360000e+04	2.7182978259e-14	0.0000000000e+00	0.0000000000e+00	0.0000000000e+00	0.0000000000e+00	0.0000000000e+00	0.0000000000e+00	0.0000000000e+00	0.0000000000e+00
9.3551729393e+04	2.7029957323e-14	0.0000000000e+00	0.0000000000e+00	0.0000000000e+00	0.0000000000e+00	0.0000000000e+00	0.0000000000e+00	0.0000000000e+00	0.0000000000e+00
9.3557160961e+04	2.6872805749e-14	0.0000000000e+00	0.0000000000e+00	0.0000000000e+00	0.0000000000e+00	0.0000000000e+00	0.0000000000e+00	0.0000000000e+00	0.0000000000e+00
9.3562655423e+04	2.6987656418e-14	0.0000000000e+00	0.0000000000e+00	0.0000000000e+00	0.0000000000e+00	0.0000000000e+00	0.0000000000e+00	0.0000000000e+00	0.0000000000e+00
9.3568213508e+04	2.7097324279e-14	0.0000000000e+00	0.0000000000e+00	0.0000000000e+00	0.0000000000e+00	0.0000000000e+00	0.0000000000e+00	0.0000000000e+00	0.0000000000e+00
9.3573835952e+04	2.6945028034e-14	0.0000000000e+00	0.0000000000e+00	0.0000000000e+00	0.0000000000e+00	0.0000000000e+00	0.0000000000e+00	0.0000000000e+00	0.0000000000e+00
9.3579523502e+04	2.7052273932e-14	0.0000000000e+00	0.0000000000e+00	0.0000000000e+00	0.0000000000e+00	0.0000000000e+00	0.0000000000e+00	0.0000000000e+00	0.0000000000e+00
9.3585276910e+04	2.7152915499e-14	0.0000000000e+00	0.0000000000e+00	0.0000000000e+00	0.0000000000e+00	0.0000000000e+00	0.0000000000e+00	0.0000000000e+00	0.0000000000e+00
9.3591096940e+04	2.7001032643e-14	0.0000000000e+00	0.0000000000e+00	0.0000000000e+00	0.0000000000e+00	0.0000000000e+00	0.0000000000e+00	0.0000000000e+00	0.0000000000e+00
9.3596984362e+04	2.6844586000e-14	0.0000000000e+00	0.0000000000e+00	0.0000000000e+00	0.0000000000e+00	0.0000000000e+00	0.0000000000e+00	0.0000000000e+00	0.0000000000e+00
9.3602939957e+04	2.6946743741e-14	0.0000000000e+00	0.0000000000e+00	0.0000000000e+00	0.0000000000e+00	0.0000000000e+00	0.0000000000e+00	0.0000000000e+00	0.0000000000e+00
9.3608964515e+04	2.6791291515e-14	0.0000000000e+00	0.0000000000e+00	0.0000000000e+00	0.0000000000e+00	0.0000000000e+00	0.0000000000e+00	0.0000000000e+00	0.0000000000e+00
9.3615058834e+04	2.6892803102e-14	0.0000000000e+00	0.0000000000e+00	0.0000000000e+00	0.0000000000e+00	0.0000000000e+00	0.0000000000e+00	0.0000000000e+00	0.0000000000e+00
9.3621223722e+04	2.6989578831e-14	0.0000000000e+00	0.0000000000e+00	0.0000000000e+00	0.0000000000e+00	0.0000000000e+00	0.0000000000e+00	0.0000000000e+00	0.0000000000e+00
9.3627459996e+04	2.6835359485e-14	0.0000000000e+00	0.0000000000e+00	0.0000000000e+00	0.0000000000e+00	0.0000000000e+00	0.0000000000e+00	0.0000000000e+00	0.0000000000e+00
9.3633768483e+04	2.6928425884e-14	0.0000000000e+00	0.0000000000e+00	0.0000000000e+00	0.0000000000e+00	0.0000000000e+00	0.0000000000e+00	0.0000000000e+00	0.0000000000e+00
9.3638930000e+04	2.6802139141e-14	0.0000000000e+00	0.0000000000e+00	0.0000000000e+00	0.0000000000e+00	0.0000000000e+00	0.0000000000e+00	0.0000000000e+00	0.0000000000e+00
9.3640150018e+04	2.6772304848e-14	4.2423189881e-20	0.0000000000e+00	9.2839454805e-23	6.3453004004e-14	0.0000000000e+00	0.0000000000e+00	0.0000000000e+00	0.0000000000e+00
9.3645371303e+04	2.6645656084e-14	3.6457269321e-20	0.0000000000e+00	4.1732291098e-22	4.3916994858e-14	0.0000000000e+00	0.0000000000e+00	0.0000000000e+00	0.0000000000e+00
9.3646605448e+04	2.6616084776e-14	3.3780330874e-20	0.0000000000e+00	4.5975934484e-22	4.2881511451e-14	0.0000000000e+00	0.0000000000e+00	0.0000000000e+00	0.0000000000e+00
9.3651887193e+04	2.6738073810e-14	2.8732659442e-20	0.0000000000e+00	6.5403517824e-22	3.9954301168e-14	0.0000000000e+00	0.0000000000e+00	0.0000000000e+00	0.0000000000e+00
9.3653135629e+04	2.6708671863e-14	2.9421756334e-20	0.0000000000e+00	7.3264226288e-22	3.9428461345e-14	0.0000000000e+00	0.0000000000e+00	0.0000000000e+00	0.0000000000e+00
9.3658478533e+04	2.6828156620e-14	4.0962625527e-20	0.0000000000e+00	1.3906451309e-21	3.7958451528e-14	0.0000000000e+00	0.0000000000e+00	0.0000000000e+00	0.0000000000e+00
9.3659741425e+04	2.6798957764e-14	4.4660279898e-20	0.0000000000e+00	1.6105943562e-21	3.7736341777e-14	0.0000000000e+00	0.0000000000e+00	0.0000000000e+00	0.0000000000e+00
9.3665146197e+04	2.6674538838e-14	5.7816786886e-20	0.0000000000e+00	2.6021840623e-21	3.6866781073e-14	0.0000000000e+00	0.0000000000e+00	0.0000000000e+00	0.0000000000e+00
9.3666423713e+04	2.6645336049e-14	5.9853243535e-20	0.0000000000e+00	2.8189280848e-21	3.6664319031e-14	0.0000000000e+00	0.0000000000e+00	0.0000000000e+00	0.0000000000e+00
9.3671891070e+04	2.6761285812e-14	6.4938530373e-20	0.0000000000e+00	3.6326044843e-21	3.5940607085e-14	0.0000000000e+00	0.0000000000e+00	0.0000000000e+00	0.0000000000e+00
9.3673183379e+04	2.6731877532e-14	6.5606153501e-20	0.0000000000e+00	3.8054927204e-21	3.5814164608e-14	0.0000000000e+00	0.0000000000e+00	0.0000000000e+00	0.0000000000e+00
9.3678714044e+04	2.6844100392e-14	6.7266410350e-20	0.0000000000e+00	4.4897435917e-21	3.5378621135e-14	0.0000000000e+00	0.0000000000e+00	0.0000000000e+00	0.0000000000e+00
9.3680021317e+04	2.6814673609e-14	6.7454397213e-20	0.0000000000e+00	4.6400561061e-21	3.5280712066e-14	0.0000000000e+00	0.0000000000e+00	0.0000000000e+00	0.0000000000e+00
9.3685616024e+04	2.6689384261e-14	6.7977450137e-20	0.0000000000e+00	5.2633969497e-21	3.4850578696e-14	0.0000000000e+00	0.0000000000e+00	0.0000000000e+00	0.0000000000e+00
9.3686938435e+04	2.6660073090e-14	6.8083954926e-20	0.0000000000e+00	5.4091027345e-21	3.4754677217e-14	0.0000000000e+00	0.0000000000e+00	0.0000000000e+00	0.0000000000e+00
9.3692597926e+04	2.6536604266e-14	6.7701397755e-20	0.0000000000e+00	5.9569891629e-21	3.4419075838e-14	0.0000000000e+00	0.0000000000e+00	0.0000000000e+00	0.0000000000e+00
9.3693935650e+04	2.6507923839e-14	6.7167522062e-20	0.0000000000e+00	6.0440706082e-21	3.4356367671e-14	0.0000000000e+00	0.0000000000e+00	0.0000000000e+00	0.0000000000e+00
9.3699660674e+04	2.6617485731e-14	6.2086132388e-20	0.0000000000e+00	6.1110673814e-21	3.4110471196e-14	0.0000000000e+00	0.0000000000e+00	0.0000000000e+00	0.0000000000e+00
9.3701013888e+04	2.6588852877e-14	6.0291750648e-20	0.0000000000e+00	6.0534046479e-21	3.4051043847e-14	0.0000000000e+00	0.0000000000e+00	0.0000000000e+00	0.0000000000e+00
9.3706805206e+04	2.6696756071e-14	5.1130918631e-20	0.0000000000e+00	5.5604394334e-21	3.3789607556e-14	0.0000000000e+00	0.0000000000e+00	0.0000000000e+00	0.0000000000e+00
9.3708174089e+04	2.6668052210e-14	4.8776519328e-20	0.0000000000e+00	5.3995356619e-21	3.3730842044e-14	0.0000000000e+00	0.0000000000e+00	0.0000000000e+00	0.0000000000e+00
9.3714032466e+04	2.6546718902e-14	3.8709324903e-20	0.0000000000e+00	4.6045178224e-21	3.3517149786e-14	0.0000000000e+00	0.0000000000e+00	0.0000000000e+00	0.0000000000e+00
9.3715417200e+04	2.6518384397e-14	3.6440657658e-20	0.0000000000e+00	4.4049184812e-21	3.3475226968e-14	0.0000000000e+00	0.0000000000e+00	0.0000000000e+00	0.0000000000e+00
9.3721343415e+04	2.6622095628e-14	2.7840378884e-20	0.0000000000e+00	3.5924225454e-21	3.3308960386e-14	0.0000000000e+00	0.0000000000e+00	0.0000000000e+00	0.0000000000e+00
9.3722744183e+04	2.6593447072e-14	2.6146834590e-20	0.0000000000e+00	3.4237302666e-21	3.3269007518e-14	0.0000000000e+00	0.0000000000e+00	0.0000000000e+00	0.0000000000e+00
9.3728739020e+04	2.6694511372e-14	2.0665726151e-20	0.0000000000e+00	2.8726650507e-21	3.3090545080e-14	0.0000000000e+00	0.0000000000e+00	0.0000000000e+00	0.0000000000e+00
9.3730156009e+04	2.6665658125e-14	1.9804980647e-20	0.0000000000e+00	2.7903327867e-21	3.3048929505e-14	0.0000000000e+00	0.0000000000e+00	0.0000000000e+00	0.0000000000e+00
9.3736220263e+04	2.6544128088e-14	1.7880672385e-20	0.0000000000e+00	2.6617519695e-21	3.2890959752e-14	0.0000000000e+00	0.0000000000e+00	0.0000000000e+00	0.0000000000e+00
9.3737653659e+04	2.6515896687e-14	1.7780626664e-20	0.0000000000e+00	2.6799778992e-21	3.2859294444e-14	0.0000000000e+00	0.0000000000e+00	0.0000000000e+00	0.0000000000e+00
9.3743788134e+04	2.6396917797e-14	1.8278959908e-20	0.0000000000e+00	2.8991318470e-21	3.2738402077e-14	0.0000000000e+00	0.0000000000e+00	0.0000000000e+00	0.0000000000e+00
9.3745238129e+04	2.6369114753e-14	1.8520595391e-20	0.0000000000e+00	2.9715587505e-21	3.2710598803e-14	0.0000000000e+00	0.0000000000e+00	0.0000000000e+00	0.0000000000e+00
9.3751443637e+04	2.6467813902e-14	1.9642236668e-20	0.0000000000e+00	3.3045358241e-21	3.2584499626e-14	0.0000000000e+00	0.0000000000e+00	0.0000000000e+00	0.0000000000e+00
9.3752910422e+04	2.6440197759e-14	1.9886914005e-20	0.0000000000e+00	3.3818984235e-21	3.2553412638e-14	0.0000000000e+00	0.0000000000e+00	0.0000000000e+00	0.0000000000e+00
9.3759187787e+04	2.6536576113e-14	2.0700767378e-20	0.0000000000e+00	3.6797135532e-21	3.2426035750e-14	0.0000000000e+00	0.0000000000e+00	0.0000000000e+00	0.0000000000e+00
9.3760671556e+04	2.6508854564e-14	2.0834036186e-20	0.0000000000e+00	3.7408919613e-21	3.2398919147e-14	0.0000000000e+00	0.0000000000e+00	0.0000000000e+00	0.0000000000e+00
9.3767021609e+04	2.6602604372e-14	2.1269644094e-20	0.0000000000e+00	3.9810283064e-21	3.2297207558e-14	0.0000000000e+00	0.0000000000e+00	0.0000000000e+00	0.0000000000e+00
9.3768522560e+04	2.6574592558e-14	2.1380565670e-20	0.0000000000e+00	4.0398213782e-21	3.2275283997e-14	0.0000000000e+00	0.0000000000e+00	0.0000000000e+00	0.0000000000e+00
9.3774946143e+04	2.6456135651e-14	2.2190630983e-20	0.0000000000e+00	4.3598793204e-21	3.2179836518e-14	0.0000000000e+00	0.0000000000e+00	0.0000000000e+00	0.0000000000e+00
9.3776464474e+04	2.6637547786e-14	2.2496730541e-20	0.0000000000e+00	4.4595791938e-21	3.2155966429e-14	0.0000000000e+00	0.0000000000e+00	0.0000000000e+00	0.0000000000e+00
9.3782962439e+04	2.6518555823e-14	2.4374961567e-20	0.0000000000e+00	5.0132413740e-21	3.2050821243e-14	0.0000000000e+00	0.0000000000e+00	0.0000000000e+00	0.0000000000e+00
9.3784498351e+04	2.6490888630e-14	2.4943355487e-20	0.0000000000e+00	5.1735034420e-21	3.2026595190e-14	0.0000000000e+00	0.0000000000e+00	0.0000000000e+00	0.0000000000e+00
9.3791071559e+04	2.6373900497e-14	2.7782480073e-20	0.0000000000e+00	5.9666867018e-21	3.1932993942e-14	0.0000000000e+00	0.0000000000e+00	0.0000000000e+00	0.0000000000e+00
9.3792625256e+04	2.6346435882e-14	2.8524630595e-20	0.0000000000e+00	6.1750914768e-21	3.1913448015e-14	0.0000000000e+00	0.0000000000e+00	0.0000000000e+00	0.0000000000e+00
9.3799274578e+04	2.6435834902e-14	3.1806650069e-20	0.0000000000e+00	7.1168296633e-21	3.1835505641e-14	0.0000000000e+00	0.0000000000e+00	0.0000000000e+00	0.0000000000e+00
9.3800846266e+04	2.6408673598e-14	3.2568833275e-20	0.0000000000e+00	7.3426966323e-21	3.1817163926e-14	0.0000000000e+00	0.0000000000e+00	0.0000000000e+00	0.0000000000e+00
9.3807572584e+04	2.6495713852e-14	3.5495436443e-20	0.0000000000e+00	8.2576054686e-21	3.1734218908e-14	0.0000000000e+00	0.0000000000e+00	0.0000000000e+00	0.0000000000e+00
9.3809162471e+04	2.6468559097e-14	3.6069364603e-20	0.0000000000e+00	8.4516946806e-21	3.1713757406e-14	0.0000000000e+00	0.0000000000e+00	0.0000000000e+00	0.0000000000e+00
9.3815966676e+04	2.6352662423e-14	3.7856349751e-20	0.0000000000e+00	9.1393717573e-21	3.1628251645e-14	0.0000000000e+00	0.0000000000e+00	0.0000000000e+00	0.0000000000e+00
9.3817574973e+04	2.6325167201e-14	3.8111264864e-20	0.0000000000e+00	9.2641817663e-21	3.1609488033e-14	0.0000000000e+00	0.0000000000e+00	0.0000000000e+00	0.0000000000e+00
9.3824457967e+04	2.6409445105e-14	3.8498531417e-20	0.0000000000e+00	9.6287056396e-21	3.1537350330e-14	0.0000000000e+00	0.0000000000e+00	0.0000000000e+00	0.0000000000e+00
9.3826084888e+04	2.6382103974e-14	3.8434069263e-20	0.0000000000e+00	9.6756565926e-21	3.1521715106e-14	0.0000000000e+00	0.0000000000e+00	0.0000000000e+00	0.0000000000e+00
9.3833047583e+04	2.6463701248e-14	3.7569542475e-20	0.0000000000e+00	9.7188558773e-21	3.1455081725e-14	0.0000000000e+00	0.0000000000e+00	0.0000000000e+00	0.0000000000e+00
9.3834693342e+04	2.6436578561e-14	3.7237781952e-20	0.0000000000e+00	9.6934434159e-21	3.1438691754e-14	0.0000000000e+00	0.0000000000e+00	0.0000000000e+00	0.0000000000e+00
9.3841736661e+04	2.6321020474e-14	3.5331375909e-20	0.0000000000e+00	9.4396768533e-21	3.1365653408e-14	0.0000000000e+00	0.0000000000e+00	0.0000000000e+00	0.0000000000e+00
9.3843401478e+04	2.6293650938e-14	3.4777044090e-20	0.0000000000e+00	9.3473457238e-21	3.1348348579e-14	0.0000000000e+00	0.0000000000e+00	0.0000000000e+00	0.0000000000e+00
9.3850526355e+04	2.6375537327e-14	3.2071554649e-20	0.0000000000e+00	8.8377671657e-21	3.1279262705e-14	0.0000000000e+00	0.0000000000e+00	0.0000000000e+00	0.0000000000e+00
9.3852210449e+04	2.6348595655e-14	3.1377260230e-20	0.0000000000e+00	8.6961890004e-21	3.1264549639e-14	0.0000000000e+00	0.0000000000e+00	0.0000000000e+00	0.0000000000e+00
9.3859417828e+04	2.6232048892e-14	2.8340233731e-20	0.0000000000e+00	8.0445621007e-21	3.1207127917e-14	0.0000000000e+00	0.0000000000e+00	0.0000000000e+00	0.0000000000e+00
9.3861121423e+04	2.6400932128e-14	2.7634731513e-20	0.0000000000e+00	7.8876102805e-21	3.1194136943e-14	0.0000000000e+00	0.0000000000e+00	0.0000000000e+00	0.0000000000e+00
9.3868412260e+04	2.6285328027e-14	2.4762829343e-20	0.0000000000e+00	7.2320887002e-21	3.1136564604e-14	0.0000000000e+00	0.0000000000e+00	0.0000000000e+00	0.0000000000e+00
9.3870135582e+04	2.6257629237e-14	2.4138939615e-20	0.0000000000e+00	7.0872769951e-21	3.1122223886e-14	0.0000000000e+00	0.0000000000e+00	0.0000000000e+00	0.0000000000e+00
9.3877510842e+04	2.6335272794e-14	2.1773726320e-20	0.0000000000e+00	6.5355582317e-21	3.1059902199e-14	0.0000000000e+00	0.0000000000e+00	0.0000000000e+00	0.0000000000e+00
9.3879254119e+04	2.6307940084e-14	2.1293899214e-20	0.0000000000e+00	6.4241468126e-21	3.1045648777e-14	0.0000000000e+00	0.0000000000e+00	0.0000000000e+00	0.0000000000e+00
9.3886714781e+04	2.6382969685e-14	1.9602077242e-20	0.0000000000e+00	6.0407531116e-21	3.0990193732e-14	0.0000000000e+00	0.0000000000e+00	0.0000000000e+00	0.0000000000e+00
9.3888478244e+04	2.6356100809e-14	1.9285328483e-20	0.0000000000e+00	5.9723391689e-21	3.0978450794e-14	0.0000000000e+00	0.0000000000e+00	0.0000000000e+00	0.0000000000e+00
9.3896025297e+04	2.6240248195e-14	1.8243508867e-20	0.0000000000e+00	5.7665606656e-21	3.0931080690e-14	0.0000000000e+00	0.0000000000e+00	0.0000000000e+00	0.0000000000e+00
9.3897809180e+04	2.6212509405e-14	1.8061083744e-20	0.0000000000e+00	5.7359298909e-21	3.0919871722e-14	0.0000000000e+00	0.0000000000e+00	0.0000000000e+00	0.0000000000e+00
9.3905443623e+04	2.6288951359e-14	1.7477924221e-20	0.0000000000e+00	5.6613972100e-21	3.0868981471e-14	0.0000000000e+00	0.0000000000e+00	0.0000000000e+00	0.0000000000e+00
9.3907248162e+04	2.6261666376e-14	1.7375137355e-20	0.0000000000e+00	5.6538101560e-21	3.0856317553e-14	0.0000000000e+00	0.0000000000e+00	0.0000000000e+00	0.0000000000e+00
9.3914971008e+04	2.6142470397e-14	1.7019170328e-20	0.0000000000e+00	5.6445113573e-21	3.0802519601e-14	0.0000000000e+00	0.0000000000e+00	0.0000000000e+00	0.0000000000e+00
9.3916796443e+04	2.6307760890e-14	1.6945703556e-20	0.0000000000e+00	5.6449306522e-21	3.0790497636e-14	0.0000000000e+00	0.0000000000e+00	0.0000000000e+00	0.0000000000e+00
9.3924608716e+04	2.6189771494e-14	1.6630234758e-20	0.0000000000e+00	5.6427476145e-21	3.0743929709e-14	0.0000000000e+00	0.0000000000e+00	0.0000000000e+00	0.0000000000e+00
9.3926455288e+04	2.6161324772e-14	1.6551510092e-20	0.0000000000e+00	5.6399671521e-21	3.0733892500e-14	0.0000000000e+00	0.0000000000e+00	0.0000000000e+00	0.0000000000e+00
9.3934358022e+04	2.6234323273e-14	1.6200806351e-20	0.0000000000e+00	5.6195647455e-21	3.0691753467e-14	0.0000000000e+00	0.0000000000e+00	0.0000000000e+00	0.0000000000e+00
9.3936225977e+04	2.6206402590e-14	1.6119515512e-20	0.0000000000e+00	5.6144073719e-21	3.0681440576e-14	0.0000000000e+00	0.0000000000e+00	0.0000000000e+00	0.0000000000e+00
9.3944220221e+04	2.6277216408e-14	1.5828251617e-20	0.0000000000e+00	5.6086740224e-21	3.0634602370e-14	0.0000000000e+00	0.0000000000e+00	0.0000000000e+00	0.0000000000e+00
9.3946109805e+04	2.6249919832e-14	1.5780455998e-20	0.0000000000e+00	5.6140349686e-21	3.0623142956e-14	0.0000000000e+00	0.0000000000e+00	0.0000000000e+00	0.0000000000e+00
9.3954196618e+04	2.6131129081e-14	1.5700547178e-20	0.0000000000e+00	5.6794612010e-21	3.0575658484e-14	0.0000000000e+00	0.0000000000e+00	0.0000000000e+00	0.0000000000e+00
9.3956108083e+04	2.6102575472e-14	1.5712764376e-20	0.0000000000e+00	5.7058279461e-21	3.0565240055e-14	0.0000000000e+00	0.0000000000e+00	0.0000000000e+00	0.0000000000e+00
9.3964288536e+04	2.6174730305e-14	1.5895741687e-20	0.0000000000e+00	5.8662067235e-21	3.0524582264e-14	0.0000000000e+00	0.0000000000e+00	0.0000000000e+00	0.0000000000e+00
9.3966222135e+04	2.6146435537e-14	1.5969003330e-20	0.0000000000e+00	5.9152933176e-21	3.0515574878e-14	0.0000000000e+00	0.0000000000e+00	0.0000000000e+00	0.0000000000e+00
9.3974497313e+04	2.6215199111e-14	1.6405864497e-20	0.0000000000e+00	6.1729553039e-21	3.0476538846e-14	0.0000000000e+00	0.0000000000e+00	0.0000000000e+00	0.0000000000e+00
9.3976453302e+04	2.6187142985e-14	1.6537322831e-20	0.0000000000e+00	6.2449917650e-21	3.0466856378e-14	0.0000000000e+00	0.0000000000e+00	0.0000000000e+00	0.0000000000e+00
9.3984824303e+04	2.6065011627e-14	1.7200890958e-20	0.0000000000e+00	6.5949075658e-21	3.0423627034e-14	0.0000000000e+00	0.0000000000e+00	0.0000000000e+00	0.0000000000e+00
9.3986802941e+04	2.6225324060e-14	1.7377113314e-20	0.0000000000e+00	6.6859201567e-21	3.0413346569e-14	0.0000000000e+00	0.0000000000e+00	0.0000000000e+00	0.0000000000e+00
9.3995270873e+04	2.6105242038e-14	1.8174524129e-20	0.0000000000e+00	7.0964810825e-21	3.0371874209e-14	0.0000000000e+00	0.0000000000e+00	0.0000000000e+00	0.0000000000e+00
9.3997272423e+04	2.6076532199e-14	1.8367202975e-20	0.0000000000e+00	7.1962154126e-21	3.0362904530e-14	0.0000000000e+00	0.0000000000e+00	0.0000000000e+00	0.0000000000e+00
9.4005838409e+04	2.6144334323e-14	1.9171062005e-20	0.0000000000e+00	7.6193548186e-21	3.0327336723e-14	0.0000000000e+00	0.0000000000e+00	0.0000000000e+00	0.0000000000e+00
9.4007863135e+04	2.6116044130e-14	1.9349749430e-20	0.0000000000e+00	7.7158879535e-21	3.0319210299e-14	0.0000000000e+00	0.0000000000e+00	0.0000000000e+00	0.0000000000e+00
9.4016528311e+04	2.5993649718e-14	1.9998209079e-20	0.0000000000e+00	8.0860329921e-21	3.0283228270e-14	0.0000000000e+00	0.0000000000e+00	0.0000000000e+00	0.0000000000e+00
9.4018576483e+04	2.5964576896e-14	2.0097304378e-20	0.0000000000e+00	8.1522989088e-21	3.0274300529e-14	0.0000000000e+00	0.0000000000e+00	0.0000000000e+00	0.0000000000e+00
9.4027341997e+04	2.6031374906e-14	2.0365034996e-20	0.0000000000e+00	8.3732133475e-21	3.0235447221e-14	0.0000000000e+00	0.0000000000e+00	0.0000000000e+00	0.0000000000e+00
9.4029413885e+04	2.6002270055e-14	2.0406045485e-20	0.0000000000e+00	8.4163709747e-21	3.0226487124e-14	0.0000000000e+00	0.0000000000e+00	0.0000000000e+00	0.0000000000e+00
9.4038280899e+04	2.6066723937e-14	2.0405359029e-20	0.0000000000e+00	8.5273338786e-21	3.0190954005e-14	0.0000000000e+00	0.0000000000e+00	0.0000000000e+00	0.0000000000e+00
9.4040376778e+04	2.6037816951e-14	2.0362419252e-20	0.0000000000e+00	8.5353288069e-21	3.0183240051e-14	0.0000000000e+00	0.0000000000e+00	0.0000000000e+00	0.0000000000e+00
9.4049346467e+04	2.6100794992e-14	1.9973225764e-20	0.0000000000e+00	8.4798339821e-21	3.0151531910e-14	0.0000000000e+00	0.0000000000e+00	0.0000000000e+00	0.0000000000e+00
9.4051466616e+04	2.6072290873e-14	1.9827652947e-20	0.0000000000e+00	8.4429985442e-21	3.0143978163e-14	0.0000000000e+00	0.0000000000e+00	0.0000000000e+00	0.0000000000e+00
9.4060540169e+04	2.6133971836e-14	1.9048504626e-20	0.0000000000e+00	8.2127069414e-21	3.0110016414e-14	0.0000000000e+00	0.0000000000e+00	0.0000000000e+00	0.0000000000e+00
9.4062684868e+04	2.6105806101e-14	1.8816012278e-20	0.0000000000e+00	8.1358923198e-21	3.0101668370e-14	0.0000000000e+00	0.0000000000e+00	0.0000000000e+00	0.0000000000e+00
9.4071863487e+04	2.5984344489e-14	1.7745338338e-20	0.0000000000e+00	7.7664012610e-21	3.0066394505e-14	0.0000000000e+00	0.0000000000e+00	0.0000000000e+00	0.0000000000e+00
9.4074033021e+04	2.5955596777e-14	1.7475923442e-20	0.0000000000e+00	7.6699959776e-21	3.0058478196e-14	0.0000000000e+00	0.0000000000e+00	0.0000000000e+00	0.0000000000e+00
9.4083317924e+04	2.6015893607e-14	1.6375005198e-20	0.0000000000e+00	7.2720700955e-21	3.0027133431e-14	0.0000000000e+00	0.0000000000e+00	0.0000000000e+00	0.0000000000e+00
9.4085512579e+04	2.5987069296e-14	1.6096745677e-20	0.0000000000e+00	7.1680786913e-21	3.0020163792e-14	0.0000000000e+00	0.0000000000e+00	0.0000000000e+00	0.0000000000e+00
9.4094904997e+04	2.6045383554e-14	1.4998696706e-20	0.0000000000e+00	6.7562998113e-21	2.9990264799e-14	0.0000000000e+00	0.0000000000e+00	0.0000000000e+00	0.0000000000e+00
9.4097125065e+04	2.6016722137e-14	1.4774319638e-20	0.0000000000e+00	6.6729950401e-21	2.9982924844e-14	0.0000000000e+00	0.0000000000e+00	0.0000000000e+00	0.0000000000e+00
9.4106626241e+04	2.5895211211e-14	1.3839941871e-20	0.0000000000e+00	6.3213888619e-21	2.9950227781e-14	0.0000000000e+00	0.0000000000e+00	0.0000000000e+00	0.0000000000e+00
9.4108872017e+04	2.6045596370e-14	1.3668660582e-20	0.0000000000e+00	6.2594062593e-21	2.9942421649e-14	0.0000000000e+00	0.0000000000e+00	0.0000000000e+00	0.0000000000e+00
9.4118483212e+04	2.5924943985e-14	1.3079028816e-20	0.0000000000e+00	6.0551744761e-21	2.9910577764e-14	0.0000000000e+00	0.0000000000e+00	0.0000000000e+00	0.0000000000e+00
9.4120754992e+04	2.6073560611e-14	1.2986700412e-20	0.0000000000e+00	6.0276919452e-21	2.9903591259e-14	0.0000000000e+00	0.0000000000e+00	0.0000000000e+00	0.0000000000e+00
9.4130477479e+04	2.5952990620e-14	1.2762898557e-20	0.0000000000e+00	5.9872742500e-21	2.9875522826e-14	0.0000000000e+00	0.0000000000e+00	0.0000000000e+00	0.0000000000e+00
9.4132775565e+04	2.5924621898e-14	1.2757277959e-20	0.0000000000e+00	5.9994588735e-21	2.9869048940e-14	0.0000000000e+00	0.0000000000e+00	0.0000000000e+00	0.0000000000e+00
9.4142610634e+04	2.5804652613e-14	1.2930599050e-20	0.0000000000e+00	6.1445242033e-21	2.9840379192e-14	0.0000000000e+00	0.0000000000e+00	0.0000000000e+00	0.0000000000e+00
9.4144935331e+04	2.5776696810e-14	1.3030404603e-20	0.0000000000e+00	6.2069164169e-21	2.9833299464e-14	0.0000000000e+00	0.0000000000e+00	0.0000000000e+00	0.0000000000e+00
9.4154884283e+04	2.5830469525e-14	1.3573857169e-20	0.0000000000e+00	6.5317395411e-21	2.9802727002e-14	0.0000000000e+00	0.0000000000e+00	0.0000000000e+00	0.0000000000e+00
9.4157235899e+04	2.5802625713e-14	1.3729404508e-20	0.0000000000e+00	6.6221765759e-21	2.9795705190e-14	0.0000000000e+00	0.0000000000e+00	0.0000000000e+00	0.0000000000e+00
9.4167300056e+04	2.5855692528e-14	1.4585599613e-20	0.0000000000e+00	7.1052088093e-21	2.9767826863e-14	0.0000000000e+00	0.0000000000e+00	0.0000000000e+00	0.0000000000e+00
9.4169678902e+04	2.5827985764e-14	1.4827802203e-20	0.0000000000e+00	7.2398370638e-21	2.9761711028e-14	0.0000000000e+00	0.0000000000e+00	0.0000000000e+00	0.0000000000e+00
9.4179859595e+04	2.5879887440e-14	1.5964954168e-20	0.0000000000e+00	7.8708707467e-21	2.9736123206e-14	0.0000000000e+00	0.0000000000e+00	0.0000000000e+00	0.0000000000e+00
9.4182265987e+04	2.5852122652e-14	1.6275384440e-20	0.0000000000e+00	8.0419733756e-21	2.9729946685e-14	0.0000000000e+00	0.0000000000e+00	0.0000000000e+00	0.0000000000e+00
9.4192564568e+04	2.5902109945e-14	1.7928434599e-20	0.0000000000e+00	8.9429320593e-21	2.9702279488e-14	0.0000000000e+00	0.0000000000e+00	0.0000000000e+00	0.0000000000e+00
9.4194998825e+04	2.5874207657e-14	1.8432575052e-20	0.0000000000e+00	9.2146206859e-21	2.9695570415e-14	0.0000000000e+00	0.0000000000e+00	0.0000000000e+00	0.0000000000e+00
9.4205416657e+04	2.5756387416e-14	2.0765358740e-20	0.0000000000e+00	1.0477157790e-20	2.9667724265e-14	0.0000000000e+00	0.0000000000e+00	0.0000000000e+00	0.0000000000e+00
9.4207879101e+04	2.5728874512e-14	2.1347584779e-20	0.0000000000e+00	1.0794065937e-20	2.9661548996e-14	0.0000000000e+00	0.0000000000e+00	0.0000000000e+00	0.0000000000e+00
9.4218417566e+04	2.5777397346e-14	2.4179278275e-20	0.0000000000e+00	1.2336779909e-20	2.9636855642e-14	0.0000000000e+00	0.0000000000e+00	0.0000000000e+00	0.0000000000e+00
9.4220908524e+04	2.5750077841e-14	2.4888203179e-20	0.0000000000e+00	1.2725164538e-20	2.9631224265e-14	0.0000000000e+00	0.0000000000e+00	0.0000000000e+00	0.0000000000e+00
9.4231569019e+04	2.5797760192e-14	2.8248946390e-20	0.0000000000e+00	1.4571587134e-20	2.9606449721e-14	0.0000000000e+00	0.0000000000e+00	0.0000000000e+00	0.0000000000e+00
9.4234088821e+04	2.5770504567e-14	2.9130093425e-20	0.0000000000e+00	1.5056972469e-20	2.9600321018e-14	0.0000000000e+00	0.0000000000e+00	0.0000000000e+00	0.0000000000e+00
9.4244872759e+04	2.5816622513e-14	3.3403582568e-20	0.0000000000e+00	1.7415622759e-20	2.9573543728e-14	0.0000000000e+00	0.0000000000e+00	0.0000000000e+00	0.0000000000e+00
9.4247421738e+04	2.5789283733e-14	3.4541480631e-20	0.0000000000e+00	1.8045068705e-20	2.9567328087e-14	0.0000000000e+00	0.0000000000e+00	0.0000000000e+00	0.0000000000e+00
9.4258330548e+04	2.5833745516e-14	4.0003887077e-20	0.0000000000e+00	2.1075997543e-20	2.9542421068e-14	0.0000000000e+00	0.0000000000e+00	0.0000000000e+00	0.0000000000e+00
9.4260909044e+04	2.5806428029e-14	4.1444674073e-20	0.0000000000e+00	2.1877988258e-20	2.9536938675e-14	0.0000000000e+00	0.0000000000e+00	0.0000000000e+00	0.0000000000e+00
9.4271944172e+04	2.5690566800e-14	4.8326376719e-20	0.0000000000e+00	2.5722432077e-20	2.9514069854e-14	0.0000000000e+00	0.0000000000e+00	0.0000000000e+00	0.0000000000e+00
9.4274552524e+04	2.5663282875e-14	5.0141007309e-20	0.0000000000e+00	2.6739620386e-20	2.9508573277e-14	0.0000000000e+00	0.0000000000e+00	0.0000000000e+00	0.0000000000e+00
9.4285715433e+04	2.5707642272e-14	5.8782997076e-20	0.0000000000e+00	3.1602854847e-20	2.9484030337e-14	0.0000000000e+00	0.0000000000e+00	0.0000000000e+00	0.0000000000e+00
9.4288353989e+04	2.5680456138e-14	6.1043413382e-20	0.0000000000e+00	3.2879866197e-20	2.9478091336e-14	0.0000000000e+00	0.0000000000e+00	0.0000000000e+00	0.0000000000e+00
9.4299646159e+04	2.5723208458e-14	7.1681983629e-20	0.0000000000e+00	3.8916995504e-20	2.9453452234e-14	0.0000000000e+00	0.0000000000e+00	0.0000000000e+00	0.0000000000e+00
9.4302315268e+04	2.5695932478e-14	7.4435803166e-20	0.0000000000e+00	4.0486534615e-20	2.9447978281e-14	0.0000000000e+00	0.0000000000e+00	0.0000000000e+00	0.0000000000e+00
9.4313738194e+04	2.5736857607e-14	8.7320046345e-20	0.0000000000e+00	4.7863964341e-20	2.9425937736e-14	0.0000000000e+00	0.0000000000e+00	0.0000000000e+00	0.0000000000e+00
9.4316438210e+04	2.5709587080e-14	9.0648739208e-20	0.0000000000e+00	4.9778205313e-20	2.9420868639e-14	0.0000000000e+00	0.0000000000e+00	0.0000000000e+00	0.0000000000e+00
9.4327993408e+04	2.5749583240e-14	1.0624363517e-19	0.0000000000e+00	5.8786346570e-20	2.9398531465e-14	0.0000000000e+00	0.0000000000e+00	0.0000000000e+00	0.0000000000e+00
9.4330724689e+04	2.5722537443e-14	1.1026463898e-19	0.0000000000e+00	6.1119020739e-20	2.9393025829e-14	0.0000000000e+00	0.0000000000e+00	0.0000000000e+00	0.0000000000e+00
9.4342413689e+04	2.5606556245e-14	1.2905006829e-19	0.0000000000e+00	7.2065371906e-20	2.9369326743e-14	0.0000000000e+00	0.0000000000e+00	0.0000000000e+00	0.0000000000e+00
9.4345176597e+04	2.5735185725e-14	1.3388026569e-19	0.0000000000e+00	7.4892070525e-20	2.9363894715e-14	0.0000000000e+00	0.0000000000e+00	0.0000000000e+00	0.0000000000e+00
9.4357000949e+04	2.5619392205e-14	1.5642769943e-19	0.0000000000e+00	8.8144532026e-20	2.9342123942e-14	0.0000000000e+00	0.0000000000e+00	0.0000000000e+00	0.0000000000e+00
9.4359795850e+04	2.5746526190e-14	1.6223004441e-19	0.0000000000e+00	9.1569036170e-20	2.9337263876e-14	0.0000000000e+00	0.0000000000e+00	0.0000000000e+00	0.0000000000e+00
9.4371757122e+04	2.5630375128e-14	1.8930120841e-19	0.0000000000e+00	1.0761412572e-19	2.9316497216e-14	0.0000000000e+00	0.0000000000e+00	0.0000000000e+00	0.0000000000e+00
9.4374584386e+04	2.5756088994e-14	1.9625531914e-19	0.0000000000e+00	1.1175273712e-19	2.9311430304e-14	0.0000000000e+00	0.0000000000e+00	0.0000000000e+00	0.0000000000e+00
9.4386684163e+04	2.5640247918e-14	2.2855560639e-19	0.0000000000e+00	1.3105846580e-19	2.9289041524e-14	0.0000000000e+00	0.0000000000e+00	0.0000000000e+00	0.0000000000e+00
9.4389544165e+04	2.5764783731e-14	2.3681730649e-19	0.0000000000e+00	1.3601697041e-19	2.9283743623e-14	0.0000000000e+00	0.0000000000e+00	0.0000000000e+00	0.0000000000e+00
9.4401784051e+04	2.5649673573e-14	2.7509638436e-19	0.0000000000e+00	1.5908920097e-19	2.9262192599e-14	0.0000000000e+00	0.0000000000e+00	0.0000000000e+00	0.0000000000e+00
9.4404677171e+04	2.5622262778e-14	2.8488666640e-19	0.0000000000e+00	1.6501386184e-19	2.9257420766e-14	0.0000000000e+00	0.0000000000e+00	0.0000000000e+00	0.0000000000e+00
9.4417058788e+04	2.5657931596e-14	3.3032428801e-19	0.0000000000e+00	1.9262220572e-19	2.9237659305e-14	0.0000000000e+00	0.0000000000e+00	0.0000000000e+00	0.0000000000e+00
9.4419985408e+04	2.5630440108e-14	3.4195047157e-19	0.0000000000e+00	1.9971374468e-19	2.9232949262e-14	0.0000000000e+00	0.0000000000e+00	0.0000000000e+00	0.0000000000e+00
9.4432510398e+04	2.5664536642e-14	3.9575918104e-19	0.0000000000e+00	2.3266780437e-19	2.9211992212e-14	0.0000000000e+00	0.0000000000e+00	0.0000000000e+00	0.0000000000e+00
9.4435470906e+04	2.5637042751e-14	4.0946581969e-19	0.0000000000e+00	2.4109524369e-19	2.9206922833e-14	0.0000000000e+00	0.0000000000e+00	0.0000000000e+00	0.0000000000e+00
9.4448140929e+04	2.5670383391e-14	4.7256232138e-19	0.0000000000e+00	2.8004975162e-19	2.9185874419e-14	0.0000000000e+00	0.0000000000e+00	0.0000000000e+00	0.0000000000e+00
9.4451135718e+04	2.5643073754e-14	4.8857030132e-19	0.0000000000e+00	2.8997196460e-19	2.9181187714e-14	0.0000000000e+00	0.0000000000e+00	0.0000000000e+00	0.0000000000e+00
9.4463952452e+04	2.5675927662e-14	5.6213483016e-19	0.0000000000e+00	3.3575355847e-19	2.9162174707e-14	0.0000000000e+00	0.0000000000e+00	0.0000000000e+00	0.0000000000e+00
9.4466981920e+04	2.5648687794e-14	5.8078277392e-19	0.0000000000e+00	3.4740350795e-19	2.9157749364e-14	0.0000000000e+00	0.0000000000e+00	0.0000000000e+00	0.0000000000e+00
9.4479947065e+04	2.5530954738e-14	6.6646622134e-19	0.0000000000e+00	4.0114123969e-19	2.9138083032e-14	0.0000000000e+00	0.0000000000e+00	0.0000000000e+00	0.0000000000e+00
9.4483011613e+04	2.5502959947e-14	6.8819091877e-19	0.0000000000e+00	4.1481674696e-19	2.9133248262e-14	0.0000000000e+00	0.0000000000e+00	0.0000000000e+00	0.0000000000e+00
9.4496126887e+04	2.5534782445e-14	7.8807001032e-19	0.0000000000e+00	4.7792499829e-19	2.9112747628e-14	0.0000000000e+00	0.0000000000e+00	0.0000000000e+00	0.0000000000e+00
9.4499226920e+04	2.5506809452e-14	8.1339746670e-19	0.0000000000e+00	4.9398537091e-19	2.9108107499e-14	0.0000000000e+00	0.0000000000e+00	0.0000000000e+00	0.0000000000e+00
9.4512494062e+04	2.5537948258e-14	9.2945787370e-19	0.0000000000e+00	5.6785680046e-19	2.9089561803e-14	0.0000000000e+00	0.0000000000e+00	0.0000000000e+00	0.0000000000e+00
9.4515629992e+04	2.5510141275e-14	9.5869227831e-19	0.0000000000e+00	5.8653392425e-19	2.9085324778e-14	0.0000000000e+00	0.0000000000e+00	0.0000000000e+00	0.0000000000e+00
9.4529050760e+04	2.5540566766e-14	1.0913081309e-18	0.0000000000e+00	6.7159999210e-19	2.9066834645e-14	0.0000000000e+00	0.0000000000e+00	0.0000000000e+00	0.0000000000e+00
9.4532223003e+04	2.5512766011e-14	1.1244105396e-18	0.0000000000e+00	6.9291784160e-19	2.9062234894e-14	0.0000000000e+00	0.0000000000e+00	0.0000000000e+00	0.0000000000e+00
9.4545799176e+04	2.5541738323e-14	1.2740928883e-18	0.0000000000e+00	7.8969628225e-19	2.9042448374e-14	0.0000000000e+00	0.0000000000e+00	0.0000000000e+00	0.0000000000e+00
9.4549008151e+04	2.5513855850e-14	1.3115183768e-18	0.0000000000e+00	8.1398419504e-19	2.9037845318e-14	0.0000000000e+00	0.0000000000e+00	0.0000000000e+00	0.0000000000e+00
9.4562741529e+04	2.5541717641e-14	1.4816698631e-18	0.0000000000e+00	9.2480290771e-19	2.9019616455e-14	0.0000000000e+00	0.0000000000e+00	0.0000000000e+00	0.0000000000e+00
9.4565987662e+04	2.5513953629e-14	1.5243938481e-18	0.0000000000e+00	9.5272341589e-19	2.9015442498e-14	0.0000000000e+00	0.0000000000e+00	0.0000000000e+00	0.0000000000e+00
9.4579880065e+04	2.5541414009e-14	1.7186581163e-18	0.0000000000e+00	1.0801160793e-18	2.8997775710e-14	0.0000000000e+00	0.0000000000e+00	0.0000000000e+00	0.0000000000e+00
9.4583163787e+04	2.5513797964e-14	1.7673295432e-18	0.0000000000e+00	1.1121413235e-18	2.8993295179e-14	0.0000000000e+00	0.0000000000e+00	0.0000000000e+00	0.0000000000e+00
9.4597217057e+04	2.5540299271e-14	1.9877554799e-18	0.0000000000e+00	1.2576880744e-18	2.8974223978e-14	0.0000000000e+00	0.0000000000e+00	0.0000000000e+00	0.0000000000e+00
9.4600538802e+04	2.5512615508e-14	2.0427449778e-18	0.0000000000e+00	1.2941227906e-18	2.8969581535e-14	0.0000000000e+00	0.0000000000e+00	0.0000000000e+00	0.0000000000e+00
9.4614754801e+04	2.5537622223e-14	2.2905531690e-18	0.0000000000e+00	1.4589035801e-18	2.8951700839e-14	0.0000000000e+00	0.0000000000e+00	0.0000000000e+00	0.0000000000e+00
9.4618115010e+04	2.5509911100e-14	2.3520718694e-18	0.0000000000e+00	1.4999550637e-18	2.8947415056e-14	0.0000000000e+00	0.0000000000e+00	0.0000000000e+00	0.0000000000e+00
9.4632495622e+04	2.5392876178e-14	2.6284407200e-18	0.0000000000e+00	1.6850356917e-18	2.8927747688e-14	0.0000000000e+00	0.0000000000e+00	0.0000000000e+00	0.0000000000e+00
9.4635894741e+04	2.5365653851e-14	2.6970176496e-18	0.0000000000e+00	1.7311172818e-18	2.8922478066e-14	0.0000000000e+00	0.0000000000e+00	0.0000000000e+00	0.0000000000e+00
9.4650441873e+04	2.5390304059e-14	3.0057414643e-18	0.0000000000e+00	1.9392641482e-18	2.8903416534e-14	0.0000000000e+00	0.0000000000e+00	0.0000000000e+00	0.0000000000e+00
9.4653880352e+04	2.5363173392e-14	3.0824499894e-18	0.0000000000e+00	1.9911489167e-18	2.8897549729e-14	0.0000000000e+00	0.0000000000e+00	0.0000000000e+00	0.0000000000e+00
9.4668595932e+04	2.5386558857e-14	3.4270086076e-18	0.0000000000e+00	2.2249789164e-18	2.8879083156e-14	0.0000000000e+00	0.0000000000e+00	0.0000000000e+00	0.0000000000e+00
9.4672074226e+04	2.5497834025e-14	3.5122425141e-18	0.0000000000e+00	2.2830128325e-18	2.8879208210e-14	0.0000000000e+00	0.0000000000e+00	0.0000000000e+00	0.0000000000e+00
9.4686960204e+04	2.5519247296e-14	3.8927731615e-18	0.0000000000e+00	2.5430052560e-18	2.8862082365e-14	0.0000000000e+00	0.0000000000e+00	0.0000000000e+00	0.0000000000e+00
9.4690478776e+04	2.5491853709e-14	3.9864184823e-18	0.0000000000e+00	2.6072052010e-18	2.8856672344e-14	0.0000000000e+00	0.0000000000e+00	0.0000000000e+00	0.0000000000e+00
9.4705537125e+04	2.5376551779e-14	4.4030009468e-18	0.0000000000e+00	2.8937940581e-18	2.8828985539e-14	0.0000000000e+00	0.0000000000e+00	0.0000000000e+00	0.0000000000e+00
9.4709096440e+04	2.5349690714e-14	4.5051595877e-18	0.0000000000e+00	2.9643154066e-18	2.8821217485e-14	0.0000000000e+00	0.0000000000e+00	0.0000000000e+00	0.0000000000e+00
9.4724329157e+04	2.5370640764e-14	4.9579849003e-18	0.0000000000e+00	3.2780006906e-18	2.8801936983e-14	0.0000000000e+00	0.0000000000e+00	0.0000000000e+00	0.0000000000e+00
9.4727929686e+04	2.5343744536e-14	5.0687025147e-18	0.0000000000e+00	3.3549608880e-18	2.8793566395e-14	0.0000000000e+00	0.0000000000e+00	0.0000000000e+00	0.0000000000e+00
9.4743338789e+04	2.5363416157e-14	5.5587734978e-18	0.0000000000e+00	3.6967764920e-18	2.8774393659e-14	0.0000000000e+00	0.0000000000e+00	0.0000000000e+00	0.0000000000e+00
9.4746981011e+04	2.5336559518e-14	5.6784916460e-18	0.0000000000e+00	3.7805557748e-18	2.8764765602e-14	0.0000000000e+00	0.0000000000e+00	0.0000000000e+00	0.0000000000e+00
9.4762568544e+04	2.5355713020e-14	6.2074779132e-18	0.0000000000e+00	4.1519887902e-18	2.8743730722e-14	0.0000000000e+00	0.0000000000e+00	0.0000000000e+00	0.0000000000e+00
9.4766252940e+04	2.5461353327e-14	6.3363432008e-18	0.0000000000e+00	4.2427744119e-18	2.8754378323e-14	0.0000000000e+00	0.0000000000e+00	0.0000000000e+00	0.0000000000e+00
9.4782020968e+04	2.5347588390e-14	6.9032700143e-18	0.0000000000e+00	4.6435488109e-18	2.8711717639e-14	0.0000000000e+00	0.0000000000e+00	0.0000000000e+00	0.0000000000e+00
9.4785748027e+04	2.5320892052e-14	7.0407904336e-18	0.0000000000e+00	4.7410969172e-18	2.8699803692e-14	0.0000000000e+00	0.0000000000e+00	0.0000000000e+00	0.0000000000e+00
9.4801698640e+04	2.5338195106e-14	7.6433951710e-18	0.0000000000e+00	5.1700409762e-18	2.8678485890e-14	0.0000000000e+00	0.0000000000e+00	0.0000000000e+00	0.0000000000e+00
9.4805468857e+04	2.5311440043e-14	7.7889495929e-18	0.0000000000e+00	5.2740107060e-18	2.8665142002e-14	0.0000000000e+00	0.0000000000e+00	0.0000000000e+00	0.0000000000e+00
9.4821604170e+04	2.5328053458e-14	8.4240040619e-18	0.0000000000e+00	5.7292535221e-18	2.8642301173e-14	0.0000000000e+00	0.0000000000e+00	0.0000000000e+00	0.0000000000e+00
9.4825418044e+04	2.5301415497e-14	8.5768221637e-18	0.0000000000e+00	5.8391909232e-18	2.8627749839e-14	0.0000000000e+00	0.0000000000e+00	0.0000000000e+00	0.0000000000e+00
9.4841740194e+04	2.5317663331e-14	9.2420253366e-18	0.0000000000e+00	6.3194403109e-18	2.8605174022e-14	0.0000000000e+00	0.0000000000e+00	0.0000000000e+00	0.0000000000e+00
9.4845598231e+04	2.5291017493e-14	9.4018347238e-18	0.0000000000e+00	6.4352199493e-18	2.8589747573e-14	0.0000000000e+00	0.0000000000e+00	0.0000000000e+00	0.0000000000e+00
9.4862109383e+04	2.5306155526e-14	1.0095958317e-17	0.0000000000e+00	6.9398816187e-18	2.8566315285e-14	0.0000000000e+00	0.0000000000e+00	0.0000000000e+00	0.0000000000e+00
9.4866012093e+04	2.5279360782e-14	1.0262177731e-17	0.0000000000e+00	7.0611600365e-18	2.8549653118e-14	0.0000000000e+00	0.0000000000e+00	0.0000000000e+00	0.0000000000e+00
9.4882714435e+04	2.5293649849e-14	1.0980605285e-17	0.0000000000e+00	7.5872738493e-18	2.8524929607e-14	0.0000000000e+00	0.0000000000e+00	0.0000000000e+00	0.0000000000e+00
9.4886662337e+04	2.5266870066e-14	1.1151712060e-17	0.0000000000e+00	7.7130453026e-18	2.8507666890e-14	0.0000000000e+00	0.0000000000e+00	0.0000000000e+00	0.0000000000e+00
9.4903558083e+04	2.5280864564e-14	1.1887250557e-17	0.0000000000e+00	8.2557892869e-18	2.8483974367e-14	0.0000000000e+00	0.0000000000e+00	0.0000000000e+00	0.0000000000e+00
9.4907551700e+04	2.5254042913e-14	1.2061576847e-17	0.0000000000e+00	8.3849239516e-18	2.8466465961e-14	0.0000000000e+00	0.0000000000e+00	0.0000000000e+00	0.0000000000e+00
9.4924643089e+04	2.5267084276e-14	1.2808117899e-17	0.0000000000e+00	8.9401281308e-18	2.8442320490e-14	0.0000000000e+00	0.0000000000e+00	0.0000000000e+00	0.0000000000e+00
9.4928682950e+04	2.5240046086e-14	1.2984502437e-17	0.0000000000e+00	9.0718267188e-18	2.8424268648e-14	0.0000000000e+00	0.0000000000e+00	0.0000000000e+00	0.0000000000e+00
9.4945972248e+04	2.5252211431e-14	1.3737918485e-17	0.0000000000e+00	9.6366241787e-18	2.8399630882e-14	0.0000000000e+00	0.0000000000e+00	0.0000000000e+00	0.0000000000e+00
9.4950058888e+04	2.5225114989e-14	1.3915441591e-17	0.0000000000e+00	9.7702411506e-18	2.8381650073e-14	0.0000000000e+00	0.0000000000e+00	0.0000000000e+00	0.0000000000e+00
9.4967548387e+04	2.5237082098e-14	1.4671202518e-17	0.0000000000e+00	1.0341423694e-17	2.8357994653e-14	0.0000000000e+00	0.0000000000e+00	0.0000000000e+00	0.0000000000e+00
9.4971682348e+04	2.5209923518e-14	1.4848657644e-17	0.0000000000e+00	1.0476098052e-17	2.8340095067e-14	0.0000000000e+00	0.0000000000e+00	0.0000000000e+00	0.0000000000e+00
9.4989374366e+04	2.5221051443e-14	1.5601401489e-17	0.0000000000e+00	1.1049806473e-17	2.8315850245e-14	0.0000000000e+00	0.0000000000e+00	0.0000000000e+00	0.0000000000e+00
9.4993556196e+04	2.5193632739e-14	1.5777478860e-17	0.0000000000e+00	1.1184587743e-17	2.8297884910e-14	0.0000000000e+00	0.0000000000e+00	0.0000000000e+00	0.0000000000e+00
9.5011453078e+04	2.5203791549e-14	1.6521358703e-17	0.0000000000e+00	1.1756546806e-17	2.8274169039e-14	0.0000000000e+00	0.0000000000e+00	0.0000000000e+00	0.0000000000e+00
9.5015683331e+04	2.5301200319e-14	1.6694676880e-17	0.0000000000e+00	1.1890416239e-17	2.8308073917e-14	0.0000000000e+00	0.0000000000e+00	0.0000000000e+00	0.0000000000e+00
9.5033787449e+04	2.5186213001e-14	1.7424620653e-17	0.0000000000e+00	1.2456829475e-17	2.8233700219e-14	0.0000000000e+00	0.0000000000e+00	0.0000000000e+00	0.0000000000e+00
9.5038066686e+04	2.5158652551e-14	1.7594275056e-17	0.0000000000e+00	1.2589092526e-17	2.8216056445e-14	0.0000000000e+00	0.0000000000e+00	0.0000000000e+00	0.0000000000e+00
9.5056380440e+04	2.5167862160e-14	1.8307440576e-17	0.0000000000e+00	1.3147702772e-17	2.8192345206e-14	0.0000000000e+00	0.0000000000e+00	0.0000000000e+00	0.0000000000e+00
9.5060709229e+04	2.5140097419e-14	1.8472897618e-17	0.0000000000e+00	1.3277921371e-17	2.8174532673e-14	0.0000000000e+00	0.0000000000e+00	0.0000000000e+00	0.0000000000e+00
9.5079235046e+04	2.5148387086e-14	1.9167483712e-17	0.0000000000e+00	1.3827190500e-17	2.8151400611e-14	0.0000000000e+00	0.0000000000e+00	0.0000000000e+00	0.0000000000e+00
9.5083613959e+04	2.5245334455e-14	1.9328504749e-17	0.0000000000e+00	1.3955134069e-17	2.8185540897e-14	0.0000000000e+00	0.0000000000e+00	0.0000000000e+00	0.0000000000e+00
9.5102354295e+04	2.5252484626e-14	2.0004393886e-17	0.0000000000e+00	1.4494726303e-17	2.8162316082e-14	0.0000000000e+00	0.0000000000e+00	0.0000000000e+00	0.0000000000e+00
9.5106783914e+04	2.5225447267e-14	2.0161084297e-17	0.0000000000e+00	1.4620412462e-17	2.8144742767e-14	0.0000000000e+00	0.0000000000e+00	0.0000000000e+00	0.0000000000e+00
9.5125741253e+04	2.5108236514e-14	2.0819003764e-17	0.0000000000e+00	1.5150610886e-17	2.8067120803e-14	0.0000000000e+00	0.0000000000e+00	0.0000000000e+00	0.0000000000e+00
9.5130222164e+04	2.5080391680e-14	2.0971676469e-17	0.0000000000e+00	1.5274211126e-17	2.8047957156e-14	0.0000000000e+00	0.0000000000e+00	0.0000000000e+00	0.0000000000e+00
9.5149399019e+04	2.5086819261e-14	2.1614435979e-17	0.0000000000e+00	1.5796835308e-17	2.8024016698e-14	0.0000000000e+00	0.0000000000e+00	0.0000000000e+00	0.0000000000e+00
9.5153370000e+04	2.5062506143e-14	2.1745649573e-17	0.0000000000e+00	1.5903956391e-17	2.8006523397e-14	0.0000000000e+00	0.0000000000e+00	0.0000000000e+00	0.0000000000e+00
9.5153931817e+04	2.5059073480e-14	2.1764168535e-17	4.0147328103e-19	1.5919086334e-17	2.8004012804e-14	2.3198916206e-17	9.5760531161e-26	6.8607750692e-24	3.6075935147e-14
9.5173330729e+04	2.5188058494e-14	2.2397871174e-17	4.4780747358e-22	1.6438413462e-17	2.8037946429e-14	6.4163829844e-21	4.2754525747e-24	8.3469512526e-23	3.4469221711e-14
9.5177347692e+04	2.5164031214e-14	2.2527991787e-17	4.4153048409e-22	1.6545407347e-17	2.8021205957e-14	2.9295340290e-21	5.0541576575e-24	4.5659552824e-23	3.4230575398e-14
9.5177916014e+04	2.5160627731e-14	2.2546379334e-17	4.3691467536e-22	1.6560535911e-17	2.8018809703e-14	2.5382169007e-21	5.1184741603e-24	4.0483218937e-23	3.4194810219e-14
9.5197539555e+04	2.5165203273e-14	2.3179355989e-17	2.6850344157e-22	1.7082564176e-17	2.7994213052e-14	2.9501576688e-21	5.6077318820e-24	8.3604742921e-23	3.2988855144e-14
9.5201603032e+04	2.5141039801e-14	2.3310313353e-17	3.3977262656e-22	1.7190834060e-17	2.7976855874e-14	4.1231445701e-21	7.7341692236e-24	1.2726383581e-22	3.2792854539e-14
9.5202177935e+04	2.5137620426e-14	2.3328849267e-17	3.5004751951e-22	1.7206165063e-17	2.7974368190e-14	4.3010154485e-21	8.0608408075e-24	1.3428687719e-22	3.2764093973e-14
9.5222028706e+04	2.5020287427e-14	2.3971651850e-17	5.8031579195e-22	1.7738639870e-17	2.7883386216e-14	7.7135780946e-21	1.8624060091e-23	3.3453649382e-22	3.2151644966e-14
9.5226139236e+04	2.5117328422e-14	2.4105868711e-17	5.6097521544e-22	1.7849978119e-17	2.7930908364e-14	7.5749221369e-21	1.9044615473e-23	3.4728962251e-22	3.2028614856e-14
9.5226720796e+04	2.5113921959e-14	2.4124899886e-17	5.5710305149e-22	1.7865768576e-17	2.7928277297e-14	7.5049167684e-21	1.9059138845e-23	3.4670286659e-22	3.2012496537e-14
9.5246801428e+04	2.5117521821e-14	2.4790509299e-17	3.3683160577e-22	1.8418367244e-17	2.7901811584e-14	1.6055217949e-21	1.4541867521e-23	9.3294893771e-23	3.1606805519e-14
9.5250959556e+04	2.5093483686e-14	2.4930892719e-17	2.7573368736e-22	1.8534955564e-17	2.7882674432e-14	1.2478211422e-21	1.2410060215e-23	7.5540991461e-23	3.1523602533e-14
9.5251547850e+04	2.5090087238e-14	2.4950838773e-17	2.6769430539e-22	1.8551520761e-17	2.7879941199e-14	1.2441647114e-21	1.2117570486e-23	7.5746040254e-23	3.1512912896e-14
9.5271861005e+04	2.5092817758e-14	2.5654578179e-17	2.0542607494e-22	1.9135819887e-17	2.7853413857e-14	4.1644796763e-21	1.1118733257e-23	3.0218875116e-22	3.1222430167e-14
9.5276067281e+04	2.5068782864e-14	2.5804494725e-17	2.2497162287e-22	1.9260217060e-17	2.7833655843e-14	4.4396401793e-21	1.2584715444e-23	3.3273433206e-22	3.1159598635e-14
9.5276662388e+04	2.5065389977e-14	2.5825836364e-17	2.2787925903e-22	1.9277922800e-17	2.7830837793e-14	4.4492191427e-21	1.2805718961e-23	3.3494779493e-22	3.1151304803e-14
9.5297210758e+04	2.5067525466e-14	2.6585085332e-17	4.2302523572e-22	1.9907213819e-17	2.7803218079e-14	3.4931489603e-21	2.7476575191e-23	3.0299886836e-22	3.0923898699e-14
9.5301465741e+04	2.5043670669e-14	2.6748309596e-17	5.0617871812e-22	2.0042322719e-17	2.7782877982e-14	3.6787824035e-21	3.3785252462e-23	3.2769942388e-22	3.0872231243e-14
9.5302067738e+04	2.5040304985e-14	2.6771585485e-17	5.1886789142e-22	2.0061583712e-17	2.7779991821e-14	3.7130253100e-21	3.4763545473e-23	3.3197398655e-22	3.0865095374e-14
9.5322854047e+04	2.5042132987e-14	2.7605569248e-17	8.2485165219e-22	2.0750738959e-17	2.7752199683e-14	3.4650234779e-21	6.2404949363e-23	3.4874862827e-22	3.0676274921e-14
9.5327158300e+04	2.5018372972e-14	2.7786250975e-17	8.0366469259e-22	2.0899786490e-17	2.7731875035e-14	2.9744231534e-21	6.2226610193e-23	3.0619078217e-22	3.0635952435e-14
9.5327767268e+04	2.5015017828e-14	2.7812053113e-17	7.9790476232e-22	2.0921063537e-17	2.7729002582e-14	2.9040143050e-21	6.1980295113e-23	2.9988215673e-22	3.0630083911e-14
9.5348794271e+04	2.5015949881e-14	2.8742148246e-17	3.9992864837e-22	2.1686787491e-17	2.7701409667e-14	1.9015531732e-21	3.4488585114e-23	2.1733283134e-22	3.0463310300e-14
9.5353148366e+04	2.4992238752e-14	2.8944943420e-17	3.3261833684e-22	2.1853427815e-17	2.7681112682e-14	2.0531720602e-21	2.9266808274e-23	2.3928069293e-22	3.0432482040e-14
9.5353764385e+04	2.4988890694e-14	2.8973936275e-17	3.2488486020e-22	2.1877242862e-17	2.7678250540e-14	2.0796857727e-21	2.8666714884e-23	2.4303067155e-22	3.0427882868e-14
9.5375034869e+04	2.5104221979e-14	3.0023539048e-17	3.2083965637e-22	2.2737996753e-17	2.7720270884e-14	2.8868301843e-21	3.1024105830e-23	3.6858881469e-22	3.0274224710e-14
9.5379439382e+04	2.5080489815e-14	3.0253284386e-17	3.5623359871e-22	2.2926070183e-17	2.7700037297e-14	2.8441753807e-21	3.5063667867e-23	3.6942114564e-22	3.0249768670e-14
9.5380062535e+04	2.5077140220e-14	3.0286148767e-17	3.6128577095e-22	2.2952964564e-17	2.7697182260e-14	2.8303169424e-21	3.5649297827e-23	3.6850251721e-22	3.0246307158e-14
9.5401579319e+04	2.4962398002e-14	3.1477968789e-17	4.8578994407e-22	2.3926930014e-17	2.7600700641e-14	1.9439810115e-21	5.1997320646e-23	2.7374373254e-22	3.0110987567e-14
9.5406034834e+04	2.4938727351e-14	3.1739186338e-17	5.0386883339e-22	2.4140086558e-17	2.7581302419e-14	1.8970830837e-21	5.4795262935e-23	2.7124943150e-22	3.0086631174e-14
9.5406665202e+04	2.4935376553e-14	3.1776559205e-17	5.0653659646e-22	2.4170575117e-17	2.7578572570e-14	1.8987303583e-21	5.5207832391e-23	2.7206523333e-22	3.0083424659e-14
9.5428431140e+04	2.4934372546e-14	3.3132804494e-17	6.1018542508e-22	2.5275778357e-17	2.7551504203e-14	2.6469663992e-21	7.1549306566e-23	4.0686064858e-22	2.9972255539e-14
9.5432938246e+04	2.5023884962e-14	3.3430268691e-17	6.2156723279e-22	2.5517905295e-17	2.7598657914e-14	2.7400526910e-21	7.3936122842e-23	4.2699453961e-22	2.9947206675e-14
9.5433575914e+04	2.5020552975e-14	3.3472832693e-17	6.2247399582e-22	2.5552544039e-17	2.7595890428e-14	2.7466425771e-21	7.4192740816e-23	4.2884531615e-22	2.9943790143e-14
9.5455593889e+04	2.5018492743e-14	3.5017702514e-17	5.4308753248e-22	2.6808751786e-17	2.7568298251e-14	2.2474364707e-21	6.9169236870e-23	3.7388808960e-22	2.9847505425e-14
9.5460153186e+04	2.4994977668e-14	3.5356432846e-17	5.0997457205e-22	2.7083970482e-17	2.7549186142e-14	2.0987153334e-21	6.5805287991e-23	3.5352645447e-22	2.9826686264e-14
9.5460798238e+04	2.4991652527e-14	3.5404893552e-17	5.0526325174e-22	2.7123339593e-17	2.7546498267e-14	2.0793631971e-21	6.5316720675e-23	3.5087881207e-22	2.9823623916e-14
9.5483071169e+04	2.4988795347e-14	3.7162178759e-17	3.9569695285e-22	2.8550235335e-17	2.7519252837e-14	1.7002412753e-21	5.4349750366e-23	3.0397430794e-22	2.9726937625e-14
9.5487683259e+04	2.4965171460e-14	3.7547041941e-17	3.9254432269e-22	2.8862596607e-17	2.7500352021e-14	1.6783218841e-21	5.4566113399e-23	3.0349385794e-22	2.9710773134e-14
9.5488335781e+04	2.4961827252e-14	3.7602088940e-17	3.9261223703e-22	2.8907270551e-17	2.7497685369e-14	1.6764829141e-21	5.4667243808e-23	3.0364585954e-22	2.9708463142e-14
9.5510866620e+04	2.4958175932e-14	3.9595178968e-17	4.2616639946e-22	3.0524447498e-17	2.7470212596e-14	1.8192040505e-21	6.2743032701e-23	3.4742591828e-22	2.9618442023e-14
9.5515532116e+04	2.4934482917e-14	4.0030620648e-17	4.3037710647e-22	3.0877721405e-17	2.7451490896e-14	1.8834732821e-21	6.4066780381e-23	3.6348817015e-22	2.9601368893e-14
9.5516192193e+04	2.4931126131e-14	4.0092862077e-17	4.3075447320e-22	3.0928218005e-17	2.7448841636e-14	1.8923446098e-21	6.4222401957e-23	3.6573720181e-22	2.9599093750e-14
9.5538983927e+04	2.4926955896e-14	4.2339186489e-17	4.2139598655e-22	3.2750866722e-17	2.7421658457e-14	1.9360757207e-21	6.6154206937e-23	3.9292451219e-22	2.9523874730e-14
9.5543703447e+04	2.4903045649e-14	4.2828200770e-17	4.1735631970e-22	3.3147736466e-17	2.7402653670e-14	1.8585413893e-21	6.6194739970e-23	3.8085939753e-22	2.9506462253e-14
9.5544371168e+04	2.4899652723e-14	4.2898057585e-17	4.1681326364e-22	3.3204433571e-17	2.7399945319e-14	1.8456489653e-21	6.6203734623e-23	3.7873166232e-22	2.9504006169e-14
9.5567426818e+04	2.5004151835e-14	4.5413964285e-17	4.0747647083e-22	3.5247044102e-17	2.7435421967e-14	1.4239306571e-21	6.7901104329e-23	3.0572422598e-22	2.9432236194e-14
9.5572200987e+04	2.4980542066e-14	4.5960538502e-17	4.0673641645e-22	3.5690987254e-17	2.7416690493e-14	1.4074980732e-21	6.8427800859e-23	3.0492559584e-22	2.9418595407e-14
9.5572876440e+04	2.4977199554e-14	4.6038585470e-17	4.0659339310e-22	3.5754385458e-17	2.7414035128e-14	1.4078496974e-21	6.8495470533e-23	3.0538695495e-22	2.9416598236e-14
9.5596199062e+04	2.4860829362e-14	4.8842869527e-17	3.8962492959e-22	3.8033479912e-17	2.7319704388e-14	1.6438333691e-21	6.8643151260e-23	3.7191472689e-22	2.9344566986e-14
9.5601028513e+04	2.4836407566e-14	4.9450211362e-17	3.8362562054e-22	3.8527398069e-17	2.7299087544e-14	1.6915029617e-21	6.8192273720e-23	3.8592134701e-22	2.9331819253e-14
9.5601711787e+04	2.4832942950e-14	4.9536877874e-17	3.8274903688e-22	3.8597889165e-17	2.7296130521e-14	1.6969955396e-21	6.8121817937e-23	3.8763046303e-22	2.9330084964e-14
9.5625304472e+04	2.4936804387e-14	5.2642918178e-17	3.5415440060e-22	4.1125902561e-17	2.7334881107e-14	1.7047596097e-21	6.5733794874e-23	4.0502676515e-22	2.9267436201e-14
9.5630189846e+04	2.4912774102e-14	5.3313747870e-17	3.4990881860e-22	4.1672338224e-17	2.7314923889e-14	1.6848082519e-21	6.5492252967e-23	4.0343806126e-22	2.9253490341e-14
9.5630881032e+04	2.4909362915e-14	5.3409421803e-17	3.4938700396e-22	4.1750284431e-17	2.7312066370e-14	1.6821218627e-21	6.5471615985e-23	4.0323870105e-22	2.9251560330e-14
9.5654746908e+04	2.4901221567e-14	5.6827535275e-17	3.4253543330e-22	4.4537338955e-17	2.7281454610e-14	1.6216852557e-21	6.6770432920e-23	4.0334791107e-22	2.9194242673e-14
9.5659688852e+04	2.4876914310e-14	5.7562676706e-17	3.4296199788e-22	4.5137363675e-17	2.7260517697e-14	1.6053992937e-21	6.7383073666e-23	4.0224687190e-22	2.9182502853e-14
9.5660388041e+04	2.4873465376e-14	5.7667430237e-17	3.4305621440e-22	4.5222881817e-17	2.7257515921e-14	1.6026614360e-21	6.7476353983e-23	4.0197631864e-22	2.9180788677e-14
9.5684530270e+04	2.4864741313e-14	6.1397158194e-17	3.5173540561e-22	4.8270678532e-17	2.7225577603e-14	1.4528236034e-21	7.1805222300e-23	3.7723996680e-22	2.9121806152e-14
9.5689529439e+04	2.4840131918e-14	6.2196878444e-17	3.5453426228e-22	4.8924922032e-17	2.7203328946e-14	1.4196916228e-21	7.2917687573e-23	3.7119929424e-22	2.9111415145e-14
9.5690236725e+04	2.4836639831e-14	6.2310784133e-17	3.5494249710e-22	4.9018128328e-17	2.7200140069e-14	1.4154641929e-21	7.3078124271e-23	3.7045441143e-22	2.9109981673e-14
9.5714658508e+04	2.4826779119e-14	6.6358793506e-17	3.7119614912e-22	5.2333935229e-17	2.7166125110e-14	1.4033588356e-21	7.9159669790e-23	3.7947601732e-22	2.9057251352e-14
9.5719715565e+04	2.4801870709e-14	6.7224563091e-17	3.7543023825e-22	5.3043971598e-17	2.7142837150e-14	1.4327599027e-21	8.0629036865e-23	3.8996676549e-22	2.9045805124e-14
9.5720431040e+04	2.4798343140e-14	6.7347801751e-17	3.7605973282e-22	5.3145067281e-17	2.7139516334e-14	1.4373969785e-21	8.0844326539e-23	3.9158847879e-22	2.9044226363e-14
9.5745135615e+04	2.4896980770e-14	7.1715062117e-17	4.0172566775e-22	5.6731661936e-17	2.7182533351e-14	1.5646780772e-21	8.9288117931e-23	4.3961647312e-22	2.8996255846e-14
9.5750251229e+04	2.4872517739e-14	7.2646244069e-17	4.0797304370e-22	5.7497399019e-17	2.7159970170e-14	1.5643771712e-21	9.1285144865e-23	4.4225736755e-22	2.8986211390e-14
9.5750974989e+04	2.4869045110e-14	7.2778723643e-17	4.0888822182e-22	5.7606369269e-17	2.7156740003e-14	1.5633965704e-21	9.1576010496e-23	4.4236443618e-22	2.8984750055e-14
9.5775965629e+04	2.4857380606e-14	7.7462869284e-17	4.4044192333e-22	6.1463841981e-17	2.7121468926e-14	1.4369644568e-21	1.0181437019e-22	4.1863962297e-22	2.8934843038e-14
9.5781140480e+04	2.4832523546e-14	7.8458770434e-17	4.4417070676e-22	6.2285127320e-17	2.7097883163e-14	1.4054495922e-21	1.0333121169e-22	4.1186418103e-22	2.8925893569e-14
9.5781872621e+04	2.4828998500e-14	7.8600366121e-17	4.4453480186e-22	6.2401929094e-17	2.7094525943e-14	1.4012726981e-21	1.0350844015e-22	4.1097860234e-22	2.8924653011e-14
9.5807152639e+04	2.4816289043e-14	8.3591726358e-17	4.3139166787e-22	6.6524486401e-17	2.7058479887e-14	1.3072531051e-21	1.0351886397e-22	3.9417510408e-22	2.8879310767e-14
9.5812387411e+04	2.4791260274e-14	8.4649483798e-17	4.2405028930e-22	6.7399421334e-17	2.7034494742e-14	1.2971912848e-21	1.0237524915e-22	3.9332339243e-22	2.8869542445e-14
9.5813128030e+04	2.4787719177e-14	8.4799792950e-17	4.2294588580e-22	6.7523787405e-17	2.7031095935e-14	1.2959560838e-21	1.0219564606e-22	3.9325646558e-22	2.8868191381e-14
9.5838700776e+04	2.4774506497e-14	9.0087892957e-17	3.8110165527e-22	7.1904855665e-17	2.6994347962e-14	1.2748640745e-21	9.4766628828e-23	3.9717937677e-22	2.8826627571e-14
9.5843996165e+04	2.4749406686e-14	9.1206160008e-17	3.7278287748e-22	7.2832717732e-17	2.6970237804e-14	1.2750667070e-21	9.3235156318e-23	3.9935056995e-22	2.8817995512e-14
9.5844745360e+04	2.4745860473e-14	9.1364997731e-17	3.7165833678e-22	7.2964549999e-17	2.6966838015e-14	1.2752657191e-21	9.3029498648e-23	3.9971037977e-22	2.8816744665e-14
9.5870614224e+04	2.4838972476e-14	9.6941305658e-17	3.4674463536e-22	7.7598972264e-17	2.7009286108e-14	1.3279757643e-21	8.9205405492e-23	4.2680005386e-22	2.8773898159e-14
9.5875970931e+04	2.4813931473e-14	9.8117655406e-17	3.4533284199e-22	7.8578152097e-17	2.6985318378e-14	1.3538601073e-21	8.9334069565e-23	4.3731903160e-22	2.8766089676e-14
9.5876728801e+04	2.4810385755e-14	9.8284671050e-17	3.4522555274e-22	7.8717216608e-17	2.6981931387e-14	1.3579694725e-21	8.9375731090e-23	4.3895776897e-22	2.8765006594e-14
9.5902897213e+04	2.4688735678e-14	1.0413805459e-16	3.5335667029e-22	8.3597627937e-17	2.6866931734e-14	1.5324962922e-21	9.3910696248e-23	5.0736056075e-22	2.8725803298e-14
9.5908315947e+04	2.4770107254e-14	1.0537036143e-16	3.5694052462e-22	8.4626728076e-17	2.6920747604e-14	1.5635045082e-21	9.5365751308e-23	5.2012368934e-22	2.8717336487e-14
9.5909082593e+04	2.4766556312e-14	1.0554524302e-16	3.5745264180e-22	8.4772817664e-17	2.6917387695e-14	1.5673943224e-21	9.5573628427e-23	5.2177092887e-22	2.8716160402e-14
9.5935554021e+04	2.4750602147e-14	1.1166056908e-16	3.6923679308e-22	8.9888493317e-17	2.6880044416e-14	1.6012070967e-21	1.0123443679e-22	5.4533898174e-22	2.8679651726e-14
9.5941035501e+04	2.4725471214e-14	1.1294464658e-16	3.6957193533e-22	9.0964427906e-17	2.6856731231e-14	1.5829691248e-21	1.0184073554e-22	5.4161295725e-22	2.8672134303e-14
9.5941811024e+04	2.4721926590e-14	1.1312679076e-16	3.6955777260e-22	9.1117096495e-17	2.6853455317e-14	1.5797853673e-21	1.0190945008e-22	5.4087361845e-22	2.8671046808e-14
9.5968588977e+04	2.4705431614e-14	1.1948525881e-16	3.6180904217e-22	9.6454177496e-17	2.6816894231e-14	1.4302840320e-21	1.0220403879e-22	5.0050015754e-22	2.8633451806e-14
9.5974133929e+04	2.4785189554e-14	1.2081800983e-16	3.5975522099e-22	9.7574696566e-17	2.6869043083e-14	1.4072389508e-21	1.0211889019e-22	4.9460818213e-22	2.8626522379e-14
9.5974918432e+04	2.4781633468e-14	1.2100699054e-16	3.5950265916e-22	9.7733635063e-17	2.6865731753e-14	1.4047033474e-21	1.0211703169e-22	4.9402292270e-22	2.8625562764e-14
9.6002006459e+04	2.4660230935e-14	1.2759293640e-16	3.5949872334e-22	1.0328060358e-16	2.6754134455e-14	1.4527270485e-21	1.0450411690e-22	5.2170852692e-22	2.8591088911e-14
9.6007615619e+04	2.4635569258e-14	1.2897075284e-16	3.6102536132e-22	1.0444300951e-16	2.6731582909e-14	1.4906020400e-21	1.0543897872e-22	5.3757250524e-22	2.8583570236e-14
9.6008409206e+04	2.4632093975e-14	1.2916606293e-16	3.6124864594e-22	1.0460783844e-16	2.6728401438e-14	1.4964538113e-21	1.0557355868e-22	5.4000333733e-22	2.8582521602e-14
9.6035810898e+04	2.4716926024e-14	1.3596515892e-16	3.6658660477e-22	1.1035409414e-16	2.6764591170e-14	1.7328670963e-21	1.0954096958e-22	6.3797612878e-22	2.8550060973e-14
9.6041485009e+04	2.4691972136e-14	1.3738578335e-16	3.6684256632e-22	1.1155675004e-16	2.6742003202e-14	1.7798824816e-21	1.1011073249e-22	6.5794137493e-22	2.8543495798e-14
9.6042287785e+04	2.4688457326e-14	1.3758710040e-16	3.6684944396e-22	1.1172723494e-16	2.6738817166e-14	1.7861532517e-21	1.1018243474e-22	6.6063546702e-22	2.8542545733e-14
9.6070006774e+04	2.4669963973e-14	1.4458326102e-16	3.6234154013e-22	1.1766059796e-16	2.6701554631e-14	1.9085604881e-21	1.1118079201e-22	7.1962216376e-22	2.8508995947e-14
9.6075746588e+04	2.4645276883e-14	1.4604194994e-16	3.6103226910e-22	1.1889981652e-16	2.6679027817e-14	1.9106800571e-21	1.1125896384e-22	7.2322494855e-22	2.8502729821e-14
9.6076558660e+04	2.4743450975e-14	1.4624858722e-16	3.6087544874e-22	1.1907542244e-16	2.6747835359e-14	1.9105251011e-21	1.1127835635e-22	7.2356185212e-22	2.8501866446e-14
9.6104598619e+04	2.4622745497e-14	1.5342124731e-16	3.6220940658e-22	1.2517989366e-16	2.6638540953e-14	1.8750543380e-21	1.1401421308e-22	7.2337593735e-22	2.8471497702e-14
9.6110404897e+04	2.4598266414e-14	1.5491515970e-16	3.6369851210e-22	1.2645349638e-16	2.6615887880e-14	1.8649912097e-21	1.1496086358e-22	7.2218482669e-22	2.8464802658e-14
9.6111226373e+04	2.4594814365e-14	1.5512673871e-16	3.6392572541e-22	1.2663393375e-16	2.6612673680e-14	1.8635280598e-21	1.1510019341e-22	7.2199767285e-22	2.8463862327e-14
9.6139591019e+04	2.4575526978e-14	1.6246179382e-16	3.7647109014e-22	1.3289860725e-16	2.6574475447e-14	1.8217581135e-21	1.2145635601e-22	7.1847248766e-22	2.8434600909e-14
9.6145464530e+04	2.4650012342e-14	1.6398709972e-16	3.8101315471e-22	1.3420357842e-16	2.6624113815e-14	1.8196074198e-21	1.2341664741e-22	7.2020654289e-22	2.8428817313e-14
9.6146295518e+04	2.4646533726e-14	1.6420306614e-16	3.8171784458e-22	1.3438840998e-16	2.6620909741e-14	1.8195391848e-21	1.2371490879e-22	7.2054388364e-22	2.8427982208e-14
9.6174988612e+04	2.4625991378e-14	1.7168451199e-16	4.1194404330e-22	1.4080068447e-16	2.6582550191e-14	1.8317141300e-21	1.3609475399e-22	7.3788249139e-22	2.8397814014e-14
9.6180930135e+04	2.4601505313e-14	1.7323920612e-16	4.1910326874e-22	1.4213547114e-16	2.6559696229e-14	1.8313537693e-21	1.3899814825e-22	7.4029348032e-22	2.8392030352e-14
9.6181770746e+04	2.4598051947e-14	1.7345929708e-16	4.2014173363e-22	1.4232449387e-16	2.6556452697e-14	1.8310943415e-21	1.3941872609e-22	7.4054924184e-22	2.8391235405e-14
9.6210796090e+04	2.4577211492e-14	1.8107443282e-16	4.5706533646e-22	1.4887433927e-16	2.6517332423e-14	1.7859232141e-21	1.5450504633e-22	7.3428465358e-22	2.8364049596e-14
9.6216806413e+04	2.4552871054e-14	1.8265428516e-16	4.6310662202e-22	1.5023553829e-16	2.6493985858e-14	1.7669145428e-21	1.5713511112e-22	7.2889501363e-22	2.8358060446e-14
9.6217656757e+04	2.4549429963e-14	1.8287787412e-16	4.6385895299e-22	1.5042824724e-16	2.6490674776e-14	1.7639314851e-21	1.5747350923e-22	7.2800614280e-22	2.8357212841e-14
9.6247018198e+04	2.4528102712e-14	1.9060904267e-16	4.7316644378e-22	1.5710142895e-16	2.6450820623e-14	1.6207126960e-21	1.6353320210e-22	6.7961256876e-22	2.8330308542e-14
9.6253098118e+04	2.4600290653e-14	1.9221246282e-16	4.7157639793e-22	1.5848777786e-16	2.6501052411e-14	1.5842099649e-21	1.6357544453e-22	6.6644537168e-22	2.8325071980e-14
9.6253958308e+04	2.4596837473e-14	1.9243937133e-16	4.7126412934e-22	1.5868403245e-16	2.6497778827e-14	1.5789505454e-21	1.6355061571e-22	6.6453372771e-22	2.8324320841e-14
9.6283659739e+04	2.4574478867e-14	2.0027872240e-16	4.4601857058e-22	1.6547426942e-16	2.6457802797e-14	1.3916022404e-21	1.5749148858e-22	5.9473514827e-22	2.8297071858e-14
9.6289810061e+04	2.4550132558e-14	2.0190231310e-16	4.3765449235e-22	1.6688299764e-16	2.6434355127e-14	1.3532792277e-21	1.5508101851e-22	5.8015477602e-22	2.8291703882e-14
9.6290680212e+04	2.4546690768e-14	2.0213201679e-16	4.3641982383e-22	1.6708236948e-16	2.6431034777e-14	1.3479399830e-21	1.5471994863e-22	5.7811852001e-22	2.8290963492e-14
9.6320725569e+04	2.4524017135e-14	2.1006380811e-16	3.9182142712e-22	1.7397677033e-16	2.6390479200e-14	1.1888661939e-21	1.4125560937e-22	5.1750013632e-22	2.8266048995e-14
9.6326947108e+04	2.4499510497e-14	2.1170640457e-16	3.8263473372e-22	1.7540692868e-16	2.6367078695e-14	1.1646278186e-21	1.3841295464e-22	5.0847166984e-22	2.8260675758e-14
9.6327827335e+04	2.4496035977e-14	2.1193879490e-16	3.8134064126e-22	1.7560932980e-16	2.6363775574e-14	1.1615023710e-21	1.3801085341e-22	5.0732133271e-22	2.8259915270e-14
9.6358220602e+04	2.4472482204e-14	2.1995815340e-16	3.4210668109e-22	1.8260389962e-16	2.6323563597e-14	1.1078015776e-21	1.2583722015e-22	4.9083955809e-22	2.8235512094e-14
9.6364514183e+04	2.4543279002e-14	2.2161672104e-16	3.3672077247e-22	1.8405297611e-16	2.6372895903e-14	1.1116302775e-21	1.2426432804e-22	4.9396549642e-22	2.8230715269e-14
9.6365404602e+04	2.4539834069e-14	2.2185130844e-16	3.3606334891e-22	1.8425800092e-16	2.6369590486e-14	1.1126281678e-21	1.2407922539e-22	4.9461082000e-22	2.8230027095e-14
9.6396149806e+04	2.4515814254e-14	2.2994242156e-16	3.2909372793e-22	1.9133959544e-16	2.6328622598e-14	1.2163115143e-21	1.2343211033e-22	5.4823608343e-22	2.8205054780e-14
9.6402516263e+04	2.4491291650e-14	2.3161597161e-16	3.3104819284e-22	1.9280675629e-16	2.6305444341e-14	1.2530441186e-21	1.2456190274e-22	5.6637833206e-22	2.8200164865e-14
9.6403416993e+04	2.4487814039e-14	2.3185269219e-16	3.3140341103e-22	1.9301434981e-16	2.6302177058e-14	1.2585878502e-21	1.2475162691e-22	5.6910882982e-22	2.8199493200e-14
9.6434518209e+04	2.4462889481e-14	2.4001505734e-16	3.5366601752e-22	2.0018247267e-16	2.6261836368e-14	1.4887090345e-21	1.3517832700e-22	6.8223814490e-22	2.8177231142e-14
9.6440958387e+04	2.4438015437e-14	2.4170182067e-16	3.6041974489e-22	2.0166622636e-16	2.6238900451e-14	1.5427457814e-21	1.3818673162e-22	7.0892270800e-22	2.8172385114e-14
9.6441869547e+04	2.4434486725e-14	2.4194036146e-16	3.6143157070e-22	2.0187612522e-16	2.6235661048e-14	1.5504819793e-21	1.3863511894e-22	7.1275005912e-22	2.8171694472e-14
9.6473330898e+04	2.4408967904e-14	2.5016267242e-16	4.0412322463e-22	2.0912124022e-16	2.6195212418e-14	1.8088147426e-21	1.5732191964e-22	8.4235251754e-22	2.8149120042e-14
9.6479845649e+04	2.4479105707e-14	2.5186208581e-16	4.1424718687e-22	2.1062108901e-16	2.6242731750e-14	1.8539427117e-21	1.6174824190e-22	8.6563987313e-22	2.8144732409e-14
9.6480767360e+04	2.4475622057e-14	2.5210242728e-16	4.1568924438e-22	2.1083327291e-16	2.6239509446e-14	1.8599578091e-21	1.6238003899e-22	8.6877001495e-22	2.8144107324e-14
9.6512593017e+04	2.4449398997e-14	2.6038357709e-16	4.6395656219e-22	2.1815430564e-16	2.6199116666e-14	2.0093618270e-21	1.8385794564e-22	9.5041444609e-22	2.8121633760e-14
9.6519183205e+04	2.4424456599e-14	2.6209335721e-16	4.7329561404e-22	2.1966830634e-16	2.6176418051e-14	2.0271036896e-21	1.8810680475e-22	9.6125055340e-22	2.8117166562e-14
9.6520115589e+04	2.4420918828e-14	2.6233511105e-16	4.7459597566e-22	2.1988244557e-16	2.6173204833e-14	2.0292819390e-21	1.8870118885e-22	9.6262876973e-22	2.8116549824e-14
9.6552309769e+04	2.4394045175e-14	2.7066252511e-16	5.1625535690e-22	2.2726868053e-16	2.6132367995e-14	2.0643412573e-21	2.0815073506e-22	9.9125047572e-22	2.8095976717e-14
9.6558976268e+04	2.4368830076e-14	2.7238254019e-16	5.2427501651e-22	2.2879667977e-16	2.6109403552e-14	2.0661040382e-21	2.1198423638e-22	9.9454889419e-22	2.8091518446e-14
9.6559919449e+04	2.4365256435e-14	2.7262577240e-16	5.2540015906e-22	2.2901282357e-16	2.6106141744e-14	2.0663349211e-21	2.1252406240e-22	9.9500607420e-22	2.8090883242e-14
9.6592486420e+04	2.4432111880e-14	2.8100407333e-16	5.6150287306e-22	2.3646792904e-16	2.6135207350e-14	2.0775861823e-21	2.3023019028e-22	1.0123010920e-21	2.8070009469e-14
9.6599230114e+04	2.4407094513e-14	2.8273347983e-16	5.6753917239e-22	2.3800917525e-16	2.6112520549e-14	2.0798238629e-21	2.3334733156e-22	1.0158207787e-21	2.8065939495e-14
9.6600184215e+04	2.4403547461e-14	2.8297799833e-16	5.6833092711e-22	2.3822715612e-16	2.6109298203e-14	2.0801109485e-21	2.3376364001e-22	1.0163038601e-21	2.8065360491e-14
9.6633128295e+04	2.4375363727e-14	2.9139849909e-16	5.8637365590e-22	2.4574360806e-16	2.6067688168e-14	2.0945086683e-21	2.4438784100e-22	1.0351240199e-21	2.8044649290e-14
9.6639950076e+04	2.4443411179e-14	2.9313702821e-16	5.8843863347e-22	2.4729782725e-16	2.6114229073e-14	2.1013389745e-21	2.4590661147e-22	1.0409156133e-21	2.8040521603e-14
9.6640915226e+04	2.4439905549e-14	2.9338285359e-16	5.8870578545e-22	2.4751765574e-16	2.6111040245e-14	2.1024635644e-21	2.4611120482e-22	1.0418138008e-21	2.8039950626e-14
9.6674240780e+04	2.4317870370e-14	3.0184662161e-16	5.9753491382e-22	2.5509611522e-16	2.5998418419e-14	2.1676327189e-21	2.5302880433e-22	1.0861125936e-21	2.8020832358e-14
9.6681141554e+04	2.4292516637e-14	3.0359280813e-16	6.0021320450e-22	2.5666202112e-16	2.5974179591e-14	2.1885613069e-21	2.5482655571e-22	1.0990760010e-21	2.8016698421e-14
9.6682117880e+04	2.4288932533e-14	3.0383967826e-16	6.0064077024e-22	2.5688346889e-16	2.5970721584e-14	2.1917604872e-21	2.5510183330e-22	1.1010326441e-21	2.8016109768e-14
9.6715829325e+04	2.4353110650e-14	3.1233824120e-16	6.2297412574e-22	2.6451652471e-16	2.6000619446e-14	2.3307684720e-21	2.6791257027e-22	1.1835716899e-21	2.7996747040e-14
9.6722810007e+04	2.4327907241e-14	3.1409220740e-16	6.2905412398e-22	2.6609416559e-16	2.5976684138e-14	2.3625864130e-21	2.7121484189e-22	1.2023611904e-21	2.7992971947e-14
9.6723797638e+04	2.4324342279e-14	3.1434019865e-16	6.2995002351e-22	2.6631728941e-16	2.5973271656e-14	2.3670718250e-21	2.7169830578e-22	1.2050160496e-21	2.7992435525e-14
9.6757899443e+04	2.4386623395e-14	3.2287674817e-16	6.7106564288e-22	2.7400737477e-16	2.6001945476e-14	2.5240558187e-21	2.9297263456e-22	1.2984807807e-21	2.7973313988e-14
9.6764960957e+04	2.4361514829e-14	3.2463773762e-16	6.8352258916e-22	2.7559605515e-16	2.5978387341e-14	2.5599563603e-21	2.9914959057e-22	1.3197574105e-21	2.7969481272e-14
9.6765960024e+04	2.4357960227e-14	3.2488669914e-16	6.8542644010e-22	2.7582071947e-16	2.5975024911e-14	2.5651954609e-21	3.0008737612e-22	1.3228554183e-21	2.7968949372e-14
9.6800456710e+04	2.4235631462e-14	3.3345664462e-16	7.7375484032e-22	2.8356367248e-16	2.5855144474e-14	2.7708841921e-21	3.4279478245e-22	1.4435704477e-21	2.7950997462e-14
9.6807599993e+04	2.4302263245e-14	3.3522498226e-16	7.9762357075e-22	2.8516361181e-16	2.5906093592e-14	2.8198979500e-21	3.5422123207e-22	1.4721507055e-21	2.7947137663e-14
9.6808610629e+04	2.4298710543e-14	3.3547498891e-16	8.0115464705e-22	2.8538987220e-16	2.5902597630e-14	2.8270414866e-21	3.5591016998e-22	1.4763108577e-21	2.7946589576e-14
9.6843506767e+04	2.4267945165e-14	3.4407817068e-16	9.4212187676e-22	2.9318527984e-16	2.5857147518e-14	3.1025985392e-21	4.2339263514e-22	1.6363520820e-21	2.7928623422e-14
9.6850732765e+04	2.4333574096e-14	3.4585225743e-16	9.7412743442e-22	2.9479505996e-16	2.5907145304e-14	3.1633921670e-21	4.3880459286e-22	1.6717788943e-21	2.7925095975e-14
9.6851755103e+04	2.4330025073e-14	3.4610305277e-16	9.7868234077e-22	2.9502269001e-16	2.5903689831e-14	3.1719885349e-21	4.4100227321e-22	1.6767978033e-21	2.7924593873e-14
9.6887055320e+04	2.4298430862e-14	3.5473320824e-16	1.1376492435e-21	3.0286492823e-16	2.5857859527e-14	3.4699680009e-21	5.1843345053e-22	1.8520937439e-21	2.7906719179e-14
9.6894364991e+04	2.4273394105e-14	3.5651323767e-16	1.1708624148e-21	3.0448465225e-16	2.5832876749e-14	3.5343252787e-21	5.3479101983e-22	1.8901445196e-21	2.7903155084e-14
9.6895399168e+04	2.4269857548e-14	3.5676487981e-16	1.1755598911e-21	3.0471369274e-16	2.5829335686e-14	3.5435375970e-21	5.3710981230e-22	1.8955947479e-21	2.7902660643e-14
9.6931108142e+04	2.4238161979e-14	3.6542278721e-16	1.3336735194e-21	3.1260312423e-16	2.5783117665e-14	3.8640837623e-21	6.1607229637e-22	2.0865605662e-21	2.7885972200e-14
9.6938502455e+04	2.4213147175e-14	3.6720799219e-16	1.3650345297e-21	3.1423207520e-16	2.5758096858e-14	3.9287747248e-21	6.3196758412e-22	2.1255430408e-21	2.7882399003e-14
9.6939548607e+04	2.4209610273e-14	3.6746035613e-16	1.3694412333e-21	3.1446241059e-16	2.5754564574e-14	3.9379084200e-21	6.3420722850e-22	2.1310574207e-21	2.7881892392e-14
9.6975671071e+04	2.4266375841e-14	3.7614286595e-16	1.5165646325e-21	3.2239603908e-16	2.5782871190e-14	4.2646106767e-21	7.0989712173e-22	2.3290403536e-21	2.7865288781e-14
9.6983151006e+04	2.4241465695e-14	3.7793302434e-16	1.5446012338e-21	3.2403396314e-16	2.5757903632e-14	4.3348137831e-21	7.2459646626e-22	2.3717810249e-21	2.7862004091e-14
9.6984209272e+04	2.4237946529e-14	3.7818607530e-16	1.5484558316e-21	3.2426555464e-16	2.5754379839e-14	4.3447180510e-21	7.2662769318e-22	2.3778225333e-21	2.7861536036e-14
9.7020750015e+04	2.4205355795e-14	3.8688910816e-16	1.6645261617e-21	3.3223956907e-16	2.5708101887e-14	4.6743735706e-21	7.8929198593e-22	2.5811047747e-21	2.7844972879e-14
9.7028316563e+04	2.4180401109e-14	3.8868281728e-16	1.6855604574e-21	3.3388519684e-16	2.5683500287e-14	4.7413624672e-21	8.0096575468e-22	2.6228348692e-21	2.7841699509e-14
9.7029387083e+04	2.4176868519e-14	3.8893635901e-16	1.6884867777e-21	3.3411786666e-16	2.5680033087e-14	4.7508708144e-21	8.0259667643e-22	2.6287649685e-21	2.7841245286e-14
9.7066350948e+04	2.4143717782e-14	3.9765516503e-16	1.7830710130e-21	3.4212785592e-16	2.5634125386e-14	5.0741748963e-21	8.5623631987e-22	2.8321003024e-21	2.7825756349e-14
9.7074005113e+04	2.4206607423e-14	3.9945180077e-16	1.8017855487e-21	3.4378058043e-16	2.5682178895e-14	5.1376832256e-21	8.6701913589e-22	2.8726052496e-21	2.7822415882e-14
9.7075088029e+04	2.4203098778e-14	3.9970574416e-16	1.8044567452e-21	3.4401424197e-16	2.5678717666e-14	5.1466214656e-21	8.6855843974e-22	2.8783179281e-21	2.7821942634e-14
9.7112479915e+04	2.4169546185e-14	4.0843677129e-16	1.9085603253e-21	3.5205680207e-16	2.5632755242e-14	5.4807514790e-21	9.2785274171e-22	3.0911876401e-21	2.7806484952e-14
9.7120222711e+04	2.4231344769e-14	4.1023557260e-16	1.9332597569e-21	3.5371589519e-16	2.5680298520e-14	5.5600464228e-21	9.4176548235e-22	3.1413021795e-21	2.7803422337e-14
9.7121318167e+04	2.4227844893e-14	4.1048980890e-16	1.9368064877e-21	3.5395044445e-16	2.5676847235e-14	5.5714779219e-21	9.4376266058e-22	3.1485231505e-21	2.7802985586e-14
9.7159143030e+04	2.4106704600e-14	4.1922745540e-16	2.0644367994e-21	3.6202038380e-16	2.5559267579e-14	5.9752556052e-21	1.0157755164e-21	3.4046253563e-21	2.7787543994e-14
9.7166975484e+04	2.4081372893e-14	4.2102661614e-16	2.0933466367e-21	3.6368421038e-16	2.5535083438e-14	6.0614702790e-21	1.0320393427e-21	3.4595386737e-21	2.7784492509e-14
9.7168083624e+04	2.4165353979e-14	4.2128087945e-16	2.0975650867e-21	3.6391940696e-16	2.5602810020e-14	6.0738830008e-21	1.0344075294e-21	3.4674418108e-21	2.7784068474e-14
9.7206346479e+04	2.4130723938e-14	4.3001710558e-16	2.2664356037e-21	3.7200939415e-16	2.5556932973e-14	6.5451378550e-21	1.1283445067e-21	3.7665952792e-21	2.7769526288e-14
9.7214269628e+04	2.4105563126e-14	4.3181541741e-16	2.3071114602e-21	3.7367682643e-16	2.5532865556e-14	6.6510522539e-21	1.1508166498e-21	3.8338039299e-21	2.7766400724e-14
9.7215390600e+04	2.4101992081e-14	4.3206953619e-16	2.3130337776e-21	3.7391251021e-16	2.5529453872e-14	6.6662113062e-21	1.1540852186e-21	3.8434269450e-21	2.7765958934e-14
9.7254096518e+04	2.4153056653e-14	4.4079607499e-16	2.5476876247e-21	3.8201497367e-16	2.5553576372e-14	7.2367642178e-21	1.2830100446e-21	4.2051901128e-21	2.7751568097e-14
9.7262111413e+04	2.4128136688e-14	4.4259145728e-16	2.6035385813e-21	3.8368412097e-16	2.5529594663e-14	7.3709077266e-21	1.3136148944e-21	4.2899696710e-21	2.7748698965e-14
9.7263245365e+04	2.4124601367e-14	4.4284515068e-16	2.6115975328e-21	3.8392003602e-16	2.5526198666e-14	7.3903111491e-21	1.3180320019e-21	4.3022292111e-21	2.7748289359e-14
9.7302399477e+04	2.4088749079e-14	4.5155563220e-16	2.9084284105e-21	3.9202900670e-16	2.5479607064e-14	8.0942763718e-21	1.4812048041e-21	4.7481871013e-21	2.7733861250e-14
9.7310507179e+04	2.4063337335e-14	4.5334675229e-16	2.9756305202e-21	3.9369861763e-16	2.5455171853e-14	8.2463871823e-21	1.5182297172e-21	4.8449446974e-21	2.7731020162e-14
9.7311654262e+04	2.4059730588e-14	4.5359979186e-16	2.9853782931e-21	3.9393455219e-16	2.5451698508e-14	8.2682232152e-21	1.5235998412e-21	4.8588390435e-21	2.7730624894e-14
9.7351261757e+04	2.4109512190e-14	4.6227955879e-16	3.3648187998e-21	4.0203682246e-16	2.5475455171e-14	9.0923653261e-21	1.7325363022e-21	5.3831489504e-21	2.7717005837e-14
9.7359463342e+04	2.4084332225e-14	4.6406301294e-16	3.4533354556e-21	4.0370383541e-16	2.5451136053e-14	9.2777813751e-21	1.7813258520e-21	5.5012681893e-21	2.7714092936e-14
9.7360623708e+04	2.4080757309e-14	4.6431495605e-16	3.4661086288e-21	4.0393938995e-16	2.5447681308e-14	9.3042461111e-21	1.7883698051e-21	5.5181412924e-21	2.7713682077e-14
9.7400689836e+04	2.4043581749e-14	4.7295442772e-16	3.9474084362e-21	4.1202609478e-16	2.5399732789e-14	1.0254260445e-20	2.0544298247e-21	6.1260165200e-21	2.7700274481e-14
9.7408986391e+04	2.4017926806e-14	4.7472813886e-16	4.0568281065e-21	4.1368858753e-16	2.5374757928e-14	1.0464023594e-20	2.1151080954e-21	6.2606021465e-21	2.7697574576e-14
9.7410160193e+04	2.4014291307e-14	4.7497864354e-16	4.0725326183e-21	4.1392344810e-16	2.5371213349e-14	1.0494109102e-20	2.1238246709e-21	6.2799143232e-21	2.7697189086e-14
9.7450690265e+04	2.4062849820e-14	4.8356140109e-16	4.6401869596e-21	4.2197970767e-16	2.5394811634e-14	1.1562339271e-20	2.4404582588e-21	6.9685380163e-21	2.7683752061e-14
9.7459082890e+04	2.4037373642e-14	4.8532255139e-16	4.7649784680e-21	4.2363509969e-16	2.5369952935e-14	1.1786159474e-20	2.5104229069e-21	7.1137204727e-21	2.7681118228e-14
9.7460270283e+04	2.4033760295e-14	4.8557127020e-16	4.7829402942e-21	4.2386894565e-16	2.5366425924e-14	1.1818003453e-20	2.5204999088e-21	7.1343961788e-21	2.7680750602e-14
9.7501269671e+04	2.4080861077e-14	4.9408685426e-16	5.4608158163e-21	4.3188500461e-16	2.5389370761e-14	1.2988128619e-20	2.9016927527e-21	7.8954275157e-21	2.7667921414e-14
9.7509759478e+04	2.4055545994e-14	4.9583163630e-16	5.6144870871e-21	4.3352983674e-16	2.5364556600e-14	1.3250399079e-20	2.9883941762e-21	8.0662558627e-21	2.7665190986e-14
9.7510960621e+04	2.4051952232e-14	4.9607795943e-16	5.6365336063e-21	4.3376211638e-16	2.5361034365e-14	1.3287923583e-20	3.0008438684e-21	8.0907118462e-21	2.7664807268e-14
9.7552434760e+04	2.4013181044e-14	5.0450326935e-16	6.4418123318e-21	4.4171710031e-16	2.5311650833e-14	1.4628006680e-20	3.4575176122e-21	8.9672908267e-21	2.7652300418e-14
9.7561022874e+04	2.3987536321e-14	5.0622844142e-16	6.6190840255e-21	4.4334838837e-16	2.5286639513e-14	1.4916869284e-20	3.5585451931e-21	9.1570098817e-21	2.7649750051e-14
9.7562237926e+04	2.3983908790e-14	5.0647196603e-16	6.6444142045e-21	4.4357872805e-16	2.5283108492e-14	1.4958086789e-20	3.5729965029e-21	9.1841008098e-21	2.7649385480e-14
9.7604192312e+04	2.3944796425e-14	5.1479222440e-16	7.5463209540e-21	4.5145894469e-16	2.5233951518e-14	1.6414800822e-20	4.0903593057e-21	1.0145548248e-20	2.7636773611e-14
9.7612879872e+04	2.4004235857e-14	5.1649301901e-16	7.7401565637e-21	4.5307235074e-16	2.5280462870e-14	1.6722376087e-20	4.2022224127e-21	1.0349614463e-20	2.7634308116e-14
9.7614108994e+04	2.4000616764e-14	5.1673303286e-16	7.7678714368e-21	4.5330010344e-16	2.5276936118e-14	1.6766192111e-20	4.2182322186e-21	1.0378708171e-20	2.7633962864e-14
9.7656549189e+04	2.3960998322e-14	5.2492698112e-16	8.7789620135e-21	4.6108609654e-16	2.5227636884e-14	1.8369110657e-20	4.8045140808e-21	1.1444881496e-20	2.7621813131e-14
9.7665337346e+04	2.3935466299e-14	5.2660049763e-16	9.0000244485e-21	4.6267889969e-16	2.5203145336e-14	1.8725199348e-20	4.9333099019e-21	1.1682148692e-20	2.7619255178e-14
9.7666580700e+04	2.3931865672e-14	5.2683659717e-16	9.0315337175e-21	4.6290368622e-16	2.5199700840e-14	1.8776068747e-20	4.9516884478e-21	1.1716064871e-20	2.7618897172e-14
9.7709512330e+04	2.3892488836e-14	5.3488313866e-16	1.0152829173e-20	4.7057604124e-16	2.5151546028e-14	2.0580529012e-20	5.6090133346e-21	1.2923645099e-20	2.7607220630e-14
9.7718402249e+04	2.3950658319e-14	5.3652331260e-16	1.0394062934e-20	4.7214272216e-16	2.5196342933e-14	2.0967334455e-20	5.7512055657e-21	1.3183540852e-20	2.7604808218e-14
9.7719660000e+04	2.3947056149e-14	5.3675464312e-16	1.0428442881e-20	4.7236376425e-16	2.5192909112e-14	2.1022552897e-20	5.7714920596e-21	1.3220665732e-20	2.7604463303e-14
9.7763088754e+04	2.3907152157e-14	5.4463058025e-16	1.1642000968e-20	4.7990111447e-16	2.5144801348e-14	2.2993109495e-20	6.4913600571e-21	1.4549767030e-20	2.7592665996e-14
9.7772081614e+04	2.3964839191e-14	5.4623342614e-16	1.1898337040e-20	4.8143795818e-16	2.5189149906e-14	2.3411869896e-20	6.6443830303e-21	1.4833459144e-20	2.7590368537e-14
9.7773353929e+04	2.3961244984e-14	5.4645939260e-16	1.1934770316e-20	4.8165470253e-16	2.5185734364e-14	2.3471391405e-20	6.6661579074e-21	1.4873817812e-20	2.7590045759e-14
9.7817285565e+04	2.3839085522e-14	5.5413769135e-16	1.3225769168e-20	4.8903218948e-16	2.5070308186e-14	2.5600409727e-20	7.4414189383e-21	1.6321571700e-20	2.7578635123e-14
9.7826382557e+04	2.3895698746e-14	5.5569745774e-16	1.3501170166e-20	4.9053390294e-16	2.5113845099e-14	2.6063285087e-20	7.6076956350e-21	1.6637200630e-20	2.7576266902e-14
9.7872109945e+04	2.3933711461e-14	5.6337714368e-16	1.4927549171e-20	4.9794378342e-16	2.5129873427e-14	2.8474389205e-20	8.4736503522e-21	1.8287542781e-20	2.7565089320e-14
9.7881312276e+04	2.3908576364e-14	5.6488912248e-16	1.5224122708e-20	4.9940597135e-16	2.5106378751e-14	2.8976510709e-20	8.6546233314e-21	1.8632514335e-20	2.7562815829e-14
9.7927569162e+04	2.3864829245e-14	5.7231373003e-16	1.6742892232e-20	5.0660332185e-16	2.5055751914e-14	3.1584323925e-20	9.5869945224e-21	2.0431004254e-20	2.7551529684e-14
9.7936878050e+04	2.3840081997e-14	5.7377201562e-16	1.7051824891e-20	5.0802050717e-16	2.5032309263e-14	3.2118420308e-20	9.7778656343e-21	2.0801061446e-20	2.7549390923e-14
9.7983670566e+04	2.3876487726e-14	5.8091372792e-16	1.8642122303e-20	5.1497939150e-16	2.5048005585e-14	3.4862732547e-20	1.0765699970e-20	2.2710679766e-20	2.7538406561e-14
9.7993087246e+04	2.3851797543e-14	5.8231226308e-16	1.8972125824e-20	5.1634593748e-16	2.5024647556e-14	3.5434535328e-20	1.0971646702e-20	2.3109882209e-20	2.7536225842e-14
9.8040421594e+04	2.3887323036e-14	5.8914335600e-16	2.0684847933e-20	5.2304038424e-16	2.5039824217e-14	3.8390418552e-20	1.2045400341e-20	2.5181263375e-20	2.7525782902e-14
9.8049947314e+04	2.3862664620e-14	5.9047736297e-16	2.1039304848e-20	5.2435176524e-16	2.5016612009e-14	3.8996510155e-20	1.2268662807e-20	2.5607790357e-20	2.7523633576e-14
9.8097829767e+04	2.3818991527e-14	5.9697013433e-16	2.2844160196e-20	5.3075571048e-16	2.4965439942e-14	4.2069106077e-20	1.3412050585e-20	2.7780572956e-20	2.7513173367e-14
9.8107465790e+04	2.3794549754e-14	5.9823329153e-16	2.3212204830e-20	5.3200600893e-16	2.4941384415e-14	4.2691316283e-20	1.3646512807e-20	2.8222720736e-20	2.7511167251e-14
9.8155902696e+04	2.3828964717e-14	6.0435802798e-16	2.5114847709e-20	5.3809148794e-16	2.4957266204e-14	4.5874847918e-20	1.4863895918e-20	3.0494036619e-20	2.7500827236e-14
9.8165650299e+04	2.3804601301e-14	6.0554479953e-16	2.5508669960e-20	5.3927546085e-16	2.4933342095e-14	4.6526459368e-20	1.5116940906e-20	3.0960767990e-20	2.7498818995e-14
9.8214648078e+04	2.3760709710e-14	6.1127523451e-16	2.7545672519e-20	5.4501746665e-16	2.4880464664e-14	4.9832486053e-20	1.6431246944e-20	3.3339269274e-20	2.7488997291e-14
9.8224508552e+04	2.3736163362e-14	6.1238057710e-16	2.7967094333e-20	5.4613028984e-16	2.4855749207e-14	5.0505534809e-20	1.6704269044e-20	3.3825501687e-20	2.7486960632e-14
9.8274073699e+04	2.3770052953e-14	6.1769011717e-16	3.0114379563e-20	5.5150342865e-16	2.4872326633e-14	5.3884912621e-20	1.8102594234e-20	3.6279100942e-20	2.7477222810e-14
9.8284048353e+04	2.3745639070e-14	6.1870870728e-16	3.0553218560e-20	5.5254000976e-16	2.4847780978e-14	5.4560522719e-20	1.8389763168e-20	3.6772248717e-20	2.7475318461e-14
9.8334187437e+04	2.3778931989e-14	6.2357293482e-16	3.2826167341e-20	5.5752073941e-16	2.4863933418e-14	5.8005405303e-20	1.9882604959e-20	3.9295950668e-20	2.7465588642e-14
9.8344277591e+04	2.3754568858e-14	6.2449985762e-16	3.3297038077e-20	5.5847633353e-16	2.4839555494e-14	5.8711347987e-20	2.0192986230e-20	3.9814802700e-20	2.7463736797e-14
9.8394997258e+04	2.3710014301e-14	6.2889592479e-16	3.5736433788e-20	5.6304243713e-16	2.4786830970e-14	6.2300774324e-20	2.1806634679e-20	4.2462790641e-20	2.7454406846e-14
9.8405204251e+04	2.3763051702e-14	6.2972753018e-16	3.6241852558e-20	5.6391341635e-16	2.4831380010e-14	6.3028992216e-20	2.2142135775e-20	4.3002107077e-20	2.7452485873e-14
9.8456511225e+04	2.3718369168e-14	6.3363586895e-16	3.8849654510e-20	5.6804554832e-16	2.4778852955e-14	6.6670292159e-20	2.3879688888e-20	4.5712024400e-20	2.7443436344e-14
9.8466836409e+04	2.3770959980e-14	6.3436770565e-16	3.9392747082e-20	5.6882755674e-16	2.4823019033e-14	6.7406730053e-20	2.4242620282e-20	4.6262275374e-20	2.7441626834e-14
9.8518737489e+04	2.3726364526e-14	6.3777109967e-16	4.2217254154e-20	5.7250842997e-16	2.4771032403e-14	7.1212606569e-20	2.6135862650e-20	4.9111894577e-20	2.7432497451e-14
9.8529182233e+04	2.3702023933e-14	6.3840034243e-16	4.2801119755e-20	5.7319855985e-16	2.4747128323e-14	7.1993538262e-20	2.6528587874e-20	4.9698186431e-20	2.7430770677e-14
9.8581684300e+04	2.3733827041e-14	6.4128305173e-16	4.5858076730e-20	5.7641217578e-16	2.4763158012e-14	7.5983768124e-20	2.8589780958e-20	5.2702647756e-20	2.7421942899e-14
9.8592249989e+04	2.3709595017e-14	6.4180750359e-16	4.6501904862e-20	5.7700807917e-16	2.4739511558e-14	7.6803209060e-20	2.9024749644e-20	5.3321210684e-20	2.7420151748e-14
9.8645360000e+04	2.3665054676e-14	6.4416282136e-16	4.9873062211e-20	5.7974653923e-16	2.4688538216e-14	8.0971069727e-20	3.1307860303e-20	5.6477403214e-20	2.7411620204e-14
9.8656048034e+04	2.3641045142e-14	6.4458028058e-16	5.0579988908e-20	5.8024586307e-16	2.4664907381e-14	8.1825548491e-20	3.1787741141e-20	5.7126132846e-20	2.7409810280e-14
9.8720584826e+04	2.3723720762e-14	6.4670877256e-16	5.5011942156e-20	5.8290077582e-16	2.4724295969e-14	8.7117015858e-20	3.4807029486e-20	6.1154313152e-20	2.7399835622e-14
9.8785868918e+04	2.3655510775e-14	6.4818968320e-16	5.9881870437e-20	5.8496764798e-16	2.4650468715e-14	9.2707233372e-20	3.8140077403e-20	6.5428972500e-20	2.7389282821e-14
9.8851908965e+04	2.3662303515e-14	6.4902898027e-16	6.5191008551e-20	5.8644971683e-16	2.4643226628e-14	9.8525920463e-20	4.1792525640e-20	6.9902824919e-20	2.7379112686e-14
9.8918713720e+04	2.3668679733e-14	6.4923153141e-16	7.0903170702e-20	5.8734930048e-16	2.4635895340e-14	1.0440737904e-19	4.5745776398e-20	7.4459426714e-20	2.7368768477e-14
9.8986292037e+04	2.3602639876e-14	6.4881051622e-16	7.7056785484e-20	5.8767631551e-16	2.4561759215e-14	1.1050198261e-19	5.0028973574e-20	7.9206435125e-20	2.7354173161e-14
9.9054652874e+04	2.3680652598e-14	6.4778453042e-16	8.3533864856e-20	5.8744569406e-16	2.4621096205e-14	1.1631031615e-19	5.4569595650e-20	8.3785573048e-20	2.7346091815e-14
9.9123805292e+04	2.3615127596e-14	6.4617559664e-16	9.0348023236e-20	5.8667560421e-16	2.4547545722e-14	1.2193921928e-19	5.9379631292e-20	8.8270335046e-20	2.7326135477e-14
9.9193758458e+04	2.3620932422e-14	6.4401093451e-16	9.7401183394e-20	5.8538907381e-16	2.4540506554e-14	1.2713829176e-19	6.4397361600e-20	9.2475958616e-20	2.7309502291e-14
9.9264521643e+04	2.3626330745e-14	6.4132091296e-16	1.0460629649e-19	5.8361215064e-16	2.4533450110e-14	1.3166430817e-19	6.9566802448e-20	9.6219557193e-20	2.7290833987e-14
9.9336104227e+04	2.3631374786e-14	6.3814144662e-16	1.1191769736e-19	5.8137609786e-16	2.4526408778e-14	1.3551701731e-19	7.4858264719e-20	9.9493475900e-20	2.7270379662e-14
9.9408515698e+04	2.3565311109e-14	6.3450990613e-16	1.1926221285e-19	5.7871368783e-16	2.4457072963e-14	1.3849794818e-19	8.0222837224e-20	1.0214406705e-19	2.7228976585e-14
9.9481765655e+04	2.3640200709e-14	6.3047678862e-16	1.2610450933e-19	5.7566986057e-16	2.4512355176e-14	1.4043280813e-19	8.5297890004e-20	1.0403317712e-19	2.7225023186e-14
9.9555863806e+04	2.3573648630e-14	6.2607917171e-16	1.3261067253e-19	5.7227751935e-16	2.4443781107e-14	1.4142860169e-19	9.0189909345e-20	1.0522993215e-19	2.7180612586e-14
9.9630819974e+04	2.3577081524e-14	6.2135157197e-16	1.3914817201e-19	5.6856739438e-16	2.4436656621e-14	1.4169818472e-19	9.5145656430e-20	1.0588420953e-19	2.7156976100e-14
9.9706644093e+04	2.3579896027e-14	6.1635210715e-16	1.4509889337e-19	5.6459199090e-16	2.4429151361e-14	1.4121507577e-19	9.9739827692e-20	1.0596922270e-19	2.7133830915e-14
9.9783346213e+04	2.3582215615e-14	6.1111682700e-16	1.5094857728e-19	5.6038382048e-16	2.4421106966e-14	1.4037208016e-19	1.0430100739e-19	1.0577398561e-19	2.7110895552e-14
9.9860936503e+04	2.3583898635e-14	6.0568997868e-16	1.5677674896e-19	5.5598307099e-16	2.4412557585e-14	1.3949664190e-19	1.0888268892e-19	1.0554307817e-19	2.7087830030e-14
9.9939425246e+04	2.3585007964e-14	6.0013158996e-16	1.6190311053e-19	5.5144460891e-16	2.4403381100e-14	1.3877185022e-19	1.1300915281e-19	1.0541548177e-19	2.7064045660e-14
1.0001882285e+05	2.3585476800e-14	5.9448141677e-16	1.6663286836e-19	5.4680488652e-16	2.4393685228e-14	1.3877064892e-19	1.1688658147e-19	1.0582968476e-19	2.7038509159e-14
1.0009913983e+05	2.3585384094e-14	5.8877612142e-16	1.7134885769e-19	5.4209765854e-16	2.4383443859e-14	1.4014722739e-19	1.2078022471e-19	1.0729309838e-19	2.7010382043e-14
1.0018038683e+05	2.3584518588e-14	5.8307474842e-16	1.7525092125e-19	5.3737744308e-16	2.4372818750e-14	1.4324910416e-19	1.2412274406e-19	1.1008490559e-19	2.6979230738e-14
1.0026257464e+05	2.3583102721e-14	5.7740368166e-16	1.7917999136e-19	5.3266883977e-16	2.4361654497e-14	1.4901139665e-19	1.2750391738e-19	1.1494120841e-19	2.6945180970e-14
1.0034571413e+05	2.3580900945e-14	5.7181098425e-16	1.8272180011e-19	5.2801655692e-16	2.4350170374e-14	1.5793300545e-19	1.3062748111e-19	1.2227059912e-19	2.6908761996e-14
1.0042981633e+05	2.3577804228e-14	5.6633482738e-16	1.8591478456e-19	5.2345632307e-16	2.4338192777e-14	1.7073745741e-19	1.3351687902e-19	1.3266118542e-19	2.6871080109e-14
1.0051489239e+05	2.3574009158e-14	5.6101925837e-16	1.8831494464e-19	5.1902942728e-16	2.4325449064e-14	1.8811462506e-19	1.3584811927e-19	1.4668212492e-19	2.6833537166e-14
1.0060095359e+05	2.3569161479e-14	5.5588212721e-16	1.9090585788e-19	5.1475304023e-16	2.4312097644e-14	2.1076242373e-19	1.3832601854e-19	1.6491554588e-19	2.6797115930e-14
1.0068801132e+05	2.3563278315e-14	5.5096257336e-16	1.9331285869e-19	5.1066411276e-16	2.4297715362e-14	2.3940626298e-19	1.4067954137e-19	1.8797169949e-19	2.6761985359e-14
1.0077607714e+05	2.3556511294e-14	5.4628988154e-16	1.9559359279e-19	5.0679057105e-16	2.4282179094e-14	2.7443243039e-19	1.4294889655e-19	2.1620027662e-19	2.6727750456e-14
1.0086516271e+05	2.3548714699e-14	5.4189070447e-16	1.9786158799e-19	5.0315797886e-16	2.4265612735e-14	3.1651351812e-19	1.4521605944e-19	2.5018009774e-19	2.6693699823e-14
1.0095527985e+05	2.3539840777e-14	5.3778851659e-16	2.0021260981e-19	4.9978901657e-16	2.4248069625e-14	3.6593680726e-19	1.4755132790e-19	2.9019010981e-19	2.6659114736e-14
1.0104644049e+05	2.3530117166e-14	5.3400554930e-16	2.0276144166e-19	4.9670526618e-16	2.4229765356e-14	4.2293033537e-19	1.5004023150e-19	3.3646368534e-19	2.6623559420e-14
1.0113865672e+05	2.3519648799e-14	5.3056135659e-16	2.0563460089e-19	4.9392586926e-16	2.4210933436e-14	4.8788695628e-19	1.5277836980e-19	3.8936663021e-19	2.6587145248e-14
