E, cm-1	Sigma_00, cm2	Sigma_01, cm2	Sigma_02, cm2	Sigma_03, cm2	Sigma_04, cm2	Sigma_10, cm2	Sigma_11, cm2	Sigma_12, cm2	Sigma_13, cm2	Sigma_14, cm2	Sigma_20, cm2	Sigma_21, cm2	Sigma_22, cm2	Sigma_23, cm2	Sigma_24, cm2	Sigma_30, cm2	Sigma_31, cm2	Sigma_32, cm2	Sigma_33, cm2	Sigma_34, cm2	Sigma_40, cm2	Sigma_41, cm2	Sigma_42, cm2	Sigma_43, cm2	Sigma_44, cm2	
1.0536597370e+05	3.6093465283e-14	0.0000000000e+00	0.0000000000e+00	0.0000000000e+00	0.0000000000e+00	0.0000000000e+00	0.0000000000e+00	0.0000000000e+00	0.0000000000e+00	0.0000000000e+00	0.0000000000e+00	0.0000000000e+00	0.0000000000e+00	0.0000000000e+00	0.0000000000e+00	0.0000000000e+00	0.0000000000e+00	0.0000000000e+00	0.0000000000e+00	0.0000000000e+00	0.0000000000e+00	0.0000000000e+00	0.0000000000e+00	0.0000000000e+00	0.0000000000e+00
1.0536597907e+05	3.5857862005e-14	0.0000000000e+00	0.0000000000e+00	0.0000000000e+00	0.0000000000e+00	0.0000000000e+00	0.0000000000e+00	0.0000000000e+00	0.0000000000e+00	0.0000000000e+00	0.0000000000e+00	0.0000000000e+00	0.0000000000e+00	0.0000000000e+00	0.0000000000e+00	0.0000000000e+00	0.0000000000e+00	0.0000000000e+00	0.0000000000e+00	0.0000000000e+00	0.0000000000e+00	0.0000000000e+00	0.0000000000e+00	0.0000000000e+00	0.0000000000e+00
1.0536598450e+05	4.2229537862e-14	0.0000000000e+00	0.0000000000e+00	0.0000000000e+00	0.0000000000e+00	0.0000000000e+00	0.0000000000e+00	0.0000000000e+00	0.0000000000e+00	0.0000000000e+00	0.0000000000e+00	0.0000000000e+00	0.0000000000e+00	0.0000000000e+00	0.0000000000e+00	0.0000000000e+00	0.0000000000e+00	0.0000000000e+00	0.0000000000e+00	0.0000000000e+00	0.0000000000e+00	0.0000000000e+00	0.0000000000e+00	0.0000000000e+00	0.0000000000e+00
1.0536599000e+05	4.2144178948e-14	0.0000000000e+00	0.0000000000e+00	0.0000000000e+00	0.0000000000e+00	0.0000000000e+00	0.0000000000e+00	0.0000000000e+00	0.0000000000e+00	0.0000000000e+00	0.0000000000e+00	0.0000000000e+00	0.0000000000e+00	0.0000000000e+00	0.0000000000e+00	0.0000000000e+00	0.0000000000e+00	0.0000000000e+00	0.0000000000e+00	0.0000000000e+00	0.0000000000e+00	0.0000000000e+00	0.0000000000e+00	0.0000000000e+00	0.0000000000e+00
1.0536599555e+05	4.2058474942e-14	0.0000000000e+00	0.0000000000e+00	0.0000000000e+00	0.0000000000e+00	0.0000000000e+00	0.0000000000e+00	0.0000000000e+00	0.0000000000e+00	0.0000000000e+00	0.0000000000e+00	0.0000000000e+00	0.0000000000e+00	0.0000000000e+00	0.0000000000e+00	0.0000000000e+00	0.0000000000e+00	0.0000000000e+00	0.0000000000e+00	0.0000000000e+00	0.0000000000e+00	0.0000000000e+00	0.0000000000e+00	0.0000000000e+00	0.0000000000e+00
1.0536600118e+05	4.1972404220e-14	0.0000000000e+00	0.0000000000e+00	0.0000000000e+00	0.0000000000e+00	0.0000000000e+00	0.0000000000e+00	0.0000000000e+00	0.0000000000e+00	0.0000000000e+00	0.0000000000e+00	0.0000000000e+00	0.0000000000e+00	0.0000000000e+00	0.0000000000e+00	0.0000000000e+00	0.0000000000e+00	0.0000000000e+00	0.0000000000e+00	0.0000000000e+00	0.0000000000e+00	0.0000000000e+00	0.0000000000e+00	0.0000000000e+00	0.0000000000e+00
1.0536600686e+05	4.1885944156e-14	0.0000000000e+00	0.0000000000e+00	0.0000000000e+00	0.0000000000e+00	0.0000000000e+00	0.0000000000e+00	0.0000000000e+00	0.0000000000e+00	0.0000000000e+00	0.0000000000e+00	0.0000000000e+00	0.0000000000e+00	0.0000000000e+00	0.0000000000e+00	0.0000000000e+00	0.0000000000e+00	0.0000000000e+00	0.0000000000e+00	0.0000000000e+00	0.0000000000e+00	0.0000000000e+00	0.0000000000e+00	0.0000000000e+00	0.0000000000e+00
1.0536601262e+05	4.1799071104e-14	0.0000000000e+00	0.0000000000e+00	0.0000000000e+00	0.0000000000e+00	0.0000000000e+00	0.0000000000e+00	0.0000000000e+00	0.0000000000e+00	0.0000000000e+00	0.0000000000e+00	0.0000000000e+00	0.0000000000e+00	0.0000000000e+00	0.0000000000e+00	0.0000000000e+00	0.0000000000e+00	0.0000000000e+00	0.0000000000e+00	0.0000000000e+00	0.0000000000e+00	0.0000000000e+00	0.0000000000e+00	0.0000000000e+00	0.0000000000e+00
1.0536601844e+05	4.1711760373e-14	0.0000000000e+00	0.0000000000e+00	0.0000000000e+00	0.0000000000e+00	0.0000000000e+00	0.0000000000e+00	0.0000000000e+00	0.0000000000e+00	0.0000000000e+00	0.0000000000e+00	0.0000000000e+00	0.0000000000e+00	0.0000000000e+00	0.0000000000e+00	0.0000000000e+00	0.0000000000e+00	0.0000000000e+00	0.0000000000e+00	0.0000000000e+00	0.0000000000e+00	0.0000000000e+00	0.0000000000e+00	0.0000000000e+00	0.0000000000e+00
1.0536602432e+05	4.1623986202e-14	0.0000000000e+00	0.0000000000e+00	0.0000000000e+00	0.0000000000e+00	0.0000000000e+00	0.0000000000e+00	0.0000000000e+00	0.0000000000e+00	0.0000000000e+00	0.0000000000e+00	0.0000000000e+00	0.0000000000e+00	0.0000000000e+00	0.0000000000e+00	0.0000000000e+00	0.0000000000e+00	0.0000000000e+00	0.0000000000e+00	0.0000000000e+00	0.0000000000e+00	0.0000000000e+00	0.0000000000e+00	0.0000000000e+00	0.0000000000e+00
1.0536603028e+05	4.1535721746e-14	0.0000000000e+00	0.0000000000e+00	0.0000000000e+00	0.0000000000e+00	0.0000000000e+00	0.0000000000e+00	0.0000000000e+00	0.0000000000e+00	0.0000000000e+00	0.0000000000e+00	0.0000000000e+00	0.0000000000e+00	0.0000000000e+00	0.0000000000e+00	0.0000000000e+00	0.0000000000e+00	0.0000000000e+00	0.0000000000e+00	0.0000000000e+00	0.0000000000e+00	0.0000000000e+00	0.0000000000e+00	0.0000000000e+00	0.0000000000e+00
1.0536603630e+05	4.1446939047e-14	0.0000000000e+00	0.0000000000e+00	0.0000000000e+00	0.0000000000e+00	0.0000000000e+00	0.0000000000e+00	0.0000000000e+00	0.0000000000e+00	0.0000000000e+00	0.0000000000e+00	0.0000000000e+00	0.0000000000e+00	0.0000000000e+00	0.0000000000e+00	0.0000000000e+00	0.0000000000e+00	0.0000000000e+00	0.0000000000e+00	0.0000000000e+00	0.0000000000e+00	0.0000000000e+00	0.0000000000e+00	0.0000000000e+00	0.0000000000e+00
1.0536604240e+05	4.1357609017e-14	0.0000000000e+00	0.0000000000e+00	0.0000000000e+00	0.0000000000e+00	0.0000000000e+00	0.0000000000e+00	0.0000000000e+00	0.0000000000e+00	0.0000000000e+00	0.0000000000e+00	0.0000000000e+00	0.0000000000e+00	0.0000000000e+00	0.0000000000e+00	0.0000000000e+00	0.0000000000e+00	0.0000000000e+00	0.0000000000e+00	0.0000000000e+00	0.0000000000e+00	0.0000000000e+00	0.0000000000e+00	0.0000000000e+00	0.0000000000e+00
1.0536604856e+05	4.1267701419e-14	0.0000000000e+00	0.0000000000e+00	0.0000000000e+00	0.0000000000e+00	0.0000000000e+00	0.0000000000e+00	0.0000000000e+00	0.0000000000e+00	0.0000000000e+00	0.0000000000e+00	0.0000000000e+00	0.0000000000e+00	0.0000000000e+00	0.0000000000e+00	0.0000000000e+00	0.0000000000e+00	0.0000000000e+00	0.0000000000e+00	0.0000000000e+00	0.0000000000e+00	0.0000000000e+00	0.0000000000e+00	0.0000000000e+00	0.0000000000e+00
1.0536605480e+05	4.1177184847e-14	0.0000000000e+00	0.0000000000e+00	0.0000000000e+00	0.0000000000e+00	0.0000000000e+00	0.0000000000e+00	0.0000000000e+00	0.0000000000e+00	0.0000000000e+00	0.0000000000e+00	0.0000000000e+00	0.0000000000e+00	0.0000000000e+00	0.0000000000e+00	0.0000000000e+00	0.0000000000e+00	0.0000000000e+00	0.0000000000e+00	0.0000000000e+00	0.0000000000e+00	0.0000000000e+00	0.0000000000e+00	0.0000000000e+00	0.0000000000e+00
1.0536606111e+05	4.1086026704e-14	0.0000000000e+00	0.0000000000e+00	0.0000000000e+00	0.0000000000e+00	0.0000000000e+00	0.0000000000e+00	0.0000000000e+00	0.0000000000e+00	0.0000000000e+00	0.0000000000e+00	0.0000000000e+00	0.0000000000e+00	0.0000000000e+00	0.0000000000e+00	0.0000000000e+00	0.0000000000e+00	0.0000000000e+00	0.0000000000e+00	0.0000000000e+00	0.0000000000e+00	0.0000000000e+00	0.0000000000e+00	0.0000000000e+00	0.0000000000e+00
1.0536606749e+05	4.0994193191e-14	0.0000000000e+00	0.0000000000e+00	0.0000000000e+00	0.0000000000e+00	0.0000000000e+00	0.0000000000e+00	0.0000000000e+00	0.0000000000e+00	0.0000000000e+00	0.0000000000e+00	0.0000000000e+00	0.0000000000e+00	0.0000000000e+00	0.0000000000e+00	0.0000000000e+00	0.0000000000e+00	0.0000000000e+00	0.0000000000e+00	0.0000000000e+00	0.0000000000e+00	0.0000000000e+00	0.0000000000e+00	0.0000000000e+00	0.0000000000e+00
1.0536607395e+05	4.0901649284e-14	0.0000000000e+00	0.0000000000e+00	0.0000000000e+00	0.0000000000e+00	0.0000000000e+00	0.0000000000e+00	0.0000000000e+00	0.0000000000e+00	0.0000000000e+00	0.0000000000e+00	0.0000000000e+00	0.0000000000e+00	0.0000000000e+00	0.0000000000e+00	0.0000000000e+00	0.0000000000e+00	0.0000000000e+00	0.0000000000e+00	0.0000000000e+00	0.0000000000e+00	0.0000000000e+00	0.0000000000e+00	0.0000000000e+00	0.0000000000e+00
1.0536608048e+05	4.0808358724e-14	0.0000000000e+00	0.0000000000e+00	0.0000000000e+00	0.0000000000e+00	0.0000000000e+00	0.0000000000e+00	0.0000000000e+00	0.0000000000e+00	0.0000000000e+00	0.0000000000e+00	0.0000000000e+00	0.0000000000e+00	0.0000000000e+00	0.0000000000e+00	0.0000000000e+00	0.0000000000e+00	0.0000000000e+00	0.0000000000e+00	0.0000000000e+00	0.0000000000e+00	0.0000000000e+00	0.0000000000e+00	0.0000000000e+00	0.0000000000e+00
1.0536608708e+05	4.0714283996e-14	0.0000000000e+00	0.0000000000e+00	0.0000000000e+00	0.0000000000e+00	0.0000000000e+00	0.0000000000e+00	0.0000000000e+00	0.0000000000e+00	0.0000000000e+00	0.0000000000e+00	0.0000000000e+00	0.0000000000e+00	0.0000000000e+00	0.0000000000e+00	0.0000000000e+00	0.0000000000e+00	0.0000000000e+00	0.0000000000e+00	0.0000000000e+00	0.0000000000e+00	0.0000000000e+00	0.0000000000e+00	0.0000000000e+00	0.0000000000e+00
1.0536609376e+05	4.0619386319e-14	0.0000000000e+00	0.0000000000e+00	0.0000000000e+00	0.0000000000e+00	0.0000000000e+00	0.0000000000e+00	0.0000000000e+00	0.0000000000e+00	0.0000000000e+00	0.0000000000e+00	0.0000000000e+00	0.0000000000e+00	0.0000000000e+00	0.0000000000e+00	0.0000000000e+00	0.0000000000e+00	0.0000000000e+00	0.0000000000e+00	0.0000000000e+00	0.0000000000e+00	0.0000000000e+00	0.0000000000e+00	0.0000000000e+00	0.0000000000e+00
1.0536610052e+05	4.0523625636e-14	0.0000000000e+00	0.0000000000e+00	0.0000000000e+00	0.0000000000e+00	0.0000000000e+00	0.0000000000e+00	0.0000000000e+00	0.0000000000e+00	0.0000000000e+00	0.0000000000e+00	0.0000000000e+00	0.0000000000e+00	0.0000000000e+00	0.0000000000e+00	0.0000000000e+00	0.0000000000e+00	0.0000000000e+00	0.0000000000e+00	0.0000000000e+00	0.0000000000e+00	0.0000000000e+00	0.0000000000e+00	0.0000000000e+00	0.0000000000e+00
1.0536610736e+05	4.0426960597e-14	0.0000000000e+00	0.0000000000e+00	0.0000000000e+00	0.0000000000e+00	0.0000000000e+00	0.0000000000e+00	0.0000000000e+00	0.0000000000e+00	0.0000000000e+00	0.0000000000e+00	0.0000000000e+00	0.0000000000e+00	0.0000000000e+00	0.0000000000e+00	0.0000000000e+00	0.0000000000e+00	0.0000000000e+00	0.0000000000e+00	0.0000000000e+00	0.0000000000e+00	0.0000000000e+00	0.0000000000e+00	0.0000000000e+00	0.0000000000e+00
1.0536611428e+05	4.0329348555e-14	0.0000000000e+00	0.0000000000e+00	0.0000000000e+00	0.0000000000e+00	0.0000000000e+00	0.0000000000e+00	0.0000000000e+00	0.0000000000e+00	0.0000000000e+00	0.0000000000e+00	0.0000000000e+00	0.0000000000e+00	0.0000000000e+00	0.0000000000e+00	0.0000000000e+00	0.0000000000e+00	0.0000000000e+00	0.0000000000e+00	0.0000000000e+00	0.0000000000e+00	0.0000000000e+00	0.0000000000e+00	0.0000000000e+00	0.0000000000e+00
1.0536612128e+05	4.0230745555e-14	0.0000000000e+00	0.0000000000e+00	0.0000000000e+00	0.0000000000e+00	0.0000000000e+00	0.0000000000e+00	0.0000000000e+00	0.0000000000e+00	0.0000000000e+00	0.0000000000e+00	0.0000000000e+00	0.0000000000e+00	0.0000000000e+00	0.0000000000e+00	0.0000000000e+00	0.0000000000e+00	0.0000000000e+00	0.0000000000e+00	0.0000000000e+00	0.0000000000e+00	0.0000000000e+00	0.0000000000e+00	0.0000000000e+00	0.0000000000e+00
1.0536612835e+05	4.0131106329e-14	0.0000000000e+00	0.0000000000e+00	0.0000000000e+00	0.0000000000e+00	0.0000000000e+00	0.0000000000e+00	0.0000000000e+00	0.0000000000e+00	0.0000000000e+00	0.0000000000e+00	0.0000000000e+00	0.0000000000e+00	0.0000000000e+00	0.0000000000e+00	0.0000000000e+00	0.0000000000e+00	0.0000000000e+00	0.0000000000e+00	0.0000000000e+00	0.0000000000e+00	0.0000000000e+00	0.0000000000e+00	0.0000000000e+00	0.0000000000e+00
1.0536613551e+05	4.0030384286e-14	0.0000000000e+00	0.0000000000e+00	0.0000000000e+00	0.0000000000e+00	0.0000000000e+00	0.0000000000e+00	0.0000000000e+00	0.0000000000e+00	0.0000000000e+00	0.0000000000e+00	0.0000000000e+00	0.0000000000e+00	0.0000000000e+00	0.0000000000e+00	0.0000000000e+00	0.0000000000e+00	0.0000000000e+00	0.0000000000e+00	0.0000000000e+00	0.0000000000e+00	0.0000000000e+00	0.0000000000e+00	0.0000000000e+00	0.0000000000e+00
1.0536614276e+05	3.9928531520e-14	0.0000000000e+00	0.0000000000e+00	0.0000000000e+00	0.0000000000e+00	0.0000000000e+00	0.0000000000e+00	0.0000000000e+00	0.0000000000e+00	0.0000000000e+00	0.0000000000e+00	0.0000000000e+00	0.0000000000e+00	0.0000000000e+00	0.0000000000e+00	0.0000000000e+00	0.0000000000e+00	0.0000000000e+00	0.0000000000e+00	0.0000000000e+00	0.0000000000e+00	0.0000000000e+00	0.0000000000e+00	0.0000000000e+00	0.0000000000e+00
1.0536615008e+05	3.9825498795e-14	0.0000000000e+00	0.0000000000e+00	0.0000000000e+00	0.0000000000e+00	0.0000000000e+00	0.0000000000e+00	0.0000000000e+00	0.0000000000e+00	0.0000000000e+00	0.0000000000e+00	0.0000000000e+00	0.0000000000e+00	0.0000000000e+00	0.0000000000e+00	0.0000000000e+00	0.0000000000e+00	0.0000000000e+00	0.0000000000e+00	0.0000000000e+00	0.0000000000e+00	0.0000000000e+00	0.0000000000e+00	0.0000000000e+00	0.0000000000e+00
1.0536615750e+05	3.9721235558e-14	0.0000000000e+00	0.0000000000e+00	0.0000000000e+00	0.0000000000e+00	0.0000000000e+00	0.0000000000e+00	0.0000000000e+00	0.0000000000e+00	0.0000000000e+00	0.0000000000e+00	0.0000000000e+00	0.0000000000e+00	0.0000000000e+00	0.0000000000e+00	0.0000000000e+00	0.0000000000e+00	0.0000000000e+00	0.0000000000e+00	0.0000000000e+00	0.0000000000e+00	0.0000000000e+00	0.0000000000e+00	0.0000000000e+00	0.0000000000e+00
1.0536616499e+05	3.9615689934e-14	0.0000000000e+00	0.0000000000e+00	0.0000000000e+00	0.0000000000e+00	0.0000000000e+00	0.0000000000e+00	0.0000000000e+00	0.0000000000e+00	0.0000000000e+00	0.0000000000e+00	0.0000000000e+00	0.0000000000e+00	0.0000000000e+00	0.0000000000e+00	0.0000000000e+00	0.0000000000e+00	0.0000000000e+00	0.0000000000e+00	0.0000000000e+00	0.0000000000e+00	0.0000000000e+00	0.0000000000e+00	0.0000000000e+00	0.0000000000e+00
1.0536617258e+05	3.9508808735e-14	0.0000000000e+00	0.0000000000e+00	0.0000000000e+00	0.0000000000e+00	0.0000000000e+00	0.0000000000e+00	0.0000000000e+00	0.0000000000e+00	0.0000000000e+00	0.0000000000e+00	0.0000000000e+00	0.0000000000e+00	0.0000000000e+00	0.0000000000e+00	0.0000000000e+00	0.0000000000e+00	0.0000000000e+00	0.0000000000e+00	0.0000000000e+00	0.0000000000e+00	0.0000000000e+00	0.0000000000e+00	0.0000000000e+00	0.0000000000e+00
1.0536618025e+05	3.9400537464e-14	0.0000000000e+00	0.0000000000e+00	0.0000000000e+00	0.0000000000e+00	0.0000000000e+00	0.0000000000e+00	0.0000000000e+00	0.0000000000e+00	0.0000000000e+00	0.0000000000e+00	0.0000000000e+00	0.0000000000e+00	0.0000000000e+00	0.0000000000e+00	0.0000000000e+00	0.0000000000e+00	0.0000000000e+00	0.0000000000e+00	0.0000000000e+00	0.0000000000e+00	0.0000000000e+00	0.0000000000e+00	0.0000000000e+00	0.0000000000e+00
1.0536618801e+05	3.9290820331e-14	0.0000000000e+00	0.0000000000e+00	0.0000000000e+00	0.0000000000e+00	0.0000000000e+00	0.0000000000e+00	0.0000000000e+00	0.0000000000e+00	0.0000000000e+00	0.0000000000e+00	0.0000000000e+00	0.0000000000e+00	0.0000000000e+00	0.0000000000e+00	0.0000000000e+00	0.0000000000e+00	0.0000000000e+00	0.0000000000e+00	0.0000000000e+00	0.0000000000e+00	0.0000000000e+00	0.0000000000e+00	0.0000000000e+00	0.0000000000e+00
1.0536619586e+05	3.9179600259e-14	0.0000000000e+00	0.0000000000e+00	0.0000000000e+00	0.0000000000e+00	0.0000000000e+00	0.0000000000e+00	0.0000000000e+00	0.0000000000e+00	0.0000000000e+00	0.0000000000e+00	0.0000000000e+00	0.0000000000e+00	0.0000000000e+00	0.0000000000e+00	0.0000000000e+00	0.0000000000e+00	0.0000000000e+00	0.0000000000e+00	0.0000000000e+00	0.0000000000e+00	0.0000000000e+00	0.0000000000e+00	0.0000000000e+00	0.0000000000e+00
1.0536620380e+05	3.9066818902e-14	0.0000000000e+00	0.0000000000e+00	0.0000000000e+00	0.0000000000e+00	0.0000000000e+00	0.0000000000e+00	0.0000000000e+00	0.0000000000e+00	0.0000000000e+00	0.0000000000e+00	0.0000000000e+00	0.0000000000e+00	0.0000000000e+00	0.0000000000e+00	0.0000000000e+00	0.0000000000e+00	0.0000000000e+00	0.0000000000e+00	0.0000000000e+00	0.0000000000e+00	0.0000000000e+00	0.0000000000e+00	0.0000000000e+00	0.0000000000e+00
1.0536621184e+05	3.8952416665e-14	0.0000000000e+00	0.0000000000e+00	0.0000000000e+00	0.0000000000e+00	0.0000000000e+00	0.0000000000e+00	0.0000000000e+00	0.0000000000e+00	0.0000000000e+00	0.0000000000e+00	0.0000000000e+00	0.0000000000e+00	0.0000000000e+00	0.0000000000e+00	0.0000000000e+00	0.0000000000e+00	0.0000000000e+00	0.0000000000e+00	0.0000000000e+00	0.0000000000e+00	0.0000000000e+00	0.0000000000e+00	0.0000000000e+00	0.0000000000e+00
1.0536621997e+05	3.8836332718e-14	0.0000000000e+00	0.0000000000e+00	0.0000000000e+00	0.0000000000e+00	0.0000000000e+00	0.0000000000e+00	0.0000000000e+00	0.0000000000e+00	0.0000000000e+00	0.0000000000e+00	0.0000000000e+00	0.0000000000e+00	0.0000000000e+00	0.0000000000e+00	0.0000000000e+00	0.0000000000e+00	0.0000000000e+00	0.0000000000e+00	0.0000000000e+00	0.0000000000e+00	0.0000000000e+00	0.0000000000e+00	0.0000000000e+00	0.0000000000e+00
1.0536622819e+05	3.8718505029e-14	0.0000000000e+00	0.0000000000e+00	0.0000000000e+00	0.0000000000e+00	0.0000000000e+00	0.0000000000e+00	0.0000000000e+00	0.0000000000e+00	0.0000000000e+00	0.0000000000e+00	0.0000000000e+00	0.0000000000e+00	0.0000000000e+00	0.0000000000e+00	0.0000000000e+00	0.0000000000e+00	0.0000000000e+00	0.0000000000e+00	0.0000000000e+00	0.0000000000e+00	0.0000000000e+00	0.0000000000e+00	0.0000000000e+00	0.0000000000e+00
1.0536623650e+05	3.8598870386e-14	0.0000000000e+00	0.0000000000e+00	0.0000000000e+00	0.0000000000e+00	0.0000000000e+00	0.0000000000e+00	0.0000000000e+00	0.0000000000e+00	0.0000000000e+00	0.0000000000e+00	0.0000000000e+00	0.0000000000e+00	0.0000000000e+00	0.0000000000e+00	0.0000000000e+00	0.0000000000e+00	0.0000000000e+00	0.0000000000e+00	0.0000000000e+00	0.0000000000e+00	0.0000000000e+00	0.0000000000e+00	0.0000000000e+00	0.0000000000e+00
1.0536624491e+05	3.8477364425e-14	0.0000000000e+00	0.0000000000e+00	0.0000000000e+00	0.0000000000e+00	0.0000000000e+00	0.0000000000e+00	0.0000000000e+00	0.0000000000e+00	0.0000000000e+00	0.0000000000e+00	0.0000000000e+00	0.0000000000e+00	0.0000000000e+00	0.0000000000e+00	0.0000000000e+00	0.0000000000e+00	0.0000000000e+00	0.0000000000e+00	0.0000000000e+00	0.0000000000e+00	0.0000000000e+00	0.0000000000e+00	0.0000000000e+00	0.0000000000e+00
1.0536625342e+05	3.8353921669e-14	0.0000000000e+00	0.0000000000e+00	0.0000000000e+00	0.0000000000e+00	0.0000000000e+00	0.0000000000e+00	0.0000000000e+00	0.0000000000e+00	0.0000000000e+00	0.0000000000e+00	0.0000000000e+00	0.0000000000e+00	0.0000000000e+00	0.0000000000e+00	0.0000000000e+00	0.0000000000e+00	0.0000000000e+00	0.0000000000e+00	0.0000000000e+00	0.0000000000e+00	0.0000000000e+00	0.0000000000e+00	0.0000000000e+00	0.0000000000e+00
1.0536626203e+05	3.8228475566e-14	0.0000000000e+00	0.0000000000e+00	0.0000000000e+00	0.0000000000e+00	0.0000000000e+00	0.0000000000e+00	0.0000000000e+00	0.0000000000e+00	0.0000000000e+00	0.0000000000e+00	0.0000000000e+00	0.0000000000e+00	0.0000000000e+00	0.0000000000e+00	0.0000000000e+00	0.0000000000e+00	0.0000000000e+00	0.0000000000e+00	0.0000000000e+00	0.0000000000e+00	0.0000000000e+00	0.0000000000e+00	0.0000000000e+00	0.0000000000e+00
1.0536627074e+05	3.8100958521e-14	0.0000000000e+00	0.0000000000e+00	0.0000000000e+00	0.0000000000e+00	0.0000000000e+00	0.0000000000e+00	0.0000000000e+00	0.0000000000e+00	0.0000000000e+00	0.0000000000e+00	0.0000000000e+00	0.0000000000e+00	0.0000000000e+00	0.0000000000e+00	0.0000000000e+00	0.0000000000e+00	0.0000000000e+00	0.0000000000e+00	0.0000000000e+00	0.0000000000e+00	0.0000000000e+00	0.0000000000e+00	0.0000000000e+00	0.0000000000e+00
1.0536627955e+05	3.7971301953e-14	0.0000000000e+00	0.0000000000e+00	0.0000000000e+00	0.0000000000e+00	0.0000000000e+00	0.0000000000e+00	0.0000000000e+00	0.0000000000e+00	0.0000000000e+00	0.0000000000e+00	0.0000000000e+00	0.0000000000e+00	0.0000000000e+00	0.0000000000e+00	0.0000000000e+00	0.0000000000e+00	0.0000000000e+00	0.0000000000e+00	0.0000000000e+00	0.0000000000e+00	0.0000000000e+00	0.0000000000e+00	0.0000000000e+00	0.0000000000e+00
1.0536628846e+05	3.9267238705e-14	0.0000000000e+00	0.0000000000e+00	0.0000000000e+00	0.0000000000e+00	0.0000000000e+00	0.0000000000e+00	0.0000000000e+00	0.0000000000e+00	0.0000000000e+00	0.0000000000e+00	0.0000000000e+00	0.0000000000e+00	0.0000000000e+00	0.0000000000e+00	0.0000000000e+00	0.0000000000e+00	0.0000000000e+00	0.0000000000e+00	0.0000000000e+00	0.0000000000e+00	0.0000000000e+00	0.0000000000e+00	0.0000000000e+00	0.0000000000e+00
1.0536629748e+05	3.9198799603e-14	0.0000000000e+00	0.0000000000e+00	0.0000000000e+00	0.0000000000e+00	0.0000000000e+00	0.0000000000e+00	0.0000000000e+00	0.0000000000e+00	0.0000000000e+00	0.0000000000e+00	0.0000000000e+00	0.0000000000e+00	0.0000000000e+00	0.0000000000e+00	0.0000000000e+00	0.0000000000e+00	0.0000000000e+00	0.0000000000e+00	0.0000000000e+00	0.0000000000e+00	0.0000000000e+00	0.0000000000e+00	0.0000000000e+00	0.0000000000e+00
1.0536630659e+05	3.9130517405e-14	0.0000000000e+00	0.0000000000e+00	0.0000000000e+00	0.0000000000e+00	0.0000000000e+00	0.0000000000e+00	0.0000000000e+00	0.0000000000e+00	0.0000000000e+00	0.0000000000e+00	0.0000000000e+00	0.0000000000e+00	0.0000000000e+00	0.0000000000e+00	0.0000000000e+00	0.0000000000e+00	0.0000000000e+00	0.0000000000e+00	0.0000000000e+00	0.0000000000e+00	0.0000000000e+00	0.0000000000e+00	0.0000000000e+00	0.0000000000e+00
1.0536631582e+05	3.9062385077e-14	0.0000000000e+00	0.0000000000e+00	0.0000000000e+00	0.0000000000e+00	0.0000000000e+00	0.0000000000e+00	0.0000000000e+00	0.0000000000e+00	0.0000000000e+00	0.0000000000e+00	0.0000000000e+00	0.0000000000e+00	0.0000000000e+00	0.0000000000e+00	0.0000000000e+00	0.0000000000e+00	0.0000000000e+00	0.0000000000e+00	0.0000000000e+00	0.0000000000e+00	0.0000000000e+00	0.0000000000e+00	0.0000000000e+00	0.0000000000e+00
1.0536632515e+05	3.8994394787e-14	0.0000000000e+00	0.0000000000e+00	0.0000000000e+00	0.0000000000e+00	0.0000000000e+00	0.0000000000e+00	0.0000000000e+00	0.0000000000e+00	0.0000000000e+00	0.0000000000e+00	0.0000000000e+00	0.0000000000e+00	0.0000000000e+00	0.0000000000e+00	0.0000000000e+00	0.0000000000e+00	0.0000000000e+00	0.0000000000e+00	0.0000000000e+00	0.0000000000e+00	0.0000000000e+00	0.0000000000e+00	0.0000000000e+00	0.0000000000e+00
1.0536633459e+05	3.8926537850e-14	0.0000000000e+00	0.0000000000e+00	0.0000000000e+00	0.0000000000e+00	0.0000000000e+00	0.0000000000e+00	0.0000000000e+00	0.0000000000e+00	0.0000000000e+00	0.0000000000e+00	0.0000000000e+00	0.0000000000e+00	0.0000000000e+00	0.0000000000e+00	0.0000000000e+00	0.0000000000e+00	0.0000000000e+00	0.0000000000e+00	0.0000000000e+00	0.0000000000e+00	0.0000000000e+00	0.0000000000e+00	0.0000000000e+00	0.0000000000e+00
1.0536634414e+05	3.8858804675e-14	0.0000000000e+00	0.0000000000e+00	0.0000000000e+00	0.0000000000e+00	0.0000000000e+00	0.0000000000e+00	0.0000000000e+00	0.0000000000e+00	0.0000000000e+00	0.0000000000e+00	0.0000000000e+00	0.0000000000e+00	0.0000000000e+00	0.0000000000e+00	0.0000000000e+00	0.0000000000e+00	0.0000000000e+00	0.0000000000e+00	0.0000000000e+00	0.0000000000e+00	0.0000000000e+00	0.0000000000e+00	0.0000000000e+00	0.0000000000e+00
1.0536635380e+05	3.8791184701e-14	0.0000000000e+00	0.0000000000e+00	0.0000000000e+00	0.0000000000e+00	0.0000000000e+00	0.0000000000e+00	0.0000000000e+00	0.0000000000e+00	0.0000000000e+00	0.0000000000e+00	0.0000000000e+00	0.0000000000e+00	0.0000000000e+00	0.0000000000e+00	0.0000000000e+00	0.0000000000e+00	0.0000000000e+00	0.0000000000e+00	0.0000000000e+00	0.0000000000e+00	0.0000000000e+00	0.0000000000e+00	0.0000000000e+00	0.0000000000e+00
1.0536636357e+05	3.8723666346e-14	0.0000000000e+00	0.0000000000e+00	0.0000000000e+00	0.0000000000e+00	0.0000000000e+00	0.0000000000e+00	0.0000000000e+00	0.0000000000e+00	0.0000000000e+00	0.0000000000e+00	0.0000000000e+00	0.0000000000e+00	0.0000000000e+00	0.0000000000e+00	0.0000000000e+00	0.0000000000e+00	0.0000000000e+00	0.0000000000e+00	0.0000000000e+00	0.0000000000e+00	0.0000000000e+00	0.0000000000e+00	0.0000000000e+00	0.0000000000e+00
1.0536637345e+05	3.8656236939e-14	0.0000000000e+00	0.0000000000e+00	0.0000000000e+00	0.0000000000e+00	0.0000000000e+00	0.0000000000e+00	0.0000000000e+00	0.0000000000e+00	0.0000000000e+00	0.0000000000e+00	0.0000000000e+00	0.0000000000e+00	0.0000000000e+00	0.0000000000e+00	0.0000000000e+00	0.0000000000e+00	0.0000000000e+00	0.0000000000e+00	0.0000000000e+00	0.0000000000e+00	0.0000000000e+00	0.0000000000e+00	0.0000000000e+00	0.0000000000e+00
1.0536638345e+05	3.8588882658e-14	0.0000000000e+00	0.0000000000e+00	0.0000000000e+00	0.0000000000e+00	0.0000000000e+00	0.0000000000e+00	0.0000000000e+00	0.0000000000e+00	0.0000000000e+00	0.0000000000e+00	0.0000000000e+00	0.0000000000e+00	0.0000000000e+00	0.0000000000e+00	0.0000000000e+00	0.0000000000e+00	0.0000000000e+00	0.0000000000e+00	0.0000000000e+00	0.0000000000e+00	0.0000000000e+00	0.0000000000e+00	0.0000000000e+00	0.0000000000e+00
1.0536639356e+05	3.8521588469e-14	0.0000000000e+00	0.0000000000e+00	0.0000000000e+00	0.0000000000e+00	0.0000000000e+00	0.0000000000e+00	0.0000000000e+00	0.0000000000e+00	0.0000000000e+00	0.0000000000e+00	0.0000000000e+00	0.0000000000e+00	0.0000000000e+00	0.0000000000e+00	0.0000000000e+00	0.0000000000e+00	0.0000000000e+00	0.0000000000e+00	0.0000000000e+00	0.0000000000e+00	0.0000000000e+00	0.0000000000e+00	0.0000000000e+00	0.0000000000e+00
1.0536640379e+05	3.8454338051e-14	0.0000000000e+00	0.0000000000e+00	0.0000000000e+00	0.0000000000e+00	0.0000000000e+00	0.0000000000e+00	0.0000000000e+00	0.0000000000e+00	0.0000000000e+00	0.0000000000e+00	0.0000000000e+00	0.0000000000e+00	0.0000000000e+00	0.0000000000e+00	0.0000000000e+00	0.0000000000e+00	0.0000000000e+00	0.0000000000e+00	0.0000000000e+00	0.0000000000e+00	0.0000000000e+00	0.0000000000e+00	0.0000000000e+00	0.0000000000e+00
1.0536641414e+05	3.8387113736e-14	0.0000000000e+00	0.0000000000e+00	0.0000000000e+00	0.0000000000e+00	0.0000000000e+00	0.0000000000e+00	0.0000000000e+00	0.0000000000e+00	0.0000000000e+00	0.0000000000e+00	0.0000000000e+00	0.0000000000e+00	0.0000000000e+00	0.0000000000e+00	0.0000000000e+00	0.0000000000e+00	0.0000000000e+00	0.0000000000e+00	0.0000000000e+00	0.0000000000e+00	0.0000000000e+00	0.0000000000e+00	0.0000000000e+00	0.0000000000e+00
1.0536642461e+05	3.8319896432e-14	0.0000000000e+00	0.0000000000e+00	0.0000000000e+00	0.0000000000e+00	0.0000000000e+00	0.0000000000e+00	0.0000000000e+00	0.0000000000e+00	0.0000000000e+00	0.0000000000e+00	0.0000000000e+00	0.0000000000e+00	0.0000000000e+00	0.0000000000e+00	0.0000000000e+00	0.0000000000e+00	0.0000000000e+00	0.0000000000e+00	0.0000000000e+00	0.0000000000e+00	0.0000000000e+00	0.0000000000e+00	0.0000000000e+00	0.0000000000e+00
1.0536643520e+05	3.8252665556e-14	0.0000000000e+00	0.0000000000e+00	0.0000000000e+00	0.0000000000e+00	0.0000000000e+00	0.0000000000e+00	0.0000000000e+00	0.0000000000e+00	0.0000000000e+00	0.0000000000e+00	0.0000000000e+00	0.0000000000e+00	0.0000000000e+00	0.0000000000e+00	0.0000000000e+00	0.0000000000e+00	0.0000000000e+00	0.0000000000e+00	0.0000000000e+00	0.0000000000e+00	0.0000000000e+00	0.0000000000e+00	0.0000000000e+00	0.0000000000e+00
1.0536644592e+05	3.8185398959e-14	0.0000000000e+00	0.0000000000e+00	0.0000000000e+00	0.0000000000e+00	0.0000000000e+00	0.0000000000e+00	0.0000000000e+00	0.0000000000e+00	0.0000000000e+00	0.0000000000e+00	0.0000000000e+00	0.0000000000e+00	0.0000000000e+00	0.0000000000e+00	0.0000000000e+00	0.0000000000e+00	0.0000000000e+00	0.0000000000e+00	0.0000000000e+00	0.0000000000e+00	0.0000000000e+00	0.0000000000e+00	0.0000000000e+00	0.0000000000e+00
1.0536645675e+05	3.8118072853e-14	0.0000000000e+00	0.0000000000e+00	0.0000000000e+00	0.0000000000e+00	0.0000000000e+00	0.0000000000e+00	0.0000000000e+00	0.0000000000e+00	0.0000000000e+00	0.0000000000e+00	0.0000000000e+00	0.0000000000e+00	0.0000000000e+00	0.0000000000e+00	0.0000000000e+00	0.0000000000e+00	0.0000000000e+00	0.0000000000e+00	0.0000000000e+00	0.0000000000e+00	0.0000000000e+00	0.0000000000e+00	0.0000000000e+00	0.0000000000e+00
1.0536646772e+05	3.8050661735e-14	0.0000000000e+00	0.0000000000e+00	0.0000000000e+00	0.0000000000e+00	0.0000000000e+00	0.0000000000e+00	0.0000000000e+00	0.0000000000e+00	0.0000000000e+00	0.0000000000e+00	0.0000000000e+00	0.0000000000e+00	0.0000000000e+00	0.0000000000e+00	0.0000000000e+00	0.0000000000e+00	0.0000000000e+00	0.0000000000e+00	0.0000000000e+00	0.0000000000e+00	0.0000000000e+00	0.0000000000e+00	0.0000000000e+00	0.0000000000e+00
1.0536647881e+05	3.7983138312e-14	0.0000000000e+00	0.0000000000e+00	0.0000000000e+00	0.0000000000e+00	0.0000000000e+00	0.0000000000e+00	0.0000000000e+00	0.0000000000e+00	0.0000000000e+00	0.0000000000e+00	0.0000000000e+00	0.0000000000e+00	0.0000000000e+00	0.0000000000e+00	0.0000000000e+00	0.0000000000e+00	0.0000000000e+00	0.0000000000e+00	0.0000000000e+00	0.0000000000e+00	0.0000000000e+00	0.0000000000e+00	0.0000000000e+00	0.0000000000e+00
1.0536649002e+05	3.7915473424e-14	0.0000000000e+00	0.0000000000e+00	0.0000000000e+00	0.0000000000e+00	0.0000000000e+00	0.0000000000e+00	0.0000000000e+00	0.0000000000e+00	0.0000000000e+00	0.0000000000e+00	0.0000000000e+00	0.0000000000e+00	0.0000000000e+00	0.0000000000e+00	0.0000000000e+00	0.0000000000e+00	0.0000000000e+00	0.0000000000e+00	0.0000000000e+00	0.0000000000e+00	0.0000000000e+00	0.0000000000e+00	0.0000000000e+00	0.0000000000e+00
1.0536650137e+05	3.7847635968e-14	0.0000000000e+00	0.0000000000e+00	0.0000000000e+00	0.0000000000e+00	0.0000000000e+00	0.0000000000e+00	0.0000000000e+00	0.0000000000e+00	0.0000000000e+00	0.0000000000e+00	0.0000000000e+00	0.0000000000e+00	0.0000000000e+00	0.0000000000e+00	0.0000000000e+00	0.0000000000e+00	0.0000000000e+00	0.0000000000e+00	0.0000000000e+00	0.0000000000e+00	0.0000000000e+00	0.0000000000e+00	0.0000000000e+00	0.0000000000e+00
1.0536651285e+05	3.7779592819e-14	0.0000000000e+00	0.0000000000e+00	0.0000000000e+00	0.0000000000e+00	0.0000000000e+00	0.0000000000e+00	0.0000000000e+00	0.0000000000e+00	0.0000000000e+00	0.0000000000e+00	0.0000000000e+00	0.0000000000e+00	0.0000000000e+00	0.0000000000e+00	0.0000000000e+00	0.0000000000e+00	0.0000000000e+00	0.0000000000e+00	0.0000000000e+00	0.0000000000e+00	0.0000000000e+00	0.0000000000e+00	0.0000000000e+00	0.0000000000e+00
1.0536652447e+05	3.7711308755e-14	0.0000000000e+00	0.0000000000e+00	0.0000000000e+00	0.0000000000e+00	0.0000000000e+00	0.0000000000e+00	0.0000000000e+00	0.0000000000e+00	0.0000000000e+00	0.0000000000e+00	0.0000000000e+00	0.0000000000e+00	0.0000000000e+00	0.0000000000e+00	0.0000000000e+00	0.0000000000e+00	0.0000000000e+00	0.0000000000e+00	0.0000000000e+00	0.0000000000e+00	0.0000000000e+00	0.0000000000e+00	0.0000000000e+00	0.0000000000e+00
1.0536653621e+05	3.7642746376e-14	0.0000000000e+00	0.0000000000e+00	0.0000000000e+00	0.0000000000e+00	0.0000000000e+00	0.0000000000e+00	0.0000000000e+00	0.0000000000e+00	0.0000000000e+00	0.0000000000e+00	0.0000000000e+00	0.0000000000e+00	0.0000000000e+00	0.0000000000e+00	0.0000000000e+00	0.0000000000e+00	0.0000000000e+00	0.0000000000e+00	0.0000000000e+00	0.0000000000e+00	0.0000000000e+00	0.0000000000e+00	0.0000000000e+00	0.0000000000e+00
1.0536654809e+05	3.7573866033e-14	0.0000000000e+00	0.0000000000e+00	0.0000000000e+00	0.0000000000e+00	0.0000000000e+00	0.0000000000e+00	0.0000000000e+00	0.0000000000e+00	0.0000000000e+00	0.0000000000e+00	0.0000000000e+00	0.0000000000e+00	0.0000000000e+00	0.0000000000e+00	0.0000000000e+00	0.0000000000e+00	0.0000000000e+00	0.0000000000e+00	0.0000000000e+00	0.0000000000e+00	0.0000000000e+00	0.0000000000e+00	0.0000000000e+00	0.0000000000e+00
1.0536656012e+05	3.7504625746e-14	0.0000000000e+00	0.0000000000e+00	0.0000000000e+00	0.0000000000e+00	0.0000000000e+00	0.0000000000e+00	0.0000000000e+00	0.0000000000e+00	0.0000000000e+00	0.0000000000e+00	0.0000000000e+00	0.0000000000e+00	0.0000000000e+00	0.0000000000e+00	0.0000000000e+00	0.0000000000e+00	0.0000000000e+00	0.0000000000e+00	0.0000000000e+00	0.0000000000e+00	0.0000000000e+00	0.0000000000e+00	0.0000000000e+00	0.0000000000e+00
1.0536657228e+05	3.7434981134e-14	0.0000000000e+00	0.0000000000e+00	0.0000000000e+00	0.0000000000e+00	0.0000000000e+00	0.0000000000e+00	0.0000000000e+00	0.0000000000e+00	0.0000000000e+00	0.0000000000e+00	0.0000000000e+00	0.0000000000e+00	0.0000000000e+00	0.0000000000e+00	0.0000000000e+00	0.0000000000e+00	0.0000000000e+00	0.0000000000e+00	0.0000000000e+00	0.0000000000e+00	0.0000000000e+00	0.0000000000e+00	0.0000000000e+00	0.0000000000e+00
1.0536658458e+05	3.7364885337e-14	0.0000000000e+00	0.0000000000e+00	0.0000000000e+00	0.0000000000e+00	0.0000000000e+00	0.0000000000e+00	0.0000000000e+00	0.0000000000e+00	0.0000000000e+00	0.0000000000e+00	0.0000000000e+00	0.0000000000e+00	0.0000000000e+00	0.0000000000e+00	0.0000000000e+00	0.0000000000e+00	0.0000000000e+00	0.0000000000e+00	0.0000000000e+00	0.0000000000e+00	0.0000000000e+00	0.0000000000e+00	0.0000000000e+00	0.0000000000e+00
1.0536659702e+05	3.7294288945e-14	0.0000000000e+00	0.0000000000e+00	0.0000000000e+00	0.0000000000e+00	0.0000000000e+00	0.0000000000e+00	0.0000000000e+00	0.0000000000e+00	0.0000000000e+00	0.0000000000e+00	0.0000000000e+00	0.0000000000e+00	0.0000000000e+00	0.0000000000e+00	0.0000000000e+00	0.0000000000e+00	0.0000000000e+00	0.0000000000e+00	0.0000000000e+00	0.0000000000e+00	0.0000000000e+00	0.0000000000e+00	0.0000000000e+00	0.0000000000e+00
1.0536660961e+05	3.7223139930e-14	0.0000000000e+00	0.0000000000e+00	0.0000000000e+00	0.0000000000e+00	0.0000000000e+00	0.0000000000e+00	0.0000000000e+00	0.0000000000e+00	0.0000000000e+00	0.0000000000e+00	0.0000000000e+00	0.0000000000e+00	0.0000000000e+00	0.0000000000e+00	0.0000000000e+00	0.0000000000e+00	0.0000000000e+00	0.0000000000e+00	0.0000000000e+00	0.0000000000e+00	0.0000000000e+00	0.0000000000e+00	0.0000000000e+00	0.0000000000e+00
1.0536662234e+05	3.7151383575e-14	0.0000000000e+00	0.0000000000e+00	0.0000000000e+00	0.0000000000e+00	0.0000000000e+00	0.0000000000e+00	0.0000000000e+00	0.0000000000e+00	0.0000000000e+00	0.0000000000e+00	0.0000000000e+00	0.0000000000e+00	0.0000000000e+00	0.0000000000e+00	0.0000000000e+00	0.0000000000e+00	0.0000000000e+00	0.0000000000e+00	0.0000000000e+00	0.0000000000e+00	0.0000000000e+00	0.0000000000e+00	0.0000000000e+00	0.0000000000e+00
1.0536663522e+05	3.7078962410e-14	0.0000000000e+00	0.0000000000e+00	0.0000000000e+00	0.0000000000e+00	0.0000000000e+00	0.0000000000e+00	0.0000000000e+00	0.0000000000e+00	0.0000000000e+00	0.0000000000e+00	0.0000000000e+00	0.0000000000e+00	0.0000000000e+00	0.0000000000e+00	0.0000000000e+00	0.0000000000e+00	0.0000000000e+00	0.0000000000e+00	0.0000000000e+00	0.0000000000e+00	0.0000000000e+00	0.0000000000e+00	0.0000000000e+00	0.0000000000e+00
1.0536664825e+05	3.7005816145e-14	0.0000000000e+00	0.0000000000e+00	0.0000000000e+00	0.0000000000e+00	0.0000000000e+00	0.0000000000e+00	0.0000000000e+00	0.0000000000e+00	0.0000000000e+00	0.0000000000e+00	0.0000000000e+00	0.0000000000e+00	0.0000000000e+00	0.0000000000e+00	0.0000000000e+00	0.0000000000e+00	0.0000000000e+00	0.0000000000e+00	0.0000000000e+00	0.0000000000e+00	0.0000000000e+00	0.0000000000e+00	0.0000000000e+00	0.0000000000e+00
1.0536666143e+05	3.6931881621e-14	0.0000000000e+00	0.0000000000e+00	0.0000000000e+00	0.0000000000e+00	0.0000000000e+00	0.0000000000e+00	0.0000000000e+00	0.0000000000e+00	0.0000000000e+00	0.0000000000e+00	0.0000000000e+00	0.0000000000e+00	0.0000000000e+00	0.0000000000e+00	0.0000000000e+00	0.0000000000e+00	0.0000000000e+00	0.0000000000e+00	0.0000000000e+00	0.0000000000e+00	0.0000000000e+00	0.0000000000e+00	0.0000000000e+00	0.0000000000e+00
1.0536667476e+05	3.6857092741e-14	0.0000000000e+00	0.0000000000e+00	0.0000000000e+00	0.0000000000e+00	0.0000000000e+00	0.0000000000e+00	0.0000000000e+00	0.0000000000e+00	0.0000000000e+00	0.0000000000e+00	0.0000000000e+00	0.0000000000e+00	0.0000000000e+00	0.0000000000e+00	0.0000000000e+00	0.0000000000e+00	0.0000000000e+00	0.0000000000e+00	0.0000000000e+00	0.0000000000e+00	0.0000000000e+00	0.0000000000e+00	0.0000000000e+00	0.0000000000e+00
1.0536668825e+05	3.6781380429e-14	0.0000000000e+00	0.0000000000e+00	0.0000000000e+00	0.0000000000e+00	0.0000000000e+00	0.0000000000e+00	0.0000000000e+00	0.0000000000e+00	0.0000000000e+00	0.0000000000e+00	0.0000000000e+00	0.0000000000e+00	0.0000000000e+00	0.0000000000e+00	0.0000000000e+00	0.0000000000e+00	0.0000000000e+00	0.0000000000e+00	0.0000000000e+00	0.0000000000e+00	0.0000000000e+00	0.0000000000e+00	0.0000000000e+00	0.0000000000e+00
1.0536670189e+05	3.6704672580e-14	0.0000000000e+00	0.0000000000e+00	0.0000000000e+00	0.0000000000e+00	0.0000000000e+00	0.0000000000e+00	0.0000000000e+00	0.0000000000e+00	0.0000000000e+00	0.0000000000e+00	0.0000000000e+00	0.0000000000e+00	0.0000000000e+00	0.0000000000e+00	0.0000000000e+00	0.0000000000e+00	0.0000000000e+00	0.0000000000e+00	0.0000000000e+00	0.0000000000e+00	0.0000000000e+00	0.0000000000e+00	0.0000000000e+00	0.0000000000e+00
1.0536671569e+05	3.6626894015e-14	0.0000000000e+00	0.0000000000e+00	0.0000000000e+00	0.0000000000e+00	0.0000000000e+00	0.0000000000e+00	0.0000000000e+00	0.0000000000e+00	0.0000000000e+00	0.0000000000e+00	0.0000000000e+00	0.0000000000e+00	0.0000000000e+00	0.0000000000e+00	0.0000000000e+00	0.0000000000e+00	0.0000000000e+00	0.0000000000e+00	0.0000000000e+00	0.0000000000e+00	0.0000000000e+00	0.0000000000e+00	0.0000000000e+00	0.0000000000e+00
1.0536672966e+05	3.6547966450e-14	0.0000000000e+00	0.0000000000e+00	0.0000000000e+00	0.0000000000e+00	0.0000000000e+00	0.0000000000e+00	0.0000000000e+00	0.0000000000e+00	0.0000000000e+00	0.0000000000e+00	0.0000000000e+00	0.0000000000e+00	0.0000000000e+00	0.0000000000e+00	0.0000000000e+00	0.0000000000e+00	0.0000000000e+00	0.0000000000e+00	0.0000000000e+00	0.0000000000e+00	0.0000000000e+00	0.0000000000e+00	0.0000000000e+00	0.0000000000e+00
1.0536674378e+05	3.6467808462e-14	0.0000000000e+00	0.0000000000e+00	0.0000000000e+00	0.0000000000e+00	0.0000000000e+00	0.0000000000e+00	0.0000000000e+00	0.0000000000e+00	0.0000000000e+00	0.0000000000e+00	0.0000000000e+00	0.0000000000e+00	0.0000000000e+00	0.0000000000e+00	0.0000000000e+00	0.0000000000e+00	0.0000000000e+00	0.0000000000e+00	0.0000000000e+00	0.0000000000e+00	0.0000000000e+00	0.0000000000e+00	0.0000000000e+00	0.0000000000e+00
1.0536675806e+05	3.6386335467e-14	0.0000000000e+00	0.0000000000e+00	0.0000000000e+00	0.0000000000e+00	0.0000000000e+00	0.0000000000e+00	0.0000000000e+00	0.0000000000e+00	0.0000000000e+00	0.0000000000e+00	0.0000000000e+00	0.0000000000e+00	0.0000000000e+00	0.0000000000e+00	0.0000000000e+00	0.0000000000e+00	0.0000000000e+00	0.0000000000e+00	0.0000000000e+00	0.0000000000e+00	0.0000000000e+00	0.0000000000e+00	0.0000000000e+00	0.0000000000e+00
1.0536677252e+05	3.6303459705e-14	0.0000000000e+00	0.0000000000e+00	0.0000000000e+00	0.0000000000e+00	0.0000000000e+00	0.0000000000e+00	0.0000000000e+00	0.0000000000e+00	0.0000000000e+00	0.0000000000e+00	0.0000000000e+00	0.0000000000e+00	0.0000000000e+00	0.0000000000e+00	0.0000000000e+00	0.0000000000e+00	0.0000000000e+00	0.0000000000e+00	0.0000000000e+00	0.0000000000e+00	0.0000000000e+00	0.0000000000e+00	0.0000000000e+00	0.0000000000e+00
1.0536678714e+05	3.6219090226e-14	0.0000000000e+00	0.0000000000e+00	0.0000000000e+00	0.0000000000e+00	0.0000000000e+00	0.0000000000e+00	0.0000000000e+00	0.0000000000e+00	0.0000000000e+00	0.0000000000e+00	0.0000000000e+00	0.0000000000e+00	0.0000000000e+00	0.0000000000e+00	0.0000000000e+00	0.0000000000e+00	0.0000000000e+00	0.0000000000e+00	0.0000000000e+00	0.0000000000e+00	0.0000000000e+00	0.0000000000e+00	0.0000000000e+00	0.0000000000e+00
1.0536680192e+05	3.6133132893e-14	0.0000000000e+00	0.0000000000e+00	0.0000000000e+00	0.0000000000e+00	0.0000000000e+00	0.0000000000e+00	0.0000000000e+00	0.0000000000e+00	0.0000000000e+00	0.0000000000e+00	0.0000000000e+00	0.0000000000e+00	0.0000000000e+00	0.0000000000e+00	0.0000000000e+00	0.0000000000e+00	0.0000000000e+00	0.0000000000e+00	0.0000000000e+00	0.0000000000e+00	0.0000000000e+00	0.0000000000e+00	0.0000000000e+00	0.0000000000e+00
1.0536681688e+05	3.6045490388e-14	0.0000000000e+00	0.0000000000e+00	0.0000000000e+00	0.0000000000e+00	0.0000000000e+00	0.0000000000e+00	0.0000000000e+00	0.0000000000e+00	0.0000000000e+00	0.0000000000e+00	0.0000000000e+00	0.0000000000e+00	0.0000000000e+00	0.0000000000e+00	0.0000000000e+00	0.0000000000e+00	0.0000000000e+00	0.0000000000e+00	0.0000000000e+00	0.0000000000e+00	0.0000000000e+00	0.0000000000e+00	0.0000000000e+00	0.0000000000e+00
1.0536683202e+05	3.5956062230e-14	0.0000000000e+00	0.0000000000e+00	0.0000000000e+00	0.0000000000e+00	0.0000000000e+00	0.0000000000e+00	0.0000000000e+00	0.0000000000e+00	0.0000000000e+00	0.0000000000e+00	0.0000000000e+00	0.0000000000e+00	0.0000000000e+00	0.0000000000e+00	0.0000000000e+00	0.0000000000e+00	0.0000000000e+00	0.0000000000e+00	0.0000000000e+00	0.0000000000e+00	0.0000000000e+00	0.0000000000e+00	0.0000000000e+00	0.0000000000e+00
1.0536684733e+05	3.5864744798e-14	0.0000000000e+00	0.0000000000e+00	0.0000000000e+00	0.0000000000e+00	0.0000000000e+00	0.0000000000e+00	0.0000000000e+00	0.0000000000e+00	0.0000000000e+00	0.0000000000e+00	0.0000000000e+00	0.0000000000e+00	0.0000000000e+00	0.0000000000e+00	0.0000000000e+00	0.0000000000e+00	0.0000000000e+00	0.0000000000e+00	0.0000000000e+00	0.0000000000e+00	0.0000000000e+00	0.0000000000e+00	0.0000000000e+00	0.0000000000e+00
1.0536686281e+05	3.5771431372e-14	0.0000000000e+00	0.0000000000e+00	0.0000000000e+00	0.0000000000e+00	0.0000000000e+00	0.0000000000e+00	0.0000000000e+00	0.0000000000e+00	0.0000000000e+00	0.0000000000e+00	0.0000000000e+00	0.0000000000e+00	0.0000000000e+00	0.0000000000e+00	0.0000000000e+00	0.0000000000e+00	0.0000000000e+00	0.0000000000e+00	0.0000000000e+00	0.0000000000e+00	0.0000000000e+00	0.0000000000e+00	0.0000000000e+00	0.0000000000e+00
1.0536687848e+05	3.5676012179e-14	0.0000000000e+00	0.0000000000e+00	0.0000000000e+00	0.0000000000e+00	0.0000000000e+00	0.0000000000e+00	0.0000000000e+00	0.0000000000e+00	0.0000000000e+00	0.0000000000e+00	0.0000000000e+00	0.0000000000e+00	0.0000000000e+00	0.0000000000e+00	0.0000000000e+00	0.0000000000e+00	0.0000000000e+00	0.0000000000e+00	0.0000000000e+00	0.0000000000e+00	0.0000000000e+00	0.0000000000e+00	0.0000000000e+00	0.0000000000e+00
1.0536689432e+05	3.5578374451e-14	0.0000000000e+00	0.0000000000e+00	0.0000000000e+00	0.0000000000e+00	0.0000000000e+00	0.0000000000e+00	0.0000000000e+00	0.0000000000e+00	0.0000000000e+00	0.0000000000e+00	0.0000000000e+00	0.0000000000e+00	0.0000000000e+00	0.0000000000e+00	0.0000000000e+00	0.0000000000e+00	0.0000000000e+00	0.0000000000e+00	0.0000000000e+00	0.0000000000e+00	0.0000000000e+00	0.0000000000e+00	0.0000000000e+00	0.0000000000e+00
1.0536691035e+05	3.5478402495e-14	0.0000000000e+00	0.0000000000e+00	0.0000000000e+00	0.0000000000e+00	0.0000000000e+00	0.0000000000e+00	0.0000000000e+00	0.0000000000e+00	0.0000000000e+00	0.0000000000e+00	0.0000000000e+00	0.0000000000e+00	0.0000000000e+00	0.0000000000e+00	0.0000000000e+00	0.0000000000e+00	0.0000000000e+00	0.0000000000e+00	0.0000000000e+00	0.0000000000e+00	0.0000000000e+00	0.0000000000e+00	0.0000000000e+00	0.0000000000e+00
1.0536692657e+05	3.5375977781e-14	0.0000000000e+00	0.0000000000e+00	0.0000000000e+00	0.0000000000e+00	0.0000000000e+00	0.0000000000e+00	0.0000000000e+00	0.0000000000e+00	0.0000000000e+00	0.0000000000e+00	0.0000000000e+00	0.0000000000e+00	0.0000000000e+00	0.0000000000e+00	0.0000000000e+00	0.0000000000e+00	0.0000000000e+00	0.0000000000e+00	0.0000000000e+00	0.0000000000e+00	0.0000000000e+00	0.0000000000e+00	0.0000000000e+00	0.0000000000e+00
1.0536694297e+05	3.5270979033e-14	0.0000000000e+00	0.0000000000e+00	0.0000000000e+00	0.0000000000e+00	0.0000000000e+00	0.0000000000e+00	0.0000000000e+00	0.0000000000e+00	0.0000000000e+00	0.0000000000e+00	0.0000000000e+00	0.0000000000e+00	0.0000000000e+00	0.0000000000e+00	0.0000000000e+00	0.0000000000e+00	0.0000000000e+00	0.0000000000e+00	0.0000000000e+00	0.0000000000e+00	0.0000000000e+00	0.0000000000e+00	0.0000000000e+00	0.0000000000e+00
1.0536695956e+05	3.5163282345e-14	0.0000000000e+00	0.0000000000e+00	0.0000000000e+00	0.0000000000e+00	0.0000000000e+00	0.0000000000e+00	0.0000000000e+00	0.0000000000e+00	0.0000000000e+00	0.0000000000e+00	0.0000000000e+00	0.0000000000e+00	0.0000000000e+00	0.0000000000e+00	0.0000000000e+00	0.0000000000e+00	0.0000000000e+00	0.0000000000e+00	0.0000000000e+00	0.0000000000e+00	0.0000000000e+00	0.0000000000e+00	0.0000000000e+00	0.0000000000e+00
1.0536697635e+05	3.5052761301e-14	0.0000000000e+00	0.0000000000e+00	0.0000000000e+00	0.0000000000e+00	0.0000000000e+00	0.0000000000e+00	0.0000000000e+00	0.0000000000e+00	0.0000000000e+00	0.0000000000e+00	0.0000000000e+00	0.0000000000e+00	0.0000000000e+00	0.0000000000e+00	0.0000000000e+00	0.0000000000e+00	0.0000000000e+00	0.0000000000e+00	0.0000000000e+00	0.0000000000e+00	0.0000000000e+00	0.0000000000e+00	0.0000000000e+00	0.0000000000e+00
1.0536699333e+05	3.4939287118e-14	0.0000000000e+00	0.0000000000e+00	0.0000000000e+00	0.0000000000e+00	0.0000000000e+00	0.0000000000e+00	0.0000000000e+00	0.0000000000e+00	0.0000000000e+00	0.0000000000e+00	0.0000000000e+00	0.0000000000e+00	0.0000000000e+00	0.0000000000e+00	0.0000000000e+00	0.0000000000e+00	0.0000000000e+00	0.0000000000e+00	0.0000000000e+00	0.0000000000e+00	0.0000000000e+00	0.0000000000e+00	0.0000000000e+00	0.0000000000e+00
1.0536701050e+05	3.4822728798e-14	0.0000000000e+00	0.0000000000e+00	0.0000000000e+00	0.0000000000e+00	0.0000000000e+00	0.0000000000e+00	0.0000000000e+00	0.0000000000e+00	0.0000000000e+00	0.0000000000e+00	0.0000000000e+00	0.0000000000e+00	0.0000000000e+00	0.0000000000e+00	0.0000000000e+00	0.0000000000e+00	0.0000000000e+00	0.0000000000e+00	0.0000000000e+00	0.0000000000e+00	0.0000000000e+00	0.0000000000e+00	0.0000000000e+00	0.0000000000e+00
1.0536702788e+05	3.4702953301e-14	0.0000000000e+00	0.0000000000e+00	0.0000000000e+00	0.0000000000e+00	0.0000000000e+00	0.0000000000e+00	0.0000000000e+00	0.0000000000e+00	0.0000000000e+00	0.0000000000e+00	0.0000000000e+00	0.0000000000e+00	0.0000000000e+00	0.0000000000e+00	0.0000000000e+00	0.0000000000e+00	0.0000000000e+00	0.0000000000e+00	0.0000000000e+00	0.0000000000e+00	0.0000000000e+00	0.0000000000e+00	0.0000000000e+00	0.0000000000e+00
1.0536704546e+05	3.4579825730e-14	0.0000000000e+00	0.0000000000e+00	0.0000000000e+00	0.0000000000e+00	0.0000000000e+00	0.0000000000e+00	0.0000000000e+00	0.0000000000e+00	0.0000000000e+00	0.0000000000e+00	0.0000000000e+00	0.0000000000e+00	0.0000000000e+00	0.0000000000e+00	0.0000000000e+00	0.0000000000e+00	0.0000000000e+00	0.0000000000e+00	0.0000000000e+00	0.0000000000e+00	0.0000000000e+00	0.0000000000e+00	0.0000000000e+00	0.0000000000e+00
1.0536706323e+05	3.4453209537e-14	0.0000000000e+00	0.0000000000e+00	0.0000000000e+00	0.0000000000e+00	0.0000000000e+00	0.0000000000e+00	0.0000000000e+00	0.0000000000e+00	0.0000000000e+00	0.0000000000e+00	0.0000000000e+00	0.0000000000e+00	0.0000000000e+00	0.0000000000e+00	0.0000000000e+00	0.0000000000e+00	0.0000000000e+00	0.0000000000e+00	0.0000000000e+00	0.0000000000e+00	0.0000000000e+00	0.0000000000e+00	0.0000000000e+00	0.0000000000e+00
1.0536708122e+05	3.4322966742e-14	0.0000000000e+00	0.0000000000e+00	0.0000000000e+00	0.0000000000e+00	0.0000000000e+00	0.0000000000e+00	0.0000000000e+00	0.0000000000e+00	0.0000000000e+00	0.0000000000e+00	0.0000000000e+00	0.0000000000e+00	0.0000000000e+00	0.0000000000e+00	0.0000000000e+00	0.0000000000e+00	0.0000000000e+00	0.0000000000e+00	0.0000000000e+00	0.0000000000e+00	0.0000000000e+00	0.0000000000e+00	0.0000000000e+00	0.0000000000e+00
1.0536709941e+05	3.4188958171e-14	0.0000000000e+00	0.0000000000e+00	0.0000000000e+00	0.0000000000e+00	0.0000000000e+00	0.0000000000e+00	0.0000000000e+00	0.0000000000e+00	0.0000000000e+00	0.0000000000e+00	0.0000000000e+00	0.0000000000e+00	0.0000000000e+00	0.0000000000e+00	0.0000000000e+00	0.0000000000e+00	0.0000000000e+00	0.0000000000e+00	0.0000000000e+00	0.0000000000e+00	0.0000000000e+00	0.0000000000e+00	0.0000000000e+00	0.0000000000e+00
1.0536711782e+05	3.4051043714e-14	0.0000000000e+00	0.0000000000e+00	0.0000000000e+00	0.0000000000e+00	0.0000000000e+00	0.0000000000e+00	0.0000000000e+00	0.0000000000e+00	0.0000000000e+00	0.0000000000e+00	0.0000000000e+00	0.0000000000e+00	0.0000000000e+00	0.0000000000e+00	0.0000000000e+00	0.0000000000e+00	0.0000000000e+00	0.0000000000e+00	0.0000000000e+00	0.0000000000e+00	0.0000000000e+00	0.0000000000e+00	0.0000000000e+00	0.0000000000e+00
1.0536713644e+05	3.5330154111e-14	0.0000000000e+00	0.0000000000e+00	0.0000000000e+00	0.0000000000e+00	0.0000000000e+00	0.0000000000e+00	0.0000000000e+00	0.0000000000e+00	0.0000000000e+00	0.0000000000e+00	0.0000000000e+00	0.0000000000e+00	0.0000000000e+00	0.0000000000e+00	0.0000000000e+00	0.0000000000e+00	0.0000000000e+00	0.0000000000e+00	0.0000000000e+00	0.0000000000e+00	0.0000000000e+00	0.0000000000e+00	0.0000000000e+00	0.0000000000e+00
1.0536715527e+05	3.5277719171e-14	0.0000000000e+00	0.0000000000e+00	0.0000000000e+00	0.0000000000e+00	0.0000000000e+00	0.0000000000e+00	0.0000000000e+00	0.0000000000e+00	0.0000000000e+00	0.0000000000e+00	0.0000000000e+00	0.0000000000e+00	0.0000000000e+00	0.0000000000e+00	0.0000000000e+00	0.0000000000e+00	0.0000000000e+00	0.0000000000e+00	0.0000000000e+00	0.0000000000e+00	0.0000000000e+00	0.0000000000e+00	0.0000000000e+00	0.0000000000e+00
1.0536717432e+05	3.5225517505e-14	0.0000000000e+00	0.0000000000e+00	0.0000000000e+00	0.0000000000e+00	0.0000000000e+00	0.0000000000e+00	0.0000000000e+00	0.0000000000e+00	0.0000000000e+00	0.0000000000e+00	0.0000000000e+00	0.0000000000e+00	0.0000000000e+00	0.0000000000e+00	0.0000000000e+00	0.0000000000e+00	0.0000000000e+00	0.0000000000e+00	0.0000000000e+00	0.0000000000e+00	0.0000000000e+00	0.0000000000e+00	0.0000000000e+00	0.0000000000e+00
1.0536719359e+05	3.5173518021e-14	0.0000000000e+00	0.0000000000e+00	0.0000000000e+00	0.0000000000e+00	0.0000000000e+00	0.0000000000e+00	0.0000000000e+00	0.0000000000e+00	0.0000000000e+00	0.0000000000e+00	0.0000000000e+00	0.0000000000e+00	0.0000000000e+00	0.0000000000e+00	0.0000000000e+00	0.0000000000e+00	0.0000000000e+00	0.0000000000e+00	0.0000000000e+00	0.0000000000e+00	0.0000000000e+00	0.0000000000e+00	0.0000000000e+00	0.0000000000e+00
1.0536721309e+05	3.5121685300e-14	0.0000000000e+00	0.0000000000e+00	0.0000000000e+00	0.0000000000e+00	0.0000000000e+00	0.0000000000e+00	0.0000000000e+00	0.0000000000e+00	0.0000000000e+00	0.0000000000e+00	0.0000000000e+00	0.0000000000e+00	0.0000000000e+00	0.0000000000e+00	0.0000000000e+00	0.0000000000e+00	0.0000000000e+00	0.0000000000e+00	0.0000000000e+00	0.0000000000e+00	0.0000000000e+00	0.0000000000e+00	0.0000000000e+00	0.0000000000e+00
1.0536723281e+05	3.5069979345e-14	0.0000000000e+00	0.0000000000e+00	0.0000000000e+00	0.0000000000e+00	0.0000000000e+00	0.0000000000e+00	0.0000000000e+00	0.0000000000e+00	0.0000000000e+00	0.0000000000e+00	0.0000000000e+00	0.0000000000e+00	0.0000000000e+00	0.0000000000e+00	0.0000000000e+00	0.0000000000e+00	0.0000000000e+00	0.0000000000e+00	0.0000000000e+00	0.0000000000e+00	0.0000000000e+00	0.0000000000e+00	0.0000000000e+00	0.0000000000e+00
1.0536725276e+05	3.5018355337e-14	0.0000000000e+00	0.0000000000e+00	0.0000000000e+00	0.0000000000e+00	0.0000000000e+00	0.0000000000e+00	0.0000000000e+00	0.0000000000e+00	0.0000000000e+00	0.0000000000e+00	0.0000000000e+00	0.0000000000e+00	0.0000000000e+00	0.0000000000e+00	0.0000000000e+00	0.0000000000e+00	0.0000000000e+00	0.0000000000e+00	0.0000000000e+00	0.0000000000e+00	0.0000000000e+00	0.0000000000e+00	0.0000000000e+00	0.0000000000e+00
1.0536727294e+05	3.4966763391e-14	0.0000000000e+00	0.0000000000e+00	0.0000000000e+00	0.0000000000e+00	0.0000000000e+00	0.0000000000e+00	0.0000000000e+00	0.0000000000e+00	0.0000000000e+00	0.0000000000e+00	0.0000000000e+00	0.0000000000e+00	0.0000000000e+00	0.0000000000e+00	0.0000000000e+00	0.0000000000e+00	0.0000000000e+00	0.0000000000e+00	0.0000000000e+00	0.0000000000e+00	0.0000000000e+00	0.0000000000e+00	0.0000000000e+00	0.0000000000e+00
1.0536729335e+05	3.4915148315e-14	0.0000000000e+00	0.0000000000e+00	0.0000000000e+00	0.0000000000e+00	0.0000000000e+00	0.0000000000e+00	0.0000000000e+00	0.0000000000e+00	0.0000000000e+00	0.0000000000e+00	0.0000000000e+00	0.0000000000e+00	0.0000000000e+00	0.0000000000e+00	0.0000000000e+00	0.0000000000e+00	0.0000000000e+00	0.0000000000e+00	0.0000000000e+00	0.0000000000e+00	0.0000000000e+00	0.0000000000e+00	0.0000000000e+00	0.0000000000e+00
1.0536731400e+05	3.4863449380e-14	0.0000000000e+00	0.0000000000e+00	0.0000000000e+00	0.0000000000e+00	0.0000000000e+00	0.0000000000e+00	0.0000000000e+00	0.0000000000e+00	0.0000000000e+00	0.0000000000e+00	0.0000000000e+00	0.0000000000e+00	0.0000000000e+00	0.0000000000e+00	0.0000000000e+00	0.0000000000e+00	0.0000000000e+00	0.0000000000e+00	0.0000000000e+00	0.0000000000e+00	0.0000000000e+00	0.0000000000e+00	0.0000000000e+00	0.0000000000e+00
1.0536733489e+05	3.4811600097e-14	0.0000000000e+00	0.0000000000e+00	0.0000000000e+00	0.0000000000e+00	0.0000000000e+00	0.0000000000e+00	0.0000000000e+00	0.0000000000e+00	0.0000000000e+00	0.0000000000e+00	0.0000000000e+00	0.0000000000e+00	0.0000000000e+00	0.0000000000e+00	0.0000000000e+00	0.0000000000e+00	0.0000000000e+00	0.0000000000e+00	0.0000000000e+00	0.0000000000e+00	0.0000000000e+00	0.0000000000e+00	0.0000000000e+00	0.0000000000e+00
1.0536735602e+05	3.4759528000e-14	0.0000000000e+00	0.0000000000e+00	0.0000000000e+00	0.0000000000e+00	0.0000000000e+00	0.0000000000e+00	0.0000000000e+00	0.0000000000e+00	0.0000000000e+00	0.0000000000e+00	0.0000000000e+00	0.0000000000e+00	0.0000000000e+00	0.0000000000e+00	0.0000000000e+00	0.0000000000e+00	0.0000000000e+00	0.0000000000e+00	0.0000000000e+00	0.0000000000e+00	0.0000000000e+00	0.0000000000e+00	0.0000000000e+00	0.0000000000e+00
1.0536737740e+05	3.4707154440e-14	0.0000000000e+00	0.0000000000e+00	0.0000000000e+00	0.0000000000e+00	0.0000000000e+00	0.0000000000e+00	0.0000000000e+00	0.0000000000e+00	0.0000000000e+00	0.0000000000e+00	0.0000000000e+00	0.0000000000e+00	0.0000000000e+00	0.0000000000e+00	0.0000000000e+00	0.0000000000e+00	0.0000000000e+00	0.0000000000e+00	0.0000000000e+00	0.0000000000e+00	0.0000000000e+00	0.0000000000e+00	0.0000000000e+00	0.0000000000e+00
1.0536739902e+05	3.4654394400e-14	0.0000000000e+00	0.0000000000e+00	0.0000000000e+00	0.0000000000e+00	0.0000000000e+00	0.0000000000e+00	0.0000000000e+00	0.0000000000e+00	0.0000000000e+00	0.0000000000e+00	0.0000000000e+00	0.0000000000e+00	0.0000000000e+00	0.0000000000e+00	0.0000000000e+00	0.0000000000e+00	0.0000000000e+00	0.0000000000e+00	0.0000000000e+00	0.0000000000e+00	0.0000000000e+00	0.0000000000e+00	0.0000000000e+00	0.0000000000e+00
1.0536742090e+05	3.4601156310e-14	0.0000000000e+00	0.0000000000e+00	0.0000000000e+00	0.0000000000e+00	0.0000000000e+00	0.0000000000e+00	0.0000000000e+00	0.0000000000e+00	0.0000000000e+00	0.0000000000e+00	0.0000000000e+00	0.0000000000e+00	0.0000000000e+00	0.0000000000e+00	0.0000000000e+00	0.0000000000e+00	0.0000000000e+00	0.0000000000e+00	0.0000000000e+00	0.0000000000e+00	0.0000000000e+00	0.0000000000e+00	0.0000000000e+00	0.0000000000e+00
1.0536744302e+05	3.4547341890e-14	0.0000000000e+00	0.0000000000e+00	0.0000000000e+00	0.0000000000e+00	0.0000000000e+00	0.0000000000e+00	0.0000000000e+00	0.0000000000e+00	0.0000000000e+00	0.0000000000e+00	0.0000000000e+00	0.0000000000e+00	0.0000000000e+00	0.0000000000e+00	0.0000000000e+00	0.0000000000e+00	0.0000000000e+00	0.0000000000e+00	0.0000000000e+00	0.0000000000e+00	0.0000000000e+00	0.0000000000e+00	0.0000000000e+00	0.0000000000e+00
1.0536746541e+05	3.4492846002e-14	0.0000000000e+00	0.0000000000e+00	0.0000000000e+00	0.0000000000e+00	0.0000000000e+00	0.0000000000e+00	0.0000000000e+00	0.0000000000e+00	0.0000000000e+00	0.0000000000e+00	0.0000000000e+00	0.0000000000e+00	0.0000000000e+00	0.0000000000e+00	0.0000000000e+00	0.0000000000e+00	0.0000000000e+00	0.0000000000e+00	0.0000000000e+00	0.0000000000e+00	0.0000000000e+00	0.0000000000e+00	0.0000000000e+00	0.0000000000e+00
1.0536748805e+05	3.4437556527e-14	0.0000000000e+00	0.0000000000e+00	0.0000000000e+00	0.0000000000e+00	0.0000000000e+00	0.0000000000e+00	0.0000000000e+00	0.0000000000e+00	0.0000000000e+00	0.0000000000e+00	0.0000000000e+00	0.0000000000e+00	0.0000000000e+00	0.0000000000e+00	0.0000000000e+00	0.0000000000e+00	0.0000000000e+00	0.0000000000e+00	0.0000000000e+00	0.0000000000e+00	0.0000000000e+00	0.0000000000e+00	0.0000000000e+00	0.0000000000e+00
1.0536751095e+05	3.4381354259e-14	0.0000000000e+00	0.0000000000e+00	0.0000000000e+00	0.0000000000e+00	0.0000000000e+00	0.0000000000e+00	0.0000000000e+00	0.0000000000e+00	0.0000000000e+00	0.0000000000e+00	0.0000000000e+00	0.0000000000e+00	0.0000000000e+00	0.0000000000e+00	0.0000000000e+00	0.0000000000e+00	0.0000000000e+00	0.0000000000e+00	0.0000000000e+00	0.0000000000e+00	0.0000000000e+00	0.0000000000e+00	0.0000000000e+00	0.0000000000e+00
1.0536753412e+05	3.4324112823e-14	0.0000000000e+00	0.0000000000e+00	0.0000000000e+00	0.0000000000e+00	0.0000000000e+00	0.0000000000e+00	0.0000000000e+00	0.0000000000e+00	0.0000000000e+00	0.0000000000e+00	0.0000000000e+00	0.0000000000e+00	0.0000000000e+00	0.0000000000e+00	0.0000000000e+00	0.0000000000e+00	0.0000000000e+00	0.0000000000e+00	0.0000000000e+00	0.0000000000e+00	0.0000000000e+00	0.0000000000e+00	0.0000000000e+00	0.0000000000e+00
1.0536755756e+05	3.4265698617e-14	0.0000000000e+00	0.0000000000e+00	0.0000000000e+00	0.0000000000e+00	0.0000000000e+00	0.0000000000e+00	0.0000000000e+00	0.0000000000e+00	0.0000000000e+00	0.0000000000e+00	0.0000000000e+00	0.0000000000e+00	0.0000000000e+00	0.0000000000e+00	0.0000000000e+00	0.0000000000e+00	0.0000000000e+00	0.0000000000e+00	0.0000000000e+00	0.0000000000e+00	0.0000000000e+00	0.0000000000e+00	0.0000000000e+00	0.0000000000e+00
1.0536758127e+05	3.4205970779e-14	0.0000000000e+00	0.0000000000e+00	0.0000000000e+00	0.0000000000e+00	0.0000000000e+00	0.0000000000e+00	0.0000000000e+00	0.0000000000e+00	0.0000000000e+00	0.0000000000e+00	0.0000000000e+00	0.0000000000e+00	0.0000000000e+00	0.0000000000e+00	0.0000000000e+00	0.0000000000e+00	0.0000000000e+00	0.0000000000e+00	0.0000000000e+00	0.0000000000e+00	0.0000000000e+00	0.0000000000e+00	0.0000000000e+00	0.0000000000e+00
1.0536760526e+05	3.4144781185e-14	0.0000000000e+00	0.0000000000e+00	0.0000000000e+00	0.0000000000e+00	0.0000000000e+00	0.0000000000e+00	0.0000000000e+00	0.0000000000e+00	0.0000000000e+00	0.0000000000e+00	0.0000000000e+00	0.0000000000e+00	0.0000000000e+00	0.0000000000e+00	0.0000000000e+00	0.0000000000e+00	0.0000000000e+00	0.0000000000e+00	0.0000000000e+00	0.0000000000e+00	0.0000000000e+00	0.0000000000e+00	0.0000000000e+00	0.0000000000e+00
1.0536762952e+05	3.4081974471e-14	0.0000000000e+00	0.0000000000e+00	0.0000000000e+00	0.0000000000e+00	0.0000000000e+00	0.0000000000e+00	0.0000000000e+00	0.0000000000e+00	0.0000000000e+00	0.0000000000e+00	0.0000000000e+00	0.0000000000e+00	0.0000000000e+00	0.0000000000e+00	0.0000000000e+00	0.0000000000e+00	0.0000000000e+00	0.0000000000e+00	0.0000000000e+00	0.0000000000e+00	0.0000000000e+00	0.0000000000e+00	0.0000000000e+00	0.0000000000e+00
1.0536765406e+05	3.4017388093e-14	0.0000000000e+00	0.0000000000e+00	0.0000000000e+00	0.0000000000e+00	0.0000000000e+00	0.0000000000e+00	0.0000000000e+00	0.0000000000e+00	0.0000000000e+00	0.0000000000e+00	0.0000000000e+00	0.0000000000e+00	0.0000000000e+00	0.0000000000e+00	0.0000000000e+00	0.0000000000e+00	0.0000000000e+00	0.0000000000e+00	0.0000000000e+00	0.0000000000e+00	0.0000000000e+00	0.0000000000e+00	0.0000000000e+00	0.0000000000e+00
1.0536767889e+05	3.4089316012e-14	0.0000000000e+00	0.0000000000e+00	0.0000000000e+00	0.0000000000e+00	0.0000000000e+00	0.0000000000e+00	0.0000000000e+00	0.0000000000e+00	0.0000000000e+00	0.0000000000e+00	0.0000000000e+00	0.0000000000e+00	0.0000000000e+00	0.0000000000e+00	0.0000000000e+00	0.0000000000e+00	0.0000000000e+00	0.0000000000e+00	0.0000000000e+00	0.0000000000e+00	0.0000000000e+00	0.0000000000e+00	0.0000000000e+00	0.0000000000e+00
1.0536770400e+05	3.4046403304e-14	0.0000000000e+00	0.0000000000e+00	0.0000000000e+00	0.0000000000e+00	0.0000000000e+00	0.0000000000e+00	0.0000000000e+00	0.0000000000e+00	0.0000000000e+00	0.0000000000e+00	0.0000000000e+00	0.0000000000e+00	0.0000000000e+00	0.0000000000e+00	0.0000000000e+00	0.0000000000e+00	0.0000000000e+00	0.0000000000e+00	0.0000000000e+00	0.0000000000e+00	0.0000000000e+00	0.0000000000e+00	0.0000000000e+00	0.0000000000e+00
1.0536772941e+05	3.4004299090e-14	0.0000000000e+00	0.0000000000e+00	0.0000000000e+00	0.0000000000e+00	0.0000000000e+00	0.0000000000e+00	0.0000000000e+00	0.0000000000e+00	0.0000000000e+00	0.0000000000e+00	0.0000000000e+00	0.0000000000e+00	0.0000000000e+00	0.0000000000e+00	0.0000000000e+00	0.0000000000e+00	0.0000000000e+00	0.0000000000e+00	0.0000000000e+00	0.0000000000e+00	0.0000000000e+00	0.0000000000e+00	0.0000000000e+00	0.0000000000e+00
1.0536775511e+05	3.3963022984e-14	0.0000000000e+00	0.0000000000e+00	0.0000000000e+00	0.0000000000e+00	0.0000000000e+00	0.0000000000e+00	0.0000000000e+00	0.0000000000e+00	0.0000000000e+00	0.0000000000e+00	0.0000000000e+00	0.0000000000e+00	0.0000000000e+00	0.0000000000e+00	0.0000000000e+00	0.0000000000e+00	0.0000000000e+00	0.0000000000e+00	0.0000000000e+00	0.0000000000e+00	0.0000000000e+00	0.0000000000e+00	0.0000000000e+00	0.0000000000e+00
1.0536778110e+05	3.3922591295e-14	0.0000000000e+00	0.0000000000e+00	0.0000000000e+00	0.0000000000e+00	0.0000000000e+00	0.0000000000e+00	0.0000000000e+00	0.0000000000e+00	0.0000000000e+00	0.0000000000e+00	0.0000000000e+00	0.0000000000e+00	0.0000000000e+00	0.0000000000e+00	0.0000000000e+00	0.0000000000e+00	0.0000000000e+00	0.0000000000e+00	0.0000000000e+00	0.0000000000e+00	0.0000000000e+00	0.0000000000e+00	0.0000000000e+00	0.0000000000e+00
1.0536780740e+05	3.3883016529e-14	0.0000000000e+00	0.0000000000e+00	0.0000000000e+00	0.0000000000e+00	0.0000000000e+00	0.0000000000e+00	0.0000000000e+00	0.0000000000e+00	0.0000000000e+00	0.0000000000e+00	0.0000000000e+00	0.0000000000e+00	0.0000000000e+00	0.0000000000e+00	0.0000000000e+00	0.0000000000e+00	0.0000000000e+00	0.0000000000e+00	0.0000000000e+00	0.0000000000e+00	0.0000000000e+00	0.0000000000e+00	0.0000000000e+00	0.0000000000e+00
1.0536783401e+05	3.3844306879e-14	0.0000000000e+00	0.0000000000e+00	0.0000000000e+00	0.0000000000e+00	0.0000000000e+00	0.0000000000e+00	0.0000000000e+00	0.0000000000e+00	0.0000000000e+00	0.0000000000e+00	0.0000000000e+00	0.0000000000e+00	0.0000000000e+00	0.0000000000e+00	0.0000000000e+00	0.0000000000e+00	0.0000000000e+00	0.0000000000e+00	0.0000000000e+00	0.0000000000e+00	0.0000000000e+00	0.0000000000e+00	0.0000000000e+00	0.0000000000e+00
1.0536786092e+05	3.3806465707e-14	0.0000000000e+00	0.0000000000e+00	0.0000000000e+00	0.0000000000e+00	0.0000000000e+00	0.0000000000e+00	0.0000000000e+00	0.0000000000e+00	0.0000000000e+00	0.0000000000e+00	0.0000000000e+00	0.0000000000e+00	0.0000000000e+00	0.0000000000e+00	0.0000000000e+00	0.0000000000e+00	0.0000000000e+00	0.0000000000e+00	0.0000000000e+00	0.0000000000e+00	0.0000000000e+00	0.0000000000e+00	0.0000000000e+00	0.0000000000e+00
1.0536788814e+05	3.3769491012e-14	0.0000000000e+00	0.0000000000e+00	0.0000000000e+00	0.0000000000e+00	0.0000000000e+00	0.0000000000e+00	0.0000000000e+00	0.0000000000e+00	0.0000000000e+00	0.0000000000e+00	0.0000000000e+00	0.0000000000e+00	0.0000000000e+00	0.0000000000e+00	0.0000000000e+00	0.0000000000e+00	0.0000000000e+00	0.0000000000e+00	0.0000000000e+00	0.0000000000e+00	0.0000000000e+00	0.0000000000e+00	0.0000000000e+00	0.0000000000e+00
1.0536791568e+05	3.3733374904e-14	0.0000000000e+00	0.0000000000e+00	0.0000000000e+00	0.0000000000e+00	0.0000000000e+00	0.0000000000e+00	0.0000000000e+00	0.0000000000e+00	0.0000000000e+00	0.0000000000e+00	0.0000000000e+00	0.0000000000e+00	0.0000000000e+00	0.0000000000e+00	0.0000000000e+00	0.0000000000e+00	0.0000000000e+00	0.0000000000e+00	0.0000000000e+00	0.0000000000e+00	0.0000000000e+00	0.0000000000e+00	0.0000000000e+00	0.0000000000e+00
1.0536794353e+05	3.3698103069e-14	0.0000000000e+00	0.0000000000e+00	0.0000000000e+00	0.0000000000e+00	0.0000000000e+00	0.0000000000e+00	0.0000000000e+00	0.0000000000e+00	0.0000000000e+00	0.0000000000e+00	0.0000000000e+00	0.0000000000e+00	0.0000000000e+00	0.0000000000e+00	0.0000000000e+00	0.0000000000e+00	0.0000000000e+00	0.0000000000e+00	0.0000000000e+00	0.0000000000e+00	0.0000000000e+00	0.0000000000e+00	0.0000000000e+00	0.0000000000e+00
1.0536797171e+05	3.3663654240e-14	0.0000000000e+00	0.0000000000e+00	0.0000000000e+00	0.0000000000e+00	0.0000000000e+00	0.0000000000e+00	0.0000000000e+00	0.0000000000e+00	0.0000000000e+00	0.0000000000e+00	0.0000000000e+00	0.0000000000e+00	0.0000000000e+00	0.0000000000e+00	0.0000000000e+00	0.0000000000e+00	0.0000000000e+00	0.0000000000e+00	0.0000000000e+00	0.0000000000e+00	0.0000000000e+00	0.0000000000e+00	0.0000000000e+00	0.0000000000e+00
1.0536800022e+05	3.3629999669e-14	0.0000000000e+00	0.0000000000e+00	0.0000000000e+00	0.0000000000e+00	0.0000000000e+00	0.0000000000e+00	0.0000000000e+00	0.0000000000e+00	0.0000000000e+00	0.0000000000e+00	0.0000000000e+00	0.0000000000e+00	0.0000000000e+00	0.0000000000e+00	0.0000000000e+00	0.0000000000e+00	0.0000000000e+00	0.0000000000e+00	0.0000000000e+00	0.0000000000e+00	0.0000000000e+00	0.0000000000e+00	0.0000000000e+00	0.0000000000e+00
1.0536802905e+05	3.3597102616e-14	0.0000000000e+00	0.0000000000e+00	0.0000000000e+00	0.0000000000e+00	0.0000000000e+00	0.0000000000e+00	0.0000000000e+00	0.0000000000e+00	0.0000000000e+00	0.0000000000e+00	0.0000000000e+00	0.0000000000e+00	0.0000000000e+00	0.0000000000e+00	0.0000000000e+00	0.0000000000e+00	0.0000000000e+00	0.0000000000e+00	0.0000000000e+00	0.0000000000e+00	0.0000000000e+00	0.0000000000e+00	0.0000000000e+00	0.0000000000e+00
1.0536805822e+05	3.3564917842e-14	0.0000000000e+00	0.0000000000e+00	0.0000000000e+00	0.0000000000e+00	0.0000000000e+00	0.0000000000e+00	0.0000000000e+00	0.0000000000e+00	0.0000000000e+00	0.0000000000e+00	0.0000000000e+00	0.0000000000e+00	0.0000000000e+00	0.0000000000e+00	0.0000000000e+00	0.0000000000e+00	0.0000000000e+00	0.0000000000e+00	0.0000000000e+00	0.0000000000e+00	0.0000000000e+00	0.0000000000e+00	0.0000000000e+00	0.0000000000e+00
1.0536808773e+05	3.3533391123e-14	0.0000000000e+00	0.0000000000e+00	0.0000000000e+00	0.0000000000e+00	0.0000000000e+00	0.0000000000e+00	0.0000000000e+00	0.0000000000e+00	0.0000000000e+00	0.0000000000e+00	0.0000000000e+00	0.0000000000e+00	0.0000000000e+00	0.0000000000e+00	0.0000000000e+00	0.0000000000e+00	0.0000000000e+00	0.0000000000e+00	0.0000000000e+00	0.0000000000e+00	0.0000000000e+00	0.0000000000e+00	0.0000000000e+00	0.0000000000e+00
1.0536811758e+05	3.3502458779e-14	0.0000000000e+00	0.0000000000e+00	0.0000000000e+00	0.0000000000e+00	0.0000000000e+00	0.0000000000e+00	0.0000000000e+00	0.0000000000e+00	0.0000000000e+00	0.0000000000e+00	0.0000000000e+00	0.0000000000e+00	0.0000000000e+00	0.0000000000e+00	0.0000000000e+00	0.0000000000e+00	0.0000000000e+00	0.0000000000e+00	0.0000000000e+00	0.0000000000e+00	0.0000000000e+00	0.0000000000e+00	0.0000000000e+00	0.0000000000e+00
1.0536814777e+05	3.3472047232e-14	0.0000000000e+00	0.0000000000e+00	0.0000000000e+00	0.0000000000e+00	0.0000000000e+00	0.0000000000e+00	0.0000000000e+00	0.0000000000e+00	0.0000000000e+00	0.0000000000e+00	0.0000000000e+00	0.0000000000e+00	0.0000000000e+00	0.0000000000e+00	0.0000000000e+00	0.0000000000e+00	0.0000000000e+00	0.0000000000e+00	0.0000000000e+00	0.0000000000e+00	0.0000000000e+00	0.0000000000e+00	0.0000000000e+00	0.0000000000e+00
1.0536817831e+05	3.3442072581e-14	0.0000000000e+00	0.0000000000e+00	0.0000000000e+00	0.0000000000e+00	0.0000000000e+00	0.0000000000e+00	0.0000000000e+00	0.0000000000e+00	0.0000000000e+00	0.0000000000e+00	0.0000000000e+00	0.0000000000e+00	0.0000000000e+00	0.0000000000e+00	0.0000000000e+00	0.0000000000e+00	0.0000000000e+00	0.0000000000e+00	0.0000000000e+00	0.0000000000e+00	0.0000000000e+00	0.0000000000e+00	0.0000000000e+00	0.0000000000e+00
1.0536820921e+05	3.3412440220e-14	0.0000000000e+00	0.0000000000e+00	0.0000000000e+00	0.0000000000e+00	0.0000000000e+00	0.0000000000e+00	0.0000000000e+00	0.0000000000e+00	0.0000000000e+00	0.0000000000e+00	0.0000000000e+00	0.0000000000e+00	0.0000000000e+00	0.0000000000e+00	0.0000000000e+00	0.0000000000e+00	0.0000000000e+00	0.0000000000e+00	0.0000000000e+00	0.0000000000e+00	0.0000000000e+00	0.0000000000e+00	0.0000000000e+00	0.0000000000e+00
1.0536824047e+05	3.3383044477e-14	0.0000000000e+00	0.0000000000e+00	0.0000000000e+00	0.0000000000e+00	0.0000000000e+00	0.0000000000e+00	0.0000000000e+00	0.0000000000e+00	0.0000000000e+00	0.0000000000e+00	0.0000000000e+00	0.0000000000e+00	0.0000000000e+00	0.0000000000e+00	0.0000000000e+00	0.0000000000e+00	0.0000000000e+00	0.0000000000e+00	0.0000000000e+00	0.0000000000e+00	0.0000000000e+00	0.0000000000e+00	0.0000000000e+00	0.0000000000e+00
1.0536827209e+05	3.3353768296e-14	0.0000000000e+00	0.0000000000e+00	0.0000000000e+00	0.0000000000e+00	0.0000000000e+00	0.0000000000e+00	0.0000000000e+00	0.0000000000e+00	0.0000000000e+00	0.0000000000e+00	0.0000000000e+00	0.0000000000e+00	0.0000000000e+00	0.0000000000e+00	0.0000000000e+00	0.0000000000e+00	0.0000000000e+00	0.0000000000e+00	0.0000000000e+00	0.0000000000e+00	0.0000000000e+00	0.0000000000e+00	0.0000000000e+00	0.0000000000e+00
1.0536830407e+05	3.3353858243e-14	0.0000000000e+00	0.0000000000e+00	0.0000000000e+00	0.0000000000e+00	0.0000000000e+00	0.0000000000e+00	0.0000000000e+00	0.0000000000e+00	0.0000000000e+00	0.0000000000e+00	0.0000000000e+00	0.0000000000e+00	0.0000000000e+00	0.0000000000e+00	0.0000000000e+00	0.0000000000e+00	0.0000000000e+00	0.0000000000e+00	0.0000000000e+00	0.0000000000e+00	0.0000000000e+00	0.0000000000e+00	0.0000000000e+00	0.0000000000e+00
1.0536833642e+05	3.3316424533e-14	0.0000000000e+00	0.0000000000e+00	0.0000000000e+00	0.0000000000e+00	0.0000000000e+00	0.0000000000e+00	0.0000000000e+00	0.0000000000e+00	0.0000000000e+00	0.0000000000e+00	0.0000000000e+00	0.0000000000e+00	0.0000000000e+00	0.0000000000e+00	0.0000000000e+00	0.0000000000e+00	0.0000000000e+00	0.0000000000e+00	0.0000000000e+00	0.0000000000e+00	0.0000000000e+00	0.0000000000e+00	0.0000000000e+00	0.0000000000e+00
1.0536836915e+05	3.3279619892e-14	0.0000000000e+00	0.0000000000e+00	0.0000000000e+00	0.0000000000e+00	0.0000000000e+00	0.0000000000e+00	0.0000000000e+00	0.0000000000e+00	0.0000000000e+00	0.0000000000e+00	0.0000000000e+00	0.0000000000e+00	0.0000000000e+00	0.0000000000e+00	0.0000000000e+00	0.0000000000e+00	0.0000000000e+00	0.0000000000e+00	0.0000000000e+00	0.0000000000e+00	0.0000000000e+00	0.0000000000e+00	0.0000000000e+00	0.0000000000e+00
1.0536840226e+05	3.3243502105e-14	0.0000000000e+00	0.0000000000e+00	0.0000000000e+00	0.0000000000e+00	0.0000000000e+00	0.0000000000e+00	0.0000000000e+00	0.0000000000e+00	0.0000000000e+00	0.0000000000e+00	0.0000000000e+00	0.0000000000e+00	0.0000000000e+00	0.0000000000e+00	0.0000000000e+00	0.0000000000e+00	0.0000000000e+00	0.0000000000e+00	0.0000000000e+00	0.0000000000e+00	0.0000000000e+00	0.0000000000e+00	0.0000000000e+00	0.0000000000e+00
1.0536843575e+05	3.3208129618e-14	0.0000000000e+00	0.0000000000e+00	0.0000000000e+00	0.0000000000e+00	0.0000000000e+00	0.0000000000e+00	0.0000000000e+00	0.0000000000e+00	0.0000000000e+00	0.0000000000e+00	0.0000000000e+00	0.0000000000e+00	0.0000000000e+00	0.0000000000e+00	0.0000000000e+00	0.0000000000e+00	0.0000000000e+00	0.0000000000e+00	0.0000000000e+00	0.0000000000e+00	0.0000000000e+00	0.0000000000e+00	0.0000000000e+00	0.0000000000e+00
1.0536846963e+05	3.3173560821e-14	0.0000000000e+00	0.0000000000e+00	0.0000000000e+00	0.0000000000e+00	0.0000000000e+00	0.0000000000e+00	0.0000000000e+00	0.0000000000e+00	0.0000000000e+00	0.0000000000e+00	0.0000000000e+00	0.0000000000e+00	0.0000000000e+00	0.0000000000e+00	0.0000000000e+00	0.0000000000e+00	0.0000000000e+00	0.0000000000e+00	0.0000000000e+00	0.0000000000e+00	0.0000000000e+00	0.0000000000e+00	0.0000000000e+00	0.0000000000e+00
1.0536850390e+05	3.3139853285e-14	0.0000000000e+00	0.0000000000e+00	0.0000000000e+00	0.0000000000e+00	0.0000000000e+00	0.0000000000e+00	0.0000000000e+00	0.0000000000e+00	0.0000000000e+00	0.0000000000e+00	0.0000000000e+00	0.0000000000e+00	0.0000000000e+00	0.0000000000e+00	0.0000000000e+00	0.0000000000e+00	0.0000000000e+00	0.0000000000e+00	0.0000000000e+00	0.0000000000e+00	0.0000000000e+00	0.0000000000e+00	0.0000000000e+00	0.0000000000e+00
1.0536853857e+05	3.3107062941e-14	0.0000000000e+00	0.0000000000e+00	0.0000000000e+00	0.0000000000e+00	0.0000000000e+00	0.0000000000e+00	0.0000000000e+00	0.0000000000e+00	0.0000000000e+00	0.0000000000e+00	0.0000000000e+00	0.0000000000e+00	0.0000000000e+00	0.0000000000e+00	0.0000000000e+00	0.0000000000e+00	0.0000000000e+00	0.0000000000e+00	0.0000000000e+00	0.0000000000e+00	0.0000000000e+00	0.0000000000e+00	0.0000000000e+00	0.0000000000e+00
1.0536857364e+05	3.3075243230e-14	0.0000000000e+00	0.0000000000e+00	0.0000000000e+00	0.0000000000e+00	0.0000000000e+00	0.0000000000e+00	0.0000000000e+00	0.0000000000e+00	0.0000000000e+00	0.0000000000e+00	0.0000000000e+00	0.0000000000e+00	0.0000000000e+00	0.0000000000e+00	0.0000000000e+00	0.0000000000e+00	0.0000000000e+00	0.0000000000e+00	0.0000000000e+00	0.0000000000e+00	0.0000000000e+00	0.0000000000e+00	0.0000000000e+00	0.0000000000e+00
1.0536860911e+05	3.3044444214e-14	0.0000000000e+00	0.0000000000e+00	0.0000000000e+00	0.0000000000e+00	0.0000000000e+00	0.0000000000e+00	0.0000000000e+00	0.0000000000e+00	0.0000000000e+00	0.0000000000e+00	0.0000000000e+00	0.0000000000e+00	0.0000000000e+00	0.0000000000e+00	0.0000000000e+00	0.0000000000e+00	0.0000000000e+00	0.0000000000e+00	0.0000000000e+00	0.0000000000e+00	0.0000000000e+00	0.0000000000e+00	0.0000000000e+00	0.0000000000e+00
1.0536864500e+05	3.3014711662e-14	0.0000000000e+00	0.0000000000e+00	0.0000000000e+00	0.0000000000e+00	0.0000000000e+00	0.0000000000e+00	0.0000000000e+00	0.0000000000e+00	0.0000000000e+00	0.0000000000e+00	0.0000000000e+00	0.0000000000e+00	0.0000000000e+00	0.0000000000e+00	0.0000000000e+00	0.0000000000e+00	0.0000000000e+00	0.0000000000e+00	0.0000000000e+00	0.0000000000e+00	0.0000000000e+00	0.0000000000e+00	0.0000000000e+00	0.0000000000e+00
1.0536868130e+05	3.2986086109e-14	0.0000000000e+00	0.0000000000e+00	0.0000000000e+00	0.0000000000e+00	0.0000000000e+00	0.0000000000e+00	0.0000000000e+00	0.0000000000e+00	0.0000000000e+00	0.0000000000e+00	0.0000000000e+00	0.0000000000e+00	0.0000000000e+00	0.0000000000e+00	0.0000000000e+00	0.0000000000e+00	0.0000000000e+00	0.0000000000e+00	0.0000000000e+00	0.0000000000e+00	0.0000000000e+00	0.0000000000e+00	0.0000000000e+00	0.0000000000e+00
1.0536871802e+05	3.2958601909e-14	0.0000000000e+00	0.0000000000e+00	0.0000000000e+00	0.0000000000e+00	0.0000000000e+00	0.0000000000e+00	0.0000000000e+00	0.0000000000e+00	0.0000000000e+00	0.0000000000e+00	0.0000000000e+00	0.0000000000e+00	0.0000000000e+00	0.0000000000e+00	0.0000000000e+00	0.0000000000e+00	0.0000000000e+00	0.0000000000e+00	0.0000000000e+00	0.0000000000e+00	0.0000000000e+00	0.0000000000e+00	0.0000000000e+00	0.0000000000e+00
1.0536875517e+05	3.2932286284e-14	0.0000000000e+00	0.0000000000e+00	0.0000000000e+00	0.0000000000e+00	0.0000000000e+00	0.0000000000e+00	0.0000000000e+00	0.0000000000e+00	0.0000000000e+00	0.0000000000e+00	0.0000000000e+00	0.0000000000e+00	0.0000000000e+00	0.0000000000e+00	0.0000000000e+00	0.0000000000e+00	0.0000000000e+00	0.0000000000e+00	0.0000000000e+00	0.0000000000e+00	0.0000000000e+00	0.0000000000e+00	0.0000000000e+00	0.0000000000e+00
1.0536879274e+05	3.2907158361e-14	0.0000000000e+00	0.0000000000e+00	0.0000000000e+00	0.0000000000e+00	0.0000000000e+00	0.0000000000e+00	0.0000000000e+00	0.0000000000e+00	0.0000000000e+00	0.0000000000e+00	0.0000000000e+00	0.0000000000e+00	0.0000000000e+00	0.0000000000e+00	0.0000000000e+00	0.0000000000e+00	0.0000000000e+00	0.0000000000e+00	0.0000000000e+00	0.0000000000e+00	0.0000000000e+00	0.0000000000e+00	0.0000000000e+00	0.0000000000e+00
1.0536883076e+05	3.2883228233e-14	0.0000000000e+00	0.0000000000e+00	0.0000000000e+00	0.0000000000e+00	0.0000000000e+00	0.0000000000e+00	0.0000000000e+00	0.0000000000e+00	0.0000000000e+00	0.0000000000e+00	0.0000000000e+00	0.0000000000e+00	0.0000000000e+00	0.0000000000e+00	0.0000000000e+00	0.0000000000e+00	0.0000000000e+00	0.0000000000e+00	0.0000000000e+00	0.0000000000e+00	0.0000000000e+00	0.0000000000e+00	0.0000000000e+00	0.0000000000e+00
1.0536886921e+05	3.2860496031e-14	0.0000000000e+00	0.0000000000e+00	0.0000000000e+00	0.0000000000e+00	0.0000000000e+00	0.0000000000e+00	0.0000000000e+00	0.0000000000e+00	0.0000000000e+00	0.0000000000e+00	0.0000000000e+00	0.0000000000e+00	0.0000000000e+00	0.0000000000e+00	0.0000000000e+00	0.0000000000e+00	0.0000000000e+00	0.0000000000e+00	0.0000000000e+00	0.0000000000e+00	0.0000000000e+00	0.0000000000e+00	0.0000000000e+00	0.0000000000e+00
1.0536890811e+05	3.2838951010e-14	0.0000000000e+00	0.0000000000e+00	0.0000000000e+00	0.0000000000e+00	0.0000000000e+00	0.0000000000e+00	0.0000000000e+00	0.0000000000e+00	0.0000000000e+00	0.0000000000e+00	0.0000000000e+00	0.0000000000e+00	0.0000000000e+00	0.0000000000e+00	0.0000000000e+00	0.0000000000e+00	0.0000000000e+00	0.0000000000e+00	0.0000000000e+00	0.0000000000e+00	0.0000000000e+00	0.0000000000e+00	0.0000000000e+00	0.0000000000e+00
1.0536894746e+05	3.2818570682e-14	0.0000000000e+00	0.0000000000e+00	0.0000000000e+00	0.0000000000e+00	0.0000000000e+00	0.0000000000e+00	0.0000000000e+00	0.0000000000e+00	0.0000000000e+00	0.0000000000e+00	0.0000000000e+00	0.0000000000e+00	0.0000000000e+00	0.0000000000e+00	0.0000000000e+00	0.0000000000e+00	0.0000000000e+00	0.0000000000e+00	0.0000000000e+00	0.0000000000e+00	0.0000000000e+00	0.0000000000e+00	0.0000000000e+00	0.0000000000e+00
1.0536898726e+05	3.3078345809e-14	0.0000000000e+00	0.0000000000e+00	0.0000000000e+00	0.0000000000e+00	0.0000000000e+00	0.0000000000e+00	0.0000000000e+00	0.0000000000e+00	0.0000000000e+00	0.0000000000e+00	0.0000000000e+00	0.0000000000e+00	0.0000000000e+00	0.0000000000e+00	0.0000000000e+00	0.0000000000e+00	0.0000000000e+00	0.0000000000e+00	0.0000000000e+00	0.0000000000e+00	0.0000000000e+00	0.0000000000e+00	0.0000000000e+00	0.0000000000e+00
1.0536902752e+05	3.3043792436e-14	0.0000000000e+00	0.0000000000e+00	0.0000000000e+00	0.0000000000e+00	0.0000000000e+00	0.0000000000e+00	0.0000000000e+00	0.0000000000e+00	0.0000000000e+00	0.0000000000e+00	0.0000000000e+00	0.0000000000e+00	0.0000000000e+00	0.0000000000e+00	0.0000000000e+00	0.0000000000e+00	0.0000000000e+00	0.0000000000e+00	0.0000000000e+00	0.0000000000e+00	0.0000000000e+00	0.0000000000e+00	0.0000000000e+00	0.0000000000e+00
1.0536906826e+05	3.3009115167e-14	0.0000000000e+00	0.0000000000e+00	0.0000000000e+00	0.0000000000e+00	0.0000000000e+00	0.0000000000e+00	0.0000000000e+00	0.0000000000e+00	0.0000000000e+00	0.0000000000e+00	0.0000000000e+00	0.0000000000e+00	0.0000000000e+00	0.0000000000e+00	0.0000000000e+00	0.0000000000e+00	0.0000000000e+00	0.0000000000e+00	0.0000000000e+00	0.0000000000e+00	0.0000000000e+00	0.0000000000e+00	0.0000000000e+00	0.0000000000e+00
1.0536910946e+05	3.2974391578e-14	0.0000000000e+00	0.0000000000e+00	0.0000000000e+00	0.0000000000e+00	0.0000000000e+00	0.0000000000e+00	0.0000000000e+00	0.0000000000e+00	0.0000000000e+00	0.0000000000e+00	0.0000000000e+00	0.0000000000e+00	0.0000000000e+00	0.0000000000e+00	0.0000000000e+00	0.0000000000e+00	0.0000000000e+00	0.0000000000e+00	0.0000000000e+00	0.0000000000e+00	0.0000000000e+00	0.0000000000e+00	0.0000000000e+00	0.0000000000e+00
1.0536915114e+05	3.2939706686e-14	0.0000000000e+00	0.0000000000e+00	0.0000000000e+00	0.0000000000e+00	0.0000000000e+00	0.0000000000e+00	0.0000000000e+00	0.0000000000e+00	0.0000000000e+00	0.0000000000e+00	0.0000000000e+00	0.0000000000e+00	0.0000000000e+00	0.0000000000e+00	0.0000000000e+00	0.0000000000e+00	0.0000000000e+00	0.0000000000e+00	0.0000000000e+00	0.0000000000e+00	0.0000000000e+00	0.0000000000e+00	0.0000000000e+00	0.0000000000e+00
1.0536919330e+05	3.2905152176e-14	0.0000000000e+00	0.0000000000e+00	0.0000000000e+00	0.0000000000e+00	0.0000000000e+00	0.0000000000e+00	0.0000000000e+00	0.0000000000e+00	0.0000000000e+00	0.0000000000e+00	0.0000000000e+00	0.0000000000e+00	0.0000000000e+00	0.0000000000e+00	0.0000000000e+00	0.0000000000e+00	0.0000000000e+00	0.0000000000e+00	0.0000000000e+00	0.0000000000e+00	0.0000000000e+00	0.0000000000e+00	0.0000000000e+00	0.0000000000e+00
1.0536923595e+05	3.2870825492e-14	0.0000000000e+00	0.0000000000e+00	0.0000000000e+00	0.0000000000e+00	0.0000000000e+00	0.0000000000e+00	0.0000000000e+00	0.0000000000e+00	0.0000000000e+00	0.0000000000e+00	0.0000000000e+00	0.0000000000e+00	0.0000000000e+00	0.0000000000e+00	0.0000000000e+00	0.0000000000e+00	0.0000000000e+00	0.0000000000e+00	0.0000000000e+00	0.0000000000e+00	0.0000000000e+00	0.0000000000e+00	0.0000000000e+00	0.0000000000e+00
1.0536927910e+05	3.2836828911e-14	0.0000000000e+00	0.0000000000e+00	0.0000000000e+00	0.0000000000e+00	0.0000000000e+00	0.0000000000e+00	0.0000000000e+00	0.0000000000e+00	0.0000000000e+00	0.0000000000e+00	0.0000000000e+00	0.0000000000e+00	0.0000000000e+00	0.0000000000e+00	0.0000000000e+00	0.0000000000e+00	0.0000000000e+00	0.0000000000e+00	0.0000000000e+00	0.0000000000e+00	0.0000000000e+00	0.0000000000e+00	0.0000000000e+00	0.0000000000e+00
1.0536932274e+05	3.2803270307e-14	0.0000000000e+00	0.0000000000e+00	0.0000000000e+00	0.0000000000e+00	0.0000000000e+00	0.0000000000e+00	0.0000000000e+00	0.0000000000e+00	0.0000000000e+00	0.0000000000e+00	0.0000000000e+00	0.0000000000e+00	0.0000000000e+00	0.0000000000e+00	0.0000000000e+00	0.0000000000e+00	0.0000000000e+00	0.0000000000e+00	0.0000000000e+00	0.0000000000e+00	0.0000000000e+00	0.0000000000e+00	0.0000000000e+00	0.0000000000e+00
1.0536936689e+05	3.2770244709e-14	0.0000000000e+00	0.0000000000e+00	0.0000000000e+00	0.0000000000e+00	0.0000000000e+00	0.0000000000e+00	0.0000000000e+00	0.0000000000e+00	0.0000000000e+00	0.0000000000e+00	0.0000000000e+00	0.0000000000e+00	0.0000000000e+00	0.0000000000e+00	0.0000000000e+00	0.0000000000e+00	0.0000000000e+00	0.0000000000e+00	0.0000000000e+00	0.0000000000e+00	0.0000000000e+00	0.0000000000e+00	0.0000000000e+00	0.0000000000e+00
1.0536941155e+05	3.2737879668e-14	0.0000000000e+00	0.0000000000e+00	0.0000000000e+00	0.0000000000e+00	0.0000000000e+00	0.0000000000e+00	0.0000000000e+00	0.0000000000e+00	0.0000000000e+00	0.0000000000e+00	0.0000000000e+00	0.0000000000e+00	0.0000000000e+00	0.0000000000e+00	0.0000000000e+00	0.0000000000e+00	0.0000000000e+00	0.0000000000e+00	0.0000000000e+00	0.0000000000e+00	0.0000000000e+00	0.0000000000e+00	0.0000000000e+00	0.0000000000e+00
1.0536945673e+05	3.2706272686e-14	0.0000000000e+00	0.0000000000e+00	0.0000000000e+00	0.0000000000e+00	0.0000000000e+00	0.0000000000e+00	0.0000000000e+00	0.0000000000e+00	0.0000000000e+00	0.0000000000e+00	0.0000000000e+00	0.0000000000e+00	0.0000000000e+00	0.0000000000e+00	0.0000000000e+00	0.0000000000e+00	0.0000000000e+00	0.0000000000e+00	0.0000000000e+00	0.0000000000e+00	0.0000000000e+00	0.0000000000e+00	0.0000000000e+00	0.0000000000e+00
1.0536950243e+05	3.2675528364e-14	0.0000000000e+00	0.0000000000e+00	0.0000000000e+00	0.0000000000e+00	0.0000000000e+00	0.0000000000e+00	0.0000000000e+00	0.0000000000e+00	0.0000000000e+00	0.0000000000e+00	0.0000000000e+00	0.0000000000e+00	0.0000000000e+00	0.0000000000e+00	0.0000000000e+00	0.0000000000e+00	0.0000000000e+00	0.0000000000e+00	0.0000000000e+00	0.0000000000e+00	0.0000000000e+00	0.0000000000e+00	0.0000000000e+00	0.0000000000e+00
1.0536954866e+05	3.2645722582e-14	0.0000000000e+00	0.0000000000e+00	0.0000000000e+00	0.0000000000e+00	0.0000000000e+00	0.0000000000e+00	0.0000000000e+00	0.0000000000e+00	0.0000000000e+00	0.0000000000e+00	0.0000000000e+00	0.0000000000e+00	0.0000000000e+00	0.0000000000e+00	0.0000000000e+00	0.0000000000e+00	0.0000000000e+00	0.0000000000e+00	0.0000000000e+00	0.0000000000e+00	0.0000000000e+00	0.0000000000e+00	0.0000000000e+00	0.0000000000e+00
1.0536959542e+05	3.2617139892e-14	0.0000000000e+00	0.0000000000e+00	0.0000000000e+00	0.0000000000e+00	0.0000000000e+00	0.0000000000e+00	0.0000000000e+00	0.0000000000e+00	0.0000000000e+00	0.0000000000e+00	0.0000000000e+00	0.0000000000e+00	0.0000000000e+00	0.0000000000e+00	0.0000000000e+00	0.0000000000e+00	0.0000000000e+00	0.0000000000e+00	0.0000000000e+00	0.0000000000e+00	0.0000000000e+00	0.0000000000e+00	0.0000000000e+00	0.0000000000e+00
1.0536964273e+05	3.2589564555e-14	0.0000000000e+00	0.0000000000e+00	0.0000000000e+00	0.0000000000e+00	0.0000000000e+00	0.0000000000e+00	0.0000000000e+00	0.0000000000e+00	0.0000000000e+00	0.0000000000e+00	0.0000000000e+00	0.0000000000e+00	0.0000000000e+00	0.0000000000e+00	0.0000000000e+00	0.0000000000e+00	0.0000000000e+00	0.0000000000e+00	0.0000000000e+00	0.0000000000e+00	0.0000000000e+00	0.0000000000e+00	0.0000000000e+00	0.0000000000e+00
1.0536969059e+05	3.2563262246e-14	0.0000000000e+00	0.0000000000e+00	0.0000000000e+00	0.0000000000e+00	0.0000000000e+00	0.0000000000e+00	0.0000000000e+00	0.0000000000e+00	0.0000000000e+00	0.0000000000e+00	0.0000000000e+00	0.0000000000e+00	0.0000000000e+00	0.0000000000e+00	0.0000000000e+00	0.0000000000e+00	0.0000000000e+00	0.0000000000e+00	0.0000000000e+00	0.0000000000e+00	0.0000000000e+00	0.0000000000e+00	0.0000000000e+00	0.0000000000e+00
1.0536973899e+05	3.2538281368e-14	0.0000000000e+00	0.0000000000e+00	0.0000000000e+00	0.0000000000e+00	0.0000000000e+00	0.0000000000e+00	0.0000000000e+00	0.0000000000e+00	0.0000000000e+00	0.0000000000e+00	0.0000000000e+00	0.0000000000e+00	0.0000000000e+00	0.0000000000e+00	0.0000000000e+00	0.0000000000e+00	0.0000000000e+00	0.0000000000e+00	0.0000000000e+00	0.0000000000e+00	0.0000000000e+00	0.0000000000e+00	0.0000000000e+00	0.0000000000e+00
1.0536978796e+05	3.2514681747e-14	0.0000000000e+00	0.0000000000e+00	0.0000000000e+00	0.0000000000e+00	0.0000000000e+00	0.0000000000e+00	0.0000000000e+00	0.0000000000e+00	0.0000000000e+00	0.0000000000e+00	0.0000000000e+00	0.0000000000e+00	0.0000000000e+00	0.0000000000e+00	0.0000000000e+00	0.0000000000e+00	0.0000000000e+00	0.0000000000e+00	0.0000000000e+00	0.0000000000e+00	0.0000000000e+00	0.0000000000e+00	0.0000000000e+00	0.0000000000e+00
1.0536983750e+05	3.2492512748e-14	0.0000000000e+00	0.0000000000e+00	0.0000000000e+00	0.0000000000e+00	0.0000000000e+00	0.0000000000e+00	0.0000000000e+00	0.0000000000e+00	0.0000000000e+00	0.0000000000e+00	0.0000000000e+00	0.0000000000e+00	0.0000000000e+00	0.0000000000e+00	0.0000000000e+00	0.0000000000e+00	0.0000000000e+00	0.0000000000e+00	0.0000000000e+00	0.0000000000e+00	0.0000000000e+00	0.0000000000e+00	0.0000000000e+00	0.0000000000e+00
1.0536988761e+05	3.2471810311e-14	0.0000000000e+00	0.0000000000e+00	0.0000000000e+00	0.0000000000e+00	0.0000000000e+00	0.0000000000e+00	0.0000000000e+00	0.0000000000e+00	0.0000000000e+00	0.0000000000e+00	0.0000000000e+00	0.0000000000e+00	0.0000000000e+00	0.0000000000e+00	0.0000000000e+00	0.0000000000e+00	0.0000000000e+00	0.0000000000e+00	0.0000000000e+00	0.0000000000e+00	0.0000000000e+00	0.0000000000e+00	0.0000000000e+00	0.0000000000e+00
1.0536993830e+05	3.2452595381e-14	0.0000000000e+00	0.0000000000e+00	0.0000000000e+00	0.0000000000e+00	0.0000000000e+00	0.0000000000e+00	0.0000000000e+00	0.0000000000e+00	0.0000000000e+00	0.0000000000e+00	0.0000000000e+00	0.0000000000e+00	0.0000000000e+00	0.0000000000e+00	0.0000000000e+00	0.0000000000e+00	0.0000000000e+00	0.0000000000e+00	0.0000000000e+00	0.0000000000e+00	0.0000000000e+00	0.0000000000e+00	0.0000000000e+00	0.0000000000e+00
1.0536998958e+05	3.2434872851e-14	0.0000000000e+00	0.0000000000e+00	0.0000000000e+00	0.0000000000e+00	0.0000000000e+00	0.0000000000e+00	0.0000000000e+00	0.0000000000e+00	0.0000000000e+00	0.0000000000e+00	0.0000000000e+00	0.0000000000e+00	0.0000000000e+00	0.0000000000e+00	0.0000000000e+00	0.0000000000e+00	0.0000000000e+00	0.0000000000e+00	0.0000000000e+00	0.0000000000e+00	0.0000000000e+00	0.0000000000e+00	0.0000000000e+00	0.0000000000e+00
1.0537004145e+05	3.2418631882e-14	0.0000000000e+00	0.0000000000e+00	0.0000000000e+00	0.0000000000e+00	0.0000000000e+00	0.0000000000e+00	0.0000000000e+00	0.0000000000e+00	0.0000000000e+00	0.0000000000e+00	0.0000000000e+00	0.0000000000e+00	0.0000000000e+00	0.0000000000e+00	0.0000000000e+00	0.0000000000e+00	0.0000000000e+00	0.0000000000e+00	0.0000000000e+00	0.0000000000e+00	0.0000000000e+00	0.0000000000e+00	0.0000000000e+00	0.0000000000e+00
1.0537009392e+05	3.2403872278e-14	0.0000000000e+00	0.0000000000e+00	0.0000000000e+00	0.0000000000e+00	0.0000000000e+00	0.0000000000e+00	0.0000000000e+00	0.0000000000e+00	0.0000000000e+00	0.0000000000e+00	0.0000000000e+00	0.0000000000e+00	0.0000000000e+00	0.0000000000e+00	0.0000000000e+00	0.0000000000e+00	0.0000000000e+00	0.0000000000e+00	0.0000000000e+00	0.0000000000e+00	0.0000000000e+00	0.0000000000e+00	0.0000000000e+00	0.0000000000e+00
1.0537014700e+05	3.2390377826e-14	0.0000000000e+00	0.0000000000e+00	0.0000000000e+00	0.0000000000e+00	0.0000000000e+00	0.0000000000e+00	0.0000000000e+00	0.0000000000e+00	0.0000000000e+00	0.0000000000e+00	0.0000000000e+00	0.0000000000e+00	0.0000000000e+00	0.0000000000e+00	0.0000000000e+00	0.0000000000e+00	0.0000000000e+00	0.0000000000e+00	0.0000000000e+00	0.0000000000e+00	0.0000000000e+00	0.0000000000e+00	0.0000000000e+00	0.0000000000e+00
1.0537020069e+05	3.2378310394e-14	0.0000000000e+00	0.0000000000e+00	0.0000000000e+00	0.0000000000e+00	0.0000000000e+00	0.0000000000e+00	0.0000000000e+00	0.0000000000e+00	0.0000000000e+00	0.0000000000e+00	0.0000000000e+00	0.0000000000e+00	0.0000000000e+00	0.0000000000e+00	0.0000000000e+00	0.0000000000e+00	0.0000000000e+00	0.0000000000e+00	0.0000000000e+00	0.0000000000e+00	0.0000000000e+00	0.0000000000e+00	0.0000000000e+00	0.0000000000e+00
1.0537025501e+05	3.2367457300e-14	0.0000000000e+00	0.0000000000e+00	0.0000000000e+00	0.0000000000e+00	0.0000000000e+00	0.0000000000e+00	0.0000000000e+00	0.0000000000e+00	0.0000000000e+00	0.0000000000e+00	0.0000000000e+00	0.0000000000e+00	0.0000000000e+00	0.0000000000e+00	0.0000000000e+00	0.0000000000e+00	0.0000000000e+00	0.0000000000e+00	0.0000000000e+00	0.0000000000e+00	0.0000000000e+00	0.0000000000e+00	0.0000000000e+00	0.0000000000e+00
1.0537030995e+05	3.2357714778e-14	0.0000000000e+00	0.0000000000e+00	0.0000000000e+00	0.0000000000e+00	0.0000000000e+00	0.0000000000e+00	0.0000000000e+00	0.0000000000e+00	0.0000000000e+00	0.0000000000e+00	0.0000000000e+00	0.0000000000e+00	0.0000000000e+00	0.0000000000e+00	0.0000000000e+00	0.0000000000e+00	0.0000000000e+00	0.0000000000e+00	0.0000000000e+00	0.0000000000e+00	0.0000000000e+00	0.0000000000e+00	0.0000000000e+00	0.0000000000e+00
1.0537036554e+05	3.2348947060e-14	0.0000000000e+00	0.0000000000e+00	0.0000000000e+00	0.0000000000e+00	0.0000000000e+00	0.0000000000e+00	0.0000000000e+00	0.0000000000e+00	0.0000000000e+00	0.0000000000e+00	0.0000000000e+00	0.0000000000e+00	0.0000000000e+00	0.0000000000e+00	0.0000000000e+00	0.0000000000e+00	0.0000000000e+00	0.0000000000e+00	0.0000000000e+00	0.0000000000e+00	0.0000000000e+00	0.0000000000e+00	0.0000000000e+00	0.0000000000e+00
1.0537042176e+05	3.2340994794e-14	0.0000000000e+00	0.0000000000e+00	0.0000000000e+00	0.0000000000e+00	0.0000000000e+00	0.0000000000e+00	0.0000000000e+00	0.0000000000e+00	0.0000000000e+00	0.0000000000e+00	0.0000000000e+00	0.0000000000e+00	0.0000000000e+00	0.0000000000e+00	0.0000000000e+00	0.0000000000e+00	0.0000000000e+00	0.0000000000e+00	0.0000000000e+00	0.0000000000e+00	0.0000000000e+00	0.0000000000e+00	0.0000000000e+00	0.0000000000e+00
1.0537047864e+05	3.2333675755e-14	0.0000000000e+00	0.0000000000e+00	0.0000000000e+00	0.0000000000e+00	0.0000000000e+00	0.0000000000e+00	0.0000000000e+00	0.0000000000e+00	0.0000000000e+00	0.0000000000e+00	0.0000000000e+00	0.0000000000e+00	0.0000000000e+00	0.0000000000e+00	0.0000000000e+00	0.0000000000e+00	0.0000000000e+00	0.0000000000e+00	0.0000000000e+00	0.0000000000e+00	0.0000000000e+00	0.0000000000e+00	0.0000000000e+00	0.0000000000e+00
1.0537053617e+05	3.2326785040e-14	0.0000000000e+00	0.0000000000e+00	0.0000000000e+00	0.0000000000e+00	0.0000000000e+00	0.0000000000e+00	0.0000000000e+00	0.0000000000e+00	0.0000000000e+00	0.0000000000e+00	0.0000000000e+00	0.0000000000e+00	0.0000000000e+00	0.0000000000e+00	0.0000000000e+00	0.0000000000e+00	0.0000000000e+00	0.0000000000e+00	0.0000000000e+00	0.0000000000e+00	0.0000000000e+00	0.0000000000e+00	0.0000000000e+00	0.0000000000e+00
1.0537059437e+05	3.2488461787e-14	0.0000000000e+00	0.0000000000e+00	0.0000000000e+00	0.0000000000e+00	0.0000000000e+00	0.0000000000e+00	0.0000000000e+00	0.0000000000e+00	0.0000000000e+00	0.0000000000e+00	0.0000000000e+00	0.0000000000e+00	0.0000000000e+00	0.0000000000e+00	0.0000000000e+00	0.0000000000e+00	0.0000000000e+00	0.0000000000e+00	0.0000000000e+00	0.0000000000e+00	0.0000000000e+00	0.0000000000e+00	0.0000000000e+00	0.0000000000e+00
1.0537065324e+05	3.2452903055e-14	0.0000000000e+00	0.0000000000e+00	0.0000000000e+00	0.0000000000e+00	0.0000000000e+00	0.0000000000e+00	0.0000000000e+00	0.0000000000e+00	0.0000000000e+00	0.0000000000e+00	0.0000000000e+00	0.0000000000e+00	0.0000000000e+00	0.0000000000e+00	0.0000000000e+00	0.0000000000e+00	0.0000000000e+00	0.0000000000e+00	0.0000000000e+00	0.0000000000e+00	0.0000000000e+00	0.0000000000e+00	0.0000000000e+00	0.0000000000e+00
1.0537071280e+05	3.2418536855e-14	0.0000000000e+00	0.0000000000e+00	0.0000000000e+00	0.0000000000e+00	0.0000000000e+00	0.0000000000e+00	0.0000000000e+00	0.0000000000e+00	0.0000000000e+00	0.0000000000e+00	0.0000000000e+00	0.0000000000e+00	0.0000000000e+00	0.0000000000e+00	0.0000000000e+00	0.0000000000e+00	0.0000000000e+00	0.0000000000e+00	0.0000000000e+00	0.0000000000e+00	0.0000000000e+00	0.0000000000e+00	0.0000000000e+00	0.0000000000e+00
1.0537077305e+05	3.2385504711e-14	0.0000000000e+00	0.0000000000e+00	0.0000000000e+00	0.0000000000e+00	0.0000000000e+00	0.0000000000e+00	0.0000000000e+00	0.0000000000e+00	0.0000000000e+00	0.0000000000e+00	0.0000000000e+00	0.0000000000e+00	0.0000000000e+00	0.0000000000e+00	0.0000000000e+00	0.0000000000e+00	0.0000000000e+00	0.0000000000e+00	0.0000000000e+00	0.0000000000e+00	0.0000000000e+00	0.0000000000e+00	0.0000000000e+00	0.0000000000e+00
1.0537083399e+05	3.2353934795e-14	0.0000000000e+00	0.0000000000e+00	0.0000000000e+00	0.0000000000e+00	0.0000000000e+00	0.0000000000e+00	0.0000000000e+00	0.0000000000e+00	0.0000000000e+00	0.0000000000e+00	0.0000000000e+00	0.0000000000e+00	0.0000000000e+00	0.0000000000e+00	0.0000000000e+00	0.0000000000e+00	0.0000000000e+00	0.0000000000e+00	0.0000000000e+00	0.0000000000e+00	0.0000000000e+00	0.0000000000e+00	0.0000000000e+00	0.0000000000e+00
1.0537089564e+05	3.2323938554e-14	0.0000000000e+00	0.0000000000e+00	0.0000000000e+00	0.0000000000e+00	0.0000000000e+00	0.0000000000e+00	0.0000000000e+00	0.0000000000e+00	0.0000000000e+00	0.0000000000e+00	0.0000000000e+00	0.0000000000e+00	0.0000000000e+00	0.0000000000e+00	0.0000000000e+00	0.0000000000e+00	0.0000000000e+00	0.0000000000e+00	0.0000000000e+00	0.0000000000e+00	0.0000000000e+00	0.0000000000e+00	0.0000000000e+00	0.0000000000e+00
1.0537095800e+05	3.2295513036e-14	0.0000000000e+00	0.0000000000e+00	0.0000000000e+00	0.0000000000e+00	0.0000000000e+00	0.0000000000e+00	0.0000000000e+00	0.0000000000e+00	0.0000000000e+00	0.0000000000e+00	0.0000000000e+00	0.0000000000e+00	0.0000000000e+00	0.0000000000e+00	0.0000000000e+00	0.0000000000e+00	0.0000000000e+00	0.0000000000e+00	0.0000000000e+00	0.0000000000e+00	0.0000000000e+00	0.0000000000e+00	0.0000000000e+00	0.0000000000e+00
1.0537102108e+05	3.2269071474e-14	0.0000000000e+00	0.0000000000e+00	0.0000000000e+00	0.0000000000e+00	0.0000000000e+00	0.0000000000e+00	0.0000000000e+00	0.0000000000e+00	0.0000000000e+00	0.0000000000e+00	0.0000000000e+00	0.0000000000e+00	0.0000000000e+00	0.0000000000e+00	0.0000000000e+00	0.0000000000e+00	0.0000000000e+00	0.0000000000e+00	0.0000000000e+00	0.0000000000e+00	0.0000000000e+00	0.0000000000e+00	0.0000000000e+00	0.0000000000e+00
1.0537108490e+05	3.2244305777e-14	0.0000000000e+00	0.0000000000e+00	0.0000000000e+00	0.0000000000e+00	0.0000000000e+00	0.0000000000e+00	0.0000000000e+00	0.0000000000e+00	0.0000000000e+00	0.0000000000e+00	0.0000000000e+00	0.0000000000e+00	0.0000000000e+00	0.0000000000e+00	0.0000000000e+00	0.0000000000e+00	0.0000000000e+00	0.0000000000e+00	0.0000000000e+00	0.0000000000e+00	0.0000000000e+00	0.0000000000e+00	0.0000000000e+00	0.0000000000e+00
1.0537114945e+05	3.2221387377e-14	0.0000000000e+00	0.0000000000e+00	0.0000000000e+00	0.0000000000e+00	0.0000000000e+00	0.0000000000e+00	0.0000000000e+00	0.0000000000e+00	0.0000000000e+00	0.0000000000e+00	0.0000000000e+00	0.0000000000e+00	0.0000000000e+00	0.0000000000e+00	0.0000000000e+00	0.0000000000e+00	0.0000000000e+00	0.0000000000e+00	0.0000000000e+00	0.0000000000e+00	0.0000000000e+00	0.0000000000e+00	0.0000000000e+00	0.0000000000e+00
1.0537121476e+05	3.2200325470e-14	0.0000000000e+00	0.0000000000e+00	0.0000000000e+00	0.0000000000e+00	0.0000000000e+00	0.0000000000e+00	0.0000000000e+00	0.0000000000e+00	0.0000000000e+00	0.0000000000e+00	0.0000000000e+00	0.0000000000e+00	0.0000000000e+00	0.0000000000e+00	0.0000000000e+00	0.0000000000e+00	0.0000000000e+00	0.0000000000e+00	0.0000000000e+00	0.0000000000e+00	0.0000000000e+00	0.0000000000e+00	0.0000000000e+00	0.0000000000e+00
1.0537128081e+05	3.2181107310e-14	0.0000000000e+00	0.0000000000e+00	0.0000000000e+00	0.0000000000e+00	0.0000000000e+00	0.0000000000e+00	0.0000000000e+00	0.0000000000e+00	0.0000000000e+00	0.0000000000e+00	0.0000000000e+00	0.0000000000e+00	0.0000000000e+00	0.0000000000e+00	0.0000000000e+00	0.0000000000e+00	0.0000000000e+00	0.0000000000e+00	0.0000000000e+00	0.0000000000e+00	0.0000000000e+00	0.0000000000e+00	0.0000000000e+00	0.0000000000e+00
1.0537134764e+05	3.2163695225e-14	0.0000000000e+00	0.0000000000e+00	0.0000000000e+00	0.0000000000e+00	0.0000000000e+00	0.0000000000e+00	0.0000000000e+00	0.0000000000e+00	0.0000000000e+00	0.0000000000e+00	0.0000000000e+00	0.0000000000e+00	0.0000000000e+00	0.0000000000e+00	0.0000000000e+00	0.0000000000e+00	0.0000000000e+00	0.0000000000e+00	0.0000000000e+00	0.0000000000e+00	0.0000000000e+00	0.0000000000e+00	0.0000000000e+00	0.0000000000e+00
1.0537141523e+05	3.2148025599e-14	0.0000000000e+00	0.0000000000e+00	0.0000000000e+00	0.0000000000e+00	0.0000000000e+00	0.0000000000e+00	0.0000000000e+00	0.0000000000e+00	0.0000000000e+00	0.0000000000e+00	0.0000000000e+00	0.0000000000e+00	0.0000000000e+00	0.0000000000e+00	0.0000000000e+00	0.0000000000e+00	0.0000000000e+00	0.0000000000e+00	0.0000000000e+00	0.0000000000e+00	0.0000000000e+00	0.0000000000e+00	0.0000000000e+00	0.0000000000e+00
1.0537148361e+05	3.2134008260e-14	0.0000000000e+00	0.0000000000e+00	0.0000000000e+00	0.0000000000e+00	0.0000000000e+00	0.0000000000e+00	0.0000000000e+00	0.0000000000e+00	0.0000000000e+00	0.0000000000e+00	0.0000000000e+00	0.0000000000e+00	0.0000000000e+00	0.0000000000e+00	0.0000000000e+00	0.0000000000e+00	0.0000000000e+00	0.0000000000e+00	0.0000000000e+00	0.0000000000e+00	0.0000000000e+00	0.0000000000e+00	0.0000000000e+00	0.0000000000e+00
1.0537155278e+05	3.2549606032e-14	0.0000000000e+00	0.0000000000e+00	0.0000000000e+00	0.0000000000e+00	0.0000000000e+00	0.0000000000e+00	0.0000000000e+00	0.0000000000e+00	0.0000000000e+00	0.0000000000e+00	0.0000000000e+00	0.0000000000e+00	0.0000000000e+00	0.0000000000e+00	0.0000000000e+00	0.0000000000e+00	0.0000000000e+00	0.0000000000e+00	0.0000000000e+00	0.0000000000e+00	0.0000000000e+00	0.0000000000e+00	0.0000000000e+00	0.0000000000e+00
1.0537162276e+05	3.2500004246e-14	0.0000000000e+00	0.0000000000e+00	0.0000000000e+00	0.0000000000e+00	0.0000000000e+00	0.0000000000e+00	0.0000000000e+00	0.0000000000e+00	0.0000000000e+00	0.0000000000e+00	0.0000000000e+00	0.0000000000e+00	0.0000000000e+00	0.0000000000e+00	0.0000000000e+00	0.0000000000e+00	0.0000000000e+00	0.0000000000e+00	0.0000000000e+00	0.0000000000e+00	0.0000000000e+00	0.0000000000e+00	0.0000000000e+00	0.0000000000e+00
1.0537169354e+05	3.2451076446e-14	0.0000000000e+00	0.0000000000e+00	0.0000000000e+00	0.0000000000e+00	0.0000000000e+00	0.0000000000e+00	0.0000000000e+00	0.0000000000e+00	0.0000000000e+00	0.0000000000e+00	0.0000000000e+00	0.0000000000e+00	0.0000000000e+00	0.0000000000e+00	0.0000000000e+00	0.0000000000e+00	0.0000000000e+00	0.0000000000e+00	0.0000000000e+00	0.0000000000e+00	0.0000000000e+00	0.0000000000e+00	0.0000000000e+00	0.0000000000e+00
1.0537176514e+05	3.2403055241e-14	0.0000000000e+00	0.0000000000e+00	0.0000000000e+00	0.0000000000e+00	0.0000000000e+00	0.0000000000e+00	0.0000000000e+00	0.0000000000e+00	0.0000000000e+00	0.0000000000e+00	0.0000000000e+00	0.0000000000e+00	0.0000000000e+00	0.0000000000e+00	0.0000000000e+00	0.0000000000e+00	0.0000000000e+00	0.0000000000e+00	0.0000000000e+00	0.0000000000e+00	0.0000000000e+00	0.0000000000e+00	0.0000000000e+00	0.0000000000e+00
1.0537183757e+05	3.2356163169e-14	0.0000000000e+00	0.0000000000e+00	0.0000000000e+00	0.0000000000e+00	0.0000000000e+00	0.0000000000e+00	0.0000000000e+00	0.0000000000e+00	0.0000000000e+00	0.0000000000e+00	0.0000000000e+00	0.0000000000e+00	0.0000000000e+00	0.0000000000e+00	0.0000000000e+00	0.0000000000e+00	0.0000000000e+00	0.0000000000e+00	0.0000000000e+00	0.0000000000e+00	0.0000000000e+00	0.0000000000e+00	0.0000000000e+00	0.0000000000e+00
1.0537191084e+05	3.2310609763e-14	0.0000000000e+00	0.0000000000e+00	0.0000000000e+00	0.0000000000e+00	0.0000000000e+00	0.0000000000e+00	0.0000000000e+00	0.0000000000e+00	0.0000000000e+00	0.0000000000e+00	0.0000000000e+00	0.0000000000e+00	0.0000000000e+00	0.0000000000e+00	0.0000000000e+00	0.0000000000e+00	0.0000000000e+00	0.0000000000e+00	0.0000000000e+00	0.0000000000e+00	0.0000000000e+00	0.0000000000e+00	0.0000000000e+00	0.0000000000e+00
1.0537198496e+05	3.2266588774e-14	0.0000000000e+00	0.0000000000e+00	0.0000000000e+00	0.0000000000e+00	0.0000000000e+00	0.0000000000e+00	0.0000000000e+00	0.0000000000e+00	0.0000000000e+00	0.0000000000e+00	0.0000000000e+00	0.0000000000e+00	0.0000000000e+00	0.0000000000e+00	0.0000000000e+00	0.0000000000e+00	0.0000000000e+00	0.0000000000e+00	0.0000000000e+00	0.0000000000e+00	0.0000000000e+00	0.0000000000e+00	0.0000000000e+00	0.0000000000e+00
1.0537205994e+05	3.2224275541e-14	0.0000000000e+00	0.0000000000e+00	0.0000000000e+00	0.0000000000e+00	0.0000000000e+00	0.0000000000e+00	0.0000000000e+00	0.0000000000e+00	0.0000000000e+00	0.0000000000e+00	0.0000000000e+00	0.0000000000e+00	0.0000000000e+00	0.0000000000e+00	0.0000000000e+00	0.0000000000e+00	0.0000000000e+00	0.0000000000e+00	0.0000000000e+00	0.0000000000e+00	0.0000000000e+00	0.0000000000e+00	0.0000000000e+00	0.0000000000e+00
1.0537213578e+05	3.2183825276e-14	0.0000000000e+00	0.0000000000e+00	0.0000000000e+00	0.0000000000e+00	0.0000000000e+00	0.0000000000e+00	0.0000000000e+00	0.0000000000e+00	0.0000000000e+00	0.0000000000e+00	0.0000000000e+00	0.0000000000e+00	0.0000000000e+00	0.0000000000e+00	0.0000000000e+00	0.0000000000e+00	0.0000000000e+00	0.0000000000e+00	0.0000000000e+00	0.0000000000e+00	0.0000000000e+00	0.0000000000e+00	0.0000000000e+00	0.0000000000e+00
1.0537221250e+05	3.2145367951e-14	0.0000000000e+00	0.0000000000e+00	0.0000000000e+00	0.0000000000e+00	0.0000000000e+00	0.0000000000e+00	0.0000000000e+00	0.0000000000e+00	0.0000000000e+00	0.0000000000e+00	0.0000000000e+00	0.0000000000e+00	0.0000000000e+00	0.0000000000e+00	0.0000000000e+00	0.0000000000e+00	0.0000000000e+00	0.0000000000e+00	0.0000000000e+00	0.0000000000e+00	0.0000000000e+00	0.0000000000e+00	0.0000000000e+00	0.0000000000e+00
1.0537229012e+05	3.2109011656e-14	0.0000000000e+00	0.0000000000e+00	0.0000000000e+00	0.0000000000e+00	0.0000000000e+00	0.0000000000e+00	0.0000000000e+00	0.0000000000e+00	0.0000000000e+00	0.0000000000e+00	0.0000000000e+00	0.0000000000e+00	0.0000000000e+00	0.0000000000e+00	0.0000000000e+00	0.0000000000e+00	0.0000000000e+00	0.0000000000e+00	0.0000000000e+00	0.0000000000e+00	0.0000000000e+00	0.0000000000e+00	0.0000000000e+00	0.0000000000e+00
1.0537236863e+05	3.2074836088e-14	0.0000000000e+00	0.0000000000e+00	0.0000000000e+00	0.0000000000e+00	0.0000000000e+00	0.0000000000e+00	0.0000000000e+00	0.0000000000e+00	0.0000000000e+00	0.0000000000e+00	0.0000000000e+00	0.0000000000e+00	0.0000000000e+00	0.0000000000e+00	0.0000000000e+00	0.0000000000e+00	0.0000000000e+00	0.0000000000e+00	0.0000000000e+00	0.0000000000e+00	0.0000000000e+00	0.0000000000e+00	0.0000000000e+00	0.0000000000e+00
1.0537244804e+05	3.2042893310e-14	0.0000000000e+00	0.0000000000e+00	0.0000000000e+00	0.0000000000e+00	0.0000000000e+00	0.0000000000e+00	0.0000000000e+00	0.0000000000e+00	0.0000000000e+00	0.0000000000e+00	0.0000000000e+00	0.0000000000e+00	0.0000000000e+00	0.0000000000e+00	0.0000000000e+00	0.0000000000e+00	0.0000000000e+00	0.0000000000e+00	0.0000000000e+00	0.0000000000e+00	0.0000000000e+00	0.0000000000e+00	0.0000000000e+00	0.0000000000e+00
1.0537252838e+05	3.2704874045e-14	0.0000000000e+00	0.0000000000e+00	0.0000000000e+00	0.0000000000e+00	0.0000000000e+00	0.0000000000e+00	0.0000000000e+00	0.0000000000e+00	0.0000000000e+00	0.0000000000e+00	0.0000000000e+00	0.0000000000e+00	0.0000000000e+00	0.0000000000e+00	0.0000000000e+00	0.0000000000e+00	0.0000000000e+00	0.0000000000e+00	0.0000000000e+00	0.0000000000e+00	0.0000000000e+00	0.0000000000e+00	0.0000000000e+00	0.0000000000e+00
1.0537260965e+05	3.2641303331e-14	0.0000000000e+00	0.0000000000e+00	0.0000000000e+00	0.0000000000e+00	0.0000000000e+00	0.0000000000e+00	0.0000000000e+00	0.0000000000e+00	0.0000000000e+00	0.0000000000e+00	0.0000000000e+00	0.0000000000e+00	0.0000000000e+00	0.0000000000e+00	0.0000000000e+00	0.0000000000e+00	0.0000000000e+00	0.0000000000e+00	0.0000000000e+00	0.0000000000e+00	0.0000000000e+00	0.0000000000e+00	0.0000000000e+00	0.0000000000e+00
1.0537269186e+05	3.2577484655e-14	0.0000000000e+00	0.0000000000e+00	0.0000000000e+00	0.0000000000e+00	0.0000000000e+00	0.0000000000e+00	0.0000000000e+00	0.0000000000e+00	0.0000000000e+00	0.0000000000e+00	0.0000000000e+00	0.0000000000e+00	0.0000000000e+00	0.0000000000e+00	0.0000000000e+00	0.0000000000e+00	0.0000000000e+00	0.0000000000e+00	0.0000000000e+00	0.0000000000e+00	0.0000000000e+00	0.0000000000e+00	0.0000000000e+00	0.0000000000e+00
1.0537277502e+05	3.2513727297e-14	0.0000000000e+00	0.0000000000e+00	0.0000000000e+00	0.0000000000e+00	0.0000000000e+00	0.0000000000e+00	0.0000000000e+00	0.0000000000e+00	0.0000000000e+00	0.0000000000e+00	0.0000000000e+00	0.0000000000e+00	0.0000000000e+00	0.0000000000e+00	0.0000000000e+00	0.0000000000e+00	0.0000000000e+00	0.0000000000e+00	0.0000000000e+00	0.0000000000e+00	0.0000000000e+00	0.0000000000e+00	0.0000000000e+00	0.0000000000e+00
1.0537285915e+05	3.2450337735e-14	0.0000000000e+00	0.0000000000e+00	0.0000000000e+00	0.0000000000e+00	0.0000000000e+00	0.0000000000e+00	0.0000000000e+00	0.0000000000e+00	0.0000000000e+00	0.0000000000e+00	0.0000000000e+00	0.0000000000e+00	0.0000000000e+00	0.0000000000e+00	0.0000000000e+00	0.0000000000e+00	0.0000000000e+00	0.0000000000e+00	0.0000000000e+00	0.0000000000e+00	0.0000000000e+00	0.0000000000e+00	0.0000000000e+00	0.0000000000e+00
1.0537294425e+05	3.2387615644e-14	0.0000000000e+00	0.0000000000e+00	0.0000000000e+00	0.0000000000e+00	0.0000000000e+00	0.0000000000e+00	0.0000000000e+00	0.0000000000e+00	0.0000000000e+00	0.0000000000e+00	0.0000000000e+00	0.0000000000e+00	0.0000000000e+00	0.0000000000e+00	0.0000000000e+00	0.0000000000e+00	0.0000000000e+00	0.0000000000e+00	0.0000000000e+00	0.0000000000e+00	0.0000000000e+00	0.0000000000e+00	0.0000000000e+00	0.0000000000e+00
1.0537303033e+05	3.2325850034e-14	0.0000000000e+00	0.0000000000e+00	0.0000000000e+00	0.0000000000e+00	0.0000000000e+00	0.0000000000e+00	0.0000000000e+00	0.0000000000e+00	0.0000000000e+00	0.0000000000e+00	0.0000000000e+00	0.0000000000e+00	0.0000000000e+00	0.0000000000e+00	0.0000000000e+00	0.0000000000e+00	0.0000000000e+00	0.0000000000e+00	0.0000000000e+00	0.0000000000e+00	0.0000000000e+00	0.0000000000e+00	0.0000000000e+00	0.0000000000e+00
1.0537311741e+05	3.2265315588e-14	0.0000000000e+00	0.0000000000e+00	0.0000000000e+00	0.0000000000e+00	0.0000000000e+00	0.0000000000e+00	0.0000000000e+00	0.0000000000e+00	0.0000000000e+00	0.0000000000e+00	0.0000000000e+00	0.0000000000e+00	0.0000000000e+00	0.0000000000e+00	0.0000000000e+00	0.0000000000e+00	0.0000000000e+00	0.0000000000e+00	0.0000000000e+00	0.0000000000e+00	0.0000000000e+00	0.0000000000e+00	0.0000000000e+00	0.0000000000e+00
1.0537320550e+05	3.2206269236e-14	0.0000000000e+00	0.0000000000e+00	0.0000000000e+00	0.0000000000e+00	0.0000000000e+00	0.0000000000e+00	0.0000000000e+00	0.0000000000e+00	0.0000000000e+00	0.0000000000e+00	0.0000000000e+00	0.0000000000e+00	0.0000000000e+00	0.0000000000e+00	0.0000000000e+00	0.0000000000e+00	0.0000000000e+00	0.0000000000e+00	0.0000000000e+00	0.0000000000e+00	0.0000000000e+00	0.0000000000e+00	0.0000000000e+00	0.0000000000e+00
1.0537329461e+05	3.2148947025e-14	0.0000000000e+00	0.0000000000e+00	0.0000000000e+00	0.0000000000e+00	0.0000000000e+00	0.0000000000e+00	0.0000000000e+00	0.0000000000e+00	0.0000000000e+00	0.0000000000e+00	0.0000000000e+00	0.0000000000e+00	0.0000000000e+00	0.0000000000e+00	0.0000000000e+00	0.0000000000e+00	0.0000000000e+00	0.0000000000e+00	0.0000000000e+00	0.0000000000e+00	0.0000000000e+00	0.0000000000e+00	0.0000000000e+00	0.0000000000e+00
1.0537338476e+05	3.2093561331e-14	0.0000000000e+00	0.0000000000e+00	0.0000000000e+00	0.0000000000e+00	0.0000000000e+00	0.0000000000e+00	0.0000000000e+00	0.0000000000e+00	0.0000000000e+00	0.0000000000e+00	0.0000000000e+00	0.0000000000e+00	0.0000000000e+00	0.0000000000e+00	0.0000000000e+00	0.0000000000e+00	0.0000000000e+00	0.0000000000e+00	0.0000000000e+00	0.0000000000e+00	0.0000000000e+00	0.0000000000e+00	0.0000000000e+00	0.0000000000e+00
1.0537347594e+05	3.2040298616e-14	0.0000000000e+00	0.0000000000e+00	0.0000000000e+00	0.0000000000e+00	0.0000000000e+00	0.0000000000e+00	0.0000000000e+00	0.0000000000e+00	0.0000000000e+00	0.0000000000e+00	0.0000000000e+00	0.0000000000e+00	0.0000000000e+00	0.0000000000e+00	0.0000000000e+00	0.0000000000e+00	0.0000000000e+00	0.0000000000e+00	0.0000000000e+00	0.0000000000e+00	0.0000000000e+00	0.0000000000e+00	0.0000000000e+00	0.0000000000e+00
1.0537356818e+05	3.2869055079e-14	0.0000000000e+00	0.0000000000e+00	0.0000000000e+00	0.0000000000e+00	0.0000000000e+00	0.0000000000e+00	0.0000000000e+00	0.0000000000e+00	0.0000000000e+00	0.0000000000e+00	0.0000000000e+00	0.0000000000e+00	0.0000000000e+00	0.0000000000e+00	0.0000000000e+00	0.0000000000e+00	0.0000000000e+00	0.0000000000e+00	0.0000000000e+00	0.0000000000e+00	0.0000000000e+00	0.0000000000e+00	0.0000000000e+00	0.0000000000e+00
1.0537366149e+05	3.2793794164e-14	0.0000000000e+00	0.0000000000e+00	0.0000000000e+00	0.0000000000e+00	0.0000000000e+00	0.0000000000e+00	0.0000000000e+00	0.0000000000e+00	0.0000000000e+00	0.0000000000e+00	0.0000000000e+00	0.0000000000e+00	0.0000000000e+00	0.0000000000e+00	0.0000000000e+00	0.0000000000e+00	0.0000000000e+00	0.0000000000e+00	0.0000000000e+00	0.0000000000e+00	0.0000000000e+00	0.0000000000e+00	0.0000000000e+00	0.0000000000e+00
1.0537375588e+05	3.2717249466e-14	0.0000000000e+00	0.0000000000e+00	0.0000000000e+00	0.0000000000e+00	0.0000000000e+00	0.0000000000e+00	0.0000000000e+00	0.0000000000e+00	0.0000000000e+00	0.0000000000e+00	0.0000000000e+00	0.0000000000e+00	0.0000000000e+00	0.0000000000e+00	0.0000000000e+00	0.0000000000e+00	0.0000000000e+00	0.0000000000e+00	0.0000000000e+00	0.0000000000e+00	0.0000000000e+00	0.0000000000e+00	0.0000000000e+00	0.0000000000e+00
1.0537385136e+05	3.2639762643e-14	0.0000000000e+00	0.0000000000e+00	0.0000000000e+00	0.0000000000e+00	0.0000000000e+00	0.0000000000e+00	0.0000000000e+00	0.0000000000e+00	0.0000000000e+00	0.0000000000e+00	0.0000000000e+00	0.0000000000e+00	0.0000000000e+00	0.0000000000e+00	0.0000000000e+00	0.0000000000e+00	0.0000000000e+00	0.0000000000e+00	0.0000000000e+00	0.0000000000e+00	0.0000000000e+00	0.0000000000e+00	0.0000000000e+00	0.0000000000e+00
1.0537394795e+05	3.2561703383e-14	0.0000000000e+00	0.0000000000e+00	0.0000000000e+00	0.0000000000e+00	0.0000000000e+00	0.0000000000e+00	0.0000000000e+00	0.0000000000e+00	0.0000000000e+00	0.0000000000e+00	0.0000000000e+00	0.0000000000e+00	0.0000000000e+00	0.0000000000e+00	0.0000000000e+00	0.0000000000e+00	0.0000000000e+00	0.0000000000e+00	0.0000000000e+00	0.0000000000e+00	0.0000000000e+00	0.0000000000e+00	0.0000000000e+00	0.0000000000e+00
1.0537404566e+05	3.2483442262e-14	0.0000000000e+00	0.0000000000e+00	0.0000000000e+00	0.0000000000e+00	0.0000000000e+00	0.0000000000e+00	0.0000000000e+00	0.0000000000e+00	0.0000000000e+00	0.0000000000e+00	0.0000000000e+00	0.0000000000e+00	0.0000000000e+00	0.0000000000e+00	0.0000000000e+00	0.0000000000e+00	0.0000000000e+00	0.0000000000e+00	0.0000000000e+00	0.0000000000e+00	0.0000000000e+00	0.0000000000e+00	0.0000000000e+00	0.0000000000e+00
1.0537414450e+05	3.2405347030e-14	0.0000000000e+00	0.0000000000e+00	0.0000000000e+00	0.0000000000e+00	0.0000000000e+00	0.0000000000e+00	0.0000000000e+00	0.0000000000e+00	0.0000000000e+00	0.0000000000e+00	0.0000000000e+00	0.0000000000e+00	0.0000000000e+00	0.0000000000e+00	0.0000000000e+00	0.0000000000e+00	0.0000000000e+00	0.0000000000e+00	0.0000000000e+00	0.0000000000e+00	0.0000000000e+00	0.0000000000e+00	0.0000000000e+00	0.0000000000e+00
1.0537424448e+05	3.2327777880e-14	0.0000000000e+00	0.0000000000e+00	0.0000000000e+00	0.0000000000e+00	0.0000000000e+00	0.0000000000e+00	0.0000000000e+00	0.0000000000e+00	0.0000000000e+00	0.0000000000e+00	0.0000000000e+00	0.0000000000e+00	0.0000000000e+00	0.0000000000e+00	0.0000000000e+00	0.0000000000e+00	0.0000000000e+00	0.0000000000e+00	0.0000000000e+00	0.0000000000e+00	0.0000000000e+00	0.0000000000e+00	0.0000000000e+00	0.0000000000e+00
1.0537434562e+05	3.2251082846e-14	0.0000000000e+00	0.0000000000e+00	0.0000000000e+00	0.0000000000e+00	0.0000000000e+00	0.0000000000e+00	0.0000000000e+00	0.0000000000e+00	0.0000000000e+00	0.0000000000e+00	0.0000000000e+00	0.0000000000e+00	0.0000000000e+00	0.0000000000e+00	0.0000000000e+00	0.0000000000e+00	0.0000000000e+00	0.0000000000e+00	0.0000000000e+00	0.0000000000e+00	0.0000000000e+00	0.0000000000e+00	0.0000000000e+00	0.0000000000e+00
1.0537444793e+05	3.2175593495e-14	0.0000000000e+00	0.0000000000e+00	0.0000000000e+00	0.0000000000e+00	0.0000000000e+00	0.0000000000e+00	0.0000000000e+00	0.0000000000e+00	0.0000000000e+00	0.0000000000e+00	0.0000000000e+00	0.0000000000e+00	0.0000000000e+00	0.0000000000e+00	0.0000000000e+00	0.0000000000e+00	0.0000000000e+00	0.0000000000e+00	0.0000000000e+00	0.0000000000e+00	0.0000000000e+00	0.0000000000e+00	0.0000000000e+00	0.0000000000e+00
1.0537455143e+05	3.2101620970e-14	0.0000000000e+00	0.0000000000e+00	0.0000000000e+00	0.0000000000e+00	0.0000000000e+00	0.0000000000e+00	0.0000000000e+00	0.0000000000e+00	0.0000000000e+00	0.0000000000e+00	0.0000000000e+00	0.0000000000e+00	0.0000000000e+00	0.0000000000e+00	0.0000000000e+00	0.0000000000e+00	0.0000000000e+00	0.0000000000e+00	0.0000000000e+00	0.0000000000e+00	0.0000000000e+00	0.0000000000e+00	0.0000000000e+00	0.0000000000e+00
1.0537465612e+05	3.2029452455e-14	0.0000000000e+00	0.0000000000e+00	0.0000000000e+00	0.0000000000e+00	0.0000000000e+00	0.0000000000e+00	0.0000000000e+00	0.0000000000e+00	0.0000000000e+00	0.0000000000e+00	0.0000000000e+00	0.0000000000e+00	0.0000000000e+00	0.0000000000e+00	0.0000000000e+00	0.0000000000e+00	0.0000000000e+00	0.0000000000e+00	0.0000000000e+00	0.0000000000e+00	0.0000000000e+00	0.0000000000e+00	0.0000000000e+00	0.0000000000e+00
1.0537476203e+05	3.1959348087e-14	0.0000000000e+00	0.0000000000e+00	0.0000000000e+00	0.0000000000e+00	0.0000000000e+00	0.0000000000e+00	0.0000000000e+00	0.0000000000e+00	0.0000000000e+00	0.0000000000e+00	0.0000000000e+00	0.0000000000e+00	0.0000000000e+00	0.0000000000e+00	0.0000000000e+00	0.0000000000e+00	0.0000000000e+00	0.0000000000e+00	0.0000000000e+00	0.0000000000e+00	0.0000000000e+00	0.0000000000e+00	0.0000000000e+00	0.0000000000e+00
1.0537486916e+05	3.1891538345e-14	0.0000000000e+00	0.0000000000e+00	0.0000000000e+00	0.0000000000e+00	0.0000000000e+00	0.0000000000e+00	0.0000000000e+00	0.0000000000e+00	0.0000000000e+00	0.0000000000e+00	0.0000000000e+00	0.0000000000e+00	0.0000000000e+00	0.0000000000e+00	0.0000000000e+00	0.0000000000e+00	0.0000000000e+00	0.0000000000e+00	0.0000000000e+00	0.0000000000e+00	0.0000000000e+00	0.0000000000e+00	0.0000000000e+00	0.0000000000e+00
1.0537497754e+05	3.1826221927e-14	0.0000000000e+00	0.0000000000e+00	0.0000000000e+00	0.0000000000e+00	0.0000000000e+00	0.0000000000e+00	0.0000000000e+00	0.0000000000e+00	0.0000000000e+00	0.0000000000e+00	0.0000000000e+00	0.0000000000e+00	0.0000000000e+00	0.0000000000e+00	0.0000000000e+00	0.0000000000e+00	0.0000000000e+00	0.0000000000e+00	0.0000000000e+00	0.0000000000e+00	0.0000000000e+00	0.0000000000e+00	0.0000000000e+00	0.0000000000e+00
1.0537508717e+05	3.1763564136e-14	0.0000000000e+00	0.0000000000e+00	0.0000000000e+00	0.0000000000e+00	0.0000000000e+00	0.0000000000e+00	0.0000000000e+00	0.0000000000e+00	0.0000000000e+00	0.0000000000e+00	0.0000000000e+00	0.0000000000e+00	0.0000000000e+00	0.0000000000e+00	0.0000000000e+00	0.0000000000e+00	0.0000000000e+00	0.0000000000e+00	0.0000000000e+00	0.0000000000e+00	0.0000000000e+00	0.0000000000e+00	0.0000000000e+00	0.0000000000e+00
1.0537519807e+05	3.1703695758e-14	0.0000000000e+00	0.0000000000e+00	0.0000000000e+00	0.0000000000e+00	0.0000000000e+00	0.0000000000e+00	0.0000000000e+00	0.0000000000e+00	0.0000000000e+00	0.0000000000e+00	0.0000000000e+00	0.0000000000e+00	0.0000000000e+00	0.0000000000e+00	0.0000000000e+00	0.0000000000e+00	0.0000000000e+00	0.0000000000e+00	0.0000000000e+00	0.0000000000e+00	0.0000000000e+00	0.0000000000e+00	0.0000000000e+00	0.0000000000e+00
1.0537531025e+05	3.1646712436e-14	0.0000000000e+00	0.0000000000e+00	0.0000000000e+00	0.0000000000e+00	0.0000000000e+00	0.0000000000e+00	0.0000000000e+00	0.0000000000e+00	0.0000000000e+00	0.0000000000e+00	0.0000000000e+00	0.0000000000e+00	0.0000000000e+00	0.0000000000e+00	0.0000000000e+00	0.0000000000e+00	0.0000000000e+00	0.0000000000e+00	0.0000000000e+00	0.0000000000e+00	0.0000000000e+00	0.0000000000e+00	0.0000000000e+00	0.0000000000e+00
1.0537542373e+05	3.1592674513e-14	0.0000000000e+00	0.0000000000e+00	0.0000000000e+00	0.0000000000e+00	0.0000000000e+00	0.0000000000e+00	0.0000000000e+00	0.0000000000e+00	0.0000000000e+00	0.0000000000e+00	0.0000000000e+00	0.0000000000e+00	0.0000000000e+00	0.0000000000e+00	0.0000000000e+00	0.0000000000e+00	0.0000000000e+00	0.0000000000e+00	0.0000000000e+00	0.0000000000e+00	0.0000000000e+00	0.0000000000e+00	0.0000000000e+00	0.0000000000e+00
1.0537553853e+05	3.1541607342e-14	0.0000000000e+00	0.0000000000e+00	0.0000000000e+00	0.0000000000e+00	0.0000000000e+00	0.0000000000e+00	0.0000000000e+00	0.0000000000e+00	0.0000000000e+00	0.0000000000e+00	0.0000000000e+00	0.0000000000e+00	0.0000000000e+00	0.0000000000e+00	0.0000000000e+00	0.0000000000e+00	0.0000000000e+00	0.0000000000e+00	0.0000000000e+00	0.0000000000e+00	0.0000000000e+00	0.0000000000e+00	0.0000000000e+00	0.0000000000e+00
1.0537565465e+05	3.1493502003e-14	0.0000000000e+00	0.0000000000e+00	0.0000000000e+00	0.0000000000e+00	0.0000000000e+00	0.0000000000e+00	0.0000000000e+00	0.0000000000e+00	0.0000000000e+00	0.0000000000e+00	0.0000000000e+00	0.0000000000e+00	0.0000000000e+00	0.0000000000e+00	0.0000000000e+00	0.0000000000e+00	0.0000000000e+00	0.0000000000e+00	0.0000000000e+00	0.0000000000e+00	0.0000000000e+00	0.0000000000e+00	0.0000000000e+00	0.0000000000e+00
1.0537577212e+05	3.1448316429e-14	0.0000000000e+00	0.0000000000e+00	0.0000000000e+00	0.0000000000e+00	0.0000000000e+00	0.0000000000e+00	0.0000000000e+00	0.0000000000e+00	0.0000000000e+00	0.0000000000e+00	0.0000000000e+00	0.0000000000e+00	0.0000000000e+00	0.0000000000e+00	0.0000000000e+00	0.0000000000e+00	0.0000000000e+00	0.0000000000e+00	0.0000000000e+00	0.0000000000e+00	0.0000000000e+00	0.0000000000e+00	0.0000000000e+00	0.0000000000e+00
1.0537589095e+05	3.1405976870e-14	0.0000000000e+00	0.0000000000e+00	0.0000000000e+00	0.0000000000e+00	0.0000000000e+00	0.0000000000e+00	0.0000000000e+00	0.0000000000e+00	0.0000000000e+00	0.0000000000e+00	0.0000000000e+00	0.0000000000e+00	0.0000000000e+00	0.0000000000e+00	0.0000000000e+00	0.0000000000e+00	0.0000000000e+00	0.0000000000e+00	0.0000000000e+00	0.0000000000e+00	0.0000000000e+00	0.0000000000e+00	0.0000000000e+00	0.0000000000e+00
1.0537601116e+05	3.1946315630e-14	0.0000000000e+00	0.0000000000e+00	0.0000000000e+00	0.0000000000e+00	0.0000000000e+00	0.0000000000e+00	0.0000000000e+00	0.0000000000e+00	0.0000000000e+00	0.0000000000e+00	0.0000000000e+00	0.0000000000e+00	0.0000000000e+00	0.0000000000e+00	0.0000000000e+00	0.0000000000e+00	0.0000000000e+00	0.0000000000e+00	0.0000000000e+00	0.0000000000e+00	0.0000000000e+00	0.0000000000e+00	0.0000000000e+00	0.0000000000e+00
1.0537613275e+05	3.1861353461e-14	0.0000000000e+00	0.0000000000e+00	0.0000000000e+00	0.0000000000e+00	0.0000000000e+00	0.0000000000e+00	0.0000000000e+00	0.0000000000e+00	0.0000000000e+00	0.0000000000e+00	0.0000000000e+00	0.0000000000e+00	0.0000000000e+00	0.0000000000e+00	0.0000000000e+00	0.0000000000e+00	0.0000000000e+00	0.0000000000e+00	0.0000000000e+00	0.0000000000e+00	0.0000000000e+00	0.0000000000e+00	0.0000000000e+00	0.0000000000e+00
1.0537625576e+05	3.1778754435e-14	0.0000000000e+00	0.0000000000e+00	0.0000000000e+00	0.0000000000e+00	0.0000000000e+00	0.0000000000e+00	0.0000000000e+00	0.0000000000e+00	0.0000000000e+00	0.0000000000e+00	0.0000000000e+00	0.0000000000e+00	0.0000000000e+00	0.0000000000e+00	0.0000000000e+00	0.0000000000e+00	0.0000000000e+00	0.0000000000e+00	0.0000000000e+00	0.0000000000e+00	0.0000000000e+00	0.0000000000e+00	0.0000000000e+00	0.0000000000e+00
1.0537638019e+05	3.1698784930e-14	0.0000000000e+00	0.0000000000e+00	0.0000000000e+00	0.0000000000e+00	0.0000000000e+00	0.0000000000e+00	0.0000000000e+00	0.0000000000e+00	0.0000000000e+00	0.0000000000e+00	0.0000000000e+00	0.0000000000e+00	0.0000000000e+00	0.0000000000e+00	0.0000000000e+00	0.0000000000e+00	0.0000000000e+00	0.0000000000e+00	0.0000000000e+00	0.0000000000e+00	0.0000000000e+00	0.0000000000e+00	0.0000000000e+00	0.0000000000e+00
1.0537650606e+05	3.1621675080e-14	0.0000000000e+00	0.0000000000e+00	0.0000000000e+00	0.0000000000e+00	0.0000000000e+00	0.0000000000e+00	0.0000000000e+00	0.0000000000e+00	0.0000000000e+00	0.0000000000e+00	0.0000000000e+00	0.0000000000e+00	0.0000000000e+00	0.0000000000e+00	0.0000000000e+00	0.0000000000e+00	0.0000000000e+00	0.0000000000e+00	0.0000000000e+00	0.0000000000e+00	0.0000000000e+00	0.0000000000e+00	0.0000000000e+00	0.0000000000e+00
1.0537663339e+05	3.1547617489e-14	0.0000000000e+00	0.0000000000e+00	0.0000000000e+00	0.0000000000e+00	0.0000000000e+00	0.0000000000e+00	0.0000000000e+00	0.0000000000e+00	0.0000000000e+00	0.0000000000e+00	0.0000000000e+00	0.0000000000e+00	0.0000000000e+00	0.0000000000e+00	0.0000000000e+00	0.0000000000e+00	0.0000000000e+00	0.0000000000e+00	0.0000000000e+00	0.0000000000e+00	0.0000000000e+00	0.0000000000e+00	0.0000000000e+00	0.0000000000e+00
1.0537676219e+05	3.1476766593e-14	0.0000000000e+00	0.0000000000e+00	0.0000000000e+00	0.0000000000e+00	0.0000000000e+00	0.0000000000e+00	0.0000000000e+00	0.0000000000e+00	0.0000000000e+00	0.0000000000e+00	0.0000000000e+00	0.0000000000e+00	0.0000000000e+00	0.0000000000e+00	0.0000000000e+00	0.0000000000e+00	0.0000000000e+00	0.0000000000e+00	0.0000000000e+00	0.0000000000e+00	0.0000000000e+00	0.0000000000e+00	0.0000000000e+00	0.0000000000e+00
1.0537689249e+05	3.1409238611e-14	0.0000000000e+00	0.0000000000e+00	0.0000000000e+00	0.0000000000e+00	0.0000000000e+00	0.0000000000e+00	0.0000000000e+00	0.0000000000e+00	0.0000000000e+00	0.0000000000e+00	0.0000000000e+00	0.0000000000e+00	0.0000000000e+00	0.0000000000e+00	0.0000000000e+00	0.0000000000e+00	0.0000000000e+00	0.0000000000e+00	0.0000000000e+00	0.0000000000e+00	0.0000000000e+00	0.0000000000e+00	0.0000000000e+00	0.0000000000e+00
1.0537702429e+05	3.1345112084e-14	0.0000000000e+00	0.0000000000e+00	0.0000000000e+00	0.0000000000e+00	0.0000000000e+00	0.0000000000e+00	0.0000000000e+00	0.0000000000e+00	0.0000000000e+00	0.0000000000e+00	0.0000000000e+00	0.0000000000e+00	0.0000000000e+00	0.0000000000e+00	0.0000000000e+00	0.0000000000e+00	0.0000000000e+00	0.0000000000e+00	0.0000000000e+00	0.0000000000e+00	0.0000000000e+00	0.0000000000e+00	0.0000000000e+00	0.0000000000e+00
1.0537715762e+05	3.1284428937e-14	0.0000000000e+00	0.0000000000e+00	0.0000000000e+00	0.0000000000e+00	0.0000000000e+00	0.0000000000e+00	0.0000000000e+00	0.0000000000e+00	0.0000000000e+00	0.0000000000e+00	0.0000000000e+00	0.0000000000e+00	0.0000000000e+00	0.0000000000e+00	0.0000000000e+00	0.0000000000e+00	0.0000000000e+00	0.0000000000e+00	0.0000000000e+00	0.0000000000e+00	0.0000000000e+00	0.0000000000e+00	0.0000000000e+00	0.0000000000e+00
1.0537729249e+05	3.1967452631e-14	0.0000000000e+00	0.0000000000e+00	0.0000000000e+00	0.0000000000e+00	0.0000000000e+00	0.0000000000e+00	0.0000000000e+00	0.0000000000e+00	0.0000000000e+00	0.0000000000e+00	0.0000000000e+00	0.0000000000e+00	0.0000000000e+00	0.0000000000e+00	0.0000000000e+00	0.0000000000e+00	0.0000000000e+00	0.0000000000e+00	0.0000000000e+00	0.0000000000e+00	0.0000000000e+00	0.0000000000e+00	0.0000000000e+00	0.0000000000e+00
1.0537742893e+05	3.1869388343e-14	0.0000000000e+00	0.0000000000e+00	0.0000000000e+00	0.0000000000e+00	0.0000000000e+00	0.0000000000e+00	0.0000000000e+00	0.0000000000e+00	0.0000000000e+00	0.0000000000e+00	0.0000000000e+00	0.0000000000e+00	0.0000000000e+00	0.0000000000e+00	0.0000000000e+00	0.0000000000e+00	0.0000000000e+00	0.0000000000e+00	0.0000000000e+00	0.0000000000e+00	0.0000000000e+00	0.0000000000e+00	0.0000000000e+00	0.0000000000e+00
1.0537756694e+05	3.1773431706e-14	0.0000000000e+00	0.0000000000e+00	0.0000000000e+00	0.0000000000e+00	0.0000000000e+00	0.0000000000e+00	0.0000000000e+00	0.0000000000e+00	0.0000000000e+00	0.0000000000e+00	0.0000000000e+00	0.0000000000e+00	0.0000000000e+00	0.0000000000e+00	0.0000000000e+00	0.0000000000e+00	0.0000000000e+00	0.0000000000e+00	0.0000000000e+00	0.0000000000e+00	0.0000000000e+00	0.0000000000e+00	0.0000000000e+00	0.0000000000e+00
1.0537770655e+05	3.1679945365e-14	0.0000000000e+00	0.0000000000e+00	0.0000000000e+00	0.0000000000e+00	0.0000000000e+00	0.0000000000e+00	0.0000000000e+00	0.0000000000e+00	0.0000000000e+00	0.0000000000e+00	0.0000000000e+00	0.0000000000e+00	0.0000000000e+00	0.0000000000e+00	0.0000000000e+00	0.0000000000e+00	0.0000000000e+00	0.0000000000e+00	0.0000000000e+00	0.0000000000e+00	0.0000000000e+00	0.0000000000e+00	0.0000000000e+00	0.0000000000e+00
1.0537784778e+05	3.1589254371e-14	0.0000000000e+00	0.0000000000e+00	0.0000000000e+00	0.0000000000e+00	0.0000000000e+00	0.0000000000e+00	0.0000000000e+00	0.0000000000e+00	0.0000000000e+00	0.0000000000e+00	0.0000000000e+00	0.0000000000e+00	0.0000000000e+00	0.0000000000e+00	0.0000000000e+00	0.0000000000e+00	0.0000000000e+00	0.0000000000e+00	0.0000000000e+00	0.0000000000e+00	0.0000000000e+00	0.0000000000e+00	0.0000000000e+00	0.0000000000e+00
1.0537799065e+05	3.1501643798e-14	0.0000000000e+00	0.0000000000e+00	0.0000000000e+00	0.0000000000e+00	0.0000000000e+00	0.0000000000e+00	0.0000000000e+00	0.0000000000e+00	0.0000000000e+00	0.0000000000e+00	0.0000000000e+00	0.0000000000e+00	0.0000000000e+00	0.0000000000e+00	0.0000000000e+00	0.0000000000e+00	0.0000000000e+00	0.0000000000e+00	0.0000000000e+00	0.0000000000e+00	0.0000000000e+00	0.0000000000e+00	0.0000000000e+00	0.0000000000e+00
1.0537813517e+05	3.1417357197e-14	0.0000000000e+00	0.0000000000e+00	0.0000000000e+00	0.0000000000e+00	0.0000000000e+00	0.0000000000e+00	0.0000000000e+00	0.0000000000e+00	0.0000000000e+00	0.0000000000e+00	0.0000000000e+00	0.0000000000e+00	0.0000000000e+00	0.0000000000e+00	0.0000000000e+00	0.0000000000e+00	0.0000000000e+00	0.0000000000e+00	0.0000000000e+00	0.0000000000e+00	0.0000000000e+00	0.0000000000e+00	0.0000000000e+00	0.0000000000e+00
1.0537828136e+05	3.1336595858e-14	0.0000000000e+00	0.0000000000e+00	0.0000000000e+00	0.0000000000e+00	0.0000000000e+00	0.0000000000e+00	0.0000000000e+00	0.0000000000e+00	0.0000000000e+00	0.0000000000e+00	0.0000000000e+00	0.0000000000e+00	0.0000000000e+00	0.0000000000e+00	0.0000000000e+00	0.0000000000e+00	0.0000000000e+00	0.0000000000e+00	0.0000000000e+00	0.0000000000e+00	0.0000000000e+00	0.0000000000e+00	0.0000000000e+00	0.0000000000e+00
1.0537842924e+05	3.1259518838e-14	0.0000000000e+00	0.0000000000e+00	0.0000000000e+00	0.0000000000e+00	0.0000000000e+00	0.0000000000e+00	0.0000000000e+00	0.0000000000e+00	0.0000000000e+00	0.0000000000e+00	0.0000000000e+00	0.0000000000e+00	0.0000000000e+00	0.0000000000e+00	0.0000000000e+00	0.0000000000e+00	0.0000000000e+00	0.0000000000e+00	0.0000000000e+00	0.0000000000e+00	0.0000000000e+00	0.0000000000e+00	0.0000000000e+00	0.0000000000e+00
1.0537857884e+05	3.1186243716e-14	0.0000000000e+00	0.0000000000e+00	0.0000000000e+00	0.0000000000e+00	0.0000000000e+00	0.0000000000e+00	0.0000000000e+00	0.0000000000e+00	0.0000000000e+00	0.0000000000e+00	0.0000000000e+00	0.0000000000e+00	0.0000000000e+00	0.0000000000e+00	0.0000000000e+00	0.0000000000e+00	0.0000000000e+00	0.0000000000e+00	0.0000000000e+00	0.0000000000e+00	0.0000000000e+00	0.0000000000e+00	0.0000000000e+00	0.0000000000e+00
1.0537873017e+05	3.1944261013e-14	0.0000000000e+00	0.0000000000e+00	0.0000000000e+00	0.0000000000e+00	0.0000000000e+00	0.0000000000e+00	0.0000000000e+00	0.0000000000e+00	0.0000000000e+00	0.0000000000e+00	0.0000000000e+00	0.0000000000e+00	0.0000000000e+00	0.0000000000e+00	0.0000000000e+00	0.0000000000e+00	0.0000000000e+00	0.0000000000e+00	0.0000000000e+00	0.0000000000e+00	0.0000000000e+00	0.0000000000e+00	0.0000000000e+00	0.0000000000e+00
1.0537888325e+05	3.1839777631e-14	0.0000000000e+00	0.0000000000e+00	0.0000000000e+00	0.0000000000e+00	0.0000000000e+00	0.0000000000e+00	0.0000000000e+00	0.0000000000e+00	0.0000000000e+00	0.0000000000e+00	0.0000000000e+00	0.0000000000e+00	0.0000000000e+00	0.0000000000e+00	0.0000000000e+00	0.0000000000e+00	0.0000000000e+00	0.0000000000e+00	0.0000000000e+00	0.0000000000e+00	0.0000000000e+00	0.0000000000e+00	0.0000000000e+00	0.0000000000e+00
1.0537903811e+05	3.1737356967e-14	0.0000000000e+00	0.0000000000e+00	0.0000000000e+00	0.0000000000e+00	0.0000000000e+00	0.0000000000e+00	0.0000000000e+00	0.0000000000e+00	0.0000000000e+00	0.0000000000e+00	0.0000000000e+00	0.0000000000e+00	0.0000000000e+00	0.0000000000e+00	0.0000000000e+00	0.0000000000e+00	0.0000000000e+00	0.0000000000e+00	0.0000000000e+00	0.0000000000e+00	0.0000000000e+00	0.0000000000e+00	0.0000000000e+00	0.0000000000e+00
1.0537919476e+05	3.1637416854e-14	0.0000000000e+00	0.0000000000e+00	0.0000000000e+00	0.0000000000e+00	0.0000000000e+00	0.0000000000e+00	0.0000000000e+00	0.0000000000e+00	0.0000000000e+00	0.0000000000e+00	0.0000000000e+00	0.0000000000e+00	0.0000000000e+00	0.0000000000e+00	0.0000000000e+00	0.0000000000e+00	0.0000000000e+00	0.0000000000e+00	0.0000000000e+00	0.0000000000e+00	0.0000000000e+00	0.0000000000e+00	0.0000000000e+00	0.0000000000e+00
1.0537935322e+05	3.1540332827e-14	0.0000000000e+00	0.0000000000e+00	0.0000000000e+00	0.0000000000e+00	0.0000000000e+00	0.0000000000e+00	0.0000000000e+00	0.0000000000e+00	0.0000000000e+00	0.0000000000e+00	0.0000000000e+00	0.0000000000e+00	0.0000000000e+00	0.0000000000e+00	0.0000000000e+00	0.0000000000e+00	0.0000000000e+00	0.0000000000e+00	0.0000000000e+00	0.0000000000e+00	0.0000000000e+00	0.0000000000e+00	0.0000000000e+00	0.0000000000e+00
1.0537951352e+05	3.1446437203e-14	0.0000000000e+00	0.0000000000e+00	0.0000000000e+00	0.0000000000e+00	0.0000000000e+00	0.0000000000e+00	0.0000000000e+00	0.0000000000e+00	0.0000000000e+00	0.0000000000e+00	0.0000000000e+00	0.0000000000e+00	0.0000000000e+00	0.0000000000e+00	0.0000000000e+00	0.0000000000e+00	0.0000000000e+00	0.0000000000e+00	0.0000000000e+00	0.0000000000e+00	0.0000000000e+00	0.0000000000e+00	0.0000000000e+00	0.0000000000e+00
1.0537967567e+05	3.1356014157e-14	0.0000000000e+00	0.0000000000e+00	0.0000000000e+00	0.0000000000e+00	0.0000000000e+00	0.0000000000e+00	0.0000000000e+00	0.0000000000e+00	0.0000000000e+00	0.0000000000e+00	0.0000000000e+00	0.0000000000e+00	0.0000000000e+00	0.0000000000e+00	0.0000000000e+00	0.0000000000e+00	0.0000000000e+00	0.0000000000e+00	0.0000000000e+00	0.0000000000e+00	0.0000000000e+00	0.0000000000e+00	0.0000000000e+00	0.0000000000e+00
1.0537983970e+05	3.1269302391e-14	0.0000000000e+00	0.0000000000e+00	0.0000000000e+00	0.0000000000e+00	0.0000000000e+00	0.0000000000e+00	0.0000000000e+00	0.0000000000e+00	0.0000000000e+00	0.0000000000e+00	0.0000000000e+00	0.0000000000e+00	0.0000000000e+00	0.0000000000e+00	0.0000000000e+00	0.0000000000e+00	0.0000000000e+00	0.0000000000e+00	0.0000000000e+00	0.0000000000e+00	0.0000000000e+00	0.0000000000e+00	0.0000000000e+00	0.0000000000e+00
1.0538000563e+05	3.1186491950e-14	0.0000000000e+00	0.0000000000e+00	0.0000000000e+00	0.0000000000e+00	0.0000000000e+00	0.0000000000e+00	0.0000000000e+00	0.0000000000e+00	0.0000000000e+00	0.0000000000e+00	0.0000000000e+00	0.0000000000e+00	0.0000000000e+00	0.0000000000e+00	0.0000000000e+00	0.0000000000e+00	0.0000000000e+00	0.0000000000e+00	0.0000000000e+00	0.0000000000e+00	0.0000000000e+00	0.0000000000e+00	0.0000000000e+00	0.0000000000e+00
1.0538017348e+05	3.1999701869e-14	0.0000000000e+00	0.0000000000e+00	0.0000000000e+00	0.0000000000e+00	0.0000000000e+00	0.0000000000e+00	0.0000000000e+00	0.0000000000e+00	0.0000000000e+00	0.0000000000e+00	0.0000000000e+00	0.0000000000e+00	0.0000000000e+00	0.0000000000e+00	0.0000000000e+00	0.0000000000e+00	0.0000000000e+00	0.0000000000e+00	0.0000000000e+00	0.0000000000e+00	0.0000000000e+00	0.0000000000e+00	0.0000000000e+00	0.0000000000e+00
1.0538034328e+05	3.1892982697e-14	0.0000000000e+00	0.0000000000e+00	0.0000000000e+00	0.0000000000e+00	0.0000000000e+00	0.0000000000e+00	0.0000000000e+00	0.0000000000e+00	0.0000000000e+00	0.0000000000e+00	0.0000000000e+00	0.0000000000e+00	0.0000000000e+00	0.0000000000e+00	0.0000000000e+00	0.0000000000e+00	0.0000000000e+00	0.0000000000e+00	0.0000000000e+00	0.0000000000e+00	0.0000000000e+00	0.0000000000e+00	0.0000000000e+00	0.0000000000e+00
1.0538051504e+05	3.1788011234e-14	0.0000000000e+00	0.0000000000e+00	0.0000000000e+00	0.0000000000e+00	0.0000000000e+00	0.0000000000e+00	0.0000000000e+00	0.0000000000e+00	0.0000000000e+00	0.0000000000e+00	0.0000000000e+00	0.0000000000e+00	0.0000000000e+00	0.0000000000e+00	0.0000000000e+00	0.0000000000e+00	0.0000000000e+00	0.0000000000e+00	0.0000000000e+00	0.0000000000e+00	0.0000000000e+00	0.0000000000e+00	0.0000000000e+00	0.0000000000e+00
1.0538068879e+05	3.1685253210e-14	0.0000000000e+00	0.0000000000e+00	0.0000000000e+00	0.0000000000e+00	0.0000000000e+00	0.0000000000e+00	0.0000000000e+00	0.0000000000e+00	0.0000000000e+00	0.0000000000e+00	0.0000000000e+00	0.0000000000e+00	0.0000000000e+00	0.0000000000e+00	0.0000000000e+00	0.0000000000e+00	0.0000000000e+00	0.0000000000e+00	0.0000000000e+00	0.0000000000e+00	0.0000000000e+00	0.0000000000e+00	0.0000000000e+00	0.0000000000e+00
1.0538086455e+05	3.1585131441e-14	0.0000000000e+00	0.0000000000e+00	0.0000000000e+00	0.0000000000e+00	0.0000000000e+00	0.0000000000e+00	0.0000000000e+00	0.0000000000e+00	0.0000000000e+00	0.0000000000e+00	0.0000000000e+00	0.0000000000e+00	0.0000000000e+00	0.0000000000e+00	0.0000000000e+00	0.0000000000e+00	0.0000000000e+00	0.0000000000e+00	0.0000000000e+00	0.0000000000e+00	0.0000000000e+00	0.0000000000e+00	0.0000000000e+00	0.0000000000e+00
1.0538104235e+05	3.1488021234e-14	0.0000000000e+00	0.0000000000e+00	0.0000000000e+00	0.0000000000e+00	0.0000000000e+00	0.0000000000e+00	0.0000000000e+00	0.0000000000e+00	0.0000000000e+00	0.0000000000e+00	0.0000000000e+00	0.0000000000e+00	0.0000000000e+00	0.0000000000e+00	0.0000000000e+00	0.0000000000e+00	0.0000000000e+00	0.0000000000e+00	0.0000000000e+00	0.0000000000e+00	0.0000000000e+00	0.0000000000e+00	0.0000000000e+00	0.0000000000e+00
1.0538122220e+05	3.1394258694e-14	0.0000000000e+00	0.0000000000e+00	0.0000000000e+00	0.0000000000e+00	0.0000000000e+00	0.0000000000e+00	0.0000000000e+00	0.0000000000e+00	0.0000000000e+00	0.0000000000e+00	0.0000000000e+00	0.0000000000e+00	0.0000000000e+00	0.0000000000e+00	0.0000000000e+00	0.0000000000e+00	0.0000000000e+00	0.0000000000e+00	0.0000000000e+00	0.0000000000e+00	0.0000000000e+00	0.0000000000e+00	0.0000000000e+00	0.0000000000e+00
1.0538140414e+05	3.1304074769e-14	0.0000000000e+00	0.0000000000e+00	0.0000000000e+00	0.0000000000e+00	0.0000000000e+00	0.0000000000e+00	0.0000000000e+00	0.0000000000e+00	0.0000000000e+00	0.0000000000e+00	0.0000000000e+00	0.0000000000e+00	0.0000000000e+00	0.0000000000e+00	0.0000000000e+00	0.0000000000e+00	0.0000000000e+00	0.0000000000e+00	0.0000000000e+00	0.0000000000e+00	0.0000000000e+00	0.0000000000e+00	0.0000000000e+00	0.0000000000e+00
1.0538158819e+05	3.1217728600e-14	0.0000000000e+00	0.0000000000e+00	0.0000000000e+00	0.0000000000e+00	0.0000000000e+00	0.0000000000e+00	0.0000000000e+00	0.0000000000e+00	0.0000000000e+00	0.0000000000e+00	0.0000000000e+00	0.0000000000e+00	0.0000000000e+00	0.0000000000e+00	0.0000000000e+00	0.0000000000e+00	0.0000000000e+00	0.0000000000e+00	0.0000000000e+00	0.0000000000e+00	0.0000000000e+00	0.0000000000e+00	0.0000000000e+00	0.0000000000e+00
1.0538177436e+05	3.1135367429e-14	0.0000000000e+00	0.0000000000e+00	0.0000000000e+00	0.0000000000e+00	0.0000000000e+00	0.0000000000e+00	0.0000000000e+00	0.0000000000e+00	0.0000000000e+00	0.0000000000e+00	0.0000000000e+00	0.0000000000e+00	0.0000000000e+00	0.0000000000e+00	0.0000000000e+00	0.0000000000e+00	0.0000000000e+00	0.0000000000e+00	0.0000000000e+00	0.0000000000e+00	0.0000000000e+00	0.0000000000e+00	0.0000000000e+00	0.0000000000e+00
1.0538196270e+05	3.1057101799e-14	0.0000000000e+00	0.0000000000e+00	0.0000000000e+00	0.0000000000e+00	0.0000000000e+00	0.0000000000e+00	0.0000000000e+00	0.0000000000e+00	0.0000000000e+00	0.0000000000e+00	0.0000000000e+00	0.0000000000e+00	0.0000000000e+00	0.0000000000e+00	0.0000000000e+00	0.0000000000e+00	0.0000000000e+00	0.0000000000e+00	0.0000000000e+00	0.0000000000e+00	0.0000000000e+00	0.0000000000e+00	0.0000000000e+00	0.0000000000e+00
1.0538215321e+05	3.0982992019e-14	0.0000000000e+00	0.0000000000e+00	0.0000000000e+00	0.0000000000e+00	0.0000000000e+00	0.0000000000e+00	0.0000000000e+00	0.0000000000e+00	0.0000000000e+00	0.0000000000e+00	0.0000000000e+00	0.0000000000e+00	0.0000000000e+00	0.0000000000e+00	0.0000000000e+00	0.0000000000e+00	0.0000000000e+00	0.0000000000e+00	0.0000000000e+00	0.0000000000e+00	0.0000000000e+00	0.0000000000e+00	0.0000000000e+00	0.0000000000e+00
1.0538234593e+05	3.0913051654e-14	0.0000000000e+00	0.0000000000e+00	0.0000000000e+00	0.0000000000e+00	0.0000000000e+00	0.0000000000e+00	0.0000000000e+00	0.0000000000e+00	0.0000000000e+00	0.0000000000e+00	0.0000000000e+00	0.0000000000e+00	0.0000000000e+00	0.0000000000e+00	0.0000000000e+00	0.0000000000e+00	0.0000000000e+00	0.0000000000e+00	0.0000000000e+00	0.0000000000e+00	0.0000000000e+00	0.0000000000e+00	0.0000000000e+00	0.0000000000e+00
1.0538254088e+05	3.0847251618e-14	0.0000000000e+00	0.0000000000e+00	0.0000000000e+00	0.0000000000e+00	0.0000000000e+00	0.0000000000e+00	0.0000000000e+00	0.0000000000e+00	0.0000000000e+00	0.0000000000e+00	0.0000000000e+00	0.0000000000e+00	0.0000000000e+00	0.0000000000e+00	0.0000000000e+00	0.0000000000e+00	0.0000000000e+00	0.0000000000e+00	0.0000000000e+00	0.0000000000e+00	0.0000000000e+00	0.0000000000e+00	0.0000000000e+00	0.0000000000e+00
1.0538273809e+05	3.0785524862e-14	0.0000000000e+00	0.0000000000e+00	0.0000000000e+00	0.0000000000e+00	0.0000000000e+00	0.0000000000e+00	0.0000000000e+00	0.0000000000e+00	0.0000000000e+00	0.0000000000e+00	0.0000000000e+00	0.0000000000e+00	0.0000000000e+00	0.0000000000e+00	0.0000000000e+00	0.0000000000e+00	0.0000000000e+00	0.0000000000e+00	0.0000000000e+00	0.0000000000e+00	0.0000000000e+00	0.0000000000e+00	0.0000000000e+00	0.0000000000e+00
1.0538293758e+05	3.0727771504e-14	0.0000000000e+00	0.0000000000e+00	0.0000000000e+00	0.0000000000e+00	0.0000000000e+00	0.0000000000e+00	0.0000000000e+00	0.0000000000e+00	0.0000000000e+00	0.0000000000e+00	0.0000000000e+00	0.0000000000e+00	0.0000000000e+00	0.0000000000e+00	0.0000000000e+00	0.0000000000e+00	0.0000000000e+00	0.0000000000e+00	0.0000000000e+00	0.0000000000e+00	0.0000000000e+00	0.0000000000e+00	0.0000000000e+00	0.0000000000e+00
1.0538313938e+05	3.0673864264e-14	0.0000000000e+00	0.0000000000e+00	0.0000000000e+00	0.0000000000e+00	0.0000000000e+00	0.0000000000e+00	0.0000000000e+00	0.0000000000e+00	0.0000000000e+00	0.0000000000e+00	0.0000000000e+00	0.0000000000e+00	0.0000000000e+00	0.0000000000e+00	0.0000000000e+00	0.0000000000e+00	0.0000000000e+00	0.0000000000e+00	0.0000000000e+00	0.0000000000e+00	0.0000000000e+00	0.0000000000e+00	0.0000000000e+00	0.0000000000e+00
1.0538334352e+05	3.1271711638e-14	0.0000000000e+00	0.0000000000e+00	0.0000000000e+00	0.0000000000e+00	0.0000000000e+00	0.0000000000e+00	0.0000000000e+00	0.0000000000e+00	0.0000000000e+00	0.0000000000e+00	0.0000000000e+00	0.0000000000e+00	0.0000000000e+00	0.0000000000e+00	0.0000000000e+00	0.0000000000e+00	0.0000000000e+00	0.0000000000e+00	0.0000000000e+00	0.0000000000e+00	0.0000000000e+00	0.0000000000e+00	0.0000000000e+00	0.0000000000e+00
1.0538355002e+05	3.1189030288e-14	0.0000000000e+00	0.0000000000e+00	0.0000000000e+00	0.0000000000e+00	0.0000000000e+00	0.0000000000e+00	0.0000000000e+00	0.0000000000e+00	0.0000000000e+00	0.0000000000e+00	0.0000000000e+00	0.0000000000e+00	0.0000000000e+00	0.0000000000e+00	0.0000000000e+00	0.0000000000e+00	0.0000000000e+00	0.0000000000e+00	0.0000000000e+00	0.0000000000e+00	0.0000000000e+00	0.0000000000e+00	0.0000000000e+00	0.0000000000e+00
1.0538375892e+05	3.1110086862e-14	0.0000000000e+00	0.0000000000e+00	0.0000000000e+00	0.0000000000e+00	0.0000000000e+00	0.0000000000e+00	0.0000000000e+00	0.0000000000e+00	0.0000000000e+00	0.0000000000e+00	0.0000000000e+00	0.0000000000e+00	0.0000000000e+00	0.0000000000e+00	0.0000000000e+00	0.0000000000e+00	0.0000000000e+00	0.0000000000e+00	0.0000000000e+00	0.0000000000e+00	0.0000000000e+00	0.0000000000e+00	0.0000000000e+00	0.0000000000e+00
1.0538397023e+05	3.1034905197e-14	0.0000000000e+00	0.0000000000e+00	0.0000000000e+00	0.0000000000e+00	0.0000000000e+00	0.0000000000e+00	0.0000000000e+00	0.0000000000e+00	0.0000000000e+00	0.0000000000e+00	0.0000000000e+00	0.0000000000e+00	0.0000000000e+00	0.0000000000e+00	0.0000000000e+00	0.0000000000e+00	0.0000000000e+00	0.0000000000e+00	0.0000000000e+00	0.0000000000e+00	0.0000000000e+00	0.0000000000e+00	0.0000000000e+00	0.0000000000e+00
1.0538418399e+05	3.0963482180e-14	0.0000000000e+00	0.0000000000e+00	0.0000000000e+00	0.0000000000e+00	0.0000000000e+00	0.0000000000e+00	0.0000000000e+00	0.0000000000e+00	0.0000000000e+00	0.0000000000e+00	0.0000000000e+00	0.0000000000e+00	0.0000000000e+00	0.0000000000e+00	0.0000000000e+00	0.0000000000e+00	0.0000000000e+00	0.0000000000e+00	0.0000000000e+00	0.0000000000e+00	0.0000000000e+00	0.0000000000e+00	0.0000000000e+00	0.0000000000e+00
1.0538440022e+05	3.0895668830e-14	0.0000000000e+00	0.0000000000e+00	0.0000000000e+00	0.0000000000e+00	0.0000000000e+00	0.0000000000e+00	0.0000000000e+00	0.0000000000e+00	0.0000000000e+00	0.0000000000e+00	0.0000000000e+00	0.0000000000e+00	0.0000000000e+00	0.0000000000e+00	0.0000000000e+00	0.0000000000e+00	0.0000000000e+00	0.0000000000e+00	0.0000000000e+00	0.0000000000e+00	0.0000000000e+00	0.0000000000e+00	0.0000000000e+00	0.0000000000e+00
1.0538461896e+05	3.0831433540e-14	0.0000000000e+00	0.0000000000e+00	0.0000000000e+00	0.0000000000e+00	0.0000000000e+00	0.0000000000e+00	0.0000000000e+00	0.0000000000e+00	0.0000000000e+00	0.0000000000e+00	0.0000000000e+00	0.0000000000e+00	0.0000000000e+00	0.0000000000e+00	0.0000000000e+00	0.0000000000e+00	0.0000000000e+00	0.0000000000e+00	0.0000000000e+00	0.0000000000e+00	0.0000000000e+00	0.0000000000e+00	0.0000000000e+00	0.0000000000e+00
1.0538484023e+05	3.0770601974e-14	0.0000000000e+00	0.0000000000e+00	0.0000000000e+00	0.0000000000e+00	0.0000000000e+00	0.0000000000e+00	0.0000000000e+00	0.0000000000e+00	0.0000000000e+00	0.0000000000e+00	0.0000000000e+00	0.0000000000e+00	0.0000000000e+00	0.0000000000e+00	0.0000000000e+00	0.0000000000e+00	0.0000000000e+00	0.0000000000e+00	0.0000000000e+00	0.0000000000e+00	0.0000000000e+00	0.0000000000e+00	0.0000000000e+00	0.0000000000e+00
1.0538506407e+05	3.1414299900e-14	0.0000000000e+00	0.0000000000e+00	0.0000000000e+00	0.0000000000e+00	0.0000000000e+00	0.0000000000e+00	0.0000000000e+00	0.0000000000e+00	0.0000000000e+00	0.0000000000e+00	0.0000000000e+00	0.0000000000e+00	0.0000000000e+00	0.0000000000e+00	0.0000000000e+00	0.0000000000e+00	0.0000000000e+00	0.0000000000e+00	0.0000000000e+00	0.0000000000e+00	0.0000000000e+00	0.0000000000e+00	0.0000000000e+00	0.0000000000e+00
1.0538529049e+05	3.1327968492e-14	0.0000000000e+00	0.0000000000e+00	0.0000000000e+00	0.0000000000e+00	0.0000000000e+00	0.0000000000e+00	0.0000000000e+00	0.0000000000e+00	0.0000000000e+00	0.0000000000e+00	0.0000000000e+00	0.0000000000e+00	0.0000000000e+00	0.0000000000e+00	0.0000000000e+00	0.0000000000e+00	0.0000000000e+00	0.0000000000e+00	0.0000000000e+00	0.0000000000e+00	0.0000000000e+00	0.0000000000e+00	0.0000000000e+00	0.0000000000e+00
1.0538551954e+05	3.1244669358e-14	0.0000000000e+00	0.0000000000e+00	0.0000000000e+00	0.0000000000e+00	0.0000000000e+00	0.0000000000e+00	0.0000000000e+00	0.0000000000e+00	0.0000000000e+00	0.0000000000e+00	0.0000000000e+00	0.0000000000e+00	0.0000000000e+00	0.0000000000e+00	0.0000000000e+00	0.0000000000e+00	0.0000000000e+00	0.0000000000e+00	0.0000000000e+00	0.0000000000e+00	0.0000000000e+00	0.0000000000e+00	0.0000000000e+00	0.0000000000e+00
1.0538575124e+05	3.1164436704e-14	0.0000000000e+00	0.0000000000e+00	0.0000000000e+00	0.0000000000e+00	0.0000000000e+00	0.0000000000e+00	0.0000000000e+00	0.0000000000e+00	0.0000000000e+00	0.0000000000e+00	0.0000000000e+00	0.0000000000e+00	0.0000000000e+00	0.0000000000e+00	0.0000000000e+00	0.0000000000e+00	0.0000000000e+00	0.0000000000e+00	0.0000000000e+00	0.0000000000e+00	0.0000000000e+00	0.0000000000e+00	0.0000000000e+00	0.0000000000e+00
1.0538598562e+05	3.1087233719e-14	0.0000000000e+00	0.0000000000e+00	0.0000000000e+00	0.0000000000e+00	0.0000000000e+00	0.0000000000e+00	0.0000000000e+00	0.0000000000e+00	0.0000000000e+00	0.0000000000e+00	0.0000000000e+00	0.0000000000e+00	0.0000000000e+00	0.0000000000e+00	0.0000000000e+00	0.0000000000e+00	0.0000000000e+00	0.0000000000e+00	0.0000000000e+00	0.0000000000e+00	0.0000000000e+00	0.0000000000e+00	0.0000000000e+00	0.0000000000e+00
1.0538622272e+05	3.1012987376e-14	0.0000000000e+00	0.0000000000e+00	0.0000000000e+00	0.0000000000e+00	0.0000000000e+00	0.0000000000e+00	0.0000000000e+00	0.0000000000e+00	0.0000000000e+00	0.0000000000e+00	0.0000000000e+00	0.0000000000e+00	0.0000000000e+00	0.0000000000e+00	0.0000000000e+00	0.0000000000e+00	0.0000000000e+00	0.0000000000e+00	0.0000000000e+00	0.0000000000e+00	0.0000000000e+00	0.0000000000e+00	0.0000000000e+00	0.0000000000e+00
1.0538646256e+05	3.0941555266e-14	0.0000000000e+00	0.0000000000e+00	0.0000000000e+00	0.0000000000e+00	0.0000000000e+00	0.0000000000e+00	0.0000000000e+00	0.0000000000e+00	0.0000000000e+00	0.0000000000e+00	0.0000000000e+00	0.0000000000e+00	0.0000000000e+00	0.0000000000e+00	0.0000000000e+00	0.0000000000e+00	0.0000000000e+00	0.0000000000e+00	0.0000000000e+00	0.0000000000e+00	0.0000000000e+00	0.0000000000e+00	0.0000000000e+00	0.0000000000e+00
1.0538670518e+05	3.1622092463e-14	0.0000000000e+00	0.0000000000e+00	0.0000000000e+00	0.0000000000e+00	0.0000000000e+00	0.0000000000e+00	0.0000000000e+00	0.0000000000e+00	0.0000000000e+00	0.0000000000e+00	0.0000000000e+00	0.0000000000e+00	0.0000000000e+00	0.0000000000e+00	0.0000000000e+00	0.0000000000e+00	0.0000000000e+00	0.0000000000e+00	0.0000000000e+00	0.0000000000e+00	0.0000000000e+00	0.0000000000e+00	0.0000000000e+00	0.0000000000e+00
1.0538695061e+05	3.1528240901e-14	0.0000000000e+00	0.0000000000e+00	0.0000000000e+00	0.0000000000e+00	0.0000000000e+00	0.0000000000e+00	0.0000000000e+00	0.0000000000e+00	0.0000000000e+00	0.0000000000e+00	0.0000000000e+00	0.0000000000e+00	0.0000000000e+00	0.0000000000e+00	0.0000000000e+00	0.0000000000e+00	0.0000000000e+00	0.0000000000e+00	0.0000000000e+00	0.0000000000e+00	0.0000000000e+00	0.0000000000e+00	0.0000000000e+00	0.0000000000e+00
1.0538719888e+05	3.1436578676e-14	0.0000000000e+00	0.0000000000e+00	0.0000000000e+00	0.0000000000e+00	0.0000000000e+00	0.0000000000e+00	0.0000000000e+00	0.0000000000e+00	0.0000000000e+00	0.0000000000e+00	0.0000000000e+00	0.0000000000e+00	0.0000000000e+00	0.0000000000e+00	0.0000000000e+00	0.0000000000e+00	0.0000000000e+00	0.0000000000e+00	0.0000000000e+00	0.0000000000e+00	0.0000000000e+00	0.0000000000e+00	0.0000000000e+00	0.0000000000e+00
1.0538745002e+05	3.1347178537e-14	0.0000000000e+00	0.0000000000e+00	0.0000000000e+00	0.0000000000e+00	0.0000000000e+00	0.0000000000e+00	0.0000000000e+00	0.0000000000e+00	0.0000000000e+00	0.0000000000e+00	0.0000000000e+00	0.0000000000e+00	0.0000000000e+00	0.0000000000e+00	0.0000000000e+00	0.0000000000e+00	0.0000000000e+00	0.0000000000e+00	0.0000000000e+00	0.0000000000e+00	0.0000000000e+00	0.0000000000e+00	0.0000000000e+00	0.0000000000e+00
1.0538770408e+05	3.1260088131e-14	0.0000000000e+00	0.0000000000e+00	0.0000000000e+00	0.0000000000e+00	0.0000000000e+00	0.0000000000e+00	0.0000000000e+00	0.0000000000e+00	0.0000000000e+00	0.0000000000e+00	0.0000000000e+00	0.0000000000e+00	0.0000000000e+00	0.0000000000e+00	0.0000000000e+00	0.0000000000e+00	0.0000000000e+00	0.0000000000e+00	0.0000000000e+00	0.0000000000e+00	0.0000000000e+00	0.0000000000e+00	0.0000000000e+00	0.0000000000e+00
1.0538796107e+05	3.1175254815e-14	0.0000000000e+00	0.0000000000e+00	0.0000000000e+00	0.0000000000e+00	0.0000000000e+00	0.0000000000e+00	0.0000000000e+00	0.0000000000e+00	0.0000000000e+00	0.0000000000e+00	0.0000000000e+00	0.0000000000e+00	0.0000000000e+00	0.0000000000e+00	0.0000000000e+00	0.0000000000e+00	0.0000000000e+00	0.0000000000e+00	0.0000000000e+00	0.0000000000e+00	0.0000000000e+00	0.0000000000e+00	0.0000000000e+00	0.0000000000e+00
1.0538822104e+05	3.1092601070e-14	0.0000000000e+00	0.0000000000e+00	0.0000000000e+00	0.0000000000e+00	0.0000000000e+00	0.0000000000e+00	0.0000000000e+00	0.0000000000e+00	0.0000000000e+00	0.0000000000e+00	0.0000000000e+00	0.0000000000e+00	0.0000000000e+00	0.0000000000e+00	0.0000000000e+00	0.0000000000e+00	0.0000000000e+00	0.0000000000e+00	0.0000000000e+00	0.0000000000e+00	0.0000000000e+00	0.0000000000e+00	0.0000000000e+00	0.0000000000e+00
1.0538848403e+05	3.1011995159e-14	0.0000000000e+00	0.0000000000e+00	0.0000000000e+00	0.0000000000e+00	0.0000000000e+00	0.0000000000e+00	0.0000000000e+00	0.0000000000e+00	0.0000000000e+00	0.0000000000e+00	0.0000000000e+00	0.0000000000e+00	0.0000000000e+00	0.0000000000e+00	0.0000000000e+00	0.0000000000e+00	0.0000000000e+00	0.0000000000e+00	0.0000000000e+00	0.0000000000e+00	0.0000000000e+00	0.0000000000e+00	0.0000000000e+00	0.0000000000e+00
1.0538875005e+05	3.1676708353e-14	0.0000000000e+00	0.0000000000e+00	0.0000000000e+00	0.0000000000e+00	0.0000000000e+00	0.0000000000e+00	0.0000000000e+00	0.0000000000e+00	0.0000000000e+00	0.0000000000e+00	0.0000000000e+00	0.0000000000e+00	0.0000000000e+00	0.0000000000e+00	0.0000000000e+00	0.0000000000e+00	0.0000000000e+00	0.0000000000e+00	0.0000000000e+00	0.0000000000e+00	0.0000000000e+00	0.0000000000e+00	0.0000000000e+00	0.0000000000e+00
1.0538901916e+05	3.1575402356e-14	0.0000000000e+00	0.0000000000e+00	0.0000000000e+00	0.0000000000e+00	0.0000000000e+00	0.0000000000e+00	0.0000000000e+00	0.0000000000e+00	0.0000000000e+00	0.0000000000e+00	0.0000000000e+00	0.0000000000e+00	0.0000000000e+00	0.0000000000e+00	0.0000000000e+00	0.0000000000e+00	0.0000000000e+00	0.0000000000e+00	0.0000000000e+00	0.0000000000e+00	0.0000000000e+00	0.0000000000e+00	0.0000000000e+00	0.0000000000e+00
1.0538929138e+05	3.1476601677e-14	0.0000000000e+00	0.0000000000e+00	0.0000000000e+00	0.0000000000e+00	0.0000000000e+00	0.0000000000e+00	0.0000000000e+00	0.0000000000e+00	0.0000000000e+00	0.0000000000e+00	0.0000000000e+00	0.0000000000e+00	0.0000000000e+00	0.0000000000e+00	0.0000000000e+00	0.0000000000e+00	0.0000000000e+00	0.0000000000e+00	0.0000000000e+00	0.0000000000e+00	0.0000000000e+00	0.0000000000e+00	0.0000000000e+00	0.0000000000e+00
1.0538956676e+05	3.1379080690e-14	0.0000000000e+00	0.0000000000e+00	0.0000000000e+00	0.0000000000e+00	0.0000000000e+00	0.0000000000e+00	0.0000000000e+00	0.0000000000e+00	0.0000000000e+00	0.0000000000e+00	0.0000000000e+00	0.0000000000e+00	0.0000000000e+00	0.0000000000e+00	0.0000000000e+00	0.0000000000e+00	0.0000000000e+00	0.0000000000e+00	0.0000000000e+00	0.0000000000e+00	0.0000000000e+00	0.0000000000e+00	0.0000000000e+00	0.0000000000e+00
1.0538984532e+05	3.1283313427e-14	0.0000000000e+00	0.0000000000e+00	0.0000000000e+00	0.0000000000e+00	0.0000000000e+00	0.0000000000e+00	0.0000000000e+00	0.0000000000e+00	0.0000000000e+00	0.0000000000e+00	0.0000000000e+00	0.0000000000e+00	0.0000000000e+00	0.0000000000e+00	0.0000000000e+00	0.0000000000e+00	0.0000000000e+00	0.0000000000e+00	0.0000000000e+00	0.0000000000e+00	0.0000000000e+00	0.0000000000e+00	0.0000000000e+00	0.0000000000e+00
1.0539012711e+05	3.1189282099e-14	0.0000000000e+00	0.0000000000e+00	0.0000000000e+00	0.0000000000e+00	0.0000000000e+00	0.0000000000e+00	0.0000000000e+00	0.0000000000e+00	0.0000000000e+00	0.0000000000e+00	0.0000000000e+00	0.0000000000e+00	0.0000000000e+00	0.0000000000e+00	0.0000000000e+00	0.0000000000e+00	0.0000000000e+00	0.0000000000e+00	0.0000000000e+00	0.0000000000e+00	0.0000000000e+00	0.0000000000e+00	0.0000000000e+00	0.0000000000e+00
1.0539041216e+05	3.1096918962e-14	0.0000000000e+00	0.0000000000e+00	0.0000000000e+00	0.0000000000e+00	0.0000000000e+00	0.0000000000e+00	0.0000000000e+00	0.0000000000e+00	0.0000000000e+00	0.0000000000e+00	0.0000000000e+00	0.0000000000e+00	0.0000000000e+00	0.0000000000e+00	0.0000000000e+00	0.0000000000e+00	0.0000000000e+00	0.0000000000e+00	0.0000000000e+00	0.0000000000e+00	0.0000000000e+00	0.0000000000e+00	0.0000000000e+00	0.0000000000e+00
1.0539070052e+05	3.1006114544e-14	0.0000000000e+00	0.0000000000e+00	0.0000000000e+00	0.0000000000e+00	0.0000000000e+00	0.0000000000e+00	0.0000000000e+00	0.0000000000e+00	0.0000000000e+00	0.0000000000e+00	0.0000000000e+00	0.0000000000e+00	0.0000000000e+00	0.0000000000e+00	0.0000000000e+00	0.0000000000e+00	0.0000000000e+00	0.0000000000e+00	0.0000000000e+00	0.0000000000e+00	0.0000000000e+00	0.0000000000e+00	0.0000000000e+00	0.0000000000e+00
1.0539099221e+05	3.0916799458e-14	0.0000000000e+00	0.0000000000e+00	0.0000000000e+00	0.0000000000e+00	0.0000000000e+00	0.0000000000e+00	0.0000000000e+00	0.0000000000e+00	0.0000000000e+00	0.0000000000e+00	0.0000000000e+00	0.0000000000e+00	0.0000000000e+00	0.0000000000e+00	0.0000000000e+00	0.0000000000e+00	0.0000000000e+00	0.0000000000e+00	0.0000000000e+00	0.0000000000e+00	0.0000000000e+00	0.0000000000e+00	0.0000000000e+00	0.0000000000e+00
1.0539128728e+05	3.0828635159e-14	0.0000000000e+00	0.0000000000e+00	0.0000000000e+00	0.0000000000e+00	0.0000000000e+00	0.0000000000e+00	0.0000000000e+00	0.0000000000e+00	0.0000000000e+00	0.0000000000e+00	0.0000000000e+00	0.0000000000e+00	0.0000000000e+00	0.0000000000e+00	0.0000000000e+00	0.0000000000e+00	0.0000000000e+00	0.0000000000e+00	0.0000000000e+00	0.0000000000e+00	0.0000000000e+00	0.0000000000e+00	0.0000000000e+00	0.0000000000e+00
1.0539158577e+05	3.0741619826e-14	0.0000000000e+00	0.0000000000e+00	0.0000000000e+00	0.0000000000e+00	0.0000000000e+00	0.0000000000e+00	0.0000000000e+00	0.0000000000e+00	0.0000000000e+00	0.0000000000e+00	0.0000000000e+00	0.0000000000e+00	0.0000000000e+00	0.0000000000e+00	0.0000000000e+00	0.0000000000e+00	0.0000000000e+00	0.0000000000e+00	0.0000000000e+00	0.0000000000e+00	0.0000000000e+00	0.0000000000e+00	0.0000000000e+00	0.0000000000e+00
1.0539188771e+05	3.0655543894e-14	0.0000000000e+00	0.0000000000e+00	0.0000000000e+00	0.0000000000e+00	0.0000000000e+00	0.0000000000e+00	0.0000000000e+00	0.0000000000e+00	0.0000000000e+00	0.0000000000e+00	0.0000000000e+00	0.0000000000e+00	0.0000000000e+00	0.0000000000e+00	0.0000000000e+00	0.0000000000e+00	0.0000000000e+00	0.0000000000e+00	0.0000000000e+00	0.0000000000e+00	0.0000000000e+00	0.0000000000e+00	0.0000000000e+00	0.0000000000e+00
1.0539219315e+05	3.0570259808e-14	0.0000000000e+00	0.0000000000e+00	0.0000000000e+00	0.0000000000e+00	0.0000000000e+00	0.0000000000e+00	0.0000000000e+00	0.0000000000e+00	0.0000000000e+00	0.0000000000e+00	0.0000000000e+00	0.0000000000e+00	0.0000000000e+00	0.0000000000e+00	0.0000000000e+00	0.0000000000e+00	0.0000000000e+00	0.0000000000e+00	0.0000000000e+00	0.0000000000e+00	0.0000000000e+00	0.0000000000e+00	0.0000000000e+00	0.0000000000e+00
1.0539250213e+05	3.1112946435e-14	0.0000000000e+00	0.0000000000e+00	0.0000000000e+00	0.0000000000e+00	0.0000000000e+00	0.0000000000e+00	0.0000000000e+00	0.0000000000e+00	0.0000000000e+00	0.0000000000e+00	0.0000000000e+00	0.0000000000e+00	0.0000000000e+00	0.0000000000e+00	0.0000000000e+00	0.0000000000e+00	0.0000000000e+00	0.0000000000e+00	0.0000000000e+00	0.0000000000e+00	0.0000000000e+00	0.0000000000e+00	0.0000000000e+00	0.0000000000e+00
1.0539281468e+05	3.1012417873e-14	0.0000000000e+00	0.0000000000e+00	0.0000000000e+00	0.0000000000e+00	0.0000000000e+00	0.0000000000e+00	0.0000000000e+00	0.0000000000e+00	0.0000000000e+00	0.0000000000e+00	0.0000000000e+00	0.0000000000e+00	0.0000000000e+00	0.0000000000e+00	0.0000000000e+00	0.0000000000e+00	0.0000000000e+00	0.0000000000e+00	0.0000000000e+00	0.0000000000e+00	0.0000000000e+00	0.0000000000e+00	0.0000000000e+00	0.0000000000e+00
1.0539313085e+05	3.0913376053e-14	0.0000000000e+00	0.0000000000e+00	0.0000000000e+00	0.0000000000e+00	0.0000000000e+00	0.0000000000e+00	0.0000000000e+00	0.0000000000e+00	0.0000000000e+00	0.0000000000e+00	0.0000000000e+00	0.0000000000e+00	0.0000000000e+00	0.0000000000e+00	0.0000000000e+00	0.0000000000e+00	0.0000000000e+00	0.0000000000e+00	0.0000000000e+00	0.0000000000e+00	0.0000000000e+00	0.0000000000e+00	0.0000000000e+00	0.0000000000e+00
1.0539345069e+05	3.0815727738e-14	0.0000000000e+00	0.0000000000e+00	0.0000000000e+00	0.0000000000e+00	0.0000000000e+00	0.0000000000e+00	0.0000000000e+00	0.0000000000e+00	0.0000000000e+00	0.0000000000e+00	0.0000000000e+00	0.0000000000e+00	0.0000000000e+00	0.0000000000e+00	0.0000000000e+00	0.0000000000e+00	0.0000000000e+00	0.0000000000e+00	0.0000000000e+00	0.0000000000e+00	0.0000000000e+00	0.0000000000e+00	0.0000000000e+00	0.0000000000e+00
1.0539377423e+05	3.0719271874e-14	0.0000000000e+00	0.0000000000e+00	0.0000000000e+00	0.0000000000e+00	0.0000000000e+00	0.0000000000e+00	0.0000000000e+00	0.0000000000e+00	0.0000000000e+00	0.0000000000e+00	0.0000000000e+00	0.0000000000e+00	0.0000000000e+00	0.0000000000e+00	0.0000000000e+00	0.0000000000e+00	0.0000000000e+00	0.0000000000e+00	0.0000000000e+00	0.0000000000e+00	0.0000000000e+00	0.0000000000e+00	0.0000000000e+00	0.0000000000e+00
1.0539410151e+05	3.0623894958e-14	0.0000000000e+00	0.0000000000e+00	0.0000000000e+00	0.0000000000e+00	0.0000000000e+00	0.0000000000e+00	0.0000000000e+00	0.0000000000e+00	0.0000000000e+00	0.0000000000e+00	0.0000000000e+00	0.0000000000e+00	0.0000000000e+00	0.0000000000e+00	0.0000000000e+00	0.0000000000e+00	0.0000000000e+00	0.0000000000e+00	0.0000000000e+00	0.0000000000e+00	0.0000000000e+00	0.0000000000e+00	0.0000000000e+00	0.0000000000e+00
1.0539443258e+05	3.0529451025e-14	0.0000000000e+00	0.0000000000e+00	0.0000000000e+00	0.0000000000e+00	0.0000000000e+00	0.0000000000e+00	0.0000000000e+00	0.0000000000e+00	0.0000000000e+00	0.0000000000e+00	0.0000000000e+00	0.0000000000e+00	0.0000000000e+00	0.0000000000e+00	0.0000000000e+00	0.0000000000e+00	0.0000000000e+00	0.0000000000e+00	0.0000000000e+00	0.0000000000e+00	0.0000000000e+00	0.0000000000e+00	0.0000000000e+00	0.0000000000e+00
1.0539476749e+05	3.1068045321e-14	0.0000000000e+00	0.0000000000e+00	0.0000000000e+00	0.0000000000e+00	0.0000000000e+00	0.0000000000e+00	0.0000000000e+00	0.0000000000e+00	0.0000000000e+00	0.0000000000e+00	0.0000000000e+00	0.0000000000e+00	0.0000000000e+00	0.0000000000e+00	0.0000000000e+00	0.0000000000e+00	0.0000000000e+00	0.0000000000e+00	0.0000000000e+00	0.0000000000e+00	0.0000000000e+00	0.0000000000e+00	0.0000000000e+00	0.0000000000e+00
1.0539510628e+05	3.0962304919e-14	0.0000000000e+00	0.0000000000e+00	0.0000000000e+00	0.0000000000e+00	0.0000000000e+00	0.0000000000e+00	0.0000000000e+00	0.0000000000e+00	0.0000000000e+00	0.0000000000e+00	0.0000000000e+00	0.0000000000e+00	0.0000000000e+00	0.0000000000e+00	0.0000000000e+00	0.0000000000e+00	0.0000000000e+00	0.0000000000e+00	0.0000000000e+00	0.0000000000e+00	0.0000000000e+00	0.0000000000e+00	0.0000000000e+00	0.0000000000e+00
1.0539544899e+05	3.0858384023e-14	0.0000000000e+00	0.0000000000e+00	0.0000000000e+00	0.0000000000e+00	0.0000000000e+00	0.0000000000e+00	0.0000000000e+00	0.0000000000e+00	0.0000000000e+00	0.0000000000e+00	0.0000000000e+00	0.0000000000e+00	0.0000000000e+00	0.0000000000e+00	0.0000000000e+00	0.0000000000e+00	0.0000000000e+00	0.0000000000e+00	0.0000000000e+00	0.0000000000e+00	0.0000000000e+00	0.0000000000e+00	0.0000000000e+00	0.0000000000e+00
1.0539579566e+05	3.0756129934e-14	0.0000000000e+00	0.0000000000e+00	0.0000000000e+00	0.0000000000e+00	0.0000000000e+00	0.0000000000e+00	0.0000000000e+00	0.0000000000e+00	0.0000000000e+00	0.0000000000e+00	0.0000000000e+00	0.0000000000e+00	0.0000000000e+00	0.0000000000e+00	0.0000000000e+00	0.0000000000e+00	0.0000000000e+00	0.0000000000e+00	0.0000000000e+00	0.0000000000e+00	0.0000000000e+00	0.0000000000e+00	0.0000000000e+00	0.0000000000e+00
1.0539614636e+05	3.0655394797e-14	0.0000000000e+00	0.0000000000e+00	0.0000000000e+00	0.0000000000e+00	0.0000000000e+00	0.0000000000e+00	0.0000000000e+00	0.0000000000e+00	0.0000000000e+00	0.0000000000e+00	0.0000000000e+00	0.0000000000e+00	0.0000000000e+00	0.0000000000e+00	0.0000000000e+00	0.0000000000e+00	0.0000000000e+00	0.0000000000e+00	0.0000000000e+00	0.0000000000e+00	0.0000000000e+00	0.0000000000e+00	0.0000000000e+00	0.0000000000e+00
1.0539650111e+05	3.0555975928e-14	0.0000000000e+00	0.0000000000e+00	0.0000000000e+00	0.0000000000e+00	0.0000000000e+00	0.0000000000e+00	0.0000000000e+00	0.0000000000e+00	0.0000000000e+00	0.0000000000e+00	0.0000000000e+00	0.0000000000e+00	0.0000000000e+00	0.0000000000e+00	0.0000000000e+00	0.0000000000e+00	0.0000000000e+00	0.0000000000e+00	0.0000000000e+00	0.0000000000e+00	0.0000000000e+00	0.0000000000e+00	0.0000000000e+00	0.0000000000e+00
1.0539685997e+05	3.1095492980e-14	0.0000000000e+00	0.0000000000e+00	0.0000000000e+00	0.0000000000e+00	0.0000000000e+00	0.0000000000e+00	0.0000000000e+00	0.0000000000e+00	0.0000000000e+00	0.0000000000e+00	0.0000000000e+00	0.0000000000e+00	0.0000000000e+00	0.0000000000e+00	0.0000000000e+00	0.0000000000e+00	0.0000000000e+00	0.0000000000e+00	0.0000000000e+00	0.0000000000e+00	0.0000000000e+00	0.0000000000e+00	0.0000000000e+00	0.0000000000e+00
1.0539722298e+05	3.0987606403e-14	0.0000000000e+00	0.0000000000e+00	0.0000000000e+00	0.0000000000e+00	0.0000000000e+00	0.0000000000e+00	0.0000000000e+00	0.0000000000e+00	0.0000000000e+00	0.0000000000e+00	0.0000000000e+00	0.0000000000e+00	0.0000000000e+00	0.0000000000e+00	0.0000000000e+00	0.0000000000e+00	0.0000000000e+00	0.0000000000e+00	0.0000000000e+00	0.0000000000e+00	0.0000000000e+00	0.0000000000e+00	0.0000000000e+00	0.0000000000e+00
1.0539759020e+05	3.0881960936e-14	0.0000000000e+00	0.0000000000e+00	0.0000000000e+00	0.0000000000e+00	0.0000000000e+00	0.0000000000e+00	0.0000000000e+00	0.0000000000e+00	0.0000000000e+00	0.0000000000e+00	0.0000000000e+00	0.0000000000e+00	0.0000000000e+00	0.0000000000e+00	0.0000000000e+00	0.0000000000e+00	0.0000000000e+00	0.0000000000e+00	0.0000000000e+00	0.0000000000e+00	0.0000000000e+00	0.0000000000e+00	0.0000000000e+00	0.0000000000e+00
1.0539796167e+05	3.0778370254e-14	0.0000000000e+00	0.0000000000e+00	0.0000000000e+00	0.0000000000e+00	0.0000000000e+00	0.0000000000e+00	0.0000000000e+00	0.0000000000e+00	0.0000000000e+00	0.0000000000e+00	0.0000000000e+00	0.0000000000e+00	0.0000000000e+00	0.0000000000e+00	0.0000000000e+00	0.0000000000e+00	0.0000000000e+00	0.0000000000e+00	0.0000000000e+00	0.0000000000e+00	0.0000000000e+00	0.0000000000e+00	0.0000000000e+00	0.0000000000e+00
1.0539833745e+05	3.0676601663e-14	0.0000000000e+00	0.0000000000e+00	0.0000000000e+00	0.0000000000e+00	0.0000000000e+00	0.0000000000e+00	0.0000000000e+00	0.0000000000e+00	0.0000000000e+00	0.0000000000e+00	0.0000000000e+00	0.0000000000e+00	0.0000000000e+00	0.0000000000e+00	0.0000000000e+00	0.0000000000e+00	0.0000000000e+00	0.0000000000e+00	0.0000000000e+00	0.0000000000e+00	0.0000000000e+00	0.0000000000e+00	0.0000000000e+00	0.0000000000e+00
1.0539871757e+05	3.0576401817e-14	0.0000000000e+00	0.0000000000e+00	0.0000000000e+00	0.0000000000e+00	0.0000000000e+00	0.0000000000e+00	0.0000000000e+00	0.0000000000e+00	0.0000000000e+00	0.0000000000e+00	0.0000000000e+00	0.0000000000e+00	0.0000000000e+00	0.0000000000e+00	0.0000000000e+00	0.0000000000e+00	0.0000000000e+00	0.0000000000e+00	0.0000000000e+00	0.0000000000e+00	0.0000000000e+00	0.0000000000e+00	0.0000000000e+00	0.0000000000e+00
1.0539910210e+05	3.1110093025e-14	0.0000000000e+00	0.0000000000e+00	0.0000000000e+00	0.0000000000e+00	0.0000000000e+00	0.0000000000e+00	0.0000000000e+00	0.0000000000e+00	0.0000000000e+00	0.0000000000e+00	0.0000000000e+00	0.0000000000e+00	0.0000000000e+00	0.0000000000e+00	0.0000000000e+00	0.0000000000e+00	0.0000000000e+00	0.0000000000e+00	0.0000000000e+00	0.0000000000e+00	0.0000000000e+00	0.0000000000e+00	0.0000000000e+00	0.0000000000e+00
1.0539949107e+05	3.1003521312e-14	0.0000000000e+00	0.0000000000e+00	0.0000000000e+00	0.0000000000e+00	0.0000000000e+00	0.0000000000e+00	0.0000000000e+00	0.0000000000e+00	0.0000000000e+00	0.0000000000e+00	0.0000000000e+00	0.0000000000e+00	0.0000000000e+00	0.0000000000e+00	0.0000000000e+00	0.0000000000e+00	0.0000000000e+00	0.0000000000e+00	0.0000000000e+00	0.0000000000e+00	0.0000000000e+00	0.0000000000e+00	0.0000000000e+00	0.0000000000e+00
1.0539988456e+05	3.0899301255e-14	0.0000000000e+00	0.0000000000e+00	0.0000000000e+00	0.0000000000e+00	0.0000000000e+00	0.0000000000e+00	0.0000000000e+00	0.0000000000e+00	0.0000000000e+00	0.0000000000e+00	0.0000000000e+00	0.0000000000e+00	0.0000000000e+00	0.0000000000e+00	0.0000000000e+00	0.0000000000e+00	0.0000000000e+00	0.0000000000e+00	0.0000000000e+00	0.0000000000e+00	0.0000000000e+00	0.0000000000e+00	0.0000000000e+00	0.0000000000e+00
1.0540028259e+05	3.0797136188e-14	0.0000000000e+00	0.0000000000e+00	0.0000000000e+00	0.0000000000e+00	0.0000000000e+00	0.0000000000e+00	0.0000000000e+00	0.0000000000e+00	0.0000000000e+00	0.0000000000e+00	0.0000000000e+00	0.0000000000e+00	0.0000000000e+00	0.0000000000e+00	0.0000000000e+00	0.0000000000e+00	0.0000000000e+00	0.0000000000e+00	0.0000000000e+00	0.0000000000e+00	0.0000000000e+00	0.0000000000e+00	0.0000000000e+00	0.0000000000e+00
1.0540068524e+05	3.0696728621e-14	0.0000000000e+00	0.0000000000e+00	0.0000000000e+00	0.0000000000e+00	0.0000000000e+00	0.0000000000e+00	0.0000000000e+00	0.0000000000e+00	0.0000000000e+00	0.0000000000e+00	0.0000000000e+00	0.0000000000e+00	0.0000000000e+00	0.0000000000e+00	0.0000000000e+00	0.0000000000e+00	0.0000000000e+00	0.0000000000e+00	0.0000000000e+00	0.0000000000e+00	0.0000000000e+00	0.0000000000e+00	0.0000000000e+00	0.0000000000e+00
1.0540109255e+05	3.0597684273e-14	0.0000000000e+00	0.0000000000e+00	0.0000000000e+00	0.0000000000e+00	0.0000000000e+00	0.0000000000e+00	0.0000000000e+00	0.0000000000e+00	0.0000000000e+00	0.0000000000e+00	0.0000000000e+00	0.0000000000e+00	0.0000000000e+00	0.0000000000e+00	0.0000000000e+00	0.0000000000e+00	0.0000000000e+00	0.0000000000e+00	0.0000000000e+00	0.0000000000e+00	0.0000000000e+00	0.0000000000e+00	0.0000000000e+00	0.0000000000e+00
1.0540150458e+05	3.0499609462e-14	0.0000000000e+00	0.0000000000e+00	0.0000000000e+00	0.0000000000e+00	0.0000000000e+00	0.0000000000e+00	0.0000000000e+00	0.0000000000e+00	0.0000000000e+00	0.0000000000e+00	0.0000000000e+00	0.0000000000e+00	0.0000000000e+00	0.0000000000e+00	0.0000000000e+00	0.0000000000e+00	0.0000000000e+00	0.0000000000e+00	0.0000000000e+00	0.0000000000e+00	0.0000000000e+00	0.0000000000e+00	0.0000000000e+00	0.0000000000e+00
1.0540192138e+05	3.0402116334e-14	0.0000000000e+00	0.0000000000e+00	0.0000000000e+00	0.0000000000e+00	0.0000000000e+00	0.0000000000e+00	0.0000000000e+00	0.0000000000e+00	0.0000000000e+00	0.0000000000e+00	0.0000000000e+00	0.0000000000e+00	0.0000000000e+00	0.0000000000e+00	0.0000000000e+00	0.0000000000e+00	0.0000000000e+00	0.0000000000e+00	0.0000000000e+00	0.0000000000e+00	0.0000000000e+00	0.0000000000e+00	0.0000000000e+00	0.0000000000e+00
1.0540234300e+05	3.0304806904e-14	0.0000000000e+00	0.0000000000e+00	0.0000000000e+00	0.0000000000e+00	0.0000000000e+00	0.0000000000e+00	0.0000000000e+00	0.0000000000e+00	0.0000000000e+00	0.0000000000e+00	0.0000000000e+00	0.0000000000e+00	0.0000000000e+00	0.0000000000e+00	0.0000000000e+00	0.0000000000e+00	0.0000000000e+00	0.0000000000e+00	0.0000000000e+00	0.0000000000e+00	0.0000000000e+00	0.0000000000e+00	0.0000000000e+00	0.0000000000e+00
1.0540276951e+05	3.0207391814e-14	0.0000000000e+00	0.0000000000e+00	0.0000000000e+00	0.0000000000e+00	0.0000000000e+00	0.0000000000e+00	0.0000000000e+00	0.0000000000e+00	0.0000000000e+00	0.0000000000e+00	0.0000000000e+00	0.0000000000e+00	0.0000000000e+00	0.0000000000e+00	0.0000000000e+00	0.0000000000e+00	0.0000000000e+00	0.0000000000e+00	0.0000000000e+00	0.0000000000e+00	0.0000000000e+00	0.0000000000e+00	0.0000000000e+00	0.0000000000e+00
1.0540320095e+05	3.0109615370e-14	0.0000000000e+00	0.0000000000e+00	0.0000000000e+00	0.0000000000e+00	0.0000000000e+00	0.0000000000e+00	0.0000000000e+00	0.0000000000e+00	0.0000000000e+00	0.0000000000e+00	0.0000000000e+00	0.0000000000e+00	0.0000000000e+00	0.0000000000e+00	0.0000000000e+00	0.0000000000e+00	0.0000000000e+00	0.0000000000e+00	0.0000000000e+00	0.0000000000e+00	0.0000000000e+00	0.0000000000e+00	0.0000000000e+00	0.0000000000e+00
1.0540363739e+05	3.0613996496e-14	0.0000000000e+00	0.0000000000e+00	0.0000000000e+00	0.0000000000e+00	0.0000000000e+00	0.0000000000e+00	0.0000000000e+00	0.0000000000e+00	0.0000000000e+00	0.0000000000e+00	0.0000000000e+00	0.0000000000e+00	0.0000000000e+00	0.0000000000e+00	0.0000000000e+00	0.0000000000e+00	0.0000000000e+00	0.0000000000e+00	0.0000000000e+00	0.0000000000e+00	0.0000000000e+00	0.0000000000e+00	0.0000000000e+00	0.0000000000e+00
1.0540407889e+05	3.0515253388e-14	0.0000000000e+00	0.0000000000e+00	0.0000000000e+00	0.0000000000e+00	0.0000000000e+00	0.0000000000e+00	0.0000000000e+00	0.0000000000e+00	0.0000000000e+00	0.0000000000e+00	0.0000000000e+00	0.0000000000e+00	0.0000000000e+00	0.0000000000e+00	0.0000000000e+00	0.0000000000e+00	0.0000000000e+00	0.0000000000e+00	0.0000000000e+00	0.0000000000e+00	0.0000000000e+00	0.0000000000e+00	0.0000000000e+00	0.0000000000e+00
1.0540452549e+05	3.0416227381e-14	0.0000000000e+00	0.0000000000e+00	0.0000000000e+00	0.0000000000e+00	0.0000000000e+00	0.0000000000e+00	0.0000000000e+00	0.0000000000e+00	0.0000000000e+00	0.0000000000e+00	0.0000000000e+00	0.0000000000e+00	0.0000000000e+00	0.0000000000e+00	0.0000000000e+00	0.0000000000e+00	0.0000000000e+00	0.0000000000e+00	0.0000000000e+00	0.0000000000e+00	0.0000000000e+00	0.0000000000e+00	0.0000000000e+00	0.0000000000e+00
1.0540497727e+05	3.0316470903e-14	0.0000000000e+00	0.0000000000e+00	0.0000000000e+00	0.0000000000e+00	0.0000000000e+00	0.0000000000e+00	0.0000000000e+00	0.0000000000e+00	0.0000000000e+00	0.0000000000e+00	0.0000000000e+00	0.0000000000e+00	0.0000000000e+00	0.0000000000e+00	0.0000000000e+00	0.0000000000e+00	0.0000000000e+00	0.0000000000e+00	0.0000000000e+00	0.0000000000e+00	0.0000000000e+00	0.0000000000e+00	0.0000000000e+00	0.0000000000e+00
1.0540543428e+05	3.0215614927e-14	0.0000000000e+00	0.0000000000e+00	0.0000000000e+00	0.0000000000e+00	0.0000000000e+00	0.0000000000e+00	0.0000000000e+00	0.0000000000e+00	0.0000000000e+00	0.0000000000e+00	0.0000000000e+00	0.0000000000e+00	0.0000000000e+00	0.0000000000e+00	0.0000000000e+00	0.0000000000e+00	0.0000000000e+00	0.0000000000e+00	0.0000000000e+00	0.0000000000e+00	0.0000000000e+00	0.0000000000e+00	0.0000000000e+00	0.0000000000e+00
1.0540589658e+05	3.0113345335e-14	0.0000000000e+00	0.0000000000e+00	0.0000000000e+00	0.0000000000e+00	0.0000000000e+00	0.0000000000e+00	0.0000000000e+00	0.0000000000e+00	0.0000000000e+00	0.0000000000e+00	0.0000000000e+00	0.0000000000e+00	0.0000000000e+00	0.0000000000e+00	0.0000000000e+00	0.0000000000e+00	0.0000000000e+00	0.0000000000e+00	0.0000000000e+00	0.0000000000e+00	0.0000000000e+00	0.0000000000e+00	0.0000000000e+00	0.0000000000e+00
1.0540636424e+05	3.0606729792e-14	0.0000000000e+00	0.0000000000e+00	0.0000000000e+00	0.0000000000e+00	0.0000000000e+00	0.0000000000e+00	0.0000000000e+00	0.0000000000e+00	0.0000000000e+00	0.0000000000e+00	0.0000000000e+00	0.0000000000e+00	0.0000000000e+00	0.0000000000e+00	0.0000000000e+00	0.0000000000e+00	0.0000000000e+00	0.0000000000e+00	0.0000000000e+00	0.0000000000e+00	0.0000000000e+00	0.0000000000e+00	0.0000000000e+00	0.0000000000e+00
1.0540683731e+05	3.0504023659e-14	0.0000000000e+00	0.0000000000e+00	0.0000000000e+00	0.0000000000e+00	0.0000000000e+00	0.0000000000e+00	0.0000000000e+00	0.0000000000e+00	0.0000000000e+00	0.0000000000e+00	0.0000000000e+00	0.0000000000e+00	0.0000000000e+00	0.0000000000e+00	0.0000000000e+00	0.0000000000e+00	0.0000000000e+00	0.0000000000e+00	0.0000000000e+00	0.0000000000e+00	0.0000000000e+00	0.0000000000e+00	0.0000000000e+00	0.0000000000e+00
1.0540731585e+05	3.0400131616e-14	0.0000000000e+00	0.0000000000e+00	0.0000000000e+00	0.0000000000e+00	0.0000000000e+00	0.0000000000e+00	0.0000000000e+00	0.0000000000e+00	0.0000000000e+00	0.0000000000e+00	0.0000000000e+00	0.0000000000e+00	0.0000000000e+00	0.0000000000e+00	0.0000000000e+00	0.0000000000e+00	0.0000000000e+00	0.0000000000e+00	0.0000000000e+00	0.0000000000e+00	0.0000000000e+00	0.0000000000e+00	0.0000000000e+00	0.0000000000e+00
1.0540779994e+05	3.0294539735e-14	0.0000000000e+00	0.0000000000e+00	0.0000000000e+00	0.0000000000e+00	0.0000000000e+00	0.0000000000e+00	0.0000000000e+00	0.0000000000e+00	0.0000000000e+00	0.0000000000e+00	0.0000000000e+00	0.0000000000e+00	0.0000000000e+00	0.0000000000e+00	0.0000000000e+00	0.0000000000e+00	0.0000000000e+00	0.0000000000e+00	0.0000000000e+00	0.0000000000e+00	0.0000000000e+00	0.0000000000e+00	0.0000000000e+00	0.0000000000e+00
1.0540828964e+05	3.0187040105e-14	0.0000000000e+00	0.0000000000e+00	0.0000000000e+00	0.0000000000e+00	0.0000000000e+00	0.0000000000e+00	0.0000000000e+00	0.0000000000e+00	0.0000000000e+00	0.0000000000e+00	0.0000000000e+00	0.0000000000e+00	0.0000000000e+00	0.0000000000e+00	0.0000000000e+00	0.0000000000e+00	0.0000000000e+00	0.0000000000e+00	0.0000000000e+00	0.0000000000e+00	0.0000000000e+00	0.0000000000e+00	0.0000000000e+00	0.0000000000e+00
1.0540878500e+05	3.0662905155e-14	0.0000000000e+00	0.0000000000e+00	0.0000000000e+00	0.0000000000e+00	0.0000000000e+00	0.0000000000e+00	0.0000000000e+00	0.0000000000e+00	0.0000000000e+00	0.0000000000e+00	0.0000000000e+00	0.0000000000e+00	0.0000000000e+00	0.0000000000e+00	0.0000000000e+00	0.0000000000e+00	0.0000000000e+00	0.0000000000e+00	0.0000000000e+00	0.0000000000e+00	0.0000000000e+00	0.0000000000e+00	0.0000000000e+00	0.0000000000e+00
1.0540928610e+05	3.0555182612e-14	0.0000000000e+00	0.0000000000e+00	0.0000000000e+00	0.0000000000e+00	0.0000000000e+00	0.0000000000e+00	0.0000000000e+00	0.0000000000e+00	0.0000000000e+00	0.0000000000e+00	0.0000000000e+00	0.0000000000e+00	0.0000000000e+00	0.0000000000e+00	0.0000000000e+00	0.0000000000e+00	0.0000000000e+00	0.0000000000e+00	0.0000000000e+00	0.0000000000e+00	0.0000000000e+00	0.0000000000e+00	0.0000000000e+00	0.0000000000e+00
1.0540979301e+05	3.0446105124e-14	0.0000000000e+00	0.0000000000e+00	0.0000000000e+00	0.0000000000e+00	0.0000000000e+00	0.0000000000e+00	0.0000000000e+00	0.0000000000e+00	0.0000000000e+00	0.0000000000e+00	0.0000000000e+00	0.0000000000e+00	0.0000000000e+00	0.0000000000e+00	0.0000000000e+00	0.0000000000e+00	0.0000000000e+00	0.0000000000e+00	0.0000000000e+00	0.0000000000e+00	0.0000000000e+00	0.0000000000e+00	0.0000000000e+00	0.0000000000e+00
1.0541030578e+05	3.0335304995e-14	0.0000000000e+00	0.0000000000e+00	0.0000000000e+00	0.0000000000e+00	0.0000000000e+00	0.0000000000e+00	0.0000000000e+00	0.0000000000e+00	0.0000000000e+00	0.0000000000e+00	0.0000000000e+00	0.0000000000e+00	0.0000000000e+00	0.0000000000e+00	0.0000000000e+00	0.0000000000e+00	0.0000000000e+00	0.0000000000e+00	0.0000000000e+00	0.0000000000e+00	0.0000000000e+00	0.0000000000e+00	0.0000000000e+00	0.0000000000e+00
1.0541082449e+05	3.0222438208e-14	0.0000000000e+00	0.0000000000e+00	0.0000000000e+00	0.0000000000e+00	0.0000000000e+00	0.0000000000e+00	0.0000000000e+00	0.0000000000e+00	0.0000000000e+00	0.0000000000e+00	0.0000000000e+00	0.0000000000e+00	0.0000000000e+00	0.0000000000e+00	0.0000000000e+00	0.0000000000e+00	0.0000000000e+00	0.0000000000e+00	0.0000000000e+00	0.0000000000e+00	0.0000000000e+00	0.0000000000e+00	0.0000000000e+00	0.0000000000e+00
1.0541134921e+05	3.0678063343e-14	0.0000000000e+00	0.0000000000e+00	0.0000000000e+00	0.0000000000e+00	0.0000000000e+00	0.0000000000e+00	0.0000000000e+00	0.0000000000e+00	0.0000000000e+00	0.0000000000e+00	0.0000000000e+00	0.0000000000e+00	0.0000000000e+00	0.0000000000e+00	0.0000000000e+00	0.0000000000e+00	0.0000000000e+00	0.0000000000e+00	0.0000000000e+00	0.0000000000e+00	0.0000000000e+00	0.0000000000e+00	0.0000000000e+00	0.0000000000e+00
1.0541188000e+05	3.0565857137e-14	0.0000000000e+00	0.0000000000e+00	0.0000000000e+00	0.0000000000e+00	0.0000000000e+00	0.0000000000e+00	0.0000000000e+00	0.0000000000e+00	0.0000000000e+00	0.0000000000e+00	0.0000000000e+00	0.0000000000e+00	0.0000000000e+00	0.0000000000e+00	0.0000000000e+00	0.0000000000e+00	0.0000000000e+00	0.0000000000e+00	0.0000000000e+00	0.0000000000e+00	0.0000000000e+00	0.0000000000e+00	0.0000000000e+00	0.0000000000e+00
1.0541241694e+05	3.0452687881e-14	0.0000000000e+00	0.0000000000e+00	0.0000000000e+00	0.0000000000e+00	0.0000000000e+00	0.0000000000e+00	0.0000000000e+00	0.0000000000e+00	0.0000000000e+00	0.0000000000e+00	0.0000000000e+00	0.0000000000e+00	0.0000000000e+00	0.0000000000e+00	0.0000000000e+00	0.0000000000e+00	0.0000000000e+00	0.0000000000e+00	0.0000000000e+00	0.0000000000e+00	0.0000000000e+00	0.0000000000e+00	0.0000000000e+00	0.0000000000e+00
1.0541296010e+05	3.0338202778e-14	0.0000000000e+00	0.0000000000e+00	0.0000000000e+00	0.0000000000e+00	0.0000000000e+00	0.0000000000e+00	0.0000000000e+00	0.0000000000e+00	0.0000000000e+00	0.0000000000e+00	0.0000000000e+00	0.0000000000e+00	0.0000000000e+00	0.0000000000e+00	0.0000000000e+00	0.0000000000e+00	0.0000000000e+00	0.0000000000e+00	0.0000000000e+00	0.0000000000e+00	0.0000000000e+00	0.0000000000e+00	0.0000000000e+00	0.0000000000e+00
1.0541350954e+05	3.0222084106e-14	0.0000000000e+00	0.0000000000e+00	0.0000000000e+00	0.0000000000e+00	0.0000000000e+00	0.0000000000e+00	0.0000000000e+00	0.0000000000e+00	0.0000000000e+00	0.0000000000e+00	0.0000000000e+00	0.0000000000e+00	0.0000000000e+00	0.0000000000e+00	0.0000000000e+00	0.0000000000e+00	0.0000000000e+00	0.0000000000e+00	0.0000000000e+00	0.0000000000e+00	0.0000000000e+00	0.0000000000e+00	0.0000000000e+00	0.0000000000e+00
1.0541406535e+05	3.0104105807e-14	0.0000000000e+00	0.0000000000e+00	0.0000000000e+00	0.0000000000e+00	0.0000000000e+00	0.0000000000e+00	0.0000000000e+00	0.0000000000e+00	0.0000000000e+00	0.0000000000e+00	0.0000000000e+00	0.0000000000e+00	0.0000000000e+00	0.0000000000e+00	0.0000000000e+00	0.0000000000e+00	0.0000000000e+00	0.0000000000e+00	0.0000000000e+00	0.0000000000e+00	0.0000000000e+00	0.0000000000e+00	0.0000000000e+00	0.0000000000e+00
1.0541462760e+05	2.9984172427e-14	0.0000000000e+00	0.0000000000e+00	0.0000000000e+00	0.0000000000e+00	0.0000000000e+00	0.0000000000e+00	0.0000000000e+00	0.0000000000e+00	0.0000000000e+00	0.0000000000e+00	0.0000000000e+00	0.0000000000e+00	0.0000000000e+00	0.0000000000e+00	0.0000000000e+00	0.0000000000e+00	0.0000000000e+00	0.0000000000e+00	0.0000000000e+00	0.0000000000e+00	0.0000000000e+00	0.0000000000e+00	0.0000000000e+00	0.0000000000e+00
1.0541519635e+05	2.9862450840e-14	0.0000000000e+00	0.0000000000e+00	0.0000000000e+00	0.0000000000e+00	0.0000000000e+00	0.0000000000e+00	0.0000000000e+00	0.0000000000e+00	0.0000000000e+00	0.0000000000e+00	0.0000000000e+00	0.0000000000e+00	0.0000000000e+00	0.0000000000e+00	0.0000000000e+00	0.0000000000e+00	0.0000000000e+00	0.0000000000e+00	0.0000000000e+00	0.0000000000e+00	0.0000000000e+00	0.0000000000e+00	0.0000000000e+00	0.0000000000e+00
1.0541577169e+05	2.9739096979e-14	0.0000000000e+00	0.0000000000e+00	0.0000000000e+00	0.0000000000e+00	0.0000000000e+00	0.0000000000e+00	0.0000000000e+00	0.0000000000e+00	0.0000000000e+00	0.0000000000e+00	0.0000000000e+00	0.0000000000e+00	0.0000000000e+00	0.0000000000e+00	0.0000000000e+00	0.0000000000e+00	0.0000000000e+00	0.0000000000e+00	0.0000000000e+00	0.0000000000e+00	0.0000000000e+00	0.0000000000e+00	0.0000000000e+00	0.0000000000e+00
1.0541635369e+05	2.9614019399e-14	0.0000000000e+00	0.0000000000e+00	0.0000000000e+00	0.0000000000e+00	0.0000000000e+00	0.0000000000e+00	0.0000000000e+00	0.0000000000e+00	0.0000000000e+00	0.0000000000e+00	0.0000000000e+00	0.0000000000e+00	0.0000000000e+00	0.0000000000e+00	0.0000000000e+00	0.0000000000e+00	0.0000000000e+00	0.0000000000e+00	0.0000000000e+00	0.0000000000e+00	0.0000000000e+00	0.0000000000e+00	0.0000000000e+00	0.0000000000e+00
1.0541694244e+05	3.0083158928e-14	0.0000000000e+00	0.0000000000e+00	0.0000000000e+00	0.0000000000e+00	0.0000000000e+00	0.0000000000e+00	0.0000000000e+00	0.0000000000e+00	0.0000000000e+00	0.0000000000e+00	0.0000000000e+00	0.0000000000e+00	0.0000000000e+00	0.0000000000e+00	0.0000000000e+00	0.0000000000e+00	0.0000000000e+00	0.0000000000e+00	0.0000000000e+00	0.0000000000e+00	0.0000000000e+00	0.0000000000e+00	0.0000000000e+00	0.0000000000e+00
1.0541753800e+05	2.9964640119e-14	0.0000000000e+00	0.0000000000e+00	0.0000000000e+00	0.0000000000e+00	0.0000000000e+00	0.0000000000e+00	0.0000000000e+00	0.0000000000e+00	0.0000000000e+00	0.0000000000e+00	0.0000000000e+00	0.0000000000e+00	0.0000000000e+00	0.0000000000e+00	0.0000000000e+00	0.0000000000e+00	0.0000000000e+00	0.0000000000e+00	0.0000000000e+00	0.0000000000e+00	0.0000000000e+00	0.0000000000e+00	0.0000000000e+00	0.0000000000e+00
1.0541814045e+05	2.9844558593e-14	0.0000000000e+00	0.0000000000e+00	0.0000000000e+00	0.0000000000e+00	0.0000000000e+00	0.0000000000e+00	0.0000000000e+00	0.0000000000e+00	0.0000000000e+00	0.0000000000e+00	0.0000000000e+00	0.0000000000e+00	0.0000000000e+00	0.0000000000e+00	0.0000000000e+00	0.0000000000e+00	0.0000000000e+00	0.0000000000e+00	0.0000000000e+00	0.0000000000e+00	0.0000000000e+00	0.0000000000e+00	0.0000000000e+00	0.0000000000e+00
1.0541874988e+05	2.9723033127e-14	0.0000000000e+00	0.0000000000e+00	0.0000000000e+00	0.0000000000e+00	0.0000000000e+00	0.0000000000e+00	0.0000000000e+00	0.0000000000e+00	0.0000000000e+00	0.0000000000e+00	0.0000000000e+00	0.0000000000e+00	0.0000000000e+00	0.0000000000e+00	0.0000000000e+00	0.0000000000e+00	0.0000000000e+00	0.0000000000e+00	0.0000000000e+00	0.0000000000e+00	0.0000000000e+00	0.0000000000e+00	0.0000000000e+00	0.0000000000e+00
1.0541936637e+05	2.9600362062e-14	0.0000000000e+00	0.0000000000e+00	0.0000000000e+00	0.0000000000e+00	0.0000000000e+00	0.0000000000e+00	0.0000000000e+00	0.0000000000e+00	0.0000000000e+00	0.0000000000e+00	0.0000000000e+00	0.0000000000e+00	0.0000000000e+00	0.0000000000e+00	0.0000000000e+00	0.0000000000e+00	0.0000000000e+00	0.0000000000e+00	0.0000000000e+00	0.0000000000e+00	0.0000000000e+00	0.0000000000e+00	0.0000000000e+00	0.0000000000e+00
1.0541999000e+05	3.0060381400e-14	0.0000000000e+00	0.0000000000e+00	0.0000000000e+00	0.0000000000e+00	0.0000000000e+00	0.0000000000e+00	0.0000000000e+00	0.0000000000e+00	0.0000000000e+00	0.0000000000e+00	0.0000000000e+00	0.0000000000e+00	0.0000000000e+00	0.0000000000e+00	0.0000000000e+00	0.0000000000e+00	0.0000000000e+00	0.0000000000e+00	0.0000000000e+00	0.0000000000e+00	0.0000000000e+00	0.0000000000e+00	0.0000000000e+00	0.0000000000e+00
1.0542062085e+05	2.9945188832e-14	0.0000000000e+00	0.0000000000e+00	0.0000000000e+00	0.0000000000e+00	0.0000000000e+00	0.0000000000e+00	0.0000000000e+00	0.0000000000e+00	0.0000000000e+00	0.0000000000e+00	0.0000000000e+00	0.0000000000e+00	0.0000000000e+00	0.0000000000e+00	0.0000000000e+00	0.0000000000e+00	0.0000000000e+00	0.0000000000e+00	0.0000000000e+00	0.0000000000e+00	0.0000000000e+00	0.0000000000e+00	0.0000000000e+00	0.0000000000e+00
1.0542125900e+05	2.9828182205e-14	0.0000000000e+00	0.0000000000e+00	0.0000000000e+00	0.0000000000e+00	0.0000000000e+00	0.0000000000e+00	0.0000000000e+00	0.0000000000e+00	0.0000000000e+00	0.0000000000e+00	0.0000000000e+00	0.0000000000e+00	0.0000000000e+00	0.0000000000e+00	0.0000000000e+00	0.0000000000e+00	0.0000000000e+00	0.0000000000e+00	0.0000000000e+00	0.0000000000e+00	0.0000000000e+00	0.0000000000e+00	0.0000000000e+00	0.0000000000e+00
1.0542190454e+05	2.9709302437e-14	0.0000000000e+00	0.0000000000e+00	0.0000000000e+00	0.0000000000e+00	0.0000000000e+00	0.0000000000e+00	0.0000000000e+00	0.0000000000e+00	0.0000000000e+00	0.0000000000e+00	0.0000000000e+00	0.0000000000e+00	0.0000000000e+00	0.0000000000e+00	0.0000000000e+00	0.0000000000e+00	0.0000000000e+00	0.0000000000e+00	0.0000000000e+00	0.0000000000e+00	0.0000000000e+00	0.0000000000e+00	0.0000000000e+00	0.0000000000e+00
1.0542255756e+05	3.0150381198e-14	0.0000000000e+00	0.0000000000e+00	0.0000000000e+00	0.0000000000e+00	0.0000000000e+00	0.0000000000e+00	0.0000000000e+00	0.0000000000e+00	0.0000000000e+00	0.0000000000e+00	0.0000000000e+00	0.0000000000e+00	0.0000000000e+00	0.0000000000e+00	0.0000000000e+00	0.0000000000e+00	0.0000000000e+00	0.0000000000e+00	0.0000000000e+00	0.0000000000e+00	0.0000000000e+00	0.0000000000e+00	0.0000000000e+00	0.0000000000e+00
1.0542321814e+05	3.0039347874e-14	0.0000000000e+00	0.0000000000e+00	0.0000000000e+00	0.0000000000e+00	0.0000000000e+00	0.0000000000e+00	0.0000000000e+00	0.0000000000e+00	0.0000000000e+00	0.0000000000e+00	0.0000000000e+00	0.0000000000e+00	0.0000000000e+00	0.0000000000e+00	0.0000000000e+00	0.0000000000e+00	0.0000000000e+00	0.0000000000e+00	0.0000000000e+00	0.0000000000e+00	0.0000000000e+00	0.0000000000e+00	0.0000000000e+00	0.0000000000e+00
1.0542388637e+05	2.9925919957e-14	0.0000000000e+00	0.0000000000e+00	0.0000000000e+00	0.0000000000e+00	0.0000000000e+00	0.0000000000e+00	0.0000000000e+00	0.0000000000e+00	0.0000000000e+00	0.0000000000e+00	0.0000000000e+00	0.0000000000e+00	0.0000000000e+00	0.0000000000e+00	0.0000000000e+00	0.0000000000e+00	0.0000000000e+00	0.0000000000e+00	0.0000000000e+00	0.0000000000e+00	0.0000000000e+00	0.0000000000e+00	0.0000000000e+00	0.0000000000e+00
1.0542456234e+05	2.9809747737e-14	0.0000000000e+00	0.0000000000e+00	0.0000000000e+00	0.0000000000e+00	0.0000000000e+00	0.0000000000e+00	0.0000000000e+00	0.0000000000e+00	0.0000000000e+00	0.0000000000e+00	0.0000000000e+00	0.0000000000e+00	0.0000000000e+00	0.0000000000e+00	0.0000000000e+00	0.0000000000e+00	0.0000000000e+00	0.0000000000e+00	0.0000000000e+00	0.0000000000e+00	0.0000000000e+00	0.0000000000e+00	0.0000000000e+00	0.0000000000e+00
1.0542524613e+05	2.9690735623e-14	0.0000000000e+00	0.0000000000e+00	0.0000000000e+00	0.0000000000e+00	0.0000000000e+00	0.0000000000e+00	0.0000000000e+00	0.0000000000e+00	0.0000000000e+00	0.0000000000e+00	0.0000000000e+00	0.0000000000e+00	0.0000000000e+00	0.0000000000e+00	0.0000000000e+00	0.0000000000e+00	0.0000000000e+00	0.0000000000e+00	0.0000000000e+00	0.0000000000e+00	0.0000000000e+00	0.0000000000e+00	0.0000000000e+00	0.0000000000e+00
1.0542593784e+05	3.0120333373e-14	0.0000000000e+00	0.0000000000e+00	0.0000000000e+00	0.0000000000e+00	0.0000000000e+00	0.0000000000e+00	0.0000000000e+00	0.0000000000e+00	0.0000000000e+00	0.0000000000e+00	0.0000000000e+00	0.0000000000e+00	0.0000000000e+00	0.0000000000e+00	0.0000000000e+00	0.0000000000e+00	0.0000000000e+00	0.0000000000e+00	0.0000000000e+00	0.0000000000e+00	0.0000000000e+00	0.0000000000e+00	0.0000000000e+00	0.0000000000e+00
1.0542663756e+05	3.0006978026e-14	0.0000000000e+00	0.0000000000e+00	0.0000000000e+00	0.0000000000e+00	0.0000000000e+00	0.0000000000e+00	0.0000000000e+00	0.0000000000e+00	0.0000000000e+00	0.0000000000e+00	0.0000000000e+00	0.0000000000e+00	0.0000000000e+00	0.0000000000e+00	0.0000000000e+00	0.0000000000e+00	0.0000000000e+00	0.0000000000e+00	0.0000000000e+00	0.0000000000e+00	0.0000000000e+00	0.0000000000e+00	0.0000000000e+00	0.0000000000e+00
1.0542734539e+05	2.9891143289e-14	0.0000000000e+00	0.0000000000e+00	0.0000000000e+00	0.0000000000e+00	0.0000000000e+00	0.0000000000e+00	0.0000000000e+00	0.0000000000e+00	0.0000000000e+00	0.0000000000e+00	0.0000000000e+00	0.0000000000e+00	0.0000000000e+00	0.0000000000e+00	0.0000000000e+00	0.0000000000e+00	0.0000000000e+00	0.0000000000e+00	0.0000000000e+00	0.0000000000e+00	0.0000000000e+00	0.0000000000e+00	0.0000000000e+00	0.0000000000e+00
1.0542806141e+05	2.9771468768e-14	0.0000000000e+00	0.0000000000e+00	0.0000000000e+00	0.0000000000e+00	0.0000000000e+00	0.0000000000e+00	0.0000000000e+00	0.0000000000e+00	0.0000000000e+00	0.0000000000e+00	0.0000000000e+00	0.0000000000e+00	0.0000000000e+00	0.0000000000e+00	0.0000000000e+00	0.0000000000e+00	0.0000000000e+00	0.0000000000e+00	0.0000000000e+00	0.0000000000e+00	0.0000000000e+00	0.0000000000e+00	0.0000000000e+00	0.0000000000e+00
1.0542878572e+05	2.9647997498e-14	0.0000000000e+00	0.0000000000e+00	0.0000000000e+00	0.0000000000e+00	0.0000000000e+00	0.0000000000e+00	0.0000000000e+00	0.0000000000e+00	0.0000000000e+00	0.0000000000e+00	0.0000000000e+00	0.0000000000e+00	0.0000000000e+00	0.0000000000e+00	0.0000000000e+00	0.0000000000e+00	0.0000000000e+00	0.0000000000e+00	0.0000000000e+00	0.0000000000e+00	0.0000000000e+00	0.0000000000e+00	0.0000000000e+00	0.0000000000e+00
1.0542951842e+05	2.9521060128e-14	0.0000000000e+00	0.0000000000e+00	0.0000000000e+00	0.0000000000e+00	0.0000000000e+00	0.0000000000e+00	0.0000000000e+00	0.0000000000e+00	0.0000000000e+00	0.0000000000e+00	0.0000000000e+00	0.0000000000e+00	0.0000000000e+00	0.0000000000e+00	0.0000000000e+00	0.0000000000e+00	0.0000000000e+00	0.0000000000e+00	0.0000000000e+00	0.0000000000e+00	0.0000000000e+00	0.0000000000e+00	0.0000000000e+00	0.0000000000e+00
1.0543025960e+05	2.9391253266e-14	0.0000000000e+00	0.0000000000e+00	0.0000000000e+00	0.0000000000e+00	0.0000000000e+00	0.0000000000e+00	0.0000000000e+00	0.0000000000e+00	0.0000000000e+00	0.0000000000e+00	0.0000000000e+00	0.0000000000e+00	0.0000000000e+00	0.0000000000e+00	0.0000000000e+00	0.0000000000e+00	0.0000000000e+00	0.0000000000e+00	0.0000000000e+00	0.0000000000e+00	0.0000000000e+00	0.0000000000e+00	0.0000000000e+00	0.0000000000e+00
1.0543100937e+05	2.9259395833e-14	0.0000000000e+00	0.0000000000e+00	0.0000000000e+00	0.0000000000e+00	0.0000000000e+00	0.0000000000e+00	0.0000000000e+00	0.0000000000e+00	0.0000000000e+00	0.0000000000e+00	0.0000000000e+00	0.0000000000e+00	0.0000000000e+00	0.0000000000e+00	0.0000000000e+00	0.0000000000e+00	0.0000000000e+00	0.0000000000e+00	0.0000000000e+00	0.0000000000e+00	0.0000000000e+00	0.0000000000e+00	0.0000000000e+00	0.0000000000e+00
1.0543176781e+05	2.9697940483e-14	0.0000000000e+00	0.0000000000e+00	0.0000000000e+00	0.0000000000e+00	0.0000000000e+00	0.0000000000e+00	0.0000000000e+00	0.0000000000e+00	0.0000000000e+00	0.0000000000e+00	0.0000000000e+00	0.0000000000e+00	0.0000000000e+00	0.0000000000e+00	0.0000000000e+00	0.0000000000e+00	0.0000000000e+00	0.0000000000e+00	0.0000000000e+00	0.0000000000e+00	0.0000000000e+00	0.0000000000e+00	0.0000000000e+00	0.0000000000e+00
1.0543253504e+05	2.9568703367e-14	0.0000000000e+00	0.0000000000e+00	0.0000000000e+00	0.0000000000e+00	0.0000000000e+00	0.0000000000e+00	0.0000000000e+00	0.0000000000e+00	0.0000000000e+00	0.0000000000e+00	0.0000000000e+00	0.0000000000e+00	0.0000000000e+00	0.0000000000e+00	0.0000000000e+00	0.0000000000e+00	0.0000000000e+00	0.0000000000e+00	0.0000000000e+00	0.0000000000e+00	0.0000000000e+00	0.0000000000e+00	0.0000000000e+00	0.0000000000e+00
1.0543331116e+05	2.9436400997e-14	0.0000000000e+00	0.0000000000e+00	0.0000000000e+00	0.0000000000e+00	0.0000000000e+00	0.0000000000e+00	0.0000000000e+00	0.0000000000e+00	0.0000000000e+00	0.0000000000e+00	0.0000000000e+00	0.0000000000e+00	0.0000000000e+00	0.0000000000e+00	0.0000000000e+00	0.0000000000e+00	0.0000000000e+00	0.0000000000e+00	0.0000000000e+00	0.0000000000e+00	0.0000000000e+00	0.0000000000e+00	0.0000000000e+00	0.0000000000e+00
1.0543409626e+05	2.9303700156e-14	0.0000000000e+00	0.0000000000e+00	0.0000000000e+00	0.0000000000e+00	0.0000000000e+00	0.0000000000e+00	0.0000000000e+00	0.0000000000e+00	0.0000000000e+00	0.0000000000e+00	0.0000000000e+00	0.0000000000e+00	0.0000000000e+00	0.0000000000e+00	0.0000000000e+00	0.0000000000e+00	0.0000000000e+00	0.0000000000e+00	0.0000000000e+00	0.0000000000e+00	0.0000000000e+00	0.0000000000e+00	0.0000000000e+00	0.0000000000e+00
1.0543489045e+05	2.9722515329e-14	0.0000000000e+00	0.0000000000e+00	0.0000000000e+00	0.0000000000e+00	0.0000000000e+00	0.0000000000e+00	0.0000000000e+00	0.0000000000e+00	0.0000000000e+00	0.0000000000e+00	0.0000000000e+00	0.0000000000e+00	0.0000000000e+00	0.0000000000e+00	0.0000000000e+00	0.0000000000e+00	0.0000000000e+00	0.0000000000e+00	0.0000000000e+00	0.0000000000e+00	0.0000000000e+00	0.0000000000e+00	0.0000000000e+00	0.0000000000e+00
1.0543569384e+05	2.9593726972e-14	0.0000000000e+00	0.0000000000e+00	0.0000000000e+00	0.0000000000e+00	0.0000000000e+00	0.0000000000e+00	0.0000000000e+00	0.0000000000e+00	0.0000000000e+00	0.0000000000e+00	0.0000000000e+00	0.0000000000e+00	0.0000000000e+00	0.0000000000e+00	0.0000000000e+00	0.0000000000e+00	0.0000000000e+00	0.0000000000e+00	0.0000000000e+00	0.0000000000e+00	0.0000000000e+00	0.0000000000e+00	0.0000000000e+00	0.0000000000e+00
1.0543650653e+05	2.9462851199e-14	0.0000000000e+00	0.0000000000e+00	0.0000000000e+00	0.0000000000e+00	0.0000000000e+00	0.0000000000e+00	0.0000000000e+00	0.0000000000e+00	0.0000000000e+00	0.0000000000e+00	0.0000000000e+00	0.0000000000e+00	0.0000000000e+00	0.0000000000e+00	0.0000000000e+00	0.0000000000e+00	0.0000000000e+00	0.0000000000e+00	0.0000000000e+00	0.0000000000e+00	0.0000000000e+00	0.0000000000e+00	0.0000000000e+00	0.0000000000e+00
1.0543732863e+05	2.9327812312e-14	0.0000000000e+00	0.0000000000e+00	0.0000000000e+00	0.0000000000e+00	0.0000000000e+00	0.0000000000e+00	0.0000000000e+00	0.0000000000e+00	0.0000000000e+00	0.0000000000e+00	0.0000000000e+00	0.0000000000e+00	0.0000000000e+00	0.0000000000e+00	0.0000000000e+00	0.0000000000e+00	0.0000000000e+00	0.0000000000e+00	0.0000000000e+00	0.0000000000e+00	0.0000000000e+00	0.0000000000e+00	0.0000000000e+00	0.0000000000e+00
1.0543816025e+05	2.9733934506e-14	0.0000000000e+00	0.0000000000e+00	0.0000000000e+00	0.0000000000e+00	0.0000000000e+00	0.0000000000e+00	0.0000000000e+00	0.0000000000e+00	0.0000000000e+00	0.0000000000e+00	0.0000000000e+00	0.0000000000e+00	0.0000000000e+00	0.0000000000e+00	0.0000000000e+00	0.0000000000e+00	0.0000000000e+00	0.0000000000e+00	0.0000000000e+00	0.0000000000e+00	0.0000000000e+00	0.0000000000e+00	0.0000000000e+00	0.0000000000e+00
1.0543900150e+05	2.9608993184e-14	0.0000000000e+00	0.0000000000e+00	0.0000000000e+00	0.0000000000e+00	0.0000000000e+00	0.0000000000e+00	0.0000000000e+00	0.0000000000e+00	0.0000000000e+00	0.0000000000e+00	0.0000000000e+00	0.0000000000e+00	0.0000000000e+00	0.0000000000e+00	0.0000000000e+00	0.0000000000e+00	0.0000000000e+00	0.0000000000e+00	0.0000000000e+00	0.0000000000e+00	0.0000000000e+00	0.0000000000e+00	0.0000000000e+00	0.0000000000e+00
1.0543985249e+05	2.9481760727e-14	0.0000000000e+00	0.0000000000e+00	0.0000000000e+00	0.0000000000e+00	0.0000000000e+00	0.0000000000e+00	0.0000000000e+00	0.0000000000e+00	0.0000000000e+00	0.0000000000e+00	0.0000000000e+00	0.0000000000e+00	0.0000000000e+00	0.0000000000e+00	0.0000000000e+00	0.0000000000e+00	0.0000000000e+00	0.0000000000e+00	0.0000000000e+00	0.0000000000e+00	0.0000000000e+00	0.0000000000e+00	0.0000000000e+00	0.0000000000e+00
1.0544071333e+05	2.9352885423e-14	0.0000000000e+00	0.0000000000e+00	0.0000000000e+00	0.0000000000e+00	0.0000000000e+00	0.0000000000e+00	0.0000000000e+00	0.0000000000e+00	0.0000000000e+00	0.0000000000e+00	0.0000000000e+00	0.0000000000e+00	0.0000000000e+00	0.0000000000e+00	0.0000000000e+00	0.0000000000e+00	0.0000000000e+00	0.0000000000e+00	0.0000000000e+00	0.0000000000e+00	0.0000000000e+00	0.0000000000e+00	0.0000000000e+00	0.0000000000e+00
1.0544158415e+05	2.9746745587e-14	0.0000000000e+00	0.0000000000e+00	0.0000000000e+00	0.0000000000e+00	0.0000000000e+00	0.0000000000e+00	0.0000000000e+00	0.0000000000e+00	0.0000000000e+00	0.0000000000e+00	0.0000000000e+00	0.0000000000e+00	0.0000000000e+00	0.0000000000e+00	0.0000000000e+00	0.0000000000e+00	0.0000000000e+00	0.0000000000e+00	0.0000000000e+00	0.0000000000e+00	0.0000000000e+00	0.0000000000e+00	0.0000000000e+00	0.0000000000e+00
1.0544246504e+05	2.9627301588e-14	0.0000000000e+00	0.0000000000e+00	0.0000000000e+00	0.0000000000e+00	0.0000000000e+00	0.0000000000e+00	0.0000000000e+00	0.0000000000e+00	0.0000000000e+00	0.0000000000e+00	0.0000000000e+00	0.0000000000e+00	0.0000000000e+00	0.0000000000e+00	0.0000000000e+00	0.0000000000e+00	0.0000000000e+00	0.0000000000e+00	0.0000000000e+00	0.0000000000e+00	0.0000000000e+00	0.0000000000e+00	0.0000000000e+00	0.0000000000e+00
1.0544335614e+05	2.9505266122e-14	0.0000000000e+00	0.0000000000e+00	0.0000000000e+00	0.0000000000e+00	0.0000000000e+00	0.0000000000e+00	0.0000000000e+00	0.0000000000e+00	0.0000000000e+00	0.0000000000e+00	0.0000000000e+00	0.0000000000e+00	0.0000000000e+00	0.0000000000e+00	0.0000000000e+00	0.0000000000e+00	0.0000000000e+00	0.0000000000e+00	0.0000000000e+00	0.0000000000e+00	0.0000000000e+00	0.0000000000e+00	0.0000000000e+00	0.0000000000e+00
1.0544425756e+05	2.9380882449e-14	0.0000000000e+00	0.0000000000e+00	0.0000000000e+00	0.0000000000e+00	0.0000000000e+00	0.0000000000e+00	0.0000000000e+00	0.0000000000e+00	0.0000000000e+00	0.0000000000e+00	0.0000000000e+00	0.0000000000e+00	0.0000000000e+00	0.0000000000e+00	0.0000000000e+00	0.0000000000e+00	0.0000000000e+00	0.0000000000e+00	0.0000000000e+00	0.0000000000e+00	0.0000000000e+00	0.0000000000e+00	0.0000000000e+00	0.0000000000e+00
1.0544516941e+05	2.9254537031e-14	0.0000000000e+00	0.0000000000e+00	0.0000000000e+00	0.0000000000e+00	0.0000000000e+00	0.0000000000e+00	0.0000000000e+00	0.0000000000e+00	0.0000000000e+00	0.0000000000e+00	0.0000000000e+00	0.0000000000e+00	0.0000000000e+00	0.0000000000e+00	0.0000000000e+00	0.0000000000e+00	0.0000000000e+00	0.0000000000e+00	0.0000000000e+00	0.0000000000e+00	0.0000000000e+00	0.0000000000e+00	0.0000000000e+00	0.0000000000e+00
1.0544609182e+05	2.9126442994e-14	0.0000000000e+00	0.0000000000e+00	0.0000000000e+00	0.0000000000e+00	0.0000000000e+00	0.0000000000e+00	0.0000000000e+00	0.0000000000e+00	0.0000000000e+00	0.0000000000e+00	0.0000000000e+00	0.0000000000e+00	0.0000000000e+00	0.0000000000e+00	0.0000000000e+00	0.0000000000e+00	0.0000000000e+00	0.0000000000e+00	0.0000000000e+00	0.0000000000e+00	0.0000000000e+00	0.0000000000e+00	0.0000000000e+00	0.0000000000e+00
1.0544702492e+05	2.8990609241e-14	0.0000000000e+00	0.0000000000e+00	0.0000000000e+00	0.0000000000e+00	0.0000000000e+00	0.0000000000e+00	0.0000000000e+00	0.0000000000e+00	0.0000000000e+00	0.0000000000e+00	0.0000000000e+00	0.0000000000e+00	0.0000000000e+00	0.0000000000e+00	0.0000000000e+00	0.0000000000e+00	0.0000000000e+00	0.0000000000e+00	0.0000000000e+00	0.0000000000e+00	0.0000000000e+00	0.0000000000e+00	0.0000000000e+00	0.0000000000e+00
1.0544796882e+05	2.8872934356e-14	0.0000000000e+00	0.0000000000e+00	0.0000000000e+00	0.0000000000e+00	0.0000000000e+00	0.0000000000e+00	0.0000000000e+00	0.0000000000e+00	0.0000000000e+00	0.0000000000e+00	0.0000000000e+00	0.0000000000e+00	0.0000000000e+00	0.0000000000e+00	0.0000000000e+00	0.0000000000e+00	0.0000000000e+00	0.0000000000e+00	0.0000000000e+00	0.0000000000e+00	0.0000000000e+00	0.0000000000e+00	0.0000000000e+00	0.0000000000e+00
1.0544892364e+05	2.9524318526e-14	0.0000000000e+00	0.0000000000e+00	0.0000000000e+00	0.0000000000e+00	0.0000000000e+00	0.0000000000e+00	0.0000000000e+00	0.0000000000e+00	0.0000000000e+00	0.0000000000e+00	0.0000000000e+00	0.0000000000e+00	0.0000000000e+00	0.0000000000e+00	0.0000000000e+00	0.0000000000e+00	0.0000000000e+00	0.0000000000e+00	0.0000000000e+00	0.0000000000e+00	0.0000000000e+00	0.0000000000e+00	0.0000000000e+00	0.0000000000e+00
1.0544988953e+05	2.9084059246e-14	0.0000000000e+00	0.0000000000e+00	0.0000000000e+00	0.0000000000e+00	0.0000000000e+00	0.0000000000e+00	0.0000000000e+00	0.0000000000e+00	0.0000000000e+00	0.0000000000e+00	0.0000000000e+00	0.0000000000e+00	0.0000000000e+00	0.0000000000e+00	0.0000000000e+00	0.0000000000e+00	0.0000000000e+00	0.0000000000e+00	0.0000000000e+00	0.0000000000e+00	0.0000000000e+00	0.0000000000e+00	0.0000000000e+00	0.0000000000e+00
1.0545086660e+05	2.8773288409e-14	0.0000000000e+00	0.0000000000e+00	0.0000000000e+00	0.0000000000e+00	0.0000000000e+00	0.0000000000e+00	0.0000000000e+00	0.0000000000e+00	0.0000000000e+00	0.0000000000e+00	0.0000000000e+00	0.0000000000e+00	0.0000000000e+00	0.0000000000e+00	0.0000000000e+00	0.0000000000e+00	0.0000000000e+00	0.0000000000e+00	0.0000000000e+00	0.0000000000e+00	0.0000000000e+00	0.0000000000e+00	0.0000000000e+00	0.0000000000e+00
1.0545185498e+05	2.8473165933e-14	0.0000000000e+00	0.0000000000e+00	0.0000000000e+00	0.0000000000e+00	0.0000000000e+00	0.0000000000e+00	0.0000000000e+00	0.0000000000e+00	0.0000000000e+00	0.0000000000e+00	0.0000000000e+00	0.0000000000e+00	0.0000000000e+00	0.0000000000e+00	0.0000000000e+00	0.0000000000e+00	0.0000000000e+00	0.0000000000e+00	0.0000000000e+00	0.0000000000e+00	0.0000000000e+00	0.0000000000e+00	0.0000000000e+00	0.0000000000e+00
1.0545285481e+05	2.9178522904e-14	0.0000000000e+00	0.0000000000e+00	0.0000000000e+00	0.0000000000e+00	0.0000000000e+00	0.0000000000e+00	0.0000000000e+00	0.0000000000e+00	0.0000000000e+00	0.0000000000e+00	0.0000000000e+00	0.0000000000e+00	0.0000000000e+00	0.0000000000e+00	0.0000000000e+00	0.0000000000e+00	0.0000000000e+00	0.0000000000e+00	0.0000000000e+00	0.0000000000e+00	0.0000000000e+00	0.0000000000e+00	0.0000000000e+00	0.0000000000e+00
1.0545386621e+05	2.9151864488e-14	0.0000000000e+00	0.0000000000e+00	0.0000000000e+00	0.0000000000e+00	0.0000000000e+00	0.0000000000e+00	0.0000000000e+00	0.0000000000e+00	0.0000000000e+00	0.0000000000e+00	0.0000000000e+00	0.0000000000e+00	0.0000000000e+00	0.0000000000e+00	0.0000000000e+00	0.0000000000e+00	0.0000000000e+00	0.0000000000e+00	0.0000000000e+00	0.0000000000e+00	0.0000000000e+00	0.0000000000e+00	0.0000000000e+00	0.0000000000e+00
1.0545488933e+05	2.9484251584e-14	0.0000000000e+00	0.0000000000e+00	0.0000000000e+00	0.0000000000e+00	0.0000000000e+00	0.0000000000e+00	0.0000000000e+00	0.0000000000e+00	0.0000000000e+00	0.0000000000e+00	0.0000000000e+00	0.0000000000e+00	0.0000000000e+00	0.0000000000e+00	0.0000000000e+00	0.0000000000e+00	0.0000000000e+00	0.0000000000e+00	0.0000000000e+00	0.0000000000e+00	0.0000000000e+00	0.0000000000e+00	0.0000000000e+00	0.0000000000e+00
1.0545592429e+05	2.9810183307e-14	0.0000000000e+00	0.0000000000e+00	0.0000000000e+00	0.0000000000e+00	0.0000000000e+00	0.0000000000e+00	0.0000000000e+00	0.0000000000e+00	0.0000000000e+00	0.0000000000e+00	0.0000000000e+00	0.0000000000e+00	0.0000000000e+00	0.0000000000e+00	0.0000000000e+00	0.0000000000e+00	0.0000000000e+00	0.0000000000e+00	0.0000000000e+00	0.0000000000e+00	0.0000000000e+00	0.0000000000e+00	0.0000000000e+00	0.0000000000e+00
1.0545697124e+05	2.9602574492e-14	0.0000000000e+00	0.0000000000e+00	0.0000000000e+00	0.0000000000e+00	0.0000000000e+00	0.0000000000e+00	0.0000000000e+00	0.0000000000e+00	0.0000000000e+00	0.0000000000e+00	0.0000000000e+00	0.0000000000e+00	0.0000000000e+00	0.0000000000e+00	0.0000000000e+00	0.0000000000e+00	0.0000000000e+00	0.0000000000e+00	0.0000000000e+00	0.0000000000e+00	0.0000000000e+00	0.0000000000e+00	0.0000000000e+00	0.0000000000e+00
1.0545803031e+05	2.9522285182e-14	0.0000000000e+00	0.0000000000e+00	0.0000000000e+00	0.0000000000e+00	0.0000000000e+00	0.0000000000e+00	0.0000000000e+00	0.0000000000e+00	0.0000000000e+00	0.0000000000e+00	0.0000000000e+00	0.0000000000e+00	0.0000000000e+00	0.0000000000e+00	0.0000000000e+00	0.0000000000e+00	0.0000000000e+00	0.0000000000e+00	0.0000000000e+00	0.0000000000e+00	0.0000000000e+00	0.0000000000e+00	0.0000000000e+00	0.0000000000e+00
1.0545910165e+05	2.9054568941e-14	0.0000000000e+00	0.0000000000e+00	0.0000000000e+00	0.0000000000e+00	0.0000000000e+00	0.0000000000e+00	0.0000000000e+00	0.0000000000e+00	0.0000000000e+00	0.0000000000e+00	0.0000000000e+00	0.0000000000e+00	0.0000000000e+00	0.0000000000e+00	0.0000000000e+00	0.0000000000e+00	0.0000000000e+00	0.0000000000e+00	0.0000000000e+00	0.0000000000e+00	0.0000000000e+00	0.0000000000e+00	0.0000000000e+00	0.0000000000e+00
1.0546018539e+05	2.9043787209e-14	0.0000000000e+00	0.0000000000e+00	0.0000000000e+00	0.0000000000e+00	0.0000000000e+00	0.0000000000e+00	0.0000000000e+00	0.0000000000e+00	0.0000000000e+00	0.0000000000e+00	0.0000000000e+00	0.0000000000e+00	0.0000000000e+00	0.0000000000e+00	0.0000000000e+00	0.0000000000e+00	0.0000000000e+00	0.0000000000e+00	0.0000000000e+00	0.0000000000e+00	0.0000000000e+00	0.0000000000e+00	0.0000000000e+00	0.0000000000e+00
1.0546128168e+05	2.8878920060e-14	0.0000000000e+00	0.0000000000e+00	0.0000000000e+00	0.0000000000e+00	0.0000000000e+00	0.0000000000e+00	0.0000000000e+00	0.0000000000e+00	0.0000000000e+00	0.0000000000e+00	0.0000000000e+00	0.0000000000e+00	0.0000000000e+00	0.0000000000e+00	0.0000000000e+00	0.0000000000e+00	0.0000000000e+00	0.0000000000e+00	0.0000000000e+00	0.0000000000e+00	0.0000000000e+00	0.0000000000e+00	0.0000000000e+00	0.0000000000e+00
1.0546239066e+05	2.8592373695e-14	0.0000000000e+00	0.0000000000e+00	0.0000000000e+00	0.0000000000e+00	0.0000000000e+00	0.0000000000e+00	0.0000000000e+00	0.0000000000e+00	0.0000000000e+00	0.0000000000e+00	0.0000000000e+00	0.0000000000e+00	0.0000000000e+00	0.0000000000e+00	0.0000000000e+00	0.0000000000e+00	0.0000000000e+00	0.0000000000e+00	0.0000000000e+00	0.0000000000e+00	0.0000000000e+00	0.0000000000e+00	0.0000000000e+00	0.0000000000e+00
1.0546351249e+05	2.8107519244e-14	0.0000000000e+00	0.0000000000e+00	0.0000000000e+00	0.0000000000e+00	0.0000000000e+00	0.0000000000e+00	0.0000000000e+00	0.0000000000e+00	0.0000000000e+00	0.0000000000e+00	0.0000000000e+00	0.0000000000e+00	0.0000000000e+00	0.0000000000e+00	0.0000000000e+00	0.0000000000e+00	0.0000000000e+00	0.0000000000e+00	0.0000000000e+00	0.0000000000e+00	0.0000000000e+00	0.0000000000e+00	0.0000000000e+00	0.0000000000e+00
1.0546464730e+05	2.8023270618e-14	0.0000000000e+00	0.0000000000e+00	0.0000000000e+00	0.0000000000e+00	0.0000000000e+00	0.0000000000e+00	0.0000000000e+00	0.0000000000e+00	0.0000000000e+00	0.0000000000e+00	0.0000000000e+00	0.0000000000e+00	0.0000000000e+00	0.0000000000e+00	0.0000000000e+00	0.0000000000e+00	0.0000000000e+00	0.0000000000e+00	0.0000000000e+00	0.0000000000e+00	0.0000000000e+00	0.0000000000e+00	0.0000000000e+00	0.0000000000e+00
1.0546579526e+05	2.8152359207e-14	0.0000000000e+00	0.0000000000e+00	0.0000000000e+00	0.0000000000e+00	0.0000000000e+00	0.0000000000e+00	0.0000000000e+00	0.0000000000e+00	0.0000000000e+00	0.0000000000e+00	0.0000000000e+00	0.0000000000e+00	0.0000000000e+00	0.0000000000e+00	0.0000000000e+00	0.0000000000e+00	0.0000000000e+00	0.0000000000e+00	0.0000000000e+00	0.0000000000e+00	0.0000000000e+00	0.0000000000e+00	0.0000000000e+00	0.0000000000e+00
1.0546695651e+05	2.8096346230e-14	0.0000000000e+00	0.0000000000e+00	0.0000000000e+00	0.0000000000e+00	0.0000000000e+00	0.0000000000e+00	0.0000000000e+00	0.0000000000e+00	0.0000000000e+00	0.0000000000e+00	0.0000000000e+00	0.0000000000e+00	0.0000000000e+00	0.0000000000e+00	0.0000000000e+00	0.0000000000e+00	0.0000000000e+00	0.0000000000e+00	0.0000000000e+00	0.0000000000e+00	0.0000000000e+00	0.0000000000e+00	0.0000000000e+00	0.0000000000e+00
1.0546813120e+05	2.8467144947e-14	0.0000000000e+00	0.0000000000e+00	0.0000000000e+00	0.0000000000e+00	0.0000000000e+00	0.0000000000e+00	0.0000000000e+00	0.0000000000e+00	0.0000000000e+00	0.0000000000e+00	0.0000000000e+00	0.0000000000e+00	0.0000000000e+00	0.0000000000e+00	0.0000000000e+00	0.0000000000e+00	0.0000000000e+00	0.0000000000e+00	0.0000000000e+00	0.0000000000e+00	0.0000000000e+00	0.0000000000e+00	0.0000000000e+00	0.0000000000e+00
1.0546931950e+05	2.8586199194e-14	0.0000000000e+00	0.0000000000e+00	0.0000000000e+00	0.0000000000e+00	0.0000000000e+00	0.0000000000e+00	0.0000000000e+00	0.0000000000e+00	0.0000000000e+00	0.0000000000e+00	0.0000000000e+00	0.0000000000e+00	0.0000000000e+00	0.0000000000e+00	0.0000000000e+00	0.0000000000e+00	0.0000000000e+00	0.0000000000e+00	0.0000000000e+00	0.0000000000e+00	0.0000000000e+00	0.0000000000e+00	0.0000000000e+00	0.0000000000e+00
1.0547052156e+05	2.8944023441e-14	0.0000000000e+00	0.0000000000e+00	0.0000000000e+00	0.0000000000e+00	0.0000000000e+00	0.0000000000e+00	0.0000000000e+00	0.0000000000e+00	0.0000000000e+00	0.0000000000e+00	0.0000000000e+00	0.0000000000e+00	0.0000000000e+00	0.0000000000e+00	0.0000000000e+00	0.0000000000e+00	0.0000000000e+00	0.0000000000e+00	0.0000000000e+00	0.0000000000e+00	0.0000000000e+00	0.0000000000e+00	0.0000000000e+00	0.0000000000e+00
1.0547173753e+05	2.9430662945e-14	0.0000000000e+00	0.0000000000e+00	0.0000000000e+00	0.0000000000e+00	0.0000000000e+00	0.0000000000e+00	0.0000000000e+00	0.0000000000e+00	0.0000000000e+00	0.0000000000e+00	0.0000000000e+00	0.0000000000e+00	0.0000000000e+00	0.0000000000e+00	0.0000000000e+00	0.0000000000e+00	0.0000000000e+00	0.0000000000e+00	0.0000000000e+00	0.0000000000e+00	0.0000000000e+00	0.0000000000e+00	0.0000000000e+00	0.0000000000e+00
1.0547296759e+05	2.9355804832e-14	0.0000000000e+00	0.0000000000e+00	0.0000000000e+00	0.0000000000e+00	0.0000000000e+00	0.0000000000e+00	0.0000000000e+00	0.0000000000e+00	0.0000000000e+00	0.0000000000e+00	0.0000000000e+00	0.0000000000e+00	0.0000000000e+00	0.0000000000e+00	0.0000000000e+00	0.0000000000e+00	0.0000000000e+00	0.0000000000e+00	0.0000000000e+00	0.0000000000e+00	0.0000000000e+00	0.0000000000e+00	0.0000000000e+00	0.0000000000e+00
1.0547421189e+05	2.9370107644e-14	0.0000000000e+00	0.0000000000e+00	0.0000000000e+00	0.0000000000e+00	0.0000000000e+00	0.0000000000e+00	0.0000000000e+00	0.0000000000e+00	0.0000000000e+00	0.0000000000e+00	0.0000000000e+00	0.0000000000e+00	0.0000000000e+00	0.0000000000e+00	0.0000000000e+00	0.0000000000e+00	0.0000000000e+00	0.0000000000e+00	0.0000000000e+00	0.0000000000e+00	0.0000000000e+00	0.0000000000e+00	0.0000000000e+00	0.0000000000e+00
1.0547547060e+05	2.9929505713e-14	0.0000000000e+00	0.0000000000e+00	0.0000000000e+00	0.0000000000e+00	0.0000000000e+00	0.0000000000e+00	0.0000000000e+00	0.0000000000e+00	0.0000000000e+00	0.0000000000e+00	0.0000000000e+00	0.0000000000e+00	0.0000000000e+00	0.0000000000e+00	0.0000000000e+00	0.0000000000e+00	0.0000000000e+00	0.0000000000e+00	0.0000000000e+00	0.0000000000e+00	0.0000000000e+00	0.0000000000e+00	0.0000000000e+00	0.0000000000e+00
1.0547674388e+05	2.9922529979e-14	0.0000000000e+00	0.0000000000e+00	0.0000000000e+00	0.0000000000e+00	0.0000000000e+00	0.0000000000e+00	0.0000000000e+00	0.0000000000e+00	0.0000000000e+00	0.0000000000e+00	0.0000000000e+00	0.0000000000e+00	0.0000000000e+00	0.0000000000e+00	0.0000000000e+00	0.0000000000e+00	0.0000000000e+00	0.0000000000e+00	0.0000000000e+00	0.0000000000e+00	0.0000000000e+00	0.0000000000e+00	0.0000000000e+00	0.0000000000e+00
1.0547803191e+05	2.9608466350e-14	0.0000000000e+00	0.0000000000e+00	0.0000000000e+00	0.0000000000e+00	0.0000000000e+00	0.0000000000e+00	0.0000000000e+00	0.0000000000e+00	0.0000000000e+00	0.0000000000e+00	0.0000000000e+00	0.0000000000e+00	0.0000000000e+00	0.0000000000e+00	0.0000000000e+00	0.0000000000e+00	0.0000000000e+00	0.0000000000e+00	0.0000000000e+00	0.0000000000e+00	0.0000000000e+00	0.0000000000e+00	0.0000000000e+00	0.0000000000e+00
1.0547933485e+05	2.9320663556e-14	0.0000000000e+00	0.0000000000e+00	0.0000000000e+00	0.0000000000e+00	0.0000000000e+00	0.0000000000e+00	0.0000000000e+00	0.0000000000e+00	0.0000000000e+00	0.0000000000e+00	0.0000000000e+00	0.0000000000e+00	0.0000000000e+00	0.0000000000e+00	0.0000000000e+00	0.0000000000e+00	0.0000000000e+00	0.0000000000e+00	0.0000000000e+00	0.0000000000e+00	0.0000000000e+00	0.0000000000e+00	0.0000000000e+00	0.0000000000e+00
1.0548065288e+05	2.9562382781e-14	0.0000000000e+00	0.0000000000e+00	0.0000000000e+00	0.0000000000e+00	0.0000000000e+00	0.0000000000e+00	0.0000000000e+00	0.0000000000e+00	0.0000000000e+00	0.0000000000e+00	0.0000000000e+00	0.0000000000e+00	0.0000000000e+00	0.0000000000e+00	0.0000000000e+00	0.0000000000e+00	0.0000000000e+00	0.0000000000e+00	0.0000000000e+00	0.0000000000e+00	0.0000000000e+00	0.0000000000e+00	0.0000000000e+00	0.0000000000e+00
1.0548198617e+05	2.9348138768e-14	0.0000000000e+00	0.0000000000e+00	0.0000000000e+00	0.0000000000e+00	0.0000000000e+00	0.0000000000e+00	0.0000000000e+00	0.0000000000e+00	0.0000000000e+00	0.0000000000e+00	0.0000000000e+00	0.0000000000e+00	0.0000000000e+00	0.0000000000e+00	0.0000000000e+00	0.0000000000e+00	0.0000000000e+00	0.0000000000e+00	0.0000000000e+00	0.0000000000e+00	0.0000000000e+00	0.0000000000e+00	0.0000000000e+00	0.0000000000e+00
1.0548333490e+05	2.8981576171e-14	0.0000000000e+00	0.0000000000e+00	0.0000000000e+00	0.0000000000e+00	0.0000000000e+00	0.0000000000e+00	0.0000000000e+00	0.0000000000e+00	0.0000000000e+00	0.0000000000e+00	0.0000000000e+00	0.0000000000e+00	0.0000000000e+00	0.0000000000e+00	0.0000000000e+00	0.0000000000e+00	0.0000000000e+00	0.0000000000e+00	0.0000000000e+00	0.0000000000e+00	0.0000000000e+00	0.0000000000e+00	0.0000000000e+00	0.0000000000e+00
1.0548469925e+05	2.8480255216e-14	0.0000000000e+00	0.0000000000e+00	0.0000000000e+00	0.0000000000e+00	0.0000000000e+00	0.0000000000e+00	0.0000000000e+00	0.0000000000e+00	0.0000000000e+00	0.0000000000e+00	0.0000000000e+00	0.0000000000e+00	0.0000000000e+00	0.0000000000e+00	0.0000000000e+00	0.0000000000e+00	0.0000000000e+00	0.0000000000e+00	0.0000000000e+00	0.0000000000e+00	0.0000000000e+00	0.0000000000e+00	0.0000000000e+00	0.0000000000e+00
1.0548607940e+05	2.8069734820e-14	0.0000000000e+00	0.0000000000e+00	0.0000000000e+00	0.0000000000e+00	0.0000000000e+00	0.0000000000e+00	0.0000000000e+00	0.0000000000e+00	0.0000000000e+00	0.0000000000e+00	0.0000000000e+00	0.0000000000e+00	0.0000000000e+00	0.0000000000e+00	0.0000000000e+00	0.0000000000e+00	0.0000000000e+00	0.0000000000e+00	0.0000000000e+00	0.0000000000e+00	0.0000000000e+00	0.0000000000e+00	0.0000000000e+00	0.0000000000e+00
1.0548747553e+05	2.7766527400e-14	0.0000000000e+00	0.0000000000e+00	0.0000000000e+00	0.0000000000e+00	0.0000000000e+00	0.0000000000e+00	0.0000000000e+00	0.0000000000e+00	0.0000000000e+00	0.0000000000e+00	0.0000000000e+00	0.0000000000e+00	0.0000000000e+00	0.0000000000e+00	0.0000000000e+00	0.0000000000e+00	0.0000000000e+00	0.0000000000e+00	0.0000000000e+00	0.0000000000e+00	0.0000000000e+00	0.0000000000e+00	0.0000000000e+00	0.0000000000e+00
1.0548888782e+05	2.7885991260e-14	0.0000000000e+00	0.0000000000e+00	0.0000000000e+00	0.0000000000e+00	0.0000000000e+00	0.0000000000e+00	0.0000000000e+00	0.0000000000e+00	0.0000000000e+00	0.0000000000e+00	0.0000000000e+00	0.0000000000e+00	0.0000000000e+00	0.0000000000e+00	0.0000000000e+00	0.0000000000e+00	0.0000000000e+00	0.0000000000e+00	0.0000000000e+00	0.0000000000e+00	0.0000000000e+00	0.0000000000e+00	0.0000000000e+00	0.0000000000e+00
1.0549031647e+05	2.7503019155e-14	0.0000000000e+00	0.0000000000e+00	0.0000000000e+00	0.0000000000e+00	0.0000000000e+00	0.0000000000e+00	0.0000000000e+00	0.0000000000e+00	0.0000000000e+00	0.0000000000e+00	0.0000000000e+00	0.0000000000e+00	0.0000000000e+00	0.0000000000e+00	0.0000000000e+00	0.0000000000e+00	0.0000000000e+00	0.0000000000e+00	0.0000000000e+00	0.0000000000e+00	0.0000000000e+00	0.0000000000e+00	0.0000000000e+00	0.0000000000e+00
1.0549176166e+05	2.7127134268e-14	0.0000000000e+00	0.0000000000e+00	0.0000000000e+00	0.0000000000e+00	0.0000000000e+00	0.0000000000e+00	0.0000000000e+00	0.0000000000e+00	0.0000000000e+00	0.0000000000e+00	0.0000000000e+00	0.0000000000e+00	0.0000000000e+00	0.0000000000e+00	0.0000000000e+00	0.0000000000e+00	0.0000000000e+00	0.0000000000e+00	0.0000000000e+00	0.0000000000e+00	0.0000000000e+00	0.0000000000e+00	0.0000000000e+00	0.0000000000e+00
1.0549322358e+05	2.7251038347e-14	0.0000000000e+00	0.0000000000e+00	0.0000000000e+00	0.0000000000e+00	0.0000000000e+00	0.0000000000e+00	0.0000000000e+00	0.0000000000e+00	0.0000000000e+00	0.0000000000e+00	0.0000000000e+00	0.0000000000e+00	0.0000000000e+00	0.0000000000e+00	0.0000000000e+00	0.0000000000e+00	0.0000000000e+00	0.0000000000e+00	0.0000000000e+00	0.0000000000e+00	0.0000000000e+00	0.0000000000e+00	0.0000000000e+00	0.0000000000e+00
1.0549470244e+05	2.7074399463e-14	0.0000000000e+00	0.0000000000e+00	0.0000000000e+00	0.0000000000e+00	0.0000000000e+00	0.0000000000e+00	0.0000000000e+00	0.0000000000e+00	0.0000000000e+00	0.0000000000e+00	0.0000000000e+00	0.0000000000e+00	0.0000000000e+00	0.0000000000e+00	0.0000000000e+00	0.0000000000e+00	0.0000000000e+00	0.0000000000e+00	0.0000000000e+00	0.0000000000e+00	0.0000000000e+00	0.0000000000e+00	0.0000000000e+00	0.0000000000e+00
1.0549619842e+05	2.6932028923e-14	0.0000000000e+00	0.0000000000e+00	0.0000000000e+00	0.0000000000e+00	0.0000000000e+00	0.0000000000e+00	0.0000000000e+00	0.0000000000e+00	0.0000000000e+00	0.0000000000e+00	0.0000000000e+00	0.0000000000e+00	0.0000000000e+00	0.0000000000e+00	0.0000000000e+00	0.0000000000e+00	0.0000000000e+00	0.0000000000e+00	0.0000000000e+00	0.0000000000e+00	0.0000000000e+00	0.0000000000e+00	0.0000000000e+00	0.0000000000e+00
1.0549771172e+05	2.7183477950e-14	0.0000000000e+00	0.0000000000e+00	0.0000000000e+00	0.0000000000e+00	0.0000000000e+00	0.0000000000e+00	0.0000000000e+00	0.0000000000e+00	0.0000000000e+00	0.0000000000e+00	0.0000000000e+00	0.0000000000e+00	0.0000000000e+00	0.0000000000e+00	0.0000000000e+00	0.0000000000e+00	0.0000000000e+00	0.0000000000e+00	0.0000000000e+00	0.0000000000e+00	0.0000000000e+00	0.0000000000e+00	0.0000000000e+00	0.0000000000e+00
1.0549924254e+05	2.7040756092e-14	0.0000000000e+00	0.0000000000e+00	0.0000000000e+00	0.0000000000e+00	0.0000000000e+00	0.0000000000e+00	0.0000000000e+00	0.0000000000e+00	0.0000000000e+00	0.0000000000e+00	0.0000000000e+00	0.0000000000e+00	0.0000000000e+00	0.0000000000e+00	0.0000000000e+00	0.0000000000e+00	0.0000000000e+00	0.0000000000e+00	0.0000000000e+00	0.0000000000e+00	0.0000000000e+00	0.0000000000e+00	0.0000000000e+00	0.0000000000e+00
1.0550079109e+05	2.6966650861e-14	0.0000000000e+00	0.0000000000e+00	0.0000000000e+00	0.0000000000e+00	0.0000000000e+00	0.0000000000e+00	0.0000000000e+00	0.0000000000e+00	0.0000000000e+00	0.0000000000e+00	0.0000000000e+00	0.0000000000e+00	0.0000000000e+00	0.0000000000e+00	0.0000000000e+00	0.0000000000e+00	0.0000000000e+00	0.0000000000e+00	0.0000000000e+00	0.0000000000e+00	0.0000000000e+00	0.0000000000e+00	0.0000000000e+00	0.0000000000e+00
1.0550235757e+05	2.7367987603e-14	0.0000000000e+00	0.0000000000e+00	0.0000000000e+00	0.0000000000e+00	0.0000000000e+00	0.0000000000e+00	0.0000000000e+00	0.0000000000e+00	0.0000000000e+00	0.0000000000e+00	0.0000000000e+00	0.0000000000e+00	0.0000000000e+00	0.0000000000e+00	0.0000000000e+00	0.0000000000e+00	0.0000000000e+00	0.0000000000e+00	0.0000000000e+00	0.0000000000e+00	0.0000000000e+00	0.0000000000e+00	0.0000000000e+00	0.0000000000e+00
1.0550394219e+05	2.7367985868e-14	0.0000000000e+00	0.0000000000e+00	0.0000000000e+00	0.0000000000e+00	0.0000000000e+00	0.0000000000e+00	0.0000000000e+00	0.0000000000e+00	0.0000000000e+00	0.0000000000e+00	0.0000000000e+00	0.0000000000e+00	0.0000000000e+00	0.0000000000e+00	0.0000000000e+00	0.0000000000e+00	0.0000000000e+00	0.0000000000e+00	0.0000000000e+00	0.0000000000e+00	0.0000000000e+00	0.0000000000e+00	0.0000000000e+00	0.0000000000e+00
1.0550554516e+05	2.7503405245e-14	0.0000000000e+00	0.0000000000e+00	0.0000000000e+00	0.0000000000e+00	0.0000000000e+00	0.0000000000e+00	0.0000000000e+00	0.0000000000e+00	0.0000000000e+00	0.0000000000e+00	0.0000000000e+00	0.0000000000e+00	0.0000000000e+00	0.0000000000e+00	0.0000000000e+00	0.0000000000e+00	0.0000000000e+00	0.0000000000e+00	0.0000000000e+00	0.0000000000e+00	0.0000000000e+00	0.0000000000e+00	0.0000000000e+00	0.0000000000e+00
1.0550716669e+05	2.7553830765e-14	0.0000000000e+00	0.0000000000e+00	0.0000000000e+00	0.0000000000e+00	0.0000000000e+00	0.0000000000e+00	0.0000000000e+00	0.0000000000e+00	0.0000000000e+00	0.0000000000e+00	0.0000000000e+00	0.0000000000e+00	0.0000000000e+00	0.0000000000e+00	0.0000000000e+00	0.0000000000e+00	0.0000000000e+00	0.0000000000e+00	0.0000000000e+00	0.0000000000e+00	0.0000000000e+00	0.0000000000e+00	0.0000000000e+00	0.0000000000e+00
1.0550880700e+05	2.7628583680e-14	0.0000000000e+00	0.0000000000e+00	0.0000000000e+00	0.0000000000e+00	0.0000000000e+00	0.0000000000e+00	0.0000000000e+00	0.0000000000e+00	0.0000000000e+00	0.0000000000e+00	0.0000000000e+00	0.0000000000e+00	0.0000000000e+00	0.0000000000e+00	0.0000000000e+00	0.0000000000e+00	0.0000000000e+00	0.0000000000e+00	0.0000000000e+00	0.0000000000e+00	0.0000000000e+00	0.0000000000e+00	0.0000000000e+00	0.0000000000e+00
1.0551046630e+05	2.8118063429e-14	0.0000000000e+00	0.0000000000e+00	0.0000000000e+00	0.0000000000e+00	0.0000000000e+00	0.0000000000e+00	0.0000000000e+00	0.0000000000e+00	0.0000000000e+00	0.0000000000e+00	0.0000000000e+00	0.0000000000e+00	0.0000000000e+00	0.0000000000e+00	0.0000000000e+00	0.0000000000e+00	0.0000000000e+00	0.0000000000e+00	0.0000000000e+00	0.0000000000e+00	0.0000000000e+00	0.0000000000e+00	0.0000000000e+00	0.0000000000e+00
1.0551214482e+05	2.8242887047e-14	0.0000000000e+00	0.0000000000e+00	0.0000000000e+00	0.0000000000e+00	0.0000000000e+00	0.0000000000e+00	0.0000000000e+00	0.0000000000e+00	0.0000000000e+00	0.0000000000e+00	0.0000000000e+00	0.0000000000e+00	0.0000000000e+00	0.0000000000e+00	0.0000000000e+00	0.0000000000e+00	0.0000000000e+00	0.0000000000e+00	0.0000000000e+00	0.0000000000e+00	0.0000000000e+00	0.0000000000e+00	0.0000000000e+00	0.0000000000e+00
1.0551384277e+05	2.8354702432e-14	0.0000000000e+00	0.0000000000e+00	0.0000000000e+00	0.0000000000e+00	0.0000000000e+00	0.0000000000e+00	0.0000000000e+00	0.0000000000e+00	0.0000000000e+00	0.0000000000e+00	0.0000000000e+00	0.0000000000e+00	0.0000000000e+00	0.0000000000e+00	0.0000000000e+00	0.0000000000e+00	0.0000000000e+00	0.0000000000e+00	0.0000000000e+00	0.0000000000e+00	0.0000000000e+00	0.0000000000e+00	0.0000000000e+00	0.0000000000e+00
1.0551556038e+05	2.8810103323e-14	0.0000000000e+00	0.0000000000e+00	0.0000000000e+00	0.0000000000e+00	0.0000000000e+00	0.0000000000e+00	0.0000000000e+00	0.0000000000e+00	0.0000000000e+00	0.0000000000e+00	0.0000000000e+00	0.0000000000e+00	0.0000000000e+00	0.0000000000e+00	0.0000000000e+00	0.0000000000e+00	0.0000000000e+00	0.0000000000e+00	0.0000000000e+00	0.0000000000e+00	0.0000000000e+00	0.0000000000e+00	0.0000000000e+00	0.0000000000e+00
1.0551729788e+05	2.8863143623e-14	0.0000000000e+00	0.0000000000e+00	0.0000000000e+00	0.0000000000e+00	0.0000000000e+00	0.0000000000e+00	0.0000000000e+00	0.0000000000e+00	0.0000000000e+00	0.0000000000e+00	0.0000000000e+00	0.0000000000e+00	0.0000000000e+00	0.0000000000e+00	0.0000000000e+00	0.0000000000e+00	0.0000000000e+00	0.0000000000e+00	0.0000000000e+00	0.0000000000e+00	0.0000000000e+00	0.0000000000e+00	0.0000000000e+00	0.0000000000e+00
1.0551905550e+05	2.8834452107e-14	0.0000000000e+00	0.0000000000e+00	0.0000000000e+00	0.0000000000e+00	0.0000000000e+00	0.0000000000e+00	0.0000000000e+00	0.0000000000e+00	0.0000000000e+00	0.0000000000e+00	0.0000000000e+00	0.0000000000e+00	0.0000000000e+00	0.0000000000e+00	0.0000000000e+00	0.0000000000e+00	0.0000000000e+00	0.0000000000e+00	0.0000000000e+00	0.0000000000e+00	0.0000000000e+00	0.0000000000e+00	0.0000000000e+00	0.0000000000e+00
1.0552083347e+05	2.8968196171e-14	0.0000000000e+00	0.0000000000e+00	0.0000000000e+00	0.0000000000e+00	0.0000000000e+00	0.0000000000e+00	0.0000000000e+00	0.0000000000e+00	0.0000000000e+00	0.0000000000e+00	0.0000000000e+00	0.0000000000e+00	0.0000000000e+00	0.0000000000e+00	0.0000000000e+00	0.0000000000e+00	0.0000000000e+00	0.0000000000e+00	0.0000000000e+00	0.0000000000e+00	0.0000000000e+00	0.0000000000e+00	0.0000000000e+00	0.0000000000e+00
1.0552263204e+05	2.9592448823e-14	0.0000000000e+00	0.0000000000e+00	0.0000000000e+00	0.0000000000e+00	0.0000000000e+00	0.0000000000e+00	0.0000000000e+00	0.0000000000e+00	0.0000000000e+00	0.0000000000e+00	0.0000000000e+00	0.0000000000e+00	0.0000000000e+00	0.0000000000e+00	0.0000000000e+00	0.0000000000e+00	0.0000000000e+00	0.0000000000e+00	0.0000000000e+00	0.0000000000e+00	0.0000000000e+00	0.0000000000e+00	0.0000000000e+00	0.0000000000e+00
1.0552445142e+05	2.9553930770e-14	0.0000000000e+00	0.0000000000e+00	0.0000000000e+00	0.0000000000e+00	0.0000000000e+00	0.0000000000e+00	0.0000000000e+00	0.0000000000e+00	0.0000000000e+00	0.0000000000e+00	0.0000000000e+00	0.0000000000e+00	0.0000000000e+00	0.0000000000e+00	0.0000000000e+00	0.0000000000e+00	0.0000000000e+00	0.0000000000e+00	0.0000000000e+00	0.0000000000e+00	0.0000000000e+00	0.0000000000e+00	0.0000000000e+00	0.0000000000e+00
1.0552629188e+05	2.9859026273e-14	0.0000000000e+00	0.0000000000e+00	0.0000000000e+00	0.0000000000e+00	0.0000000000e+00	0.0000000000e+00	0.0000000000e+00	0.0000000000e+00	0.0000000000e+00	0.0000000000e+00	0.0000000000e+00	0.0000000000e+00	0.0000000000e+00	0.0000000000e+00	0.0000000000e+00	0.0000000000e+00	0.0000000000e+00	0.0000000000e+00	0.0000000000e+00	0.0000000000e+00	0.0000000000e+00	0.0000000000e+00	0.0000000000e+00	0.0000000000e+00
1.0552815364e+05	2.9783869142e-14	0.0000000000e+00	0.0000000000e+00	0.0000000000e+00	0.0000000000e+00	0.0000000000e+00	0.0000000000e+00	0.0000000000e+00	0.0000000000e+00	0.0000000000e+00	0.0000000000e+00	0.0000000000e+00	0.0000000000e+00	0.0000000000e+00	0.0000000000e+00	0.0000000000e+00	0.0000000000e+00	0.0000000000e+00	0.0000000000e+00	0.0000000000e+00	0.0000000000e+00	0.0000000000e+00	0.0000000000e+00	0.0000000000e+00	0.0000000000e+00
1.0553003697e+05	2.9678631725e-14	0.0000000000e+00	0.0000000000e+00	0.0000000000e+00	0.0000000000e+00	0.0000000000e+00	0.0000000000e+00	0.0000000000e+00	0.0000000000e+00	0.0000000000e+00	0.0000000000e+00	0.0000000000e+00	0.0000000000e+00	0.0000000000e+00	0.0000000000e+00	0.0000000000e+00	0.0000000000e+00	0.0000000000e+00	0.0000000000e+00	0.0000000000e+00	0.0000000000e+00	0.0000000000e+00	0.0000000000e+00	0.0000000000e+00	0.0000000000e+00
1.0553194210e+05	2.9527906754e-14	0.0000000000e+00	0.0000000000e+00	0.0000000000e+00	0.0000000000e+00	0.0000000000e+00	0.0000000000e+00	0.0000000000e+00	0.0000000000e+00	0.0000000000e+00	0.0000000000e+00	0.0000000000e+00	0.0000000000e+00	0.0000000000e+00	0.0000000000e+00	0.0000000000e+00	0.0000000000e+00	0.0000000000e+00	0.0000000000e+00	0.0000000000e+00	0.0000000000e+00	0.0000000000e+00	0.0000000000e+00	0.0000000000e+00	0.0000000000e+00
1.0553386929e+05	2.9291508582e-14	0.0000000000e+00	0.0000000000e+00	0.0000000000e+00	0.0000000000e+00	0.0000000000e+00	0.0000000000e+00	0.0000000000e+00	0.0000000000e+00	0.0000000000e+00	0.0000000000e+00	0.0000000000e+00	0.0000000000e+00	0.0000000000e+00	0.0000000000e+00	0.0000000000e+00	0.0000000000e+00	0.0000000000e+00	0.0000000000e+00	0.0000000000e+00	0.0000000000e+00	0.0000000000e+00	0.0000000000e+00	0.0000000000e+00	0.0000000000e+00
1.0553581880e+05	2.9145152149e-14	0.0000000000e+00	0.0000000000e+00	0.0000000000e+00	0.0000000000e+00	0.0000000000e+00	0.0000000000e+00	0.0000000000e+00	0.0000000000e+00	0.0000000000e+00	0.0000000000e+00	0.0000000000e+00	0.0000000000e+00	0.0000000000e+00	0.0000000000e+00	0.0000000000e+00	0.0000000000e+00	0.0000000000e+00	0.0000000000e+00	0.0000000000e+00	0.0000000000e+00	0.0000000000e+00	0.0000000000e+00	0.0000000000e+00	0.0000000000e+00
1.0553779089e+05	2.9853977608e-14	0.0000000000e+00	0.0000000000e+00	0.0000000000e+00	0.0000000000e+00	0.0000000000e+00	0.0000000000e+00	0.0000000000e+00	0.0000000000e+00	0.0000000000e+00	0.0000000000e+00	0.0000000000e+00	0.0000000000e+00	0.0000000000e+00	0.0000000000e+00	0.0000000000e+00	0.0000000000e+00	0.0000000000e+00	0.0000000000e+00	0.0000000000e+00	0.0000000000e+00	0.0000000000e+00	0.0000000000e+00	0.0000000000e+00	0.0000000000e+00
1.0553978580e+05	2.9590998523e-14	0.0000000000e+00	0.0000000000e+00	0.0000000000e+00	0.0000000000e+00	0.0000000000e+00	0.0000000000e+00	0.0000000000e+00	0.0000000000e+00	0.0000000000e+00	0.0000000000e+00	0.0000000000e+00	0.0000000000e+00	0.0000000000e+00	0.0000000000e+00	0.0000000000e+00	0.0000000000e+00	0.0000000000e+00	0.0000000000e+00	0.0000000000e+00	0.0000000000e+00	0.0000000000e+00	0.0000000000e+00	0.0000000000e+00	0.0000000000e+00
1.0554180382e+05	2.9597139506e-14	0.0000000000e+00	0.0000000000e+00	0.0000000000e+00	0.0000000000e+00	0.0000000000e+00	0.0000000000e+00	0.0000000000e+00	0.0000000000e+00	0.0000000000e+00	0.0000000000e+00	0.0000000000e+00	0.0000000000e+00	0.0000000000e+00	0.0000000000e+00	0.0000000000e+00	0.0000000000e+00	0.0000000000e+00	0.0000000000e+00	0.0000000000e+00	0.0000000000e+00	0.0000000000e+00	0.0000000000e+00	0.0000000000e+00	0.0000000000e+00
1.0554384521e+05	2.9278134657e-14	0.0000000000e+00	0.0000000000e+00	0.0000000000e+00	0.0000000000e+00	0.0000000000e+00	0.0000000000e+00	0.0000000000e+00	0.0000000000e+00	0.0000000000e+00	0.0000000000e+00	0.0000000000e+00	0.0000000000e+00	0.0000000000e+00	0.0000000000e+00	0.0000000000e+00	0.0000000000e+00	0.0000000000e+00	0.0000000000e+00	0.0000000000e+00	0.0000000000e+00	0.0000000000e+00	0.0000000000e+00	0.0000000000e+00	0.0000000000e+00
1.0554591023e+05	2.9280668399e-14	0.0000000000e+00	0.0000000000e+00	0.0000000000e+00	0.0000000000e+00	0.0000000000e+00	0.0000000000e+00	0.0000000000e+00	0.0000000000e+00	0.0000000000e+00	0.0000000000e+00	0.0000000000e+00	0.0000000000e+00	0.0000000000e+00	0.0000000000e+00	0.0000000000e+00	0.0000000000e+00	0.0000000000e+00	0.0000000000e+00	0.0000000000e+00	0.0000000000e+00	0.0000000000e+00	0.0000000000e+00	0.0000000000e+00	0.0000000000e+00
1.0554799917e+05	2.8918316453e-14	0.0000000000e+00	0.0000000000e+00	0.0000000000e+00	0.0000000000e+00	0.0000000000e+00	0.0000000000e+00	0.0000000000e+00	0.0000000000e+00	0.0000000000e+00	0.0000000000e+00	0.0000000000e+00	0.0000000000e+00	0.0000000000e+00	0.0000000000e+00	0.0000000000e+00	0.0000000000e+00	0.0000000000e+00	0.0000000000e+00	0.0000000000e+00	0.0000000000e+00	0.0000000000e+00	0.0000000000e+00	0.0000000000e+00	0.0000000000e+00
1.0555011229e+05	2.8504192286e-14	0.0000000000e+00	0.0000000000e+00	0.0000000000e+00	0.0000000000e+00	0.0000000000e+00	0.0000000000e+00	0.0000000000e+00	0.0000000000e+00	0.0000000000e+00	0.0000000000e+00	0.0000000000e+00	0.0000000000e+00	0.0000000000e+00	0.0000000000e+00	0.0000000000e+00	0.0000000000e+00	0.0000000000e+00	0.0000000000e+00	0.0000000000e+00	0.0000000000e+00	0.0000000000e+00	0.0000000000e+00	0.0000000000e+00	0.0000000000e+00
1.0555224989e+05	2.8400003037e-14	0.0000000000e+00	0.0000000000e+00	0.0000000000e+00	0.0000000000e+00	0.0000000000e+00	0.0000000000e+00	0.0000000000e+00	0.0000000000e+00	0.0000000000e+00	0.0000000000e+00	0.0000000000e+00	0.0000000000e+00	0.0000000000e+00	0.0000000000e+00	0.0000000000e+00	0.0000000000e+00	0.0000000000e+00	0.0000000000e+00	0.0000000000e+00	0.0000000000e+00	0.0000000000e+00	0.0000000000e+00	0.0000000000e+00	0.0000000000e+00
1.0555441223e+05	2.8961433166e-14	0.0000000000e+00	0.0000000000e+00	0.0000000000e+00	0.0000000000e+00	0.0000000000e+00	0.0000000000e+00	0.0000000000e+00	0.0000000000e+00	0.0000000000e+00	0.0000000000e+00	0.0000000000e+00	0.0000000000e+00	0.0000000000e+00	0.0000000000e+00	0.0000000000e+00	0.0000000000e+00	0.0000000000e+00	0.0000000000e+00	0.0000000000e+00	0.0000000000e+00	0.0000000000e+00	0.0000000000e+00	0.0000000000e+00	0.0000000000e+00
1.0555659962e+05	2.8758868074e-14	0.0000000000e+00	0.0000000000e+00	0.0000000000e+00	0.0000000000e+00	0.0000000000e+00	0.0000000000e+00	0.0000000000e+00	0.0000000000e+00	0.0000000000e+00	0.0000000000e+00	0.0000000000e+00	0.0000000000e+00	0.0000000000e+00	0.0000000000e+00	0.0000000000e+00	0.0000000000e+00	0.0000000000e+00	0.0000000000e+00	0.0000000000e+00	0.0000000000e+00	0.0000000000e+00	0.0000000000e+00	0.0000000000e+00	0.0000000000e+00
1.0555881233e+05	2.8223577924e-14	0.0000000000e+00	0.0000000000e+00	0.0000000000e+00	0.0000000000e+00	0.0000000000e+00	0.0000000000e+00	0.0000000000e+00	0.0000000000e+00	0.0000000000e+00	0.0000000000e+00	0.0000000000e+00	0.0000000000e+00	0.0000000000e+00	0.0000000000e+00	0.0000000000e+00	0.0000000000e+00	0.0000000000e+00	0.0000000000e+00	0.0000000000e+00	0.0000000000e+00	0.0000000000e+00	0.0000000000e+00	0.0000000000e+00	0.0000000000e+00
1.0556105067e+05	2.7769537267e-14	0.0000000000e+00	0.0000000000e+00	0.0000000000e+00	0.0000000000e+00	0.0000000000e+00	0.0000000000e+00	0.0000000000e+00	0.0000000000e+00	0.0000000000e+00	0.0000000000e+00	0.0000000000e+00	0.0000000000e+00	0.0000000000e+00	0.0000000000e+00	0.0000000000e+00	0.0000000000e+00	0.0000000000e+00	0.0000000000e+00	0.0000000000e+00	0.0000000000e+00	0.0000000000e+00	0.0000000000e+00	0.0000000000e+00	0.0000000000e+00
1.0556331492e+05	2.7697307258e-14	0.0000000000e+00	0.0000000000e+00	0.0000000000e+00	0.0000000000e+00	0.0000000000e+00	0.0000000000e+00	0.0000000000e+00	0.0000000000e+00	0.0000000000e+00	0.0000000000e+00	0.0000000000e+00	0.0000000000e+00	0.0000000000e+00	0.0000000000e+00	0.0000000000e+00	0.0000000000e+00	0.0000000000e+00	0.0000000000e+00	0.0000000000e+00	0.0000000000e+00	0.0000000000e+00	0.0000000000e+00	0.0000000000e+00	0.0000000000e+00
1.0556560540e+05	2.7318305366e-14	0.0000000000e+00	0.0000000000e+00	0.0000000000e+00	0.0000000000e+00	0.0000000000e+00	0.0000000000e+00	0.0000000000e+00	0.0000000000e+00	0.0000000000e+00	0.0000000000e+00	0.0000000000e+00	0.0000000000e+00	0.0000000000e+00	0.0000000000e+00	0.0000000000e+00	0.0000000000e+00	0.0000000000e+00	0.0000000000e+00	0.0000000000e+00	0.0000000000e+00	0.0000000000e+00	0.0000000000e+00	0.0000000000e+00	0.0000000000e+00
1.0556792239e+05	2.7356121211e-14	0.0000000000e+00	0.0000000000e+00	0.0000000000e+00	0.0000000000e+00	0.0000000000e+00	0.0000000000e+00	0.0000000000e+00	0.0000000000e+00	0.0000000000e+00	0.0000000000e+00	0.0000000000e+00	0.0000000000e+00	0.0000000000e+00	0.0000000000e+00	0.0000000000e+00	0.0000000000e+00	0.0000000000e+00	0.0000000000e+00	0.0000000000e+00	0.0000000000e+00	0.0000000000e+00	0.0000000000e+00	0.0000000000e+00	0.0000000000e+00
1.0557026622e+05	2.7442496924e-14	0.0000000000e+00	0.0000000000e+00	0.0000000000e+00	0.0000000000e+00	0.0000000000e+00	0.0000000000e+00	0.0000000000e+00	0.0000000000e+00	0.0000000000e+00	0.0000000000e+00	0.0000000000e+00	0.0000000000e+00	0.0000000000e+00	0.0000000000e+00	0.0000000000e+00	0.0000000000e+00	0.0000000000e+00	0.0000000000e+00	0.0000000000e+00	0.0000000000e+00	0.0000000000e+00	0.0000000000e+00	0.0000000000e+00	0.0000000000e+00
1.0557263718e+05	2.8049659982e-14	0.0000000000e+00	0.0000000000e+00	0.0000000000e+00	0.0000000000e+00	0.0000000000e+00	0.0000000000e+00	0.0000000000e+00	0.0000000000e+00	0.0000000000e+00	0.0000000000e+00	0.0000000000e+00	0.0000000000e+00	0.0000000000e+00	0.0000000000e+00	0.0000000000e+00	0.0000000000e+00	0.0000000000e+00	0.0000000000e+00	0.0000000000e+00	0.0000000000e+00	0.0000000000e+00	0.0000000000e+00	0.0000000000e+00	0.0000000000e+00
1.0557503560e+05	2.7581762918e-14	0.0000000000e+00	0.0000000000e+00	0.0000000000e+00	0.0000000000e+00	0.0000000000e+00	0.0000000000e+00	0.0000000000e+00	0.0000000000e+00	0.0000000000e+00	0.0000000000e+00	0.0000000000e+00	0.0000000000e+00	0.0000000000e+00	0.0000000000e+00	0.0000000000e+00	0.0000000000e+00	0.0000000000e+00	0.0000000000e+00	0.0000000000e+00	0.0000000000e+00	0.0000000000e+00	0.0000000000e+00	0.0000000000e+00	0.0000000000e+00
1.0557746179e+05	2.7081384930e-14	0.0000000000e+00	0.0000000000e+00	0.0000000000e+00	0.0000000000e+00	0.0000000000e+00	0.0000000000e+00	0.0000000000e+00	0.0000000000e+00	0.0000000000e+00	0.0000000000e+00	0.0000000000e+00	0.0000000000e+00	0.0000000000e+00	0.0000000000e+00	0.0000000000e+00	0.0000000000e+00	0.0000000000e+00	0.0000000000e+00	0.0000000000e+00	0.0000000000e+00	0.0000000000e+00	0.0000000000e+00	0.0000000000e+00	0.0000000000e+00
1.0557991608e+05	2.7021250873e-14	0.0000000000e+00	0.0000000000e+00	0.0000000000e+00	0.0000000000e+00	0.0000000000e+00	0.0000000000e+00	0.0000000000e+00	0.0000000000e+00	0.0000000000e+00	0.0000000000e+00	0.0000000000e+00	0.0000000000e+00	0.0000000000e+00	0.0000000000e+00	0.0000000000e+00	0.0000000000e+00	0.0000000000e+00	0.0000000000e+00	0.0000000000e+00	0.0000000000e+00	0.0000000000e+00	0.0000000000e+00	0.0000000000e+00	0.0000000000e+00
1.0558239879e+05	2.6759833820e-14	0.0000000000e+00	0.0000000000e+00	0.0000000000e+00	0.0000000000e+00	0.0000000000e+00	0.0000000000e+00	0.0000000000e+00	0.0000000000e+00	0.0000000000e+00	0.0000000000e+00	0.0000000000e+00	0.0000000000e+00	0.0000000000e+00	0.0000000000e+00	0.0000000000e+00	0.0000000000e+00	0.0000000000e+00	0.0000000000e+00	0.0000000000e+00	0.0000000000e+00	0.0000000000e+00	0.0000000000e+00	0.0000000000e+00	0.0000000000e+00
1.0558491024e+05	2.6644671615e-14	0.0000000000e+00	0.0000000000e+00	0.0000000000e+00	0.0000000000e+00	0.0000000000e+00	0.0000000000e+00	0.0000000000e+00	0.0000000000e+00	0.0000000000e+00	0.0000000000e+00	0.0000000000e+00	0.0000000000e+00	0.0000000000e+00	0.0000000000e+00	0.0000000000e+00	0.0000000000e+00	0.0000000000e+00	0.0000000000e+00	0.0000000000e+00	0.0000000000e+00	0.0000000000e+00	0.0000000000e+00	0.0000000000e+00	0.0000000000e+00
1.0558745077e+05	2.6748094054e-14	0.0000000000e+00	0.0000000000e+00	0.0000000000e+00	0.0000000000e+00	0.0000000000e+00	0.0000000000e+00	0.0000000000e+00	0.0000000000e+00	0.0000000000e+00	0.0000000000e+00	0.0000000000e+00	0.0000000000e+00	0.0000000000e+00	0.0000000000e+00	0.0000000000e+00	0.0000000000e+00	0.0000000000e+00	0.0000000000e+00	0.0000000000e+00	0.0000000000e+00	0.0000000000e+00	0.0000000000e+00	0.0000000000e+00	0.0000000000e+00
1.0559002073e+05	2.7186058168e-14	0.0000000000e+00	0.0000000000e+00	0.0000000000e+00	0.0000000000e+00	0.0000000000e+00	0.0000000000e+00	0.0000000000e+00	0.0000000000e+00	0.0000000000e+00	0.0000000000e+00	0.0000000000e+00	0.0000000000e+00	0.0000000000e+00	0.0000000000e+00	0.0000000000e+00	0.0000000000e+00	0.0000000000e+00	0.0000000000e+00	0.0000000000e+00	0.0000000000e+00	0.0000000000e+00	0.0000000000e+00	0.0000000000e+00	0.0000000000e+00
1.0559262044e+05	2.6885566526e-14	0.0000000000e+00	0.0000000000e+00	0.0000000000e+00	0.0000000000e+00	0.0000000000e+00	0.0000000000e+00	0.0000000000e+00	0.0000000000e+00	0.0000000000e+00	0.0000000000e+00	0.0000000000e+00	0.0000000000e+00	0.0000000000e+00	0.0000000000e+00	0.0000000000e+00	0.0000000000e+00	0.0000000000e+00	0.0000000000e+00	0.0000000000e+00	0.0000000000e+00	0.0000000000e+00	0.0000000000e+00	0.0000000000e+00	0.0000000000e+00
1.0559525025e+05	2.6469277402e-14	0.0000000000e+00	0.0000000000e+00	0.0000000000e+00	0.0000000000e+00	0.0000000000e+00	0.0000000000e+00	0.0000000000e+00	0.0000000000e+00	0.0000000000e+00	0.0000000000e+00	0.0000000000e+00	0.0000000000e+00	0.0000000000e+00	0.0000000000e+00	0.0000000000e+00	0.0000000000e+00	0.0000000000e+00	0.0000000000e+00	0.0000000000e+00	0.0000000000e+00	0.0000000000e+00	0.0000000000e+00	0.0000000000e+00	0.0000000000e+00
1.0559791052e+05	2.6506958944e-14	0.0000000000e+00	0.0000000000e+00	0.0000000000e+00	0.0000000000e+00	0.0000000000e+00	0.0000000000e+00	0.0000000000e+00	0.0000000000e+00	0.0000000000e+00	0.0000000000e+00	0.0000000000e+00	0.0000000000e+00	0.0000000000e+00	0.0000000000e+00	0.0000000000e+00	0.0000000000e+00	0.0000000000e+00	0.0000000000e+00	0.0000000000e+00	0.0000000000e+00	0.0000000000e+00	0.0000000000e+00	0.0000000000e+00	0.0000000000e+00
1.0560060159e+05	2.6371904190e-14	0.0000000000e+00	0.0000000000e+00	0.0000000000e+00	0.0000000000e+00	0.0000000000e+00	0.0000000000e+00	0.0000000000e+00	0.0000000000e+00	0.0000000000e+00	0.0000000000e+00	0.0000000000e+00	0.0000000000e+00	0.0000000000e+00	0.0000000000e+00	0.0000000000e+00	0.0000000000e+00	0.0000000000e+00	0.0000000000e+00	0.0000000000e+00	0.0000000000e+00	0.0000000000e+00	0.0000000000e+00	0.0000000000e+00	0.0000000000e+00
1.0560332382e+05	2.6686192777e-14	0.0000000000e+00	0.0000000000e+00	0.0000000000e+00	0.0000000000e+00	0.0000000000e+00	0.0000000000e+00	0.0000000000e+00	0.0000000000e+00	0.0000000000e+00	0.0000000000e+00	0.0000000000e+00	0.0000000000e+00	0.0000000000e+00	0.0000000000e+00	0.0000000000e+00	0.0000000000e+00	0.0000000000e+00	0.0000000000e+00	0.0000000000e+00	0.0000000000e+00	0.0000000000e+00	0.0000000000e+00	0.0000000000e+00	0.0000000000e+00
1.0560607758e+05	2.6756016067e-14	0.0000000000e+00	0.0000000000e+00	0.0000000000e+00	0.0000000000e+00	0.0000000000e+00	0.0000000000e+00	0.0000000000e+00	0.0000000000e+00	0.0000000000e+00	0.0000000000e+00	0.0000000000e+00	0.0000000000e+00	0.0000000000e+00	0.0000000000e+00	0.0000000000e+00	0.0000000000e+00	0.0000000000e+00	0.0000000000e+00	0.0000000000e+00	0.0000000000e+00	0.0000000000e+00	0.0000000000e+00	0.0000000000e+00	0.0000000000e+00
1.0560886322e+05	2.7014545817e-14	0.0000000000e+00	0.0000000000e+00	0.0000000000e+00	0.0000000000e+00	0.0000000000e+00	0.0000000000e+00	0.0000000000e+00	0.0000000000e+00	0.0000000000e+00	0.0000000000e+00	0.0000000000e+00	0.0000000000e+00	0.0000000000e+00	0.0000000000e+00	0.0000000000e+00	0.0000000000e+00	0.0000000000e+00	0.0000000000e+00	0.0000000000e+00	0.0000000000e+00	0.0000000000e+00	0.0000000000e+00	0.0000000000e+00	0.0000000000e+00
1.0561168112e+05	2.6762511561e-14	0.0000000000e+00	0.0000000000e+00	0.0000000000e+00	0.0000000000e+00	0.0000000000e+00	0.0000000000e+00	0.0000000000e+00	0.0000000000e+00	0.0000000000e+00	0.0000000000e+00	0.0000000000e+00	0.0000000000e+00	0.0000000000e+00	0.0000000000e+00	0.0000000000e+00	0.0000000000e+00	0.0000000000e+00	0.0000000000e+00	0.0000000000e+00	0.0000000000e+00	0.0000000000e+00	0.0000000000e+00	0.0000000000e+00	0.0000000000e+00
1.0561453164e+05	2.6481222252e-14	0.0000000000e+00	0.0000000000e+00	0.0000000000e+00	0.0000000000e+00	0.0000000000e+00	0.0000000000e+00	0.0000000000e+00	0.0000000000e+00	0.0000000000e+00	0.0000000000e+00	0.0000000000e+00	0.0000000000e+00	0.0000000000e+00	0.0000000000e+00	0.0000000000e+00	0.0000000000e+00	0.0000000000e+00	0.0000000000e+00	0.0000000000e+00	0.0000000000e+00	0.0000000000e+00	0.0000000000e+00	0.0000000000e+00	0.0000000000e+00
1.0561741518e+05	2.6307196294e-14	0.0000000000e+00	0.0000000000e+00	0.0000000000e+00	0.0000000000e+00	0.0000000000e+00	0.0000000000e+00	0.0000000000e+00	0.0000000000e+00	0.0000000000e+00	0.0000000000e+00	0.0000000000e+00	0.0000000000e+00	0.0000000000e+00	0.0000000000e+00	0.0000000000e+00	0.0000000000e+00	0.0000000000e+00	0.0000000000e+00	0.0000000000e+00	0.0000000000e+00	0.0000000000e+00	0.0000000000e+00	0.0000000000e+00	0.0000000000e+00
1.0562033210e+05	2.6556993581e-14	0.0000000000e+00	0.0000000000e+00	0.0000000000e+00	0.0000000000e+00	0.0000000000e+00	0.0000000000e+00	0.0000000000e+00	0.0000000000e+00	0.0000000000e+00	0.0000000000e+00	0.0000000000e+00	0.0000000000e+00	0.0000000000e+00	0.0000000000e+00	0.0000000000e+00	0.0000000000e+00	0.0000000000e+00	0.0000000000e+00	0.0000000000e+00	0.0000000000e+00	0.0000000000e+00	0.0000000000e+00	0.0000000000e+00	0.0000000000e+00
1.0562328280e+05	2.6546415718e-14	0.0000000000e+00	0.0000000000e+00	0.0000000000e+00	0.0000000000e+00	0.0000000000e+00	0.0000000000e+00	0.0000000000e+00	0.0000000000e+00	0.0000000000e+00	0.0000000000e+00	0.0000000000e+00	0.0000000000e+00	0.0000000000e+00	0.0000000000e+00	0.0000000000e+00	0.0000000000e+00	0.0000000000e+00	0.0000000000e+00	0.0000000000e+00	0.0000000000e+00	0.0000000000e+00	0.0000000000e+00	0.0000000000e+00	0.0000000000e+00
1.0562626767e+05	2.6493488146e-14	0.0000000000e+00	0.0000000000e+00	0.0000000000e+00	0.0000000000e+00	0.0000000000e+00	0.0000000000e+00	0.0000000000e+00	0.0000000000e+00	0.0000000000e+00	0.0000000000e+00	0.0000000000e+00	0.0000000000e+00	0.0000000000e+00	0.0000000000e+00	0.0000000000e+00	0.0000000000e+00	0.0000000000e+00	0.0000000000e+00	0.0000000000e+00	0.0000000000e+00	0.0000000000e+00	0.0000000000e+00	0.0000000000e+00	0.0000000000e+00
1.0562928710e+05	2.6646410249e-14	0.0000000000e+00	0.0000000000e+00	0.0000000000e+00	0.0000000000e+00	0.0000000000e+00	0.0000000000e+00	0.0000000000e+00	0.0000000000e+00	0.0000000000e+00	0.0000000000e+00	0.0000000000e+00	0.0000000000e+00	0.0000000000e+00	0.0000000000e+00	0.0000000000e+00	0.0000000000e+00	0.0000000000e+00	0.0000000000e+00	0.0000000000e+00	0.0000000000e+00	0.0000000000e+00	0.0000000000e+00	0.0000000000e+00	0.0000000000e+00
1.0563234150e+05	2.6427592520e-14	0.0000000000e+00	0.0000000000e+00	0.0000000000e+00	0.0000000000e+00	0.0000000000e+00	0.0000000000e+00	0.0000000000e+00	0.0000000000e+00	0.0000000000e+00	0.0000000000e+00	0.0000000000e+00	0.0000000000e+00	0.0000000000e+00	0.0000000000e+00	0.0000000000e+00	0.0000000000e+00	0.0000000000e+00	0.0000000000e+00	0.0000000000e+00	0.0000000000e+00	0.0000000000e+00	0.0000000000e+00	0.0000000000e+00	0.0000000000e+00
1.0563543126e+05	2.6541346997e-14	0.0000000000e+00	0.0000000000e+00	0.0000000000e+00	0.0000000000e+00	0.0000000000e+00	0.0000000000e+00	0.0000000000e+00	0.0000000000e+00	0.0000000000e+00	0.0000000000e+00	0.0000000000e+00	0.0000000000e+00	0.0000000000e+00	0.0000000000e+00	0.0000000000e+00	0.0000000000e+00	0.0000000000e+00	0.0000000000e+00	0.0000000000e+00	0.0000000000e+00	0.0000000000e+00	0.0000000000e+00	0.0000000000e+00	0.0000000000e+00
1.0563855680e+05	2.6415817757e-14	0.0000000000e+00	0.0000000000e+00	0.0000000000e+00	0.0000000000e+00	0.0000000000e+00	0.0000000000e+00	0.0000000000e+00	0.0000000000e+00	0.0000000000e+00	0.0000000000e+00	0.0000000000e+00	0.0000000000e+00	0.0000000000e+00	0.0000000000e+00	0.0000000000e+00	0.0000000000e+00	0.0000000000e+00	0.0000000000e+00	0.0000000000e+00	0.0000000000e+00	0.0000000000e+00	0.0000000000e+00	0.0000000000e+00	0.0000000000e+00
1.0564171854e+05	2.6627539986e-14	0.0000000000e+00	0.0000000000e+00	0.0000000000e+00	0.0000000000e+00	0.0000000000e+00	0.0000000000e+00	0.0000000000e+00	0.0000000000e+00	0.0000000000e+00	0.0000000000e+00	0.0000000000e+00	0.0000000000e+00	0.0000000000e+00	0.0000000000e+00	0.0000000000e+00	0.0000000000e+00	0.0000000000e+00	0.0000000000e+00	0.0000000000e+00	0.0000000000e+00	0.0000000000e+00	0.0000000000e+00	0.0000000000e+00	0.0000000000e+00
1.0564491688e+05	2.6527693004e-14	0.0000000000e+00	0.0000000000e+00	0.0000000000e+00	0.0000000000e+00	0.0000000000e+00	0.0000000000e+00	0.0000000000e+00	0.0000000000e+00	0.0000000000e+00	0.0000000000e+00	0.0000000000e+00	0.0000000000e+00	0.0000000000e+00	0.0000000000e+00	0.0000000000e+00	0.0000000000e+00	0.0000000000e+00	0.0000000000e+00	0.0000000000e+00	0.0000000000e+00	0.0000000000e+00	0.0000000000e+00	0.0000000000e+00	0.0000000000e+00
1.0564815226e+05	2.6374490754e-14	0.0000000000e+00	0.0000000000e+00	0.0000000000e+00	0.0000000000e+00	0.0000000000e+00	0.0000000000e+00	0.0000000000e+00	0.0000000000e+00	0.0000000000e+00	0.0000000000e+00	0.0000000000e+00	0.0000000000e+00	0.0000000000e+00	0.0000000000e+00	0.0000000000e+00	0.0000000000e+00	0.0000000000e+00	0.0000000000e+00	0.0000000000e+00	0.0000000000e+00	0.0000000000e+00	0.0000000000e+00	0.0000000000e+00	0.0000000000e+00
1.0565142510e+05	2.6180021590e-14	0.0000000000e+00	0.0000000000e+00	0.0000000000e+00	0.0000000000e+00	0.0000000000e+00	0.0000000000e+00	0.0000000000e+00	0.0000000000e+00	0.0000000000e+00	0.0000000000e+00	0.0000000000e+00	0.0000000000e+00	0.0000000000e+00	0.0000000000e+00	0.0000000000e+00	0.0000000000e+00	0.0000000000e+00	0.0000000000e+00	0.0000000000e+00	0.0000000000e+00	0.0000000000e+00	0.0000000000e+00	0.0000000000e+00	0.0000000000e+00
1.0565473584e+05	2.6281787927e-14	0.0000000000e+00	0.0000000000e+00	0.0000000000e+00	0.0000000000e+00	0.0000000000e+00	0.0000000000e+00	0.0000000000e+00	0.0000000000e+00	0.0000000000e+00	0.0000000000e+00	0.0000000000e+00	0.0000000000e+00	0.0000000000e+00	0.0000000000e+00	0.0000000000e+00	0.0000000000e+00	0.0000000000e+00	0.0000000000e+00	0.0000000000e+00	0.0000000000e+00	0.0000000000e+00	0.0000000000e+00	0.0000000000e+00	0.0000000000e+00
1.0565808492e+05	2.6115594110e-14	0.0000000000e+00	0.0000000000e+00	0.0000000000e+00	0.0000000000e+00	0.0000000000e+00	0.0000000000e+00	0.0000000000e+00	0.0000000000e+00	0.0000000000e+00	0.0000000000e+00	0.0000000000e+00	0.0000000000e+00	0.0000000000e+00	0.0000000000e+00	0.0000000000e+00	0.0000000000e+00	0.0000000000e+00	0.0000000000e+00	0.0000000000e+00	0.0000000000e+00	0.0000000000e+00	0.0000000000e+00	0.0000000000e+00	0.0000000000e+00
1.0566147278e+05	2.6256659596e-14	0.0000000000e+00	0.0000000000e+00	0.0000000000e+00	0.0000000000e+00	0.0000000000e+00	0.0000000000e+00	0.0000000000e+00	0.0000000000e+00	0.0000000000e+00	0.0000000000e+00	0.0000000000e+00	0.0000000000e+00	0.0000000000e+00	0.0000000000e+00	0.0000000000e+00	0.0000000000e+00	0.0000000000e+00	0.0000000000e+00	0.0000000000e+00	0.0000000000e+00	0.0000000000e+00	0.0000000000e+00	0.0000000000e+00	0.0000000000e+00
1.0566489987e+05	2.6100640007e-14	0.0000000000e+00	0.0000000000e+00	0.0000000000e+00	0.0000000000e+00	0.0000000000e+00	0.0000000000e+00	0.0000000000e+00	0.0000000000e+00	0.0000000000e+00	0.0000000000e+00	0.0000000000e+00	0.0000000000e+00	0.0000000000e+00	0.0000000000e+00	0.0000000000e+00	0.0000000000e+00	0.0000000000e+00	0.0000000000e+00	0.0000000000e+00	0.0000000000e+00	0.0000000000e+00	0.0000000000e+00	0.0000000000e+00	0.0000000000e+00
1.0566836664e+05	2.6208442602e-14	0.0000000000e+00	0.0000000000e+00	0.0000000000e+00	0.0000000000e+00	0.0000000000e+00	0.0000000000e+00	0.0000000000e+00	0.0000000000e+00	0.0000000000e+00	0.0000000000e+00	0.0000000000e+00	0.0000000000e+00	0.0000000000e+00	0.0000000000e+00	0.0000000000e+00	0.0000000000e+00	0.0000000000e+00	0.0000000000e+00	0.0000000000e+00	0.0000000000e+00	0.0000000000e+00	0.0000000000e+00	0.0000000000e+00	0.0000000000e+00
1.0567187355e+05	2.6010018272e-14	0.0000000000e+00	0.0000000000e+00	0.0000000000e+00	0.0000000000e+00	0.0000000000e+00	0.0000000000e+00	0.0000000000e+00	0.0000000000e+00	0.0000000000e+00	0.0000000000e+00	0.0000000000e+00	0.0000000000e+00	0.0000000000e+00	0.0000000000e+00	0.0000000000e+00	0.0000000000e+00	0.0000000000e+00	0.0000000000e+00	0.0000000000e+00	0.0000000000e+00	0.0000000000e+00	0.0000000000e+00	0.0000000000e+00	0.0000000000e+00
1.0567542107e+05	2.6088169693e-14	0.0000000000e+00	0.0000000000e+00	0.0000000000e+00	0.0000000000e+00	0.0000000000e+00	0.0000000000e+00	0.0000000000e+00	0.0000000000e+00	0.0000000000e+00	0.0000000000e+00	0.0000000000e+00	0.0000000000e+00	0.0000000000e+00	0.0000000000e+00	0.0000000000e+00	0.0000000000e+00	0.0000000000e+00	0.0000000000e+00	0.0000000000e+00	0.0000000000e+00	0.0000000000e+00	0.0000000000e+00	0.0000000000e+00	0.0000000000e+00
1.0567900968e+05	2.5892895441e-14	0.0000000000e+00	0.0000000000e+00	0.0000000000e+00	0.0000000000e+00	0.0000000000e+00	0.0000000000e+00	0.0000000000e+00	0.0000000000e+00	0.0000000000e+00	0.0000000000e+00	0.0000000000e+00	0.0000000000e+00	0.0000000000e+00	0.0000000000e+00	0.0000000000e+00	0.0000000000e+00	0.0000000000e+00	0.0000000000e+00	0.0000000000e+00	0.0000000000e+00	0.0000000000e+00	0.0000000000e+00	0.0000000000e+00	0.0000000000e+00
1.0568263983e+05	2.5705519384e-14	0.0000000000e+00	0.0000000000e+00	0.0000000000e+00	0.0000000000e+00	0.0000000000e+00	0.0000000000e+00	0.0000000000e+00	0.0000000000e+00	0.0000000000e+00	0.0000000000e+00	0.0000000000e+00	0.0000000000e+00	0.0000000000e+00	0.0000000000e+00	0.0000000000e+00	0.0000000000e+00	0.0000000000e+00	0.0000000000e+00	0.0000000000e+00	0.0000000000e+00	0.0000000000e+00	0.0000000000e+00	0.0000000000e+00	0.0000000000e+00
1.0568631202e+05	2.5515874131e-14	0.0000000000e+00	0.0000000000e+00	0.0000000000e+00	0.0000000000e+00	0.0000000000e+00	0.0000000000e+00	0.0000000000e+00	0.0000000000e+00	0.0000000000e+00	0.0000000000e+00	0.0000000000e+00	0.0000000000e+00	0.0000000000e+00	0.0000000000e+00	0.0000000000e+00	0.0000000000e+00	0.0000000000e+00	0.0000000000e+00	0.0000000000e+00	0.0000000000e+00	0.0000000000e+00	0.0000000000e+00	0.0000000000e+00	0.0000000000e+00
1.0569002673e+05	2.5586354708e-14	0.0000000000e+00	0.0000000000e+00	0.0000000000e+00	0.0000000000e+00	0.0000000000e+00	0.0000000000e+00	0.0000000000e+00	0.0000000000e+00	0.0000000000e+00	0.0000000000e+00	0.0000000000e+00	0.0000000000e+00	0.0000000000e+00	0.0000000000e+00	0.0000000000e+00	0.0000000000e+00	0.0000000000e+00	0.0000000000e+00	0.0000000000e+00	0.0000000000e+00	0.0000000000e+00	0.0000000000e+00	0.0000000000e+00	0.0000000000e+00
1.0569378446e+05	2.5648138642e-14	0.0000000000e+00	0.0000000000e+00	0.0000000000e+00	0.0000000000e+00	0.0000000000e+00	0.0000000000e+00	0.0000000000e+00	0.0000000000e+00	0.0000000000e+00	0.0000000000e+00	0.0000000000e+00	0.0000000000e+00	0.0000000000e+00	0.0000000000e+00	0.0000000000e+00	0.0000000000e+00	0.0000000000e+00	0.0000000000e+00	0.0000000000e+00	0.0000000000e+00	0.0000000000e+00	0.0000000000e+00	0.0000000000e+00	0.0000000000e+00
1.0569758570e+05	2.5438331824e-14	0.0000000000e+00	0.0000000000e+00	0.0000000000e+00	0.0000000000e+00	0.0000000000e+00	0.0000000000e+00	0.0000000000e+00	0.0000000000e+00	0.0000000000e+00	0.0000000000e+00	0.0000000000e+00	0.0000000000e+00	0.0000000000e+00	0.0000000000e+00	0.0000000000e+00	0.0000000000e+00	0.0000000000e+00	0.0000000000e+00	0.0000000000e+00	0.0000000000e+00	0.0000000000e+00	0.0000000000e+00	0.0000000000e+00	0.0000000000e+00
1.0570143095e+05	2.5497177064e-14	0.0000000000e+00	0.0000000000e+00	0.0000000000e+00	0.0000000000e+00	0.0000000000e+00	0.0000000000e+00	0.0000000000e+00	0.0000000000e+00	0.0000000000e+00	0.0000000000e+00	0.0000000000e+00	0.0000000000e+00	0.0000000000e+00	0.0000000000e+00	0.0000000000e+00	0.0000000000e+00	0.0000000000e+00	0.0000000000e+00	0.0000000000e+00	0.0000000000e+00	0.0000000000e+00	0.0000000000e+00	0.0000000000e+00	0.0000000000e+00
1.0570532074e+05	2.5291356150e-14	0.0000000000e+00	0.0000000000e+00	0.0000000000e+00	0.0000000000e+00	0.0000000000e+00	0.0000000000e+00	0.0000000000e+00	0.0000000000e+00	0.0000000000e+00	0.0000000000e+00	0.0000000000e+00	0.0000000000e+00	0.0000000000e+00	0.0000000000e+00	0.0000000000e+00	0.0000000000e+00	0.0000000000e+00	0.0000000000e+00	0.0000000000e+00	0.0000000000e+00	0.0000000000e+00	0.0000000000e+00	0.0000000000e+00	0.0000000000e+00
1.0570925556e+05	2.5348154533e-14	0.0000000000e+00	0.0000000000e+00	0.0000000000e+00	0.0000000000e+00	0.0000000000e+00	0.0000000000e+00	0.0000000000e+00	0.0000000000e+00	0.0000000000e+00	0.0000000000e+00	0.0000000000e+00	0.0000000000e+00	0.0000000000e+00	0.0000000000e+00	0.0000000000e+00	0.0000000000e+00	0.0000000000e+00	0.0000000000e+00	0.0000000000e+00	0.0000000000e+00	0.0000000000e+00	0.0000000000e+00	0.0000000000e+00	0.0000000000e+00
1.0571323594e+05	2.5139893166e-14	0.0000000000e+00	0.0000000000e+00	0.0000000000e+00	0.0000000000e+00	0.0000000000e+00	0.0000000000e+00	0.0000000000e+00	0.0000000000e+00	0.0000000000e+00	0.0000000000e+00	0.0000000000e+00	0.0000000000e+00	0.0000000000e+00	0.0000000000e+00	0.0000000000e+00	0.0000000000e+00	0.0000000000e+00	0.0000000000e+00	0.0000000000e+00	0.0000000000e+00	0.0000000000e+00	0.0000000000e+00	0.0000000000e+00	0.0000000000e+00
1.0571726242e+05	2.4931761289e-14	0.0000000000e+00	0.0000000000e+00	0.0000000000e+00	0.0000000000e+00	0.0000000000e+00	0.0000000000e+00	0.0000000000e+00	0.0000000000e+00	0.0000000000e+00	0.0000000000e+00	0.0000000000e+00	0.0000000000e+00	0.0000000000e+00	0.0000000000e+00	0.0000000000e+00	0.0000000000e+00	0.0000000000e+00	0.0000000000e+00	0.0000000000e+00	0.0000000000e+00	0.0000000000e+00	0.0000000000e+00	0.0000000000e+00	0.0000000000e+00
1.0572133552e+05	2.4727220146e-14	0.0000000000e+00	0.0000000000e+00	0.0000000000e+00	0.0000000000e+00	0.0000000000e+00	0.0000000000e+00	0.0000000000e+00	0.0000000000e+00	0.0000000000e+00	0.0000000000e+00	0.0000000000e+00	0.0000000000e+00	0.0000000000e+00	0.0000000000e+00	0.0000000000e+00	0.0000000000e+00	0.0000000000e+00	0.0000000000e+00	0.0000000000e+00	0.0000000000e+00	0.0000000000e+00	0.0000000000e+00	0.0000000000e+00	0.0000000000e+00
1.0572545579e+05	2.4778267485e-14	0.0000000000e+00	0.0000000000e+00	0.0000000000e+00	0.0000000000e+00	0.0000000000e+00	0.0000000000e+00	0.0000000000e+00	0.0000000000e+00	0.0000000000e+00	0.0000000000e+00	0.0000000000e+00	0.0000000000e+00	0.0000000000e+00	0.0000000000e+00	0.0000000000e+00	0.0000000000e+00	0.0000000000e+00	0.0000000000e+00	0.0000000000e+00	0.0000000000e+00	0.0000000000e+00	0.0000000000e+00	0.0000000000e+00	0.0000000000e+00
1.0572962376e+05	2.4580034734e-14	0.0000000000e+00	0.0000000000e+00	0.0000000000e+00	0.0000000000e+00	0.0000000000e+00	0.0000000000e+00	0.0000000000e+00	0.0000000000e+00	0.0000000000e+00	0.0000000000e+00	0.0000000000e+00	0.0000000000e+00	0.0000000000e+00	0.0000000000e+00	0.0000000000e+00	0.0000000000e+00	0.0000000000e+00	0.0000000000e+00	0.0000000000e+00	0.0000000000e+00	0.0000000000e+00	0.0000000000e+00	0.0000000000e+00	0.0000000000e+00
1.0573384000e+05	2.4631751721e-14	0.0000000000e+00	0.0000000000e+00	0.0000000000e+00	0.0000000000e+00	0.0000000000e+00	0.0000000000e+00	0.0000000000e+00	0.0000000000e+00	0.0000000000e+00	0.0000000000e+00	0.0000000000e+00	0.0000000000e+00	0.0000000000e+00	0.0000000000e+00	0.0000000000e+00	0.0000000000e+00	0.0000000000e+00	0.0000000000e+00	0.0000000000e+00	0.0000000000e+00	0.0000000000e+00	0.0000000000e+00	0.0000000000e+00	0.0000000000e+00
1.0573810506e+05	2.4683452407e-14	0.0000000000e+00	0.0000000000e+00	0.0000000000e+00	0.0000000000e+00	0.0000000000e+00	0.0000000000e+00	0.0000000000e+00	0.0000000000e+00	0.0000000000e+00	0.0000000000e+00	0.0000000000e+00	0.0000000000e+00	0.0000000000e+00	0.0000000000e+00	0.0000000000e+00	0.0000000000e+00	0.0000000000e+00	0.0000000000e+00	0.0000000000e+00	0.0000000000e+00	0.0000000000e+00	0.0000000000e+00	0.0000000000e+00	0.0000000000e+00
1.0574241951e+05	2.4491383474e-14	0.0000000000e+00	0.0000000000e+00	0.0000000000e+00	0.0000000000e+00	0.0000000000e+00	0.0000000000e+00	0.0000000000e+00	0.0000000000e+00	0.0000000000e+00	0.0000000000e+00	0.0000000000e+00	0.0000000000e+00	0.0000000000e+00	0.0000000000e+00	0.0000000000e+00	0.0000000000e+00	0.0000000000e+00	0.0000000000e+00	0.0000000000e+00	0.0000000000e+00	0.0000000000e+00	0.0000000000e+00	0.0000000000e+00	0.0000000000e+00
1.0574678392e+05	2.4546430419e-14	0.0000000000e+00	0.0000000000e+00	0.0000000000e+00	0.0000000000e+00	0.0000000000e+00	0.0000000000e+00	0.0000000000e+00	0.0000000000e+00	0.0000000000e+00	0.0000000000e+00	0.0000000000e+00	0.0000000000e+00	0.0000000000e+00	0.0000000000e+00	0.0000000000e+00	0.0000000000e+00	0.0000000000e+00	0.0000000000e+00	0.0000000000e+00	0.0000000000e+00	0.0000000000e+00	0.0000000000e+00	0.0000000000e+00	0.0000000000e+00
1.0575119886e+05	2.4363669454e-14	0.0000000000e+00	0.0000000000e+00	0.0000000000e+00	0.0000000000e+00	0.0000000000e+00	0.0000000000e+00	0.0000000000e+00	0.0000000000e+00	0.0000000000e+00	0.0000000000e+00	0.0000000000e+00	0.0000000000e+00	0.0000000000e+00	0.0000000000e+00	0.0000000000e+00	0.0000000000e+00	0.0000000000e+00	0.0000000000e+00	0.0000000000e+00	0.0000000000e+00	0.0000000000e+00	0.0000000000e+00	0.0000000000e+00	0.0000000000e+00
1.0575566493e+05	2.4187019176e-14	0.0000000000e+00	0.0000000000e+00	0.0000000000e+00	0.0000000000e+00	0.0000000000e+00	0.0000000000e+00	0.0000000000e+00	0.0000000000e+00	0.0000000000e+00	0.0000000000e+00	0.0000000000e+00	0.0000000000e+00	0.0000000000e+00	0.0000000000e+00	0.0000000000e+00	0.0000000000e+00	0.0000000000e+00	0.0000000000e+00	0.0000000000e+00	0.0000000000e+00	0.0000000000e+00	0.0000000000e+00	0.0000000000e+00	0.0000000000e+00
1.0576018271e+05	2.4014265250e-14	0.0000000000e+00	0.0000000000e+00	0.0000000000e+00	0.0000000000e+00	0.0000000000e+00	0.0000000000e+00	0.0000000000e+00	0.0000000000e+00	0.0000000000e+00	0.0000000000e+00	0.0000000000e+00	0.0000000000e+00	0.0000000000e+00	0.0000000000e+00	0.0000000000e+00	0.0000000000e+00	0.0000000000e+00	0.0000000000e+00	0.0000000000e+00	0.0000000000e+00	0.0000000000e+00	0.0000000000e+00	0.0000000000e+00	0.0000000000e+00
1.0576475280e+05	2.4085215151e-14	0.0000000000e+00	0.0000000000e+00	0.0000000000e+00	0.0000000000e+00	0.0000000000e+00	0.0000000000e+00	0.0000000000e+00	0.0000000000e+00	0.0000000000e+00	0.0000000000e+00	0.0000000000e+00	0.0000000000e+00	0.0000000000e+00	0.0000000000e+00	0.0000000000e+00	0.0000000000e+00	0.0000000000e+00	0.0000000000e+00	0.0000000000e+00	0.0000000000e+00	0.0000000000e+00	0.0000000000e+00	0.0000000000e+00	0.0000000000e+00
1.0576937582e+05	2.4157686305e-14	0.0000000000e+00	0.0000000000e+00	0.0000000000e+00	0.0000000000e+00	0.0000000000e+00	0.0000000000e+00	0.0000000000e+00	0.0000000000e+00	0.0000000000e+00	0.0000000000e+00	0.0000000000e+00	0.0000000000e+00	0.0000000000e+00	0.0000000000e+00	0.0000000000e+00	0.0000000000e+00	0.0000000000e+00	0.0000000000e+00	0.0000000000e+00	0.0000000000e+00	0.0000000000e+00	0.0000000000e+00	0.0000000000e+00	0.0000000000e+00
1.0577405236e+05	2.4001964760e-14	0.0000000000e+00	0.0000000000e+00	0.0000000000e+00	0.0000000000e+00	0.0000000000e+00	0.0000000000e+00	0.0000000000e+00	0.0000000000e+00	0.0000000000e+00	0.0000000000e+00	0.0000000000e+00	0.0000000000e+00	0.0000000000e+00	0.0000000000e+00	0.0000000000e+00	0.0000000000e+00	0.0000000000e+00	0.0000000000e+00	0.0000000000e+00	0.0000000000e+00	0.0000000000e+00	0.0000000000e+00	0.0000000000e+00	0.0000000000e+00
1.0577878306e+05	2.4107399362e-14	0.0000000000e+00	0.0000000000e+00	0.0000000000e+00	0.0000000000e+00	0.0000000000e+00	0.0000000000e+00	0.0000000000e+00	0.0000000000e+00	0.0000000000e+00	0.0000000000e+00	0.0000000000e+00	0.0000000000e+00	0.0000000000e+00	0.0000000000e+00	0.0000000000e+00	0.0000000000e+00	0.0000000000e+00	0.0000000000e+00	0.0000000000e+00	0.0000000000e+00	0.0000000000e+00	0.0000000000e+00	0.0000000000e+00	0.0000000000e+00
1.0578356854e+05	2.3981802175e-14	0.0000000000e+00	0.0000000000e+00	0.0000000000e+00	0.0000000000e+00	0.0000000000e+00	0.0000000000e+00	0.0000000000e+00	0.0000000000e+00	0.0000000000e+00	0.0000000000e+00	0.0000000000e+00	0.0000000000e+00	0.0000000000e+00	0.0000000000e+00	0.0000000000e+00	0.0000000000e+00	0.0000000000e+00	0.0000000000e+00	0.0000000000e+00	0.0000000000e+00	0.0000000000e+00	0.0000000000e+00	0.0000000000e+00	0.0000000000e+00
1.0578840943e+05	2.4012180037e-14	0.0000000000e+00	0.0000000000e+00	0.0000000000e+00	0.0000000000e+00	0.0000000000e+00	0.0000000000e+00	0.0000000000e+00	0.0000000000e+00	0.0000000000e+00	0.0000000000e+00	0.0000000000e+00	0.0000000000e+00	0.0000000000e+00	0.0000000000e+00	0.0000000000e+00	0.0000000000e+00	0.0000000000e+00	0.0000000000e+00	0.0000000000e+00	0.0000000000e+00	0.0000000000e+00	0.0000000000e+00	0.0000000000e+00	0.0000000000e+00
1.0579330637e+05	2.3815345562e-14	0.0000000000e+00	0.0000000000e+00	0.0000000000e+00	0.0000000000e+00	0.0000000000e+00	0.0000000000e+00	0.0000000000e+00	0.0000000000e+00	0.0000000000e+00	0.0000000000e+00	0.0000000000e+00	0.0000000000e+00	0.0000000000e+00	0.0000000000e+00	0.0000000000e+00	0.0000000000e+00	0.0000000000e+00	0.0000000000e+00	0.0000000000e+00	0.0000000000e+00	0.0000000000e+00	0.0000000000e+00	0.0000000000e+00	0.0000000000e+00
1.0579826002e+05	2.3756184566e-14	0.0000000000e+00	0.0000000000e+00	0.0000000000e+00	0.0000000000e+00	0.0000000000e+00	0.0000000000e+00	0.0000000000e+00	0.0000000000e+00	0.0000000000e+00	0.0000000000e+00	0.0000000000e+00	0.0000000000e+00	0.0000000000e+00	0.0000000000e+00	0.0000000000e+00	0.0000000000e+00	0.0000000000e+00	0.0000000000e+00	0.0000000000e+00	0.0000000000e+00	0.0000000000e+00	0.0000000000e+00	0.0000000000e+00	0.0000000000e+00
1.0580327103e+05	2.3905038669e-14	0.0000000000e+00	0.0000000000e+00	0.0000000000e+00	0.0000000000e+00	0.0000000000e+00	0.0000000000e+00	0.0000000000e+00	0.0000000000e+00	0.0000000000e+00	0.0000000000e+00	0.0000000000e+00	0.0000000000e+00	0.0000000000e+00	0.0000000000e+00	0.0000000000e+00	0.0000000000e+00	0.0000000000e+00	0.0000000000e+00	0.0000000000e+00	0.0000000000e+00	0.0000000000e+00	0.0000000000e+00	0.0000000000e+00	0.0000000000e+00
1.0580834006e+05	2.3741857393e-14	0.0000000000e+00	0.0000000000e+00	0.0000000000e+00	0.0000000000e+00	0.0000000000e+00	0.0000000000e+00	0.0000000000e+00	0.0000000000e+00	0.0000000000e+00	0.0000000000e+00	0.0000000000e+00	0.0000000000e+00	0.0000000000e+00	0.0000000000e+00	0.0000000000e+00	0.0000000000e+00	0.0000000000e+00	0.0000000000e+00	0.0000000000e+00	0.0000000000e+00	0.0000000000e+00	0.0000000000e+00	0.0000000000e+00	0.0000000000e+00
1.0581346779e+05	2.3886992557e-14	0.0000000000e+00	0.0000000000e+00	0.0000000000e+00	0.0000000000e+00	0.0000000000e+00	0.0000000000e+00	0.0000000000e+00	0.0000000000e+00	0.0000000000e+00	0.0000000000e+00	0.0000000000e+00	0.0000000000e+00	0.0000000000e+00	0.0000000000e+00	0.0000000000e+00	0.0000000000e+00	0.0000000000e+00	0.0000000000e+00	0.0000000000e+00	0.0000000000e+00	0.0000000000e+00	0.0000000000e+00	0.0000000000e+00	0.0000000000e+00
1.0581865490e+05	2.4009441159e-14	0.0000000000e+00	0.0000000000e+00	0.0000000000e+00	0.0000000000e+00	0.0000000000e+00	0.0000000000e+00	0.0000000000e+00	0.0000000000e+00	0.0000000000e+00	0.0000000000e+00	0.0000000000e+00	0.0000000000e+00	0.0000000000e+00	0.0000000000e+00	0.0000000000e+00	0.0000000000e+00	0.0000000000e+00	0.0000000000e+00	0.0000000000e+00	0.0000000000e+00	0.0000000000e+00	0.0000000000e+00	0.0000000000e+00	0.0000000000e+00
1.0582390207e+05	2.3891897159e-14	0.0000000000e+00	0.0000000000e+00	0.0000000000e+00	0.0000000000e+00	0.0000000000e+00	0.0000000000e+00	0.0000000000e+00	0.0000000000e+00	0.0000000000e+00	0.0000000000e+00	0.0000000000e+00	0.0000000000e+00	0.0000000000e+00	0.0000000000e+00	0.0000000000e+00	0.0000000000e+00	0.0000000000e+00	0.0000000000e+00	0.0000000000e+00	0.0000000000e+00	0.0000000000e+00	0.0000000000e+00	0.0000000000e+00	0.0000000000e+00
1.0582921000e+05	2.4080710652e-14	0.0000000000e+00	0.0000000000e+00	0.0000000000e+00	0.0000000000e+00	0.0000000000e+00	0.0000000000e+00	0.0000000000e+00	0.0000000000e+00	0.0000000000e+00	0.0000000000e+00	0.0000000000e+00	0.0000000000e+00	0.0000000000e+00	0.0000000000e+00	0.0000000000e+00	0.0000000000e+00	0.0000000000e+00	0.0000000000e+00	0.0000000000e+00	0.0000000000e+00	0.0000000000e+00	0.0000000000e+00	0.0000000000e+00	0.0000000000e+00
1.0583457939e+05	2.4017184001e-14	0.0000000000e+00	0.0000000000e+00	0.0000000000e+00	0.0000000000e+00	0.0000000000e+00	0.0000000000e+00	0.0000000000e+00	0.0000000000e+00	0.0000000000e+00	0.0000000000e+00	0.0000000000e+00	0.0000000000e+00	0.0000000000e+00	0.0000000000e+00	0.0000000000e+00	0.0000000000e+00	0.0000000000e+00	0.0000000000e+00	0.0000000000e+00	0.0000000000e+00	0.0000000000e+00	0.0000000000e+00	0.0000000000e+00	0.0000000000e+00
1.0584001096e+05	2.3918434446e-14	0.0000000000e+00	0.0000000000e+00	0.0000000000e+00	0.0000000000e+00	0.0000000000e+00	0.0000000000e+00	0.0000000000e+00	0.0000000000e+00	0.0000000000e+00	0.0000000000e+00	0.0000000000e+00	0.0000000000e+00	0.0000000000e+00	0.0000000000e+00	0.0000000000e+00	0.0000000000e+00	0.0000000000e+00	0.0000000000e+00	0.0000000000e+00	0.0000000000e+00	0.0000000000e+00	0.0000000000e+00	0.0000000000e+00	0.0000000000e+00
1.0584550542e+05	2.4102766247e-14	0.0000000000e+00	0.0000000000e+00	0.0000000000e+00	0.0000000000e+00	0.0000000000e+00	0.0000000000e+00	0.0000000000e+00	0.0000000000e+00	0.0000000000e+00	0.0000000000e+00	0.0000000000e+00	0.0000000000e+00	0.0000000000e+00	0.0000000000e+00	0.0000000000e+00	0.0000000000e+00	0.0000000000e+00	0.0000000000e+00	0.0000000000e+00	0.0000000000e+00	0.0000000000e+00	0.0000000000e+00	0.0000000000e+00	0.0000000000e+00
1.0585106351e+05	2.4216160397e-14	0.0000000000e+00	0.0000000000e+00	0.0000000000e+00	0.0000000000e+00	0.0000000000e+00	0.0000000000e+00	0.0000000000e+00	0.0000000000e+00	0.0000000000e+00	0.0000000000e+00	0.0000000000e+00	0.0000000000e+00	0.0000000000e+00	0.0000000000e+00	0.0000000000e+00	0.0000000000e+00	0.0000000000e+00	0.0000000000e+00	0.0000000000e+00	0.0000000000e+00	0.0000000000e+00	0.0000000000e+00	0.0000000000e+00	0.0000000000e+00
1.0585668595e+05	2.4189379805e-14	0.0000000000e+00	0.0000000000e+00	0.0000000000e+00	0.0000000000e+00	0.0000000000e+00	0.0000000000e+00	0.0000000000e+00	0.0000000000e+00	0.0000000000e+00	0.0000000000e+00	0.0000000000e+00	0.0000000000e+00	0.0000000000e+00	0.0000000000e+00	0.0000000000e+00	0.0000000000e+00	0.0000000000e+00	0.0000000000e+00	0.0000000000e+00	0.0000000000e+00	0.0000000000e+00	0.0000000000e+00	0.0000000000e+00	0.0000000000e+00
1.0586237350e+05	2.4393588284e-14	0.0000000000e+00	0.0000000000e+00	0.0000000000e+00	0.0000000000e+00	0.0000000000e+00	0.0000000000e+00	0.0000000000e+00	0.0000000000e+00	0.0000000000e+00	0.0000000000e+00	0.0000000000e+00	0.0000000000e+00	0.0000000000e+00	0.0000000000e+00	0.0000000000e+00	0.0000000000e+00	0.0000000000e+00	0.0000000000e+00	0.0000000000e+00	0.0000000000e+00	0.0000000000e+00	0.0000000000e+00	0.0000000000e+00	0.0000000000e+00
1.0586812691e+05	2.4499300812e-14	0.0000000000e+00	0.0000000000e+00	0.0000000000e+00	0.0000000000e+00	0.0000000000e+00	0.0000000000e+00	0.0000000000e+00	0.0000000000e+00	0.0000000000e+00	0.0000000000e+00	0.0000000000e+00	0.0000000000e+00	0.0000000000e+00	0.0000000000e+00	0.0000000000e+00	0.0000000000e+00	0.0000000000e+00	0.0000000000e+00	0.0000000000e+00	0.0000000000e+00	0.0000000000e+00	0.0000000000e+00	0.0000000000e+00	0.0000000000e+00
1.0587394694e+05	2.4491594547e-14	0.0000000000e+00	0.0000000000e+00	0.0000000000e+00	0.0000000000e+00	0.0000000000e+00	0.0000000000e+00	0.0000000000e+00	0.0000000000e+00	0.0000000000e+00	0.0000000000e+00	0.0000000000e+00	0.0000000000e+00	0.0000000000e+00	0.0000000000e+00	0.0000000000e+00	0.0000000000e+00	0.0000000000e+00	0.0000000000e+00	0.0000000000e+00	0.0000000000e+00	0.0000000000e+00	0.0000000000e+00	0.0000000000e+00	0.0000000000e+00
1.0587983436e+05	2.4487939960e-14	0.0000000000e+00	0.0000000000e+00	0.0000000000e+00	0.0000000000e+00	0.0000000000e+00	0.0000000000e+00	0.0000000000e+00	0.0000000000e+00	0.0000000000e+00	0.0000000000e+00	0.0000000000e+00	0.0000000000e+00	0.0000000000e+00	0.0000000000e+00	0.0000000000e+00	0.0000000000e+00	0.0000000000e+00	0.0000000000e+00	0.0000000000e+00	0.0000000000e+00	0.0000000000e+00	0.0000000000e+00	0.0000000000e+00	0.0000000000e+00
1.0588578996e+05	2.4717269984e-14	0.0000000000e+00	0.0000000000e+00	0.0000000000e+00	0.0000000000e+00	0.0000000000e+00	0.0000000000e+00	0.0000000000e+00	0.0000000000e+00	0.0000000000e+00	0.0000000000e+00	0.0000000000e+00	0.0000000000e+00	0.0000000000e+00	0.0000000000e+00	0.0000000000e+00	0.0000000000e+00	0.0000000000e+00	0.0000000000e+00	0.0000000000e+00	0.0000000000e+00	0.0000000000e+00	0.0000000000e+00	0.0000000000e+00	0.0000000000e+00
1.0589181452e+05	2.4619121630e-14	0.0000000000e+00	0.0000000000e+00	0.0000000000e+00	0.0000000000e+00	0.0000000000e+00	0.0000000000e+00	0.0000000000e+00	0.0000000000e+00	0.0000000000e+00	0.0000000000e+00	0.0000000000e+00	0.0000000000e+00	0.0000000000e+00	0.0000000000e+00	0.0000000000e+00	0.0000000000e+00	0.0000000000e+00	0.0000000000e+00	0.0000000000e+00	0.0000000000e+00	0.0000000000e+00	0.0000000000e+00	0.0000000000e+00	0.0000000000e+00
1.0589790883e+05	2.4810416734e-14	0.0000000000e+00	0.0000000000e+00	0.0000000000e+00	0.0000000000e+00	0.0000000000e+00	0.0000000000e+00	0.0000000000e+00	0.0000000000e+00	0.0000000000e+00	0.0000000000e+00	0.0000000000e+00	0.0000000000e+00	0.0000000000e+00	0.0000000000e+00	0.0000000000e+00	0.0000000000e+00	0.0000000000e+00	0.0000000000e+00	0.0000000000e+00	0.0000000000e+00	0.0000000000e+00	0.0000000000e+00	0.0000000000e+00	0.0000000000e+00
1.0590407372e+05	2.5028331178e-14	0.0000000000e+00	0.0000000000e+00	0.0000000000e+00	0.0000000000e+00	0.0000000000e+00	0.0000000000e+00	0.0000000000e+00	0.0000000000e+00	0.0000000000e+00	0.0000000000e+00	0.0000000000e+00	0.0000000000e+00	0.0000000000e+00	0.0000000000e+00	0.0000000000e+00	0.0000000000e+00	0.0000000000e+00	0.0000000000e+00	0.0000000000e+00	0.0000000000e+00	0.0000000000e+00	0.0000000000e+00	0.0000000000e+00	0.0000000000e+00
1.0591031000e+05	2.5055174400e-14	0.0000000000e+00	0.0000000000e+00	0.0000000000e+00	0.0000000000e+00	0.0000000000e+00	0.0000000000e+00	0.0000000000e+00	0.0000000000e+00	0.0000000000e+00	0.0000000000e+00	0.0000000000e+00	0.0000000000e+00	0.0000000000e+00	0.0000000000e+00	0.0000000000e+00	0.0000000000e+00	0.0000000000e+00	0.0000000000e+00	0.0000000000e+00	0.0000000000e+00	0.0000000000e+00	0.0000000000e+00	0.0000000000e+00	0.0000000000e+00
1.0591661848e+05	2.5170252885e-14	0.0000000000e+00	0.0000000000e+00	0.0000000000e+00	0.0000000000e+00	0.0000000000e+00	0.0000000000e+00	0.0000000000e+00	0.0000000000e+00	0.0000000000e+00	0.0000000000e+00	0.0000000000e+00	0.0000000000e+00	0.0000000000e+00	0.0000000000e+00	0.0000000000e+00	0.0000000000e+00	0.0000000000e+00	0.0000000000e+00	0.0000000000e+00	0.0000000000e+00	0.0000000000e+00	0.0000000000e+00	0.0000000000e+00	0.0000000000e+00
1.0592300002e+05	2.5257970910e-14	0.0000000000e+00	0.0000000000e+00	0.0000000000e+00	0.0000000000e+00	0.0000000000e+00	0.0000000000e+00	0.0000000000e+00	0.0000000000e+00	0.0000000000e+00	0.0000000000e+00	0.0000000000e+00	0.0000000000e+00	0.0000000000e+00	0.0000000000e+00	0.0000000000e+00	0.0000000000e+00	0.0000000000e+00	0.0000000000e+00	0.0000000000e+00	0.0000000000e+00	0.0000000000e+00	0.0000000000e+00	0.0000000000e+00	0.0000000000e+00
1.0592945545e+05	2.5153542906e-14	0.0000000000e+00	0.0000000000e+00	0.0000000000e+00	0.0000000000e+00	0.0000000000e+00	0.0000000000e+00	0.0000000000e+00	0.0000000000e+00	0.0000000000e+00	0.0000000000e+00	0.0000000000e+00	0.0000000000e+00	0.0000000000e+00	0.0000000000e+00	0.0000000000e+00	0.0000000000e+00	0.0000000000e+00	0.0000000000e+00	0.0000000000e+00	0.0000000000e+00	0.0000000000e+00	0.0000000000e+00	0.0000000000e+00	0.0000000000e+00
1.0593598563e+05	2.5346635883e-14	0.0000000000e+00	0.0000000000e+00	0.0000000000e+00	0.0000000000e+00	0.0000000000e+00	0.0000000000e+00	0.0000000000e+00	0.0000000000e+00	0.0000000000e+00	0.0000000000e+00	0.0000000000e+00	0.0000000000e+00	0.0000000000e+00	0.0000000000e+00	0.0000000000e+00	0.0000000000e+00	0.0000000000e+00	0.0000000000e+00	0.0000000000e+00	0.0000000000e+00	0.0000000000e+00	0.0000000000e+00	0.0000000000e+00	0.0000000000e+00
1.0593727000e+05	2.5423197511e-14	0.0000000000e+00	0.0000000000e+00	0.0000000000e+00	0.0000000000e+00	0.0000000000e+00	0.0000000000e+00	0.0000000000e+00	0.0000000000e+00	0.0000000000e+00	0.0000000000e+00	0.0000000000e+00	0.0000000000e+00	0.0000000000e+00	0.0000000000e+00	0.0000000000e+00	0.0000000000e+00	0.0000000000e+00	0.0000000000e+00	0.0000000000e+00	0.0000000000e+00	0.0000000000e+00	0.0000000000e+00	0.0000000000e+00	0.0000000000e+00
1.0594259143e+05	2.5640665582e-14	2.3796738665e-15	0.0000000000e+00	0.0000000000e+00	0.0000000000e+00	2.1943622831e-17	7.8458021460e-14	0.0000000000e+00	0.0000000000e+00	0.0000000000e+00	0.0000000000e+00	0.0000000000e+00	0.0000000000e+00	0.0000000000e+00	0.0000000000e+00	0.0000000000e+00	0.0000000000e+00	0.0000000000e+00	0.0000000000e+00	0.0000000000e+00	0.0000000000e+00	0.0000000000e+00	0.0000000000e+00	0.0000000000e+00	0.0000000000e+00
1.0594389067e+05	2.5641555076e-14	2.3468625871e-15	0.0000000000e+00	0.0000000000e+00	0.0000000000e+00	2.6864313888e-17	8.4003830851e-14	0.0000000000e+00	0.0000000000e+00	0.0000000000e+00	0.0000000000e+00	0.0000000000e+00	0.0000000000e+00	0.0000000000e+00	0.0000000000e+00	0.0000000000e+00	0.0000000000e+00	0.0000000000e+00	0.0000000000e+00	0.0000000000e+00	0.0000000000e+00	0.0000000000e+00	0.0000000000e+00	0.0000000000e+00	0.0000000000e+00
1.0594927371e+05	2.5649810223e-14	1.7699461819e-15	0.0000000000e+00	0.0000000000e+00	0.0000000000e+00	3.6394736942e-17	5.5749628160e-14	0.0000000000e+00	0.0000000000e+00	0.0000000000e+00	0.0000000000e+00	0.0000000000e+00	0.0000000000e+00	0.0000000000e+00	0.0000000000e+00	0.0000000000e+00	0.0000000000e+00	0.0000000000e+00	0.0000000000e+00	0.0000000000e+00	0.0000000000e+00	0.0000000000e+00	0.0000000000e+00	0.0000000000e+00	0.0000000000e+00
1.0595058800e+05	2.5830655495e-14	2.0714073573e-15	0.0000000000e+00	0.0000000000e+00	0.0000000000e+00	4.7150987984e-17	4.6109204553e-14	0.0000000000e+00	0.0000000000e+00	0.0000000000e+00	0.0000000000e+00	0.0000000000e+00	0.0000000000e+00	0.0000000000e+00	0.0000000000e+00	0.0000000000e+00	0.0000000000e+00	0.0000000000e+00	0.0000000000e+00	0.0000000000e+00	0.0000000000e+00	0.0000000000e+00	0.0000000000e+00	0.0000000000e+00	0.0000000000e+00
1.0595603338e+05	2.5842142494e-14	1.4844646129e-15	0.0000000000e+00	0.0000000000e+00	0.0000000000e+00	4.7167601921e-17	3.8124459192e-14	0.0000000000e+00	0.0000000000e+00	0.0000000000e+00	0.0000000000e+00	0.0000000000e+00	0.0000000000e+00	0.0000000000e+00	0.0000000000e+00	0.0000000000e+00	0.0000000000e+00	0.0000000000e+00	0.0000000000e+00	0.0000000000e+00	0.0000000000e+00	0.0000000000e+00	0.0000000000e+00	0.0000000000e+00	0.0000000000e+00
1.0595736289e+05	2.5849604596e-14	1.3521374954e-15	0.0000000000e+00	0.0000000000e+00	0.0000000000e+00	4.5903879455e-17	4.1987894327e-14	0.0000000000e+00	0.0000000000e+00	0.0000000000e+00	0.0000000000e+00	0.0000000000e+00	0.0000000000e+00	0.0000000000e+00	0.0000000000e+00	0.0000000000e+00	0.0000000000e+00	0.0000000000e+00	0.0000000000e+00	0.0000000000e+00	0.0000000000e+00	0.0000000000e+00	0.0000000000e+00	0.0000000000e+00	0.0000000000e+00
1.0596287132e+05	2.6051869746e-14	1.1696450808e-15	0.0000000000e+00	0.0000000000e+00	0.0000000000e+00	5.0127877005e-17	4.7088453782e-14	0.0000000000e+00	0.0000000000e+00	0.0000000000e+00	0.0000000000e+00	0.0000000000e+00	0.0000000000e+00	0.0000000000e+00	0.0000000000e+00	0.0000000000e+00	0.0000000000e+00	0.0000000000e+00	0.0000000000e+00	0.0000000000e+00	0.0000000000e+00	0.0000000000e+00	0.0000000000e+00	0.0000000000e+00	0.0000000000e+00
1.0596421622e+05	2.6050868166e-14	1.1263154058e-15	0.0000000000e+00	0.0000000000e+00	0.0000000000e+00	5.0692543739e-17	5.0029114922e-14	0.0000000000e+00	0.0000000000e+00	0.0000000000e+00	0.0000000000e+00	0.0000000000e+00	0.0000000000e+00	0.0000000000e+00	0.0000000000e+00	0.0000000000e+00	0.0000000000e+00	0.0000000000e+00	0.0000000000e+00	0.0000000000e+00	0.0000000000e+00	0.0000000000e+00	0.0000000000e+00	0.0000000000e+00	0.0000000000e+00
1.0596978844e+05	2.6067267725e-14	1.1215327233e-15	0.0000000000e+00	0.0000000000e+00	0.0000000000e+00	6.0353782342e-17	5.2231301484e-14	0.0000000000e+00	0.0000000000e+00	0.0000000000e+00	0.0000000000e+00	0.0000000000e+00	0.0000000000e+00	0.0000000000e+00	0.0000000000e+00	0.0000000000e+00	0.0000000000e+00	0.0000000000e+00	0.0000000000e+00	0.0000000000e+00	0.0000000000e+00	0.0000000000e+00	0.0000000000e+00	0.0000000000e+00	0.0000000000e+00
1.0597114891e+05	2.6072591947e-14	1.0353080135e-15	0.0000000000e+00	0.0000000000e+00	0.0000000000e+00	5.7914223051e-17	5.8183085327e-14	0.0000000000e+00	0.0000000000e+00	0.0000000000e+00	0.0000000000e+00	0.0000000000e+00	0.0000000000e+00	0.0000000000e+00	0.0000000000e+00	0.0000000000e+00	0.0000000000e+00	0.0000000000e+00	0.0000000000e+00	0.0000000000e+00	0.0000000000e+00	0.0000000000e+00	0.0000000000e+00	0.0000000000e+00	0.0000000000e+00
1.0597678565e+05	2.6090349213e-14	8.9234891560e-16	0.0000000000e+00	0.0000000000e+00	0.0000000000e+00	5.7685509230e-17	5.7451633558e-14	0.0000000000e+00	0.0000000000e+00	0.0000000000e+00	0.0000000000e+00	0.0000000000e+00	0.0000000000e+00	0.0000000000e+00	0.0000000000e+00	0.0000000000e+00	0.0000000000e+00	0.0000000000e+00	0.0000000000e+00	0.0000000000e+00	0.0000000000e+00	0.0000000000e+00	0.0000000000e+00	0.0000000000e+00	0.0000000000e+00
1.0597816188e+05	2.6093285158e-14	8.7736753156e-16	0.0000000000e+00	0.0000000000e+00	0.0000000000e+00	5.8560509352e-17	5.7425759434e-14	0.0000000000e+00	0.0000000000e+00	0.0000000000e+00	0.0000000000e+00	0.0000000000e+00	0.0000000000e+00	0.0000000000e+00	0.0000000000e+00	0.0000000000e+00	0.0000000000e+00	0.0000000000e+00	0.0000000000e+00	0.0000000000e+00	0.0000000000e+00	0.0000000000e+00	0.0000000000e+00	0.0000000000e+00	0.0000000000e+00
1.0598386389e+05	2.6313341977e-14	8.1331430622e-16	0.0000000000e+00	0.0000000000e+00	0.0000000000e+00	6.1284446494e-17	6.0930216577e-14	0.0000000000e+00	0.0000000000e+00	0.0000000000e+00	0.0000000000e+00	0.0000000000e+00	0.0000000000e+00	0.0000000000e+00	0.0000000000e+00	0.0000000000e+00	0.0000000000e+00	0.0000000000e+00	0.0000000000e+00	0.0000000000e+00	0.0000000000e+00	0.0000000000e+00	0.0000000000e+00	0.0000000000e+00	0.0000000000e+00
1.0598525605e+05	2.6314348821e-14	7.9382174402e-16	0.0000000000e+00	0.0000000000e+00	0.0000000000e+00	6.1464484733e-17	5.9840875030e-14	0.0000000000e+00	0.0000000000e+00	0.0000000000e+00	0.0000000000e+00	0.0000000000e+00	0.0000000000e+00	0.0000000000e+00	0.0000000000e+00	0.0000000000e+00	0.0000000000e+00	0.0000000000e+00	0.0000000000e+00	0.0000000000e+00	0.0000000000e+00	0.0000000000e+00	0.0000000000e+00	0.0000000000e+00	0.0000000000e+00
1.0599102409e+05	2.6526949951e-14	7.3702736803e-16	0.0000000000e+00	0.0000000000e+00	0.0000000000e+00	6.3337077777e-17	5.7253085256e-14	0.0000000000e+00	0.0000000000e+00	0.0000000000e+00	0.0000000000e+00	0.0000000000e+00	0.0000000000e+00	0.0000000000e+00	0.0000000000e+00	0.0000000000e+00	0.0000000000e+00	0.0000000000e+00	0.0000000000e+00	0.0000000000e+00	0.0000000000e+00	0.0000000000e+00	0.0000000000e+00	0.0000000000e+00	0.0000000000e+00
1.0599243237e+05	2.6530976915e-14	7.2561816546e-16	0.0000000000e+00	0.0000000000e+00	0.0000000000e+00	6.3846533327e-17	5.6921147073e-14	0.0000000000e+00	0.0000000000e+00	0.0000000000e+00	0.0000000000e+00	0.0000000000e+00	0.0000000000e+00	0.0000000000e+00	0.0000000000e+00	0.0000000000e+00	0.0000000000e+00	0.0000000000e+00	0.0000000000e+00	0.0000000000e+00	0.0000000000e+00	0.0000000000e+00	0.0000000000e+00	0.0000000000e+00	0.0000000000e+00
1.0599826720e+05	2.6549581477e-14	6.8816216705e-16	0.0000000000e+00	0.0000000000e+00	0.0000000000e+00	6.6338187234e-17	5.3012719258e-14	0.0000000000e+00	0.0000000000e+00	0.0000000000e+00	0.0000000000e+00	0.0000000000e+00	0.0000000000e+00	0.0000000000e+00	0.0000000000e+00	0.0000000000e+00	0.0000000000e+00	0.0000000000e+00	0.0000000000e+00	0.0000000000e+00	0.0000000000e+00	0.0000000000e+00	0.0000000000e+00	0.0000000000e+00	0.0000000000e+00
1.0599969179e+05	2.6749222939e-14	7.7326172131e-16	0.0000000000e+00	0.0000000000e+00	0.0000000000e+00	7.6111271561e-17	5.3566859477e-14	0.0000000000e+00	0.0000000000e+00	0.0000000000e+00	0.0000000000e+00	0.0000000000e+00	0.0000000000e+00	0.0000000000e+00	0.0000000000e+00	0.0000000000e+00	0.0000000000e+00	0.0000000000e+00	0.0000000000e+00	0.0000000000e+00	0.0000000000e+00	0.0000000000e+00	0.0000000000e+00	0.0000000000e+00	0.0000000000e+00
1.0600559418e+05	2.6768312201e-14	6.4014481948e-16	0.0000000000e+00	0.0000000000e+00	0.0000000000e+00	6.8330655932e-17	5.0517049472e-14	0.0000000000e+00	0.0000000000e+00	0.0000000000e+00	0.0000000000e+00	0.0000000000e+00	0.0000000000e+00	0.0000000000e+00	0.0000000000e+00	0.0000000000e+00	0.0000000000e+00	0.0000000000e+00	0.0000000000e+00	0.0000000000e+00	0.0000000000e+00	0.0000000000e+00	0.0000000000e+00	0.0000000000e+00	0.0000000000e+00
1.0600703527e+05	2.6773036627e-14	6.3189188933e-16	0.0000000000e+00	0.0000000000e+00	0.0000000000e+00	6.8717650166e-17	4.9754236258e-14	0.0000000000e+00	0.0000000000e+00	0.0000000000e+00	0.0000000000e+00	0.0000000000e+00	0.0000000000e+00	0.0000000000e+00	0.0000000000e+00	0.0000000000e+00	0.0000000000e+00	0.0000000000e+00	0.0000000000e+00	0.0000000000e+00	0.0000000000e+00	0.0000000000e+00	0.0000000000e+00	0.0000000000e+00	0.0000000000e+00
1.0601300601e+05	2.6984948275e-14	6.0234225294e-16	0.0000000000e+00	0.0000000000e+00	0.0000000000e+00	7.0454485691e-17	4.7087723850e-14	0.0000000000e+00	0.0000000000e+00	0.0000000000e+00	0.0000000000e+00	0.0000000000e+00	0.0000000000e+00	0.0000000000e+00	0.0000000000e+00	0.0000000000e+00	0.0000000000e+00	0.0000000000e+00	0.0000000000e+00	0.0000000000e+00	0.0000000000e+00	0.0000000000e+00	0.0000000000e+00	0.0000000000e+00	0.0000000000e+00
1.0601446378e+05	2.6989641518e-14	5.9729388147e-16	0.0000000000e+00	0.0000000000e+00	0.0000000000e+00	7.1048780346e-17	4.7007500732e-14	0.0000000000e+00	0.0000000000e+00	0.0000000000e+00	0.0000000000e+00	0.0000000000e+00	0.0000000000e+00	0.0000000000e+00	0.0000000000e+00	0.0000000000e+00	0.0000000000e+00	0.0000000000e+00	0.0000000000e+00	0.0000000000e+00	0.0000000000e+00	0.0000000000e+00	0.0000000000e+00	0.0000000000e+00	0.0000000000e+00
1.0602050366e+05	2.7008580916e-14	5.7534419606e-16	0.0000000000e+00	0.0000000000e+00	0.0000000000e+00	7.3112162517e-17	4.6372170629e-14	0.0000000000e+00	0.0000000000e+00	0.0000000000e+00	0.0000000000e+00	0.0000000000e+00	0.0000000000e+00	0.0000000000e+00	0.0000000000e+00	0.0000000000e+00	0.0000000000e+00	0.0000000000e+00	0.0000000000e+00	0.0000000000e+00	0.0000000000e+00	0.0000000000e+00	0.0000000000e+00	0.0000000000e+00	0.0000000000e+00
1.0602197831e+05	2.7013615241e-14	5.6833915342e-16	0.0000000000e+00	0.0000000000e+00	0.0000000000e+00	7.3336444044e-17	4.5540430935e-14	0.0000000000e+00	0.0000000000e+00	0.0000000000e+00	0.0000000000e+00	0.0000000000e+00	0.0000000000e+00	0.0000000000e+00	0.0000000000e+00	0.0000000000e+00	0.0000000000e+00	0.0000000000e+00	0.0000000000e+00	0.0000000000e+00	0.0000000000e+00	0.0000000000e+00	0.0000000000e+00	0.0000000000e+00	0.0000000000e+00
1.0602808813e+05	2.7035140591e-14	5.4580814600e-16	0.0000000000e+00	0.0000000000e+00	0.0000000000e+00	7.4812723567e-17	4.4592244020e-14	0.0000000000e+00	0.0000000000e+00	0.0000000000e+00	0.0000000000e+00	0.0000000000e+00	0.0000000000e+00	0.0000000000e+00	0.0000000000e+00	0.0000000000e+00	0.0000000000e+00	0.0000000000e+00	0.0000000000e+00	0.0000000000e+00	0.0000000000e+00	0.0000000000e+00	0.0000000000e+00	0.0000000000e+00	0.0000000000e+00
1.0602957986e+05	2.7226799298e-14	5.4116570797e-16	0.0000000000e+00	0.0000000000e+00	0.0000000000e+00	7.5225414511e-17	4.4890753299e-14	0.0000000000e+00	0.0000000000e+00	0.0000000000e+00	0.0000000000e+00	0.0000000000e+00	0.0000000000e+00	0.0000000000e+00	0.0000000000e+00	0.0000000000e+00	0.0000000000e+00	0.0000000000e+00	0.0000000000e+00	0.0000000000e+00	0.0000000000e+00	0.0000000000e+00	0.0000000000e+00	0.0000000000e+00	0.0000000000e+00
1.0603576042e+05	2.7246998431e-14	5.2515616855e-16	0.0000000000e+00	0.0000000000e+00	0.0000000000e+00	7.7169444169e-17	4.7043669251e-14	0.0000000000e+00	0.0000000000e+00	0.0000000000e+00	0.0000000000e+00	0.0000000000e+00	0.0000000000e+00	0.0000000000e+00	0.0000000000e+00	0.0000000000e+00	0.0000000000e+00	0.0000000000e+00	0.0000000000e+00	0.0000000000e+00	0.0000000000e+00	0.0000000000e+00	0.0000000000e+00	0.0000000000e+00	0.0000000000e+00
1.0603726943e+05	2.7252000032e-14	5.2094855739e-16	0.0000000000e+00	0.0000000000e+00	0.0000000000e+00	7.7549424248e-17	4.6329539485e-14	0.0000000000e+00	0.0000000000e+00	0.0000000000e+00	0.0000000000e+00	0.0000000000e+00	0.0000000000e+00	0.0000000000e+00	0.0000000000e+00	0.0000000000e+00	0.0000000000e+00	0.0000000000e+00	0.0000000000e+00	0.0000000000e+00	0.0000000000e+00	0.0000000000e+00	0.0000000000e+00	0.0000000000e+00	0.0000000000e+00
1.0604352156e+05	2.7456404410e-14	5.0436935352e-16	0.0000000000e+00	0.0000000000e+00	0.0000000000e+00	7.9039992827e-17	4.5161287356e-14	0.0000000000e+00	0.0000000000e+00	0.0000000000e+00	0.0000000000e+00	0.0000000000e+00	0.0000000000e+00	0.0000000000e+00	0.0000000000e+00	0.0000000000e+00	0.0000000000e+00	0.0000000000e+00	0.0000000000e+00	0.0000000000e+00	0.0000000000e+00	0.0000000000e+00	0.0000000000e+00	0.0000000000e+00	0.0000000000e+00
1.0604504803e+05	2.7461188321e-14	5.0076511794e-16	0.0000000000e+00	0.0000000000e+00	0.0000000000e+00	7.9423780599e-17	4.5471318565e-14	0.0000000000e+00	0.0000000000e+00	0.0000000000e+00	0.0000000000e+00	0.0000000000e+00	0.0000000000e+00	0.0000000000e+00	0.0000000000e+00	0.0000000000e+00	0.0000000000e+00	0.0000000000e+00	0.0000000000e+00	0.0000000000e+00	0.0000000000e+00	0.0000000000e+00	0.0000000000e+00	0.0000000000e+00	0.0000000000e+00
1.0605137256e+05	2.7663263370e-14	4.8754857517e-16	0.0000000000e+00	0.0000000000e+00	0.0000000000e+00	8.1110332638e-17	4.7885182265e-14	0.0000000000e+00	0.0000000000e+00	0.0000000000e+00	0.0000000000e+00	0.0000000000e+00	0.0000000000e+00	0.0000000000e+00	0.0000000000e+00	0.0000000000e+00	0.0000000000e+00	0.0000000000e+00	0.0000000000e+00	0.0000000000e+00	0.0000000000e+00	0.0000000000e+00	0.0000000000e+00	0.0000000000e+00	0.0000000000e+00
1.0605291671e+05	2.7667430710e-14	4.8470295304e-16	0.0000000000e+00	0.0000000000e+00	0.0000000000e+00	8.1544596955e-17	4.8238010177e-14	0.0000000000e+00	0.0000000000e+00	0.0000000000e+00	0.0000000000e+00	0.0000000000e+00	0.0000000000e+00	0.0000000000e+00	0.0000000000e+00	0.0000000000e+00	0.0000000000e+00	0.0000000000e+00	0.0000000000e+00	0.0000000000e+00	0.0000000000e+00	0.0000000000e+00	0.0000000000e+00	0.0000000000e+00	0.0000000000e+00
1.0605931447e+05	2.7866638659e-14	4.7371435061e-16	0.0000000000e+00	0.0000000000e+00	0.0000000000e+00	8.3329267551e-17	4.7944283625e-14	0.0000000000e+00	0.0000000000e+00	0.0000000000e+00	0.0000000000e+00	0.0000000000e+00	0.0000000000e+00	0.0000000000e+00	0.0000000000e+00	0.0000000000e+00	0.0000000000e+00	0.0000000000e+00	0.0000000000e+00	0.0000000000e+00	0.0000000000e+00	0.0000000000e+00	0.0000000000e+00	0.0000000000e+00	0.0000000000e+00
1.0606087651e+05	2.7870301793e-14	4.7120982589e-16	0.0000000000e+00	0.0000000000e+00	0.0000000000e+00	8.3761009970e-17	4.7985143656e-14	0.0000000000e+00	0.0000000000e+00	0.0000000000e+00	0.0000000000e+00	0.0000000000e+00	0.0000000000e+00	0.0000000000e+00	0.0000000000e+00	0.0000000000e+00	0.0000000000e+00	0.0000000000e+00	0.0000000000e+00	0.0000000000e+00	0.0000000000e+00	0.0000000000e+00	0.0000000000e+00	0.0000000000e+00	0.0000000000e+00
1.0606734835e+05	2.7886047438e-14	4.6169051236e-16	0.0000000000e+00	0.0000000000e+00	0.0000000000e+00	8.5569476784e-17	4.9358156520e-14	0.0000000000e+00	0.0000000000e+00	0.0000000000e+00	0.0000000000e+00	0.0000000000e+00	0.0000000000e+00	0.0000000000e+00	0.0000000000e+00	0.0000000000e+00	0.0000000000e+00	0.0000000000e+00	0.0000000000e+00	0.0000000000e+00	0.0000000000e+00	0.0000000000e+00	0.0000000000e+00	0.0000000000e+00	0.0000000000e+00
1.0606892847e+05	2.7889939900e-14	4.5957231785e-16	0.0000000000e+00	0.0000000000e+00	0.0000000000e+00	8.6017913517e-17	4.9789944821e-14	0.0000000000e+00	0.0000000000e+00	0.0000000000e+00	0.0000000000e+00	0.0000000000e+00	0.0000000000e+00	0.0000000000e+00	0.0000000000e+00	0.0000000000e+00	0.0000000000e+00	0.0000000000e+00	0.0000000000e+00	0.0000000000e+00	0.0000000000e+00	0.0000000000e+00	0.0000000000e+00	0.0000000000e+00	0.0000000000e+00
1.0607547526e+05	2.7905585773e-14	4.5157143221e-16	0.0000000000e+00	0.0000000000e+00	0.0000000000e+00	8.7905069801e-17	5.0735271430e-14	0.0000000000e+00	0.0000000000e+00	0.0000000000e+00	0.0000000000e+00	0.0000000000e+00	0.0000000000e+00	0.0000000000e+00	0.0000000000e+00	0.0000000000e+00	0.0000000000e+00	0.0000000000e+00	0.0000000000e+00	0.0000000000e+00	0.0000000000e+00	0.0000000000e+00	0.0000000000e+00	0.0000000000e+00	0.0000000000e+00
1.0607707367e+05	2.7909188624e-14	4.4977571061e-16	0.0000000000e+00	0.0000000000e+00	0.0000000000e+00	8.8369178010e-17	5.0779337376e-14	0.0000000000e+00	0.0000000000e+00	0.0000000000e+00	0.0000000000e+00	0.0000000000e+00	0.0000000000e+00	0.0000000000e+00	0.0000000000e+00	0.0000000000e+00	0.0000000000e+00	0.0000000000e+00	0.0000000000e+00	0.0000000000e+00	0.0000000000e+00	0.0000000000e+00	0.0000000000e+00	0.0000000000e+00	0.0000000000e+00
1.0608369627e+05	2.8100528632e-14	4.4286912970e-16	0.0000000000e+00	0.0000000000e+00	0.0000000000e+00	9.0293669101e-17	5.1184165153e-14	0.0000000000e+00	0.0000000000e+00	0.0000000000e+00	0.0000000000e+00	0.0000000000e+00	0.0000000000e+00	0.0000000000e+00	0.0000000000e+00	0.0000000000e+00	0.0000000000e+00	0.0000000000e+00	0.0000000000e+00	0.0000000000e+00	0.0000000000e+00	0.0000000000e+00	0.0000000000e+00	0.0000000000e+00	0.0000000000e+00
1.0608531319e+05	2.8103783011e-14	4.4130627574e-16	0.0000000000e+00	0.0000000000e+00	0.0000000000e+00	9.0764240759e-17	5.1378007397e-14	0.0000000000e+00	0.0000000000e+00	0.0000000000e+00	0.0000000000e+00	0.0000000000e+00	0.0000000000e+00	0.0000000000e+00	0.0000000000e+00	0.0000000000e+00	0.0000000000e+00	0.0000000000e+00	0.0000000000e+00	0.0000000000e+00	0.0000000000e+00	0.0000000000e+00	0.0000000000e+00	0.0000000000e+00	0.0000000000e+00
1.0609201247e+05	2.8291278701e-14	4.3528954548e-16	0.0000000000e+00	0.0000000000e+00	0.0000000000e+00	9.2715142245e-17	5.2189407570e-14	0.0000000000e+00	0.0000000000e+00	0.0000000000e+00	0.0000000000e+00	0.0000000000e+00	0.0000000000e+00	0.0000000000e+00	0.0000000000e+00	0.0000000000e+00	0.0000000000e+00	0.0000000000e+00	0.0000000000e+00	0.0000000000e+00	0.0000000000e+00	0.0000000000e+00	0.0000000000e+00	0.0000000000e+00	0.0000000000e+00
1.0609364812e+05	2.8293909279e-14	4.3391937650e-16	0.0000000000e+00	0.0000000000e+00	0.0000000000e+00	9.3190419525e-17	5.2319012702e-14	0.0000000000e+00	0.0000000000e+00	0.0000000000e+00	0.0000000000e+00	0.0000000000e+00	0.0000000000e+00	0.0000000000e+00	0.0000000000e+00	0.0000000000e+00	0.0000000000e+00	0.0000000000e+00	0.0000000000e+00	0.0000000000e+00	0.0000000000e+00	0.0000000000e+00	0.0000000000e+00	0.0000000000e+00	0.0000000000e+00
1.0610042497e+05	2.8303960692e-14	4.2852833399e-16	0.0000000000e+00	0.0000000000e+00	0.0000000000e+00	9.5135534647e-17	5.2521524110e-14	0.0000000000e+00	0.0000000000e+00	0.0000000000e+00	0.0000000000e+00	0.0000000000e+00	0.0000000000e+00	0.0000000000e+00	0.0000000000e+00	0.0000000000e+00	0.0000000000e+00	0.0000000000e+00	0.0000000000e+00	0.0000000000e+00	0.0000000000e+00	0.0000000000e+00	0.0000000000e+00	0.0000000000e+00	0.0000000000e+00
1.0610207956e+05	2.8479714405e-14	4.2726100148e-16	0.0000000000e+00	0.0000000000e+00	0.0000000000e+00	9.5600881032e-17	5.2549800200e-14	0.0000000000e+00	0.0000000000e+00	0.0000000000e+00	0.0000000000e+00	0.0000000000e+00	0.0000000000e+00	0.0000000000e+00	0.0000000000e+00	0.0000000000e+00	0.0000000000e+00	0.0000000000e+00	0.0000000000e+00	0.0000000000e+00	0.0000000000e+00	0.0000000000e+00	0.0000000000e+00	0.0000000000e+00	0.0000000000e+00
1.0610893489e+05	2.8487666337e-14	4.2217131375e-16	0.0000000000e+00	0.0000000000e+00	0.0000000000e+00	9.7483945389e-17	5.2731124870e-14	0.0000000000e+00	0.0000000000e+00	0.0000000000e+00	0.0000000000e+00	0.0000000000e+00	0.0000000000e+00	0.0000000000e+00	0.0000000000e+00	0.0000000000e+00	0.0000000000e+00	0.0000000000e+00	0.0000000000e+00	0.0000000000e+00	0.0000000000e+00	0.0000000000e+00	0.0000000000e+00	0.0000000000e+00	0.0000000000e+00
1.0611060864e+05	2.8489346141e-14	4.2097139571e-16	0.0000000000e+00	0.0000000000e+00	0.0000000000e+00	9.7934158518e-17	5.2770075566e-14	0.0000000000e+00	0.0000000000e+00	0.0000000000e+00	0.0000000000e+00	0.0000000000e+00	0.0000000000e+00	0.0000000000e+00	0.0000000000e+00	0.0000000000e+00	0.0000000000e+00	0.0000000000e+00	0.0000000000e+00	0.0000000000e+00	0.0000000000e+00	0.0000000000e+00	0.0000000000e+00	0.0000000000e+00	0.0000000000e+00
1.0611754334e+05	2.8666617213e-14	4.1619812651e-16	0.0000000000e+00	0.0000000000e+00	0.0000000000e+00	9.9768751007e-17	5.2823113120e-14	0.0000000000e+00	0.0000000000e+00	0.0000000000e+00	0.0000000000e+00	0.0000000000e+00	0.0000000000e+00	0.0000000000e+00	0.0000000000e+00	0.0000000000e+00	0.0000000000e+00	0.0000000000e+00	0.0000000000e+00	0.0000000000e+00	0.0000000000e+00	0.0000000000e+00	0.0000000000e+00	0.0000000000e+00	0.0000000000e+00
1.0611923647e+05	2.8667776675e-14	4.1507773556e-16	0.0000000000e+00	0.0000000000e+00	0.0000000000e+00	1.0020907347e-16	5.2798972833e-14	0.0000000000e+00	0.0000000000e+00	0.0000000000e+00	0.0000000000e+00	0.0000000000e+00	0.0000000000e+00	0.0000000000e+00	0.0000000000e+00	0.0000000000e+00	0.0000000000e+00	0.0000000000e+00	0.0000000000e+00	0.0000000000e+00	0.0000000000e+00	0.0000000000e+00	0.0000000000e+00	0.0000000000e+00	0.0000000000e+00
1.0612625148e+05	2.8671339210e-14	4.1056960062e-16	0.0000000000e+00	0.0000000000e+00	0.0000000000e+00	1.0199266392e-16	5.2604417511e-14	0.0000000000e+00	0.0000000000e+00	0.0000000000e+00	0.0000000000e+00	0.0000000000e+00	0.0000000000e+00	0.0000000000e+00	0.0000000000e+00	0.0000000000e+00	0.0000000000e+00	0.0000000000e+00	0.0000000000e+00	0.0000000000e+00	0.0000000000e+00	0.0000000000e+00	0.0000000000e+00	0.0000000000e+00	0.0000000000e+00
1.0612796421e+05	2.8671715776e-14	4.0949535188e-16	0.0000000000e+00	0.0000000000e+00	0.0000000000e+00	1.0241715876e-16	5.2552902680e-14	0.0000000000e+00	0.0000000000e+00	0.0000000000e+00	0.0000000000e+00	0.0000000000e+00	0.0000000000e+00	0.0000000000e+00	0.0000000000e+00	0.0000000000e+00	0.0000000000e+00	0.0000000000e+00	0.0000000000e+00	0.0000000000e+00	0.0000000000e+00	0.0000000000e+00	0.0000000000e+00	0.0000000000e+00	0.0000000000e+00
1.0613506045e+05	2.8843122935e-14	4.0515417079e-16	0.0000000000e+00	0.0000000000e+00	0.0000000000e+00	1.0413303696e-16	5.2292849069e-14	0.0000000000e+00	0.0000000000e+00	0.0000000000e+00	0.0000000000e+00	0.0000000000e+00	0.0000000000e+00	0.0000000000e+00	0.0000000000e+00	0.0000000000e+00	0.0000000000e+00	0.0000000000e+00	0.0000000000e+00	0.0000000000e+00	0.0000000000e+00	0.0000000000e+00	0.0000000000e+00	0.0000000000e+00	0.0000000000e+00
1.0613679302e+05	2.8842951368e-14	4.0412486702e-16	0.0000000000e+00	0.0000000000e+00	0.0000000000e+00	1.0454296433e-16	5.2216214985e-14	0.0000000000e+00	0.0000000000e+00	0.0000000000e+00	0.0000000000e+00	0.0000000000e+00	0.0000000000e+00	0.0000000000e+00	0.0000000000e+00	0.0000000000e+00	0.0000000000e+00	0.0000000000e+00	0.0000000000e+00	0.0000000000e+00	0.0000000000e+00	0.0000000000e+00	0.0000000000e+00	0.0000000000e+00	0.0000000000e+00
1.0614397142e+05	2.9009194291e-14	4.0000982368e-16	0.0000000000e+00	0.0000000000e+00	0.0000000000e+00	1.0621284162e-16	5.1860826477e-14	0.0000000000e+00	0.0000000000e+00	0.0000000000e+00	0.0000000000e+00	0.0000000000e+00	0.0000000000e+00	0.0000000000e+00	0.0000000000e+00	0.0000000000e+00	0.0000000000e+00	0.0000000000e+00	0.0000000000e+00	0.0000000000e+00	0.0000000000e+00	0.0000000000e+00	0.0000000000e+00	0.0000000000e+00	0.0000000000e+00
1.0614572405e+05	2.9008417785e-14	3.9904245339e-16	0.0000000000e+00	0.0000000000e+00	0.0000000000e+00	1.0661435378e-16	5.1758297444e-14	0.0000000000e+00	0.0000000000e+00	0.0000000000e+00	0.0000000000e+00	0.0000000000e+00	0.0000000000e+00	0.0000000000e+00	0.0000000000e+00	0.0000000000e+00	0.0000000000e+00	0.0000000000e+00	0.0000000000e+00	0.0000000000e+00	0.0000000000e+00	0.0000000000e+00	0.0000000000e+00	0.0000000000e+00	0.0000000000e+00
1.0615298558e+05	2.9003027623e-14	3.9519806105e-16	0.0000000000e+00	0.0000000000e+00	0.0000000000e+00	1.0825780709e-16	5.1302837610e-14	0.0000000000e+00	0.0000000000e+00	0.0000000000e+00	0.0000000000e+00	0.0000000000e+00	0.0000000000e+00	0.0000000000e+00	0.0000000000e+00	0.0000000000e+00	0.0000000000e+00	0.0000000000e+00	0.0000000000e+00	0.0000000000e+00	0.0000000000e+00	0.0000000000e+00	0.0000000000e+00	0.0000000000e+00	0.0000000000e+00
1.0615475851e+05	2.9168561932e-14	3.9430157545e-16	0.0000000000e+00	0.0000000000e+00	0.0000000000e+00	1.0865533508e-16	5.1191729617e-14	0.0000000000e+00	0.0000000000e+00	0.0000000000e+00	0.0000000000e+00	0.0000000000e+00	0.0000000000e+00	0.0000000000e+00	0.0000000000e+00	0.0000000000e+00	0.0000000000e+00	0.0000000000e+00	0.0000000000e+00	0.0000000000e+00	0.0000000000e+00	0.0000000000e+00	0.0000000000e+00	0.0000000000e+00	0.0000000000e+00
1.0616210412e+05	2.9160781614e-14	3.9077629817e-16	0.0000000000e+00	0.0000000000e+00	0.0000000000e+00	1.1029436782e-16	5.0703956629e-14	0.0000000000e+00	0.0000000000e+00	0.0000000000e+00	0.0000000000e+00	0.0000000000e+00	0.0000000000e+00	0.0000000000e+00	0.0000000000e+00	0.0000000000e+00	0.0000000000e+00	0.0000000000e+00	0.0000000000e+00	0.0000000000e+00	0.0000000000e+00	0.0000000000e+00	0.0000000000e+00	0.0000000000e+00	0.0000000000e+00
1.0616389757e+05	2.9158309368e-14	3.8996234993e-16	0.0000000000e+00	0.0000000000e+00	0.0000000000e+00	1.1069338280e-16	5.0579673052e-14	0.0000000000e+00	0.0000000000e+00	0.0000000000e+00	0.0000000000e+00	0.0000000000e+00	0.0000000000e+00	0.0000000000e+00	0.0000000000e+00	0.0000000000e+00	0.0000000000e+00	0.0000000000e+00	0.0000000000e+00	0.0000000000e+00	0.0000000000e+00	0.0000000000e+00	0.0000000000e+00	0.0000000000e+00	0.0000000000e+00
1.0617132824e+05	2.9312920913e-14	3.8678217267e-16	0.0000000000e+00	0.0000000000e+00	0.0000000000e+00	1.1234488286e-16	5.0065345075e-14	0.0000000000e+00	0.0000000000e+00	0.0000000000e+00	0.0000000000e+00	0.0000000000e+00	0.0000000000e+00	0.0000000000e+00	0.0000000000e+00	0.0000000000e+00	0.0000000000e+00	0.0000000000e+00	0.0000000000e+00	0.0000000000e+00	0.0000000000e+00	0.0000000000e+00	0.0000000000e+00	0.0000000000e+00	0.0000000000e+00
1.0617314247e+05	2.9309907870e-14	3.8605267553e-16	0.0000000000e+00	0.0000000000e+00	0.0000000000e+00	1.1274831134e-16	4.9937437775e-14	0.0000000000e+00	0.0000000000e+00	0.0000000000e+00	0.0000000000e+00	0.0000000000e+00	0.0000000000e+00	0.0000000000e+00	0.0000000000e+00	0.0000000000e+00	0.0000000000e+00	0.0000000000e+00	0.0000000000e+00	0.0000000000e+00	0.0000000000e+00	0.0000000000e+00	0.0000000000e+00	0.0000000000e+00	0.0000000000e+00
1.0618065918e+05	2.9294289425e-14	3.8323856318e-16	0.0000000000e+00	0.0000000000e+00	0.0000000000e+00	1.1442828119e-16	4.9409249864e-14	0.0000000000e+00	0.0000000000e+00	0.0000000000e+00	0.0000000000e+00	0.0000000000e+00	0.0000000000e+00	0.0000000000e+00	0.0000000000e+00	0.0000000000e+00	0.0000000000e+00	0.0000000000e+00	0.0000000000e+00	0.0000000000e+00	0.0000000000e+00	0.0000000000e+00	0.0000000000e+00	0.0000000000e+00	0.0000000000e+00
1.0618249441e+05	2.9289568770e-14	3.8260492894e-16	0.0000000000e+00	0.0000000000e+00	0.0000000000e+00	1.1484193179e-16	4.9283137627e-14	0.0000000000e+00	0.0000000000e+00	0.0000000000e+00	0.0000000000e+00	0.0000000000e+00	0.0000000000e+00	0.0000000000e+00	0.0000000000e+00	0.0000000000e+00	0.0000000000e+00	0.0000000000e+00	0.0000000000e+00	0.0000000000e+00	0.0000000000e+00	0.0000000000e+00	0.0000000000e+00	0.0000000000e+00	0.0000000000e+00
1.0619009816e+05	2.9436887708e-14	3.8020311867e-16	0.0000000000e+00	0.0000000000e+00	0.0000000000e+00	1.1657462504e-16	4.8762254163e-14	0.0000000000e+00	0.0000000000e+00	0.0000000000e+00	0.0000000000e+00	0.0000000000e+00	0.0000000000e+00	0.0000000000e+00	0.0000000000e+00	0.0000000000e+00	0.0000000000e+00	0.0000000000e+00	0.0000000000e+00	0.0000000000e+00	0.0000000000e+00	0.0000000000e+00	0.0000000000e+00	0.0000000000e+00	0.0000000000e+00
1.0619195464e+05	2.9431603624e-14	3.7966790663e-16	0.0000000000e+00	0.0000000000e+00	0.0000000000e+00	1.1700189016e-16	4.8637099904e-14	0.0000000000e+00	0.0000000000e+00	0.0000000000e+00	0.0000000000e+00	0.0000000000e+00	0.0000000000e+00	0.0000000000e+00	0.0000000000e+00	0.0000000000e+00	0.0000000000e+00	0.0000000000e+00	0.0000000000e+00	0.0000000000e+00	0.0000000000e+00	0.0000000000e+00	0.0000000000e+00	0.0000000000e+00	0.0000000000e+00
1.0619964644e+05	2.9573332458e-14	3.7763374803e-16	0.0000000000e+00	0.0000000000e+00	0.0000000000e+00	1.1878416353e-16	4.8137717209e-14	0.0000000000e+00	0.0000000000e+00	0.0000000000e+00	0.0000000000e+00	0.0000000000e+00	0.0000000000e+00	0.0000000000e+00	0.0000000000e+00	0.0000000000e+00	0.0000000000e+00	0.0000000000e+00	0.0000000000e+00	0.0000000000e+00	0.0000000000e+00	0.0000000000e+00	0.0000000000e+00	0.0000000000e+00	0.0000000000e+00
1.0620152442e+05	2.9567538046e-14	3.7717783959e-16	0.0000000000e+00	0.0000000000e+00	0.0000000000e+00	1.1922152200e-16	4.8019092432e-14	0.0000000000e+00	0.0000000000e+00	0.0000000000e+00	0.0000000000e+00	0.0000000000e+00	0.0000000000e+00	0.0000000000e+00	0.0000000000e+00	0.0000000000e+00	0.0000000000e+00	0.0000000000e+00	0.0000000000e+00	0.0000000000e+00	0.0000000000e+00	0.0000000000e+00	0.0000000000e+00	0.0000000000e+00	0.0000000000e+00
1.0620930529e+05	2.9539965304e-14	3.7544690824e-16	0.0000000000e+00	0.0000000000e+00	0.0000000000e+00	1.2104216426e-16	4.7548028985e-14	0.0000000000e+00	0.0000000000e+00	0.0000000000e+00	0.0000000000e+00	0.0000000000e+00	0.0000000000e+00	0.0000000000e+00	0.0000000000e+00	0.0000000000e+00	0.0000000000e+00	0.0000000000e+00	0.0000000000e+00	0.0000000000e+00	0.0000000000e+00	0.0000000000e+00	0.0000000000e+00	0.0000000000e+00	0.0000000000e+00
1.0621120501e+05	2.9697341552e-14	3.7506178443e-16	0.0000000000e+00	0.0000000000e+00	0.0000000000e+00	1.2148889726e-16	4.7439485365e-14	0.0000000000e+00	0.0000000000e+00	0.0000000000e+00	0.0000000000e+00	0.0000000000e+00	0.0000000000e+00	0.0000000000e+00	0.0000000000e+00	0.0000000000e+00	0.0000000000e+00	0.0000000000e+00	0.0000000000e+00	0.0000000000e+00	0.0000000000e+00	0.0000000000e+00	0.0000000000e+00	0.0000000000e+00	0.0000000000e+00
1.0621907598e+05	2.9667244946e-14	3.7360863519e-16	0.0000000000e+00	0.0000000000e+00	0.0000000000e+00	1.2334740291e-16	4.7008954254e-14	0.0000000000e+00	0.0000000000e+00	0.0000000000e+00	0.0000000000e+00	0.0000000000e+00	0.0000000000e+00	0.0000000000e+00	0.0000000000e+00	0.0000000000e+00	0.0000000000e+00	0.0000000000e+00	0.0000000000e+00	0.0000000000e+00	0.0000000000e+00	0.0000000000e+00	0.0000000000e+00	0.0000000000e+00	0.0000000000e+00
1.0622099770e+05	2.9658991129e-14	3.7328502414e-16	0.0000000000e+00	0.0000000000e+00	0.0000000000e+00	1.2380224874e-16	4.6908745067e-14	0.0000000000e+00	0.0000000000e+00	0.0000000000e+00	0.0000000000e+00	0.0000000000e+00	0.0000000000e+00	0.0000000000e+00	0.0000000000e+00	0.0000000000e+00	0.0000000000e+00	0.0000000000e+00	0.0000000000e+00	0.0000000000e+00	0.0000000000e+00	0.0000000000e+00	0.0000000000e+00	0.0000000000e+00	0.0000000000e+00
1.0622895981e+05	2.9787959984e-14	3.7205426581e-16	0.0000000000e+00	0.0000000000e+00	0.0000000000e+00	1.2568702394e-16	4.6521487118e-14	0.0000000000e+00	0.0000000000e+00	0.0000000000e+00	0.0000000000e+00	0.0000000000e+00	0.0000000000e+00	0.0000000000e+00	0.0000000000e+00	0.0000000000e+00	0.0000000000e+00	0.0000000000e+00	0.0000000000e+00	0.0000000000e+00	0.0000000000e+00	0.0000000000e+00	0.0000000000e+00	0.0000000000e+00	0.0000000000e+00
1.0623090378e+05	2.9779069664e-14	3.7177868454e-16	0.0000000000e+00	0.0000000000e+00	0.0000000000e+00	1.2614694355e-16	4.6433223862e-14	0.0000000000e+00	0.0000000000e+00	0.0000000000e+00	0.0000000000e+00	0.0000000000e+00	0.0000000000e+00	0.0000000000e+00	0.0000000000e+00	0.0000000000e+00	0.0000000000e+00	0.0000000000e+00	0.0000000000e+00	0.0000000000e+00	0.0000000000e+00	0.0000000000e+00	0.0000000000e+00	0.0000000000e+00	0.0000000000e+00
1.0623895808e+05	2.9738156773e-14	3.7073351430e-16	0.0000000000e+00	0.0000000000e+00	0.0000000000e+00	1.2805098020e-16	4.6093320897e-14	0.0000000000e+00	0.0000000000e+00	0.0000000000e+00	0.0000000000e+00	0.0000000000e+00	0.0000000000e+00	0.0000000000e+00	0.0000000000e+00	0.0000000000e+00	0.0000000000e+00	0.0000000000e+00	0.0000000000e+00	0.0000000000e+00	0.0000000000e+00	0.0000000000e+00	0.0000000000e+00	0.0000000000e+00	0.0000000000e+00
1.0624092457e+05	2.9727217295e-14	3.7050031016e-16	0.0000000000e+00	0.0000000000e+00	0.0000000000e+00	1.2851523783e-16	4.6017397607e-14	0.0000000000e+00	0.0000000000e+00	0.0000000000e+00	0.0000000000e+00	0.0000000000e+00	0.0000000000e+00	0.0000000000e+00	0.0000000000e+00	0.0000000000e+00	0.0000000000e+00	0.0000000000e+00	0.0000000000e+00	0.0000000000e+00	0.0000000000e+00	0.0000000000e+00	0.0000000000e+00	0.0000000000e+00	0.0000000000e+00
1.0624907213e+05	2.9848879143e-14	3.6960135066e-16	0.0000000000e+00	0.0000000000e+00	0.0000000000e+00	1.3042941254e-16	4.5729375378e-14	0.0000000000e+00	0.0000000000e+00	0.0000000000e+00	0.0000000000e+00	0.0000000000e+00	0.0000000000e+00	0.0000000000e+00	0.0000000000e+00	0.0000000000e+00	0.0000000000e+00	0.0000000000e+00	0.0000000000e+00	0.0000000000e+00	0.0000000000e+00	0.0000000000e+00	0.0000000000e+00	0.0000000000e+00	0.0000000000e+00
1.0625106139e+05	2.9837380409e-14	3.6939430898e-16	0.0000000000e+00	0.0000000000e+00	0.0000000000e+00	1.3089331121e-16	4.5665011685e-14	0.0000000000e+00	0.0000000000e+00	0.0000000000e+00	0.0000000000e+00	0.0000000000e+00	0.0000000000e+00	0.0000000000e+00	0.0000000000e+00	0.0000000000e+00	0.0000000000e+00	0.0000000000e+00	0.0000000000e+00	0.0000000000e+00	0.0000000000e+00	0.0000000000e+00	0.0000000000e+00	0.0000000000e+00	0.0000000000e+00
1.0625930330e+05	2.9953465188e-14	3.6857178029e-16	0.0000000000e+00	0.0000000000e+00	0.0000000000e+00	1.3279623737e-16	4.5424677308e-14	0.0000000000e+00	0.0000000000e+00	0.0000000000e+00	0.0000000000e+00	0.0000000000e+00	0.0000000000e+00	0.0000000000e+00	0.0000000000e+00	0.0000000000e+00	0.0000000000e+00	0.0000000000e+00	0.0000000000e+00	0.0000000000e+00	0.0000000000e+00	0.0000000000e+00	0.0000000000e+00	0.0000000000e+00	0.0000000000e+00
1.0626131559e+05	2.9941356891e-14	3.6837908027e-16	0.0000000000e+00	0.0000000000e+00	0.0000000000e+00	1.3325616426e-16	4.5372376287e-14	0.0000000000e+00	0.0000000000e+00	0.0000000000e+00	0.0000000000e+00	0.0000000000e+00	0.0000000000e+00	0.0000000000e+00	0.0000000000e+00	0.0000000000e+00	0.0000000000e+00	0.0000000000e+00	0.0000000000e+00	0.0000000000e+00	0.0000000000e+00	0.0000000000e+00	0.0000000000e+00	0.0000000000e+00	0.0000000000e+00
1.0626965294e+05	3.0051296043e-14	3.6762046709e-16	0.0000000000e+00	0.0000000000e+00	0.0000000000e+00	1.3514541392e-16	4.5181084318e-14	0.0000000000e+00	0.0000000000e+00	0.0000000000e+00	0.0000000000e+00	0.0000000000e+00	0.0000000000e+00	0.0000000000e+00	0.0000000000e+00	0.0000000000e+00	0.0000000000e+00	0.0000000000e+00	0.0000000000e+00	0.0000000000e+00	0.0000000000e+00	0.0000000000e+00	0.0000000000e+00	0.0000000000e+00	0.0000000000e+00
1.0627168853e+05	3.0038434323e-14	3.6744537025e-16	0.0000000000e+00	0.0000000000e+00	0.0000000000e+00	1.3560301520e-16	4.5140762672e-14	0.0000000000e+00	0.0000000000e+00	0.0000000000e+00	0.0000000000e+00	0.0000000000e+00	0.0000000000e+00	0.0000000000e+00	0.0000000000e+00	0.0000000000e+00	0.0000000000e+00	0.0000000000e+00	0.0000000000e+00	0.0000000000e+00	0.0000000000e+00	0.0000000000e+00	0.0000000000e+00	0.0000000000e+00	0.0000000000e+00
1.0628012242e+05	2.9981152795e-14	3.6675576505e-16	0.0000000000e+00	0.0000000000e+00	0.0000000000e+00	1.3748239087e-16	4.4998997642e-14	0.0000000000e+00	0.0000000000e+00	0.0000000000e+00	0.0000000000e+00	0.0000000000e+00	0.0000000000e+00	0.0000000000e+00	0.0000000000e+00	0.0000000000e+00	0.0000000000e+00	0.0000000000e+00	0.0000000000e+00	0.0000000000e+00	0.0000000000e+00	0.0000000000e+00	0.0000000000e+00	0.0000000000e+00	0.0000000000e+00
1.0628218158e+05	3.0128610707e-14	3.6659421664e-16	0.0000000000e+00	0.0000000000e+00	0.0000000000e+00	1.3793663324e-16	4.4970031478e-14	0.0000000000e+00	0.0000000000e+00	0.0000000000e+00	0.0000000000e+00	0.0000000000e+00	0.0000000000e+00	0.0000000000e+00	0.0000000000e+00	0.0000000000e+00	0.0000000000e+00	0.0000000000e+00	0.0000000000e+00	0.0000000000e+00	0.0000000000e+00	0.0000000000e+00	0.0000000000e+00	0.0000000000e+00	0.0000000000e+00
1.0629071314e+05	3.0068537026e-14	3.6594504402e-16	0.0000000000e+00	0.0000000000e+00	0.0000000000e+00	1.3979715244e-16	4.4872057653e-14	0.0000000000e+00	0.0000000000e+00	0.0000000000e+00	0.0000000000e+00	0.0000000000e+00	0.0000000000e+00	0.0000000000e+00	0.0000000000e+00	0.0000000000e+00	0.0000000000e+00	0.0000000000e+00	0.0000000000e+00	0.0000000000e+00	0.0000000000e+00	0.0000000000e+00	0.0000000000e+00	0.0000000000e+00	0.0000000000e+00
1.0629279614e+05	3.0052952313e-14	3.6579133370e-16	0.0000000000e+00	0.0000000000e+00	0.0000000000e+00	1.4024622561e-16	4.4853371269e-14	0.0000000000e+00	0.0000000000e+00	0.0000000000e+00	0.0000000000e+00	0.0000000000e+00	0.0000000000e+00	0.0000000000e+00	0.0000000000e+00	0.0000000000e+00	0.0000000000e+00	0.0000000000e+00	0.0000000000e+00	0.0000000000e+00	0.0000000000e+00	0.0000000000e+00	0.0000000000e+00	0.0000000000e+00	0.0000000000e+00
1.0630142648e+05	2.9985292108e-14	3.6517738521e-16	0.0000000000e+00	0.0000000000e+00	0.0000000000e+00	1.4208715697e-16	4.4796328580e-14	0.0000000000e+00	0.0000000000e+00	0.0000000000e+00	0.0000000000e+00	0.0000000000e+00	0.0000000000e+00	0.0000000000e+00	0.0000000000e+00	0.0000000000e+00	0.0000000000e+00	0.0000000000e+00	0.0000000000e+00	0.0000000000e+00	0.0000000000e+00	0.0000000000e+00	0.0000000000e+00	0.0000000000e+00	0.0000000000e+00
1.0630353361e+05	2.9968200757e-14	3.6503333775e-16	0.0000000000e+00	0.0000000000e+00	0.0000000000e+00	1.4253204967e-16	4.4787314958e-14	0.0000000000e+00	0.0000000000e+00	0.0000000000e+00	0.0000000000e+00	0.0000000000e+00	0.0000000000e+00	0.0000000000e+00	0.0000000000e+00	0.0000000000e+00	0.0000000000e+00	0.0000000000e+00	0.0000000000e+00	0.0000000000e+00	0.0000000000e+00	0.0000000000e+00	0.0000000000e+00	0.0000000000e+00	0.0000000000e+00
1.0631226388e+05	3.0062249420e-14	3.6445877812e-16	0.0000000000e+00	0.0000000000e+00	0.0000000000e+00	1.4435622107e-16	4.4769684458e-14	0.0000000000e+00	0.0000000000e+00	0.0000000000e+00	0.0000000000e+00	0.0000000000e+00	0.0000000000e+00	0.0000000000e+00	0.0000000000e+00	0.0000000000e+00	0.0000000000e+00	0.0000000000e+00	0.0000000000e+00	0.0000000000e+00	0.0000000000e+00	0.0000000000e+00	0.0000000000e+00	0.0000000000e+00	0.0000000000e+00
1.0631439541e+05	3.0044287355e-14	3.6432357535e-16	0.0000000000e+00	0.0000000000e+00	0.0000000000e+00	1.4479691259e-16	4.4769813935e-14	0.0000000000e+00	0.0000000000e+00	0.0000000000e+00	0.0000000000e+00	0.0000000000e+00	0.0000000000e+00	0.0000000000e+00	0.0000000000e+00	0.0000000000e+00	0.0000000000e+00	0.0000000000e+00	0.0000000000e+00	0.0000000000e+00	0.0000000000e+00	0.0000000000e+00	0.0000000000e+00	0.0000000000e+00	0.0000000000e+00
1.0632322678e+05	3.0132647417e-14	3.6378546977e-16	0.0000000000e+00	0.0000000000e+00	0.0000000000e+00	1.4660437310e-16	4.4786452901e-14	0.0000000000e+00	0.0000000000e+00	0.0000000000e+00	0.0000000000e+00	0.0000000000e+00	0.0000000000e+00	0.0000000000e+00	0.0000000000e+00	0.0000000000e+00	0.0000000000e+00	0.0000000000e+00	0.0000000000e+00	0.0000000000e+00	0.0000000000e+00	0.0000000000e+00	0.0000000000e+00	0.0000000000e+00	0.0000000000e+00
1.0632538299e+05	3.0113747831e-14	3.6366005039e-16	0.0000000000e+00	0.0000000000e+00	0.0000000000e+00	1.4704152526e-16	4.4794174047e-14	0.0000000000e+00	0.0000000000e+00	0.0000000000e+00	0.0000000000e+00	0.0000000000e+00	0.0000000000e+00	0.0000000000e+00	0.0000000000e+00	0.0000000000e+00	0.0000000000e+00	0.0000000000e+00	0.0000000000e+00	0.0000000000e+00	0.0000000000e+00	0.0000000000e+00	0.0000000000e+00	0.0000000000e+00	0.0000000000e+00
1.0633431662e+05	3.0196102748e-14	3.6316680983e-16	0.0000000000e+00	0.0000000000e+00	0.0000000000e+00	1.4883687877e-16	4.4840035742e-14	0.0000000000e+00	0.0000000000e+00	0.0000000000e+00	0.0000000000e+00	0.0000000000e+00	0.0000000000e+00	0.0000000000e+00	0.0000000000e+00	0.0000000000e+00	0.0000000000e+00	0.0000000000e+00	0.0000000000e+00	0.0000000000e+00	0.0000000000e+00	0.0000000000e+00	0.0000000000e+00	0.0000000000e+00	0.0000000000e+00
1.0633649779e+05	3.0176323918e-14	3.6305237109e-16	0.0000000000e+00	0.0000000000e+00	0.0000000000e+00	1.4927128581e-16	4.4854478797e-14	0.0000000000e+00	0.0000000000e+00	0.0000000000e+00	0.0000000000e+00	0.0000000000e+00	0.0000000000e+00	0.0000000000e+00	0.0000000000e+00	0.0000000000e+00	0.0000000000e+00	0.0000000000e+00	0.0000000000e+00	0.0000000000e+00	0.0000000000e+00	0.0000000000e+00	0.0000000000e+00	0.0000000000e+00	0.0000000000e+00
1.0634553487e+05	3.0253112131e-14	3.6259773187e-16	0.0000000000e+00	0.0000000000e+00	0.0000000000e+00	1.5105322316e-16	4.4927349535e-14	0.0000000000e+00	0.0000000000e+00	0.0000000000e+00	0.0000000000e+00	0.0000000000e+00	0.0000000000e+00	0.0000000000e+00	0.0000000000e+00	0.0000000000e+00	0.0000000000e+00	0.0000000000e+00	0.0000000000e+00	0.0000000000e+00	0.0000000000e+00	0.0000000000e+00	0.0000000000e+00	0.0000000000e+00	0.0000000000e+00
1.0634774130e+05	3.0232606891e-14	3.6249077104e-16	0.0000000000e+00	0.0000000000e+00	0.0000000000e+00	1.5148372681e-16	4.4948112922e-14	0.0000000000e+00	0.0000000000e+00	0.0000000000e+00	0.0000000000e+00	0.0000000000e+00	0.0000000000e+00	0.0000000000e+00	0.0000000000e+00	0.0000000000e+00	0.0000000000e+00	0.0000000000e+00	0.0000000000e+00	0.0000000000e+00	0.0000000000e+00	0.0000000000e+00	0.0000000000e+00	0.0000000000e+00	0.0000000000e+00
1.0635688302e+05	3.0145045733e-14	3.6206335333e-16	0.0000000000e+00	0.0000000000e+00	0.0000000000e+00	1.5324856966e-16	4.5044561770e-14	0.0000000000e+00	0.0000000000e+00	0.0000000000e+00	0.0000000000e+00	0.0000000000e+00	0.0000000000e+00	0.0000000000e+00	0.0000000000e+00	0.0000000000e+00	0.0000000000e+00	0.0000000000e+00	0.0000000000e+00	0.0000000000e+00	0.0000000000e+00	0.0000000000e+00	0.0000000000e+00	0.0000000000e+00	0.0000000000e+00
1.0635911500e+05	3.0123186673e-14	3.6196280761e-16	0.0000000000e+00	0.0000000000e+00	0.0000000000e+00	1.5367495228e-16	4.5070301014e-14	0.0000000000e+00	0.0000000000e+00	0.0000000000e+00	0.0000000000e+00	0.0000000000e+00	0.0000000000e+00	0.0000000000e+00	0.0000000000e+00	0.0000000000e+00	0.0000000000e+00	0.0000000000e+00	0.0000000000e+00	0.0000000000e+00	0.0000000000e+00	0.0000000000e+00	0.0000000000e+00	0.0000000000e+00	0.0000000000e+00
1.0636836258e+05	3.0191387757e-14	3.6155980730e-16	0.0000000000e+00	0.0000000000e+00	0.0000000000e+00	1.5542239522e-16	4.5184370847e-14	0.0000000000e+00	0.0000000000e+00	0.0000000000e+00	0.0000000000e+00	0.0000000000e+00	0.0000000000e+00	0.0000000000e+00	0.0000000000e+00	0.0000000000e+00	0.0000000000e+00	0.0000000000e+00	0.0000000000e+00	0.0000000000e+00	0.0000000000e+00	0.0000000000e+00	0.0000000000e+00	0.0000000000e+00	0.0000000000e+00
1.0637062041e+05	3.0168526425e-14	3.6146406573e-16	0.0000000000e+00	0.0000000000e+00	0.0000000000e+00	1.5584417255e-16	4.5213848231e-14	0.0000000000e+00	0.0000000000e+00	0.0000000000e+00	0.0000000000e+00	0.0000000000e+00	0.0000000000e+00	0.0000000000e+00	0.0000000000e+00	0.0000000000e+00	0.0000000000e+00	0.0000000000e+00	0.0000000000e+00	0.0000000000e+00	0.0000000000e+00	0.0000000000e+00	0.0000000000e+00	0.0000000000e+00	0.0000000000e+00
1.0637997507e+05	3.0231143977e-14	3.6107572873e-16	0.0000000000e+00	0.0000000000e+00	0.0000000000e+00	1.5757078235e-16	4.5342203796e-14	0.0000000000e+00	0.0000000000e+00	0.0000000000e+00	0.0000000000e+00	0.0000000000e+00	0.0000000000e+00	0.0000000000e+00	0.0000000000e+00	0.0000000000e+00	0.0000000000e+00	0.0000000000e+00	0.0000000000e+00	0.0000000000e+00	0.0000000000e+00	0.0000000000e+00	0.0000000000e+00	0.0000000000e+00	0.0000000000e+00
1.0638225904e+05	3.0207359795e-14	3.6098316272e-16	0.0000000000e+00	0.0000000000e+00	0.0000000000e+00	1.5798741263e-16	4.5375015877e-14	0.0000000000e+00	0.0000000000e+00	0.0000000000e+00	0.0000000000e+00	0.0000000000e+00	0.0000000000e+00	0.0000000000e+00	0.0000000000e+00	0.0000000000e+00	0.0000000000e+00	0.0000000000e+00	0.0000000000e+00	0.0000000000e+00	0.0000000000e+00	0.0000000000e+00	0.0000000000e+00	0.0000000000e+00	0.0000000000e+00
1.0639172202e+05	3.0264543983e-14	3.6061234415e-16	0.0000000000e+00	0.0000000000e+00	0.0000000000e+00	1.5969507705e-16	4.5515852856e-14	0.0000000000e+00	0.0000000000e+00	0.0000000000e+00	0.0000000000e+00	0.0000000000e+00	0.0000000000e+00	0.0000000000e+00	0.0000000000e+00	0.0000000000e+00	0.0000000000e+00	0.0000000000e+00	0.0000000000e+00	0.0000000000e+00	0.0000000000e+00	0.0000000000e+00	0.0000000000e+00	0.0000000000e+00	0.0000000000e+00
1.0639403243e+05	3.0239878591e-14	3.6052507415e-16	0.0000000000e+00	0.0000000000e+00	0.0000000000e+00	1.6010765058e-16	4.5551216484e-14	0.0000000000e+00	0.0000000000e+00	0.0000000000e+00	0.0000000000e+00	0.0000000000e+00	0.0000000000e+00	0.0000000000e+00	0.0000000000e+00	0.0000000000e+00	0.0000000000e+00	0.0000000000e+00	0.0000000000e+00	0.0000000000e+00	0.0000000000e+00	0.0000000000e+00	0.0000000000e+00	0.0000000000e+00	0.0000000000e+00
1.0640360499e+05	3.0291701853e-14	3.6017262906e-16	0.0000000000e+00	0.0000000000e+00	0.0000000000e+00	1.6179742834e-16	4.5700135561e-14	0.0000000000e+00	0.0000000000e+00	0.0000000000e+00	0.0000000000e+00	0.0000000000e+00	0.0000000000e+00	0.0000000000e+00	0.0000000000e+00	0.0000000000e+00	0.0000000000e+00	0.0000000000e+00	0.0000000000e+00	0.0000000000e+00	0.0000000000e+00	0.0000000000e+00	0.0000000000e+00	0.0000000000e+00	0.0000000000e+00
1.0640594216e+05	3.0266215804e-14	3.6008760145e-16	0.0000000000e+00	0.0000000000e+00	0.0000000000e+00	1.6220474628e-16	4.5736879666e-14	0.0000000000e+00	0.0000000000e+00	0.0000000000e+00	0.0000000000e+00	0.0000000000e+00	0.0000000000e+00	0.0000000000e+00	0.0000000000e+00	0.0000000000e+00	0.0000000000e+00	0.0000000000e+00	0.0000000000e+00	0.0000000000e+00	0.0000000000e+00	0.0000000000e+00	0.0000000000e+00	0.0000000000e+00	0.0000000000e+00
1.0641562557e+05	3.0158788692e-14	3.5973628112e-16	0.0000000000e+00	0.0000000000e+00	0.0000000000e+00	1.6386944240e-16	4.5890059209e-14	0.0000000000e+00	0.0000000000e+00	0.0000000000e+00	0.0000000000e+00	0.0000000000e+00	0.0000000000e+00	0.0000000000e+00	0.0000000000e+00	0.0000000000e+00	0.0000000000e+00	0.0000000000e+00	0.0000000000e+00	0.0000000000e+00	0.0000000000e+00	0.0000000000e+00	0.0000000000e+00	0.0000000000e+00	0.0000000000e+00
1.0641798980e+05	3.0132263449e-14	3.5965147767e-16	0.0000000000e+00	0.0000000000e+00	0.0000000000e+00	1.6427069320e-16	4.5927654182e-14	0.0000000000e+00	0.0000000000e+00	0.0000000000e+00	0.0000000000e+00	0.0000000000e+00	0.0000000000e+00	0.0000000000e+00	0.0000000000e+00	0.0000000000e+00	0.0000000000e+00	0.0000000000e+00	0.0000000000e+00	0.0000000000e+00	0.0000000000e+00	0.0000000000e+00	0.0000000000e+00	0.0000000000e+00	0.0000000000e+00
1.0642778533e+05	3.0021706553e-14	3.5931408128e-16	0.0000000000e+00	0.0000000000e+00	0.0000000000e+00	1.6591655693e-16	4.6083855575e-14	0.0000000000e+00	0.0000000000e+00	0.0000000000e+00	0.0000000000e+00	0.0000000000e+00	0.0000000000e+00	0.0000000000e+00	0.0000000000e+00	0.0000000000e+00	0.0000000000e+00	0.0000000000e+00	0.0000000000e+00	0.0000000000e+00	0.0000000000e+00	0.0000000000e+00	0.0000000000e+00	0.0000000000e+00	0.0000000000e+00
1.0643017694e+05	3.0147660432e-14	3.5923636145e-16	0.0000000000e+00	0.0000000000e+00	0.0000000000e+00	1.6631501294e-16	4.6121961539e-14	0.0000000000e+00	0.0000000000e+00	0.0000000000e+00	0.0000000000e+00	0.0000000000e+00	0.0000000000e+00	0.0000000000e+00	0.0000000000e+00	0.0000000000e+00	0.0000000000e+00	0.0000000000e+00	0.0000000000e+00	0.0000000000e+00	0.0000000000e+00	0.0000000000e+00	0.0000000000e+00	0.0000000000e+00	0.0000000000e+00
1.0644008590e+05	3.0032786468e-14	3.5893470549e-16	0.0000000000e+00	0.0000000000e+00	0.0000000000e+00	1.6795284245e-16	4.6278470038e-14	0.0000000000e+00	0.0000000000e+00	0.0000000000e+00	0.0000000000e+00	0.0000000000e+00	0.0000000000e+00	0.0000000000e+00	0.0000000000e+00	0.0000000000e+00	0.0000000000e+00	0.0000000000e+00	0.0000000000e+00	0.0000000000e+00	0.0000000000e+00	0.0000000000e+00	0.0000000000e+00	0.0000000000e+00	0.0000000000e+00
1.0644250520e+05	3.0156706801e-14	3.5886520693e-16	0.0000000000e+00	0.0000000000e+00	0.0000000000e+00	1.6834925100e-16	4.6316153375e-14	0.0000000000e+00	0.0000000000e+00	0.0000000000e+00	0.0000000000e+00	0.0000000000e+00	0.0000000000e+00	0.0000000000e+00	0.0000000000e+00	0.0000000000e+00	0.0000000000e+00	0.0000000000e+00	0.0000000000e+00	0.0000000000e+00	0.0000000000e+00	0.0000000000e+00	0.0000000000e+00	0.0000000000e+00	0.0000000000e+00
1.0645252890e+05	3.0038129659e-14	3.5859116475e-16	0.0000000000e+00	0.0000000000e+00	0.0000000000e+00	1.6997615167e-16	4.6469300196e-14	0.0000000000e+00	0.0000000000e+00	0.0000000000e+00	0.0000000000e+00	0.0000000000e+00	0.0000000000e+00	0.0000000000e+00	0.0000000000e+00	0.0000000000e+00	0.0000000000e+00	0.0000000000e+00	0.0000000000e+00	0.0000000000e+00	0.0000000000e+00	0.0000000000e+00	0.0000000000e+00	0.0000000000e+00	0.0000000000e+00
1.0645497622e+05	3.0160069268e-14	3.5852797792e-16	0.0000000000e+00	0.0000000000e+00	0.0000000000e+00	1.7036982040e-16	4.6505929353e-14	0.0000000000e+00	0.0000000000e+00	0.0000000000e+00	0.0000000000e+00	0.0000000000e+00	0.0000000000e+00	0.0000000000e+00	0.0000000000e+00	0.0000000000e+00	0.0000000000e+00	0.0000000000e+00	0.0000000000e+00	0.0000000000e+00	0.0000000000e+00	0.0000000000e+00	0.0000000000e+00	0.0000000000e+00	0.0000000000e+00
1.0646511599e+05	3.0037751641e-14	3.5828944559e-16	0.0000000000e+00	0.0000000000e+00	0.0000000000e+00	1.7199037504e-16	4.6654656736e-14	0.0000000000e+00	0.0000000000e+00	0.0000000000e+00	0.0000000000e+00	0.0000000000e+00	0.0000000000e+00	0.0000000000e+00	0.0000000000e+00	0.0000000000e+00	0.0000000000e+00	0.0000000000e+00	0.0000000000e+00	0.0000000000e+00	0.0000000000e+00	0.0000000000e+00	0.0000000000e+00	0.0000000000e+00	0.0000000000e+00
1.0646759164e+05	3.0157548963e-14	3.5823801181e-16	0.0000000000e+00	0.0000000000e+00	0.0000000000e+00	1.7238411734e-16	4.6690202820e-14	0.0000000000e+00	0.0000000000e+00	0.0000000000e+00	0.0000000000e+00	0.0000000000e+00	0.0000000000e+00	0.0000000000e+00	0.0000000000e+00	0.0000000000e+00	0.0000000000e+00	0.0000000000e+00	0.0000000000e+00	0.0000000000e+00	0.0000000000e+00	0.0000000000e+00	0.0000000000e+00	0.0000000000e+00	0.0000000000e+00
1.0647784882e+05	3.0031124938e-14	3.5805551244e-16	0.0000000000e+00	0.0000000000e+00	0.0000000000e+00	1.7400923511e-16	4.6833662035e-14	0.0000000000e+00	0.0000000000e+00	0.0000000000e+00	0.0000000000e+00	0.0000000000e+00	0.0000000000e+00	0.0000000000e+00	0.0000000000e+00	0.0000000000e+00	0.0000000000e+00	0.0000000000e+00	0.0000000000e+00	0.0000000000e+00	0.0000000000e+00	0.0000000000e+00	0.0000000000e+00	0.0000000000e+00	0.0000000000e+00
1.0648035315e+05	3.0000110177e-14	3.5801808473e-16	0.0000000000e+00	0.0000000000e+00	0.0000000000e+00	1.7440443430e-16	4.6867609054e-14	0.0000000000e+00	0.0000000000e+00	0.0000000000e+00	0.0000000000e+00	0.0000000000e+00	0.0000000000e+00	0.0000000000e+00	0.0000000000e+00	0.0000000000e+00	0.0000000000e+00	0.0000000000e+00	0.0000000000e+00	0.0000000000e+00	0.0000000000e+00	0.0000000000e+00	0.0000000000e+00	0.0000000000e+00	0.0000000000e+00
1.0649072910e+05	2.9871341517e-14	3.5789246373e-16	0.0000000000e+00	0.0000000000e+00	0.0000000000e+00	1.7603579700e-16	4.7002868285e-14	0.0000000000e+00	0.0000000000e+00	0.0000000000e+00	0.0000000000e+00	0.0000000000e+00	0.0000000000e+00	0.0000000000e+00	0.0000000000e+00	0.0000000000e+00	0.0000000000e+00	0.0000000000e+00	0.0000000000e+00	0.0000000000e+00	0.0000000000e+00	0.0000000000e+00	0.0000000000e+00	0.0000000000e+00	0.0000000000e+00
1.0649326242e+05	2.9986659495e-14	3.5786948683e-16	0.0000000000e+00	0.0000000000e+00	0.0000000000e+00	1.7643298223e-16	4.7034527070e-14	0.0000000000e+00	0.0000000000e+00	0.0000000000e+00	0.0000000000e+00	0.0000000000e+00	0.0000000000e+00	0.0000000000e+00	0.0000000000e+00	0.0000000000e+00	0.0000000000e+00	0.0000000000e+00	0.0000000000e+00	0.0000000000e+00	0.0000000000e+00	0.0000000000e+00	0.0000000000e+00	0.0000000000e+00	0.0000000000e+00
1.0650375852e+05	2.9854231003e-14	3.5781274248e-16	0.0000000000e+00	0.0000000000e+00	0.0000000000e+00	1.7807781703e-16	4.7160140722e-14	0.0000000000e+00	0.0000000000e+00	0.0000000000e+00	0.0000000000e+00	0.0000000000e+00	0.0000000000e+00	0.0000000000e+00	0.0000000000e+00	0.0000000000e+00	0.0000000000e+00	0.0000000000e+00	0.0000000000e+00	0.0000000000e+00	0.0000000000e+00	0.0000000000e+00	0.0000000000e+00	0.0000000000e+00	0.0000000000e+00
1.0650632118e+05	2.9967617124e-14	3.5780902420e-16	0.0000000000e+00	0.0000000000e+00	0.0000000000e+00	1.7847970919e-16	4.7189499204e-14	0.0000000000e+00	0.0000000000e+00	0.0000000000e+00	0.0000000000e+00	0.0000000000e+00	0.0000000000e+00	0.0000000000e+00	0.0000000000e+00	0.0000000000e+00	0.0000000000e+00	0.0000000000e+00	0.0000000000e+00	0.0000000000e+00	0.0000000000e+00	0.0000000000e+00	0.0000000000e+00	0.0000000000e+00	0.0000000000e+00
1.0651693882e+05	2.9831422644e-14	3.5783697952e-16	0.0000000000e+00	0.0000000000e+00	0.0000000000e+00	1.8014742747e-16	4.7305697446e-14	0.0000000000e+00	0.0000000000e+00	0.0000000000e+00	0.0000000000e+00	0.0000000000e+00	0.0000000000e+00	0.0000000000e+00	0.0000000000e+00	0.0000000000e+00	0.0000000000e+00	0.0000000000e+00	0.0000000000e+00	0.0000000000e+00	0.0000000000e+00	0.0000000000e+00	0.0000000000e+00	0.0000000000e+00	0.0000000000e+00
1.0651953115e+05	2.9942853871e-14	3.5785398560e-16	0.0000000000e+00	0.0000000000e+00	0.0000000000e+00	1.8055516016e-16	4.7332661241e-14	0.0000000000e+00	0.0000000000e+00	0.0000000000e+00	0.0000000000e+00	0.0000000000e+00	0.0000000000e+00	0.0000000000e+00	0.0000000000e+00	0.0000000000e+00	0.0000000000e+00	0.0000000000e+00	0.0000000000e+00	0.0000000000e+00	0.0000000000e+00	0.0000000000e+00	0.0000000000e+00	0.0000000000e+00	0.0000000000e+00
1.0653027174e+05	2.9802967550e-14	3.5796603861e-16	0.0000000000e+00	0.0000000000e+00	0.0000000000e+00	1.8224712932e-16	4.7437886966e-14	0.0000000000e+00	0.0000000000e+00	0.0000000000e+00	0.0000000000e+00	0.0000000000e+00	0.0000000000e+00	0.0000000000e+00	0.0000000000e+00	0.0000000000e+00	0.0000000000e+00	0.0000000000e+00	0.0000000000e+00	0.0000000000e+00	0.0000000000e+00	0.0000000000e+00	0.0000000000e+00	0.0000000000e+00	0.0000000000e+00
1.0653289409e+05	2.9912446866e-14	3.5800362961e-16	0.0000000000e+00	0.0000000000e+00	0.0000000000e+00	1.8266103457e-16	4.7461910103e-14	0.0000000000e+00	0.0000000000e+00	0.0000000000e+00	0.0000000000e+00	0.0000000000e+00	0.0000000000e+00	0.0000000000e+00	0.0000000000e+00	0.0000000000e+00	0.0000000000e+00	0.0000000000e+00	0.0000000000e+00	0.0000000000e+00	0.0000000000e+00	0.0000000000e+00	0.0000000000e+00	0.0000000000e+00	0.0000000000e+00
1.0654375904e+05	2.9768886201e-14	3.5820756209e-16	0.0000000000e+00	0.0000000000e+00	0.0000000000e+00	1.8438288825e-16	4.7554595859e-14	0.0000000000e+00	0.0000000000e+00	0.0000000000e+00	0.0000000000e+00	0.0000000000e+00	0.0000000000e+00	0.0000000000e+00	0.0000000000e+00	0.0000000000e+00	0.0000000000e+00	0.0000000000e+00	0.0000000000e+00	0.0000000000e+00	0.0000000000e+00	0.0000000000e+00	0.0000000000e+00	0.0000000000e+00	0.0000000000e+00
1.0654641176e+05	2.9733756068e-14	3.5826929800e-16	0.0000000000e+00	0.0000000000e+00	0.0000000000e+00	1.8480520376e-16	4.7575618209e-14	0.0000000000e+00	0.0000000000e+00	0.0000000000e+00	0.0000000000e+00	0.0000000000e+00	0.0000000000e+00	0.0000000000e+00	0.0000000000e+00	0.0000000000e+00	0.0000000000e+00	0.0000000000e+00	0.0000000000e+00	0.0000000000e+00	0.0000000000e+00	0.0000000000e+00	0.0000000000e+00	0.0000000000e+00	0.0000000000e+00
1.0655740252e+05	2.9587583391e-14	3.5857354966e-16	0.0000000000e+00	0.0000000000e+00	0.0000000000e+00	1.8656306336e-16	4.7656450086e-14	0.0000000000e+00	0.0000000000e+00	0.0000000000e+00	0.0000000000e+00	0.0000000000e+00	0.0000000000e+00	0.0000000000e+00	0.0000000000e+00	0.0000000000e+00	0.0000000000e+00	0.0000000000e+00	0.0000000000e+00	0.0000000000e+00	0.0000000000e+00	0.0000000000e+00	0.0000000000e+00	0.0000000000e+00	0.0000000000e+00
1.0656008596e+05	2.9693412796e-14	3.5865917291e-16	0.0000000000e+00	0.0000000000e+00	0.0000000000e+00	1.8699409987e-16	4.7674656191e-14	0.0000000000e+00	0.0000000000e+00	0.0000000000e+00	0.0000000000e+00	0.0000000000e+00	0.0000000000e+00	0.0000000000e+00	0.0000000000e+00	0.0000000000e+00	0.0000000000e+00	0.0000000000e+00	0.0000000000e+00	0.0000000000e+00	0.0000000000e+00	0.0000000000e+00	0.0000000000e+00	0.0000000000e+00	0.0000000000e+00
1.0657120399e+05	2.9544017894e-14	3.5905910452e-16	0.0000000000e+00	0.0000000000e+00	0.0000000000e+00	1.8878734784e-16	4.7743375458e-14	0.0000000000e+00	0.0000000000e+00	0.0000000000e+00	0.0000000000e+00	0.0000000000e+00	0.0000000000e+00	0.0000000000e+00	0.0000000000e+00	0.0000000000e+00	0.0000000000e+00	0.0000000000e+00	0.0000000000e+00	0.0000000000e+00	0.0000000000e+00	0.0000000000e+00	0.0000000000e+00	0.0000000000e+00	0.0000000000e+00
1.0657391849e+05	2.9647971383e-14	3.5916783003e-16	0.0000000000e+00	0.0000000000e+00	0.0000000000e+00	1.8922711907e-16	4.7758427780e-14	0.0000000000e+00	0.0000000000e+00	0.0000000000e+00	0.0000000000e+00	0.0000000000e+00	0.0000000000e+00	0.0000000000e+00	0.0000000000e+00	0.0000000000e+00	0.0000000000e+00	0.0000000000e+00	0.0000000000e+00	0.0000000000e+00	0.0000000000e+00	0.0000000000e+00	0.0000000000e+00	0.0000000000e+00	0.0000000000e+00
1.0658516527e+05	2.9495073998e-14	3.5966496792e-16	0.0000000000e+00	0.0000000000e+00	0.0000000000e+00	1.9105827431e-16	4.7813532444e-14	0.0000000000e+00	0.0000000000e+00	0.0000000000e+00	0.0000000000e+00	0.0000000000e+00	0.0000000000e+00	0.0000000000e+00	0.0000000000e+00	0.0000000000e+00	0.0000000000e+00	0.0000000000e+00	0.0000000000e+00	0.0000000000e+00	0.0000000000e+00	0.0000000000e+00	0.0000000000e+00	0.0000000000e+00	0.0000000000e+00
1.0658791120e+05	2.9597077932e-14	3.5979751563e-16	0.0000000000e+00	0.0000000000e+00	0.0000000000e+00	1.9150757382e-16	4.7825266899e-14	0.0000000000e+00	0.0000000000e+00	0.0000000000e+00	0.0000000000e+00	0.0000000000e+00	0.0000000000e+00	0.0000000000e+00	0.0000000000e+00	0.0000000000e+00	0.0000000000e+00	0.0000000000e+00	0.0000000000e+00	0.0000000000e+00	0.0000000000e+00	0.0000000000e+00	0.0000000000e+00	0.0000000000e+00	0.0000000000e+00
1.0659928821e+05	2.9440673033e-14	3.6038949904e-16	0.0000000000e+00	0.0000000000e+00	0.0000000000e+00	1.9337706661e-16	4.7867322699e-14	0.0000000000e+00	0.0000000000e+00	0.0000000000e+00	0.0000000000e+00	0.0000000000e+00	0.0000000000e+00	0.0000000000e+00	0.0000000000e+00	0.0000000000e+00	0.0000000000e+00	0.0000000000e+00	0.0000000000e+00	0.0000000000e+00	0.0000000000e+00	0.0000000000e+00	0.0000000000e+00	0.0000000000e+00	0.0000000000e+00
1.0660206594e+05	2.9540834771e-14	3.6054385647e-16	0.0000000000e+00	0.0000000000e+00	0.0000000000e+00	1.9383521986e-16	4.7876070486e-14	0.0000000000e+00	0.0000000000e+00	0.0000000000e+00	0.0000000000e+00	0.0000000000e+00	0.0000000000e+00	0.0000000000e+00	0.0000000000e+00	0.0000000000e+00	0.0000000000e+00	0.0000000000e+00	0.0000000000e+00	0.0000000000e+00	0.0000000000e+00	0.0000000000e+00	0.0000000000e+00	0.0000000000e+00	0.0000000000e+00
1.0661357469e+05	2.9381456535e-14	3.6121897479e-16	0.0000000000e+00	0.0000000000e+00	0.0000000000e+00	1.9573832069e-16	4.7905985576e-14	0.0000000000e+00	0.0000000000e+00	0.0000000000e+00	0.0000000000e+00	0.0000000000e+00	0.0000000000e+00	0.0000000000e+00	0.0000000000e+00	0.0000000000e+00	0.0000000000e+00	0.0000000000e+00	0.0000000000e+00	0.0000000000e+00	0.0000000000e+00	0.0000000000e+00	0.0000000000e+00	0.0000000000e+00	0.0000000000e+00
1.0661638459e+05	2.9342387713e-14	3.6139220929e-16	0.0000000000e+00	0.0000000000e+00	0.0000000000e+00	1.9620409860e-16	4.7911699056e-14	0.0000000000e+00	0.0000000000e+00	0.0000000000e+00	0.0000000000e+00	0.0000000000e+00	0.0000000000e+00	0.0000000000e+00	0.0000000000e+00	0.0000000000e+00	0.0000000000e+00	0.0000000000e+00	0.0000000000e+00	0.0000000000e+00	0.0000000000e+00	0.0000000000e+00	0.0000000000e+00	0.0000000000e+00	0.0000000000e+00
1.0662802660e+05	2.9317409149e-14	3.6214182394e-16	0.0000000000e+00	0.0000000000e+00	0.0000000000e+00	1.9813747752e-16	4.7928446571e-14	0.0000000000e+00	0.0000000000e+00	0.0000000000e+00	0.0000000000e+00	0.0000000000e+00	0.0000000000e+00	0.0000000000e+00	0.0000000000e+00	0.0000000000e+00	0.0000000000e+00	0.0000000000e+00	0.0000000000e+00	0.0000000000e+00	0.0000000000e+00	0.0000000000e+00	0.0000000000e+00	0.0000000000e+00	0.0000000000e+00
1.0663086903e+05	2.9277541453e-14	3.6233210942e-16	0.0000000000e+00	0.0000000000e+00	0.0000000000e+00	1.9861019194e-16	4.7930870541e-14	0.0000000000e+00	0.0000000000e+00	0.0000000000e+00	0.0000000000e+00	0.0000000000e+00	0.0000000000e+00	0.0000000000e+00	0.0000000000e+00	0.0000000000e+00	0.0000000000e+00	0.0000000000e+00	0.0000000000e+00	0.0000000000e+00	0.0000000000e+00	0.0000000000e+00	0.0000000000e+00	0.0000000000e+00	0.0000000000e+00
1.0664264585e+05	2.9248185712e-14	3.6314780344e-16	0.0000000000e+00	0.0000000000e+00	0.0000000000e+00	2.0057043304e-16	4.7934509875e-14	0.0000000000e+00	0.0000000000e+00	0.0000000000e+00	0.0000000000e+00	0.0000000000e+00	0.0000000000e+00	0.0000000000e+00	0.0000000000e+00	0.0000000000e+00	0.0000000000e+00	0.0000000000e+00	0.0000000000e+00	0.0000000000e+00	0.0000000000e+00	0.0000000000e+00	0.0000000000e+00	0.0000000000e+00	0.0000000000e+00
1.0664552120e+05	2.9207539505e-14	3.6335324932e-16	0.0000000000e+00	0.0000000000e+00	0.0000000000e+00	2.0104931469e-16	4.7933944579e-14	0.0000000000e+00	0.0000000000e+00	0.0000000000e+00	0.0000000000e+00	0.0000000000e+00	0.0000000000e+00	0.0000000000e+00	0.0000000000e+00	0.0000000000e+00	0.0000000000e+00	0.0000000000e+00	0.0000000000e+00	0.0000000000e+00	0.0000000000e+00	0.0000000000e+00	0.0000000000e+00	0.0000000000e+00	0.0000000000e+00
1.0665743439e+05	2.9174175202e-14	3.6422882113e-16	0.0000000000e+00	0.0000000000e+00	0.0000000000e+00	2.0303403834e-16	4.7925939533e-14	0.0000000000e+00	0.0000000000e+00	0.0000000000e+00	0.0000000000e+00	0.0000000000e+00	0.0000000000e+00	0.0000000000e+00	0.0000000000e+00	0.0000000000e+00	0.0000000000e+00	0.0000000000e+00	0.0000000000e+00	0.0000000000e+00	0.0000000000e+00	0.0000000000e+00	0.0000000000e+00	0.0000000000e+00	0.0000000000e+00
1.0666034303e+05	2.9132846053e-14	3.6444809099e-16	0.0000000000e+00	0.0000000000e+00	0.0000000000e+00	2.0351858441e-16	4.7922595042e-14	0.0000000000e+00	0.0000000000e+00	0.0000000000e+00	0.0000000000e+00	0.0000000000e+00	0.0000000000e+00	0.0000000000e+00	0.0000000000e+00	0.0000000000e+00	0.0000000000e+00	0.0000000000e+00	0.0000000000e+00	0.0000000000e+00	0.0000000000e+00	0.0000000000e+00	0.0000000000e+00	0.0000000000e+00	0.0000000000e+00
1.0667239417e+05	2.9095663913e-14	3.6537551130e-16	0.0000000000e+00	0.0000000000e+00	0.0000000000e+00	2.0552423458e-16	4.7902751908e-14	0.0000000000e+00	0.0000000000e+00	0.0000000000e+00	0.0000000000e+00	0.0000000000e+00	0.0000000000e+00	0.0000000000e+00	0.0000000000e+00	0.0000000000e+00	0.0000000000e+00	0.0000000000e+00	0.0000000000e+00	0.0000000000e+00	0.0000000000e+00	0.0000000000e+00	0.0000000000e+00	0.0000000000e+00	0.0000000000e+00
1.0667533649e+05	2.9053642949e-14	3.6560582243e-16	0.0000000000e+00	0.0000000000e+00	0.0000000000e+00	2.0601309258e-16	4.7896434776e-14	0.0000000000e+00	0.0000000000e+00	0.0000000000e+00	0.0000000000e+00	0.0000000000e+00	0.0000000000e+00	0.0000000000e+00	0.0000000000e+00	0.0000000000e+00	0.0000000000e+00	0.0000000000e+00	0.0000000000e+00	0.0000000000e+00	0.0000000000e+00	0.0000000000e+00	0.0000000000e+00	0.0000000000e+00	0.0000000000e+00
1.0668752717e+05	2.8878426142e-14	3.6657388965e-16	0.0000000000e+00	0.0000000000e+00	0.0000000000e+00	2.0803412799e-16	4.7864503771e-14	0.0000000000e+00	0.0000000000e+00	0.0000000000e+00	0.0000000000e+00	0.0000000000e+00	0.0000000000e+00	0.0000000000e+00	0.0000000000e+00	0.0000000000e+00	0.0000000000e+00	0.0000000000e+00	0.0000000000e+00	0.0000000000e+00	0.0000000000e+00	0.0000000000e+00	0.0000000000e+00	0.0000000000e+00	0.0000000000e+00
1.0669050357e+05	2.8835322124e-14	3.6681372905e-16	0.0000000000e+00	0.0000000000e+00	0.0000000000e+00	2.0852660732e-16	4.7855402381e-14	0.0000000000e+00	0.0000000000e+00	0.0000000000e+00	0.0000000000e+00	0.0000000000e+00	0.0000000000e+00	0.0000000000e+00	0.0000000000e+00	0.0000000000e+00	0.0000000000e+00	0.0000000000e+00	0.0000000000e+00	0.0000000000e+00	0.0000000000e+00	0.0000000000e+00	0.0000000000e+00	0.0000000000e+00	0.0000000000e+00
1.0670283541e+05	2.8791833420e-14	3.6782344296e-16	0.0000000000e+00	0.0000000000e+00	0.0000000000e+00	2.1056423702e-16	4.7812815189e-14	0.0000000000e+00	0.0000000000e+00	0.0000000000e+00	0.0000000000e+00	0.0000000000e+00	0.0000000000e+00	0.0000000000e+00	0.0000000000e+00	0.0000000000e+00	0.0000000000e+00	0.0000000000e+00	0.0000000000e+00	0.0000000000e+00	0.0000000000e+00	0.0000000000e+00	0.0000000000e+00	0.0000000000e+00	0.0000000000e+00
1.0670584627e+05	2.8748043852e-14	3.6807376780e-16	0.0000000000e+00	0.0000000000e+00	0.0000000000e+00	2.1106103705e-16	4.7801256382e-14	0.0000000000e+00	0.0000000000e+00	0.0000000000e+00	0.0000000000e+00	0.0000000000e+00	0.0000000000e+00	0.0000000000e+00	0.0000000000e+00	0.0000000000e+00	0.0000000000e+00	0.0000000000e+00	0.0000000000e+00	0.0000000000e+00	0.0000000000e+00	0.0000000000e+00	0.0000000000e+00	0.0000000000e+00	0.0000000000e+00
1.0671832091e+05	2.8700797390e-14	3.6912364511e-16	0.0000000000e+00	0.0000000000e+00	0.0000000000e+00	2.1311504529e-16	4.7748444382e-14	0.0000000000e+00	0.0000000000e+00	0.0000000000e+00	0.0000000000e+00	0.0000000000e+00	0.0000000000e+00	0.0000000000e+00	0.0000000000e+00	0.0000000000e+00	0.0000000000e+00	0.0000000000e+00	0.0000000000e+00	0.0000000000e+00	0.0000000000e+00	0.0000000000e+00	0.0000000000e+00	0.0000000000e+00	0.0000000000e+00
1.0672136663e+05	2.8656352198e-14	3.6938233916e-16	0.0000000000e+00	0.0000000000e+00	0.0000000000e+00	2.1361509831e-16	4.7734331967e-14	0.0000000000e+00	0.0000000000e+00	0.0000000000e+00	0.0000000000e+00	0.0000000000e+00	0.0000000000e+00	0.0000000000e+00	0.0000000000e+00	0.0000000000e+00	0.0000000000e+00	0.0000000000e+00	0.0000000000e+00	0.0000000000e+00	0.0000000000e+00	0.0000000000e+00	0.0000000000e+00	0.0000000000e+00	0.0000000000e+00
1.0673398572e+05	2.8605637197e-14	3.7046205592e-16	0.0000000000e+00	0.0000000000e+00	0.0000000000e+00	2.1568007313e-16	4.7671023447e-14	0.0000000000e+00	0.0000000000e+00	0.0000000000e+00	0.0000000000e+00	0.0000000000e+00	0.0000000000e+00	0.0000000000e+00	0.0000000000e+00	0.0000000000e+00	0.0000000000e+00	0.0000000000e+00	0.0000000000e+00	0.0000000000e+00	0.0000000000e+00	0.0000000000e+00	0.0000000000e+00	0.0000000000e+00	0.0000000000e+00
1.0673706671e+05	2.8560607607e-14	3.7072784709e-16	0.0000000000e+00	0.0000000000e+00	0.0000000000e+00	2.1618275804e-16	4.7654478987e-14	0.0000000000e+00	0.0000000000e+00	0.0000000000e+00	0.0000000000e+00	0.0000000000e+00	0.0000000000e+00	0.0000000000e+00	0.0000000000e+00	0.0000000000e+00	0.0000000000e+00	0.0000000000e+00	0.0000000000e+00	0.0000000000e+00	0.0000000000e+00	0.0000000000e+00	0.0000000000e+00	0.0000000000e+00	0.0000000000e+00
1.0674983192e+05	2.8506515375e-14	3.7184129605e-16	0.0000000000e+00	0.0000000000e+00	0.0000000000e+00	2.1826142688e-16	4.7582016188e-14	0.0000000000e+00	0.0000000000e+00	0.0000000000e+00	0.0000000000e+00	0.0000000000e+00	0.0000000000e+00	0.0000000000e+00	0.0000000000e+00	0.0000000000e+00	0.0000000000e+00	0.0000000000e+00	0.0000000000e+00	0.0000000000e+00	0.0000000000e+00	0.0000000000e+00	0.0000000000e+00	0.0000000000e+00	0.0000000000e+00
1.0675294859e+05	2.8460844367e-14	3.7211655716e-16	0.0000000000e+00	0.0000000000e+00	0.0000000000e+00	2.1876824714e-16	4.7563419020e-14	0.0000000000e+00	0.0000000000e+00	0.0000000000e+00	0.0000000000e+00	0.0000000000e+00	0.0000000000e+00	0.0000000000e+00	0.0000000000e+00	0.0000000000e+00	0.0000000000e+00	0.0000000000e+00	0.0000000000e+00	0.0000000000e+00	0.0000000000e+00	0.0000000000e+00	0.0000000000e+00	0.0000000000e+00	0.0000000000e+00
1.0676586161e+05	2.8270452358e-14	3.7326725738e-16	0.0000000000e+00	0.0000000000e+00	0.0000000000e+00	2.2086318605e-16	4.7482614084e-14	0.0000000000e+00	0.0000000000e+00	0.0000000000e+00	0.0000000000e+00	0.0000000000e+00	0.0000000000e+00	0.0000000000e+00	0.0000000000e+00	0.0000000000e+00	0.0000000000e+00	0.0000000000e+00	0.0000000000e+00	0.0000000000e+00	0.0000000000e+00	0.0000000000e+00	0.0000000000e+00	0.0000000000e+00	0.0000000000e+00
1.0676901437e+05	2.8223778970e-14	3.7355067465e-16	0.0000000000e+00	0.0000000000e+00	0.0000000000e+00	2.2137349704e-16	4.7461932807e-14	0.0000000000e+00	0.0000000000e+00	0.0000000000e+00	0.0000000000e+00	0.0000000000e+00	0.0000000000e+00	0.0000000000e+00	0.0000000000e+00	0.0000000000e+00	0.0000000000e+00	0.0000000000e+00	0.0000000000e+00	0.0000000000e+00	0.0000000000e+00	0.0000000000e+00	0.0000000000e+00	0.0000000000e+00	0.0000000000e+00
1.0677265000e+05	2.8169929990e-14	3.7387864566e-16	0.0000000000e+00	0.0000000000e+00	0.0000000000e+00	2.2196138480e-16	4.7437615854e-14	0.0000000000e+00	0.0000000000e+00	0.0000000000e+00	0.0000000000e+00	0.0000000000e+00	0.0000000000e+00	0.0000000000e+00	0.0000000000e+00	0.0000000000e+00	0.0000000000e+00	0.0000000000e+00	0.0000000000e+00	0.0000000000e+00	0.0000000000e+00	0.0000000000e+00	0.0000000000e+00	0.0000000000e+00	0.0000000000e+00
1.0678207692e+05	2.8163944754e-14	3.7473855504e-16	1.2884878708e-19	0.0000000000e+00	0.0000000000e+00	2.2348523458e-16	4.7372346067e-14	1.1049606410e-19	0.0000000000e+00	0.0000000000e+00	8.1093692804e-22	1.3109958723e-21	4.2514203813e-14	0.0000000000e+00	0.0000000000e+00	0.0000000000e+00	0.0000000000e+00	0.0000000000e+00	0.0000000000e+00	0.0000000000e+00	0.0000000000e+00	0.0000000000e+00	0.0000000000e+00	0.0000000000e+00	0.0000000000e+00
1.0678526618e+05	2.8116862646e-14	3.7494337491e-16	1.1301614513e-19	0.0000000000e+00	0.0000000000e+00	2.2394734696e-16	4.7351260666e-14	1.7652766839e-19	0.0000000000e+00	0.0000000000e+00	9.4824366058e-22	2.7201340655e-21	4.2308154759e-14	0.0000000000e+00	0.0000000000e+00	0.0000000000e+00	0.0000000000e+00	0.0000000000e+00	0.0000000000e+00	0.0000000000e+00	0.0000000000e+00	0.0000000000e+00	0.0000000000e+00	0.0000000000e+00	0.0000000000e+00
1.0678894391e+05	2.8194717199e-14	3.7535069572e-16	9.6161004995e-20	0.0000000000e+00	0.0000000000e+00	2.2458115300e-16	4.7322762558e-14	1.5900759859e-19	0.0000000000e+00	0.0000000000e+00	1.0771489595e-21	3.0815135887e-21	4.1948537174e-14	0.0000000000e+00	0.0000000000e+00	0.0000000000e+00	0.0000000000e+00	0.0000000000e+00	0.0000000000e+00	0.0000000000e+00	0.0000000000e+00	0.0000000000e+00	0.0000000000e+00	0.0000000000e+00	0.0000000000e+00
1.0679847999e+05	2.8053956651e-14	3.7622724740e-16	4.6085229737e-20	0.0000000000e+00	0.0000000000e+00	2.2611129108e-16	4.7252193968e-14	7.0779043654e-20	0.0000000000e+00	0.0000000000e+00	8.0960795096e-22	2.1579630653e-21	4.0446895856e-14	0.0000000000e+00	0.0000000000e+00	0.0000000000e+00	0.0000000000e+00	0.0000000000e+00	0.0000000000e+00	0.0000000000e+00	0.0000000000e+00	0.0000000000e+00	0.0000000000e+00	0.0000000000e+00	0.0000000000e+00
1.0680170619e+05	2.8137425706e-14	3.7655621679e-16	4.2034708284e-20	0.0000000000e+00	0.0000000000e+00	2.2664652104e-16	4.7227431380e-14	6.8570484164e-20	0.0000000000e+00	0.0000000000e+00	8.1614630156e-22	2.3617924382e-21	4.0123686652e-14	0.0000000000e+00	0.0000000000e+00	0.0000000000e+00	0.0000000000e+00	0.0000000000e+00	0.0000000000e+00	0.0000000000e+00	0.0000000000e+00	0.0000000000e+00	0.0000000000e+00	0.0000000000e+00	0.0000000000e+00
1.0680542650e+05	2.8082637056e-14	3.7687403125e-16	4.5559590060e-20	0.0000000000e+00	0.0000000000e+00	2.2722546622e-16	4.7199702013e-14	6.4630619503e-20	0.0000000000e+00	0.0000000000e+00	9.9682476518e-22	2.5068119634e-21	3.9877934447e-14	0.0000000000e+00	0.0000000000e+00	0.0000000000e+00	0.0000000000e+00	0.0000000000e+00	0.0000000000e+00	0.0000000000e+00	0.0000000000e+00	0.0000000000e+00	0.0000000000e+00	0.0000000000e+00	0.0000000000e+00
1.0681507300e+05	2.7940055225e-14	3.7778770345e-16	5.3545030203e-20	0.0000000000e+00	0.0000000000e+00	2.2877458601e-16	4.7124602798e-14	5.5509762755e-20	0.0000000000e+00	0.0000000000e+00	1.5702313952e-21	2.6774599944e-21	3.9261532850e-14	0.0000000000e+00	0.0000000000e+00	0.0000000000e+00	0.0000000000e+00	0.0000000000e+00	0.0000000000e+00	0.0000000000e+00	0.0000000000e+00	0.0000000000e+00	0.0000000000e+00	0.0000000000e+00	0.0000000000e+00
1.0681833655e+05	2.8022052325e-14	3.7807944668e-16	4.8747520192e-20	0.0000000000e+00	0.0000000000e+00	2.2928624623e-16	4.7098250576e-14	5.2881882997e-20	0.0000000000e+00	0.0000000000e+00	1.5386239435e-21	2.7327600808e-21	3.9013489538e-14	0.0000000000e+00	0.0000000000e+00	0.0000000000e+00	0.0000000000e+00	0.0000000000e+00	0.0000000000e+00	0.0000000000e+00	0.0000000000e+00	0.0000000000e+00	0.0000000000e+00	0.0000000000e+00	0.0000000000e+00
1.0682209995e+05	2.7966536889e-14	3.7845176986e-16	4.1126705191e-20	0.0000000000e+00	0.0000000000e+00	2.2989686915e-16	4.7068102526e-14	5.0837466240e-20	0.0000000000e+00	0.0000000000e+00	1.3901914599e-21	2.8510389272e-21	3.8761170854e-14	0.0000000000e+00	0.0000000000e+00	0.0000000000e+00	0.0000000000e+00	0.0000000000e+00	0.0000000000e+00	0.0000000000e+00	0.0000000000e+00	0.0000000000e+00	0.0000000000e+00	0.0000000000e+00	0.0000000000e+00
1.0683185815e+05	2.7822312309e-14	3.7939635835e-16	3.1732891853e-20	0.0000000000e+00	0.0000000000e+00	2.3146174193e-16	4.6988274347e-14	5.1968569661e-20	0.0000000000e+00	0.0000000000e+00	1.2740898488e-21	3.4513641572e-21	3.8330069387e-14	0.0000000000e+00	0.0000000000e+00	0.0000000000e+00	0.0000000000e+00	0.0000000000e+00	0.0000000000e+00	0.0000000000e+00	0.0000000000e+00	0.0000000000e+00	0.0000000000e+00	0.0000000000e+00	0.0000000000e+00
1.0683515949e+05	2.7773496413e-14	3.7974611402e-16	3.1117266845e-20	0.0000000000e+00	0.0000000000e+00	2.3200772094e-16	4.6960965433e-14	5.1681788392e-20	0.0000000000e+00	0.0000000000e+00	1.3346205911e-21	3.5798419458e-21	3.8192243717e-14	0.0000000000e+00	0.0000000000e+00	0.0000000000e+00	0.0000000000e+00	0.0000000000e+00	0.0000000000e+00	0.0000000000e+00	0.0000000000e+00	0.0000000000e+00	0.0000000000e+00	0.0000000000e+00	0.0000000000e+00
1.0683896647e+05	2.7717264001e-14	3.8008865976e-16	2.9477566110e-20	0.0000000000e+00	0.0000000000e+00	2.3259904499e-16	4.6928343511e-14	4.8150619390e-20	0.0000000000e+00	0.0000000000e+00	1.3499966788e-21	3.5032470936e-21	3.8011020231e-14	0.0000000000e+00	0.0000000000e+00	0.0000000000e+00	0.0000000000e+00	0.0000000000e+00	0.0000000000e+00	0.0000000000e+00	0.0000000000e+00	0.0000000000e+00	0.0000000000e+00	0.0000000000e+00	0.0000000000e+00
1.0684883766e+05	2.7701331681e-14	3.8106807204e-16	3.1497005423e-20	0.0000000000e+00	0.0000000000e+00	2.3418247617e-16	4.6843794186e-14	1.0306238576e-19	0.0000000000e+00	0.0000000000e+00	1.6087916616e-21	8.6284327686e-21	3.7573013234e-14	0.0000000000e+00	0.0000000000e+00	0.0000000000e+00	0.0000000000e+00	0.0000000000e+00	0.0000000000e+00	0.0000000000e+00	0.0000000000e+00	0.0000000000e+00	0.0000000000e+00	0.0000000000e+00	0.0000000000e+00
1.0685217723e+05	2.7652067635e-14	3.8141045274e-16	4.7285445987e-20	0.0000000000e+00	0.0000000000e+00	2.3472312474e-16	4.6814892967e-14	4.2413315273e-19	0.0000000000e+00	0.0000000000e+00	2.5317598597e-21	3.6863553589e-20	3.7471006616e-14	0.0000000000e+00	0.0000000000e+00	0.0000000000e+00	0.0000000000e+00	0.0000000000e+00	0.0000000000e+00	0.0000000000e+00	0.0000000000e+00	0.0000000000e+00	0.0000000000e+00	0.0000000000e+00	0.0000000000e+00
1.0685602829e+05	2.7595287697e-14	3.8178543348e-16	1.4955934789e-19	0.0000000000e+00	0.0000000000e+00	2.3533327650e-16	4.6780958256e-14	2.9188832446e-18	0.0000000000e+00	0.0000000000e+00	8.3519138136e-21	2.6491495082e-19	3.7470200123e-14	0.0000000000e+00	0.0000000000e+00	0.0000000000e+00	0.0000000000e+00	0.0000000000e+00	0.0000000000e+00	0.0000000000e+00	0.0000000000e+00	0.0000000000e+00	0.0000000000e+00	0.0000000000e+00	0.0000000000e+00
1.0686601379e+05	2.7576956224e-14	3.8278677734e-16	1.2190051882e-19	0.0000000000e+00	0.0000000000e+00	2.3692765583e-16	4.6693947083e-14	2.2186858467e-18	0.0000000000e+00	0.0000000000e+00	7.5824576780e-21	2.2304160061e-19	3.7638284629e-14	0.0000000000e+00	0.0000000000e+00	0.0000000000e+00	0.0000000000e+00	0.0000000000e+00	0.0000000000e+00	0.0000000000e+00	0.0000000000e+00	0.0000000000e+00	0.0000000000e+00	0.0000000000e+00	0.0000000000e+00
1.0686939203e+05	2.7527174320e-14	3.8313348731e-16	1.3543716049e-19	0.0000000000e+00	0.0000000000e+00	2.3747017434e-16	4.6663643147e-14	2.5171187436e-18	0.0000000000e+00	0.0000000000e+00	8.7361475236e-21	2.6120560689e-19	3.7340168248e-14	0.0000000000e+00	0.0000000000e+00	0.0000000000e+00	0.0000000000e+00	0.0000000000e+00	0.0000000000e+00	0.0000000000e+00	0.0000000000e+00	0.0000000000e+00	0.0000000000e+00	0.0000000000e+00	0.0000000000e+00
1.0687328768e+05	2.7469819235e-14	3.8351577282e-16	1.5267516650e-19	0.0000000000e+00	0.0000000000e+00	2.3808385297e-16	4.6628720348e-14	2.9422133175e-18	0.0000000000e+00	0.0000000000e+00	1.0206154805e-20	3.1631215674e-19	3.6115562055e-14	0.0000000000e+00	0.0000000000e+00	0.0000000000e+00	0.0000000000e+00	0.0000000000e+00	0.0000000000e+00	0.0000000000e+00	0.0000000000e+00	0.0000000000e+00	0.0000000000e+00	0.0000000000e+00	0.0000000000e+00
1.0688338880e+05	2.7449118559e-14	3.8458440479e-16	1.3457021425e-19	0.0000000000e+00	0.0000000000e+00	2.3971779404e-16	4.6538130334e-14	2.5831058607e-18	0.0000000000e+00	0.0000000000e+00	9.8034563103e-21	3.0236343893e-19	3.6737695448e-14	0.0000000000e+00	0.0000000000e+00	0.0000000000e+00	0.0000000000e+00	0.0000000000e+00	0.0000000000e+00	0.0000000000e+00	0.0000000000e+00	0.0000000000e+00	0.0000000000e+00	0.0000000000e+00	0.0000000000e+00
1.0688680616e+05	2.7398915103e-14	3.8492438213e-16	1.4249947197e-19	0.0000000000e+00	0.0000000000e+00	2.4025542989e-16	4.6506315261e-14	2.7581386059e-18	0.0000000000e+00	0.0000000000e+00	1.0664595097e-20	3.3163739382e-19	3.7497367224e-14	0.0000000000e+00	0.0000000000e+00	0.0000000000e+00	0.0000000000e+00	0.0000000000e+00	0.0000000000e+00	0.0000000000e+00	0.0000000000e+00	0.0000000000e+00	0.0000000000e+00	0.0000000000e+00	0.0000000000e+00
1.0689074692e+05	2.7341090732e-14	3.8534775071e-16	1.4220564019e-19	0.0000000000e+00	0.0000000000e+00	2.4089386145e-16	4.6470259782e-14	2.7643562602e-18	0.0000000000e+00	0.0000000000e+00	1.0994304715e-20	3.4241739500e-19	3.7750017874e-14	0.0000000000e+00	0.0000000000e+00	0.0000000000e+00	0.0000000000e+00	0.0000000000e+00	0.0000000000e+00	0.0000000000e+00	0.0000000000e+00	0.0000000000e+00	0.0000000000e+00	0.0000000000e+00	0.0000000000e+00
1.0690096501e+05	2.7318291173e-14	3.8643975035e-16	1.5571949917e-19	0.0000000000e+00	0.0000000000e+00	2.4254052678e-16	4.6376344316e-14	3.0780979230e-18	0.0000000000e+00	0.0000000000e+00	1.3008060103e-20	4.0985376140e-19	3.6000617076e-14	0.0000000000e+00	0.0000000000e+00	0.0000000000e+00	0.0000000000e+00	0.0000000000e+00	0.0000000000e+00	0.0000000000e+00	0.0000000000e+00	0.0000000000e+00	0.0000000000e+00	0.0000000000e+00	0.0000000000e+00
1.0690442194e+05	2.7267674649e-14	3.8681893611e-16	1.5704623442e-19	0.0000000000e+00	0.0000000000e+00	2.4310203860e-16	4.6344092111e-14	3.1095456113e-18	0.0000000000e+00	0.0000000000e+00	1.3482813617e-20	4.2361108266e-19	3.5234285596e-14	0.0000000000e+00	0.0000000000e+00	0.0000000000e+00	0.0000000000e+00	0.0000000000e+00	0.0000000000e+00	0.0000000000e+00	0.0000000000e+00	0.0000000000e+00	0.0000000000e+00	0.0000000000e+00	0.0000000000e+00
1.0690840833e+05	2.7209389736e-14	3.8725568971e-16	1.6249532927e-19	0.0000000000e+00	0.0000000000e+00	2.4374818527e-16	4.6306805511e-14	3.2230985052e-18	0.0000000000e+00	0.0000000000e+00	1.4411665793e-20	4.5038571055e-19	3.4549190300e-14	0.0000000000e+00	0.0000000000e+00	0.0000000000e+00	0.0000000000e+00	0.0000000000e+00	0.0000000000e+00	0.0000000000e+00	0.0000000000e+00	0.0000000000e+00	0.0000000000e+00	0.0000000000e+00	0.0000000000e+00
1.0691591000e+05	2.7099988027e-14	3.8807406388e-16	1.7923997102e-19	0.0000000000e+00	0.0000000000e+00	2.4495887120e-16	4.6236508122e-14	3.5475779342e-18	0.0000000000e+00	0.0000000000e+00	1.6928458064e-20	5.1873830184e-19	3.4020872094e-14	0.0000000000e+00	0.0000000000e+00	0.0000000000e+00	0.0000000000e+00	0.0000000000e+00	0.0000000000e+00	0.0000000000e+00	0.0000000000e+00	0.0000000000e+00	0.0000000000e+00	0.0000000000e+00	0.0000000000e+00
1.0691874474e+05	2.7058743469e-14	3.8839070243e-16	1.8078208281e-19	5.2529067026e-21	0.0000000000e+00	2.4542012379e-16	4.6209680006e-14	3.5744195009e-18	4.8601480814e-20	0.0000000000e+00	1.7389934162e-20	5.3145625002e-19	3.4188579136e-14	2.6073559866e-18	0.0000000000e+00	1.1119222617e-23	1.3149727894e-22	5.0635026725e-20	4.7852648250e-14	0.0000000000e+00	0.0000000000e+00	0.0000000000e+00	0.0000000000e+00	0.0000000000e+00	0.0000000000e+00
1.0692224170e+05	2.7133362390e-14	3.8878066160e-16	1.8516481091e-19	6.8388598938e-21	0.0000000000e+00	2.4598800164e-16	4.6177680871e-14	3.6671678016e-18	1.6846530719e-19	0.0000000000e+00	1.8193830525e-20	5.5632133765e-19	3.4526964772e-14	1.5212760247e-18	0.0000000000e+00	3.1284978386e-23	1.0706590035e-21	6.4435162588e-20	4.4272950496e-14	0.0000000000e+00	0.0000000000e+00	0.0000000000e+00	0.0000000000e+00	0.0000000000e+00	0.0000000000e+00
1.0692627425e+05	2.7074605761e-14	3.8923334496e-16	1.9085223678e-19	1.9786246968e-20	0.0000000000e+00	2.4664380082e-16	4.6139600991e-14	3.8048433473e-18	2.4702037011e-19	0.0000000000e+00	1.9179030080e-20	5.9039785102e-19	3.5053496988e-14	1.2048860940e-18	0.0000000000e+00	1.2570384896e-22	2.5933798893e-21	8.1314849372e-20	4.3131028615e-14	0.0000000000e+00	0.0000000000e+00	0.0000000000e+00	0.0000000000e+00	0.0000000000e+00	0.0000000000e+00
1.0693386279e+05	2.6964355870e-14	3.9008785633e-16	1.9870772171e-19	2.0139319152e-20	0.0000000000e+00	2.4787676625e-16	4.6067217940e-14	3.9982871335e-18	1.0030405678e-19	0.0000000000e+00	2.0765992219e-20	6.4624300140e-19	3.5933973074e-14	8.9610256596e-19	0.0000000000e+00	2.2568808713e-22	1.8142351621e-21	9.9792453395e-20	4.2045560466e-14	0.0000000000e+00	0.0000000000e+00	0.0000000000e+00	0.0000000000e+00	0.0000000000e+00	0.0000000000e+00
1.0693673035e+05	2.6922802367e-14	3.9041737309e-16	1.9863464303e-19	1.8671004947e-20	0.0000000000e+00	2.4834592848e-16	4.6039696250e-14	4.0223748934e-18	1.0590349346e-19	0.0000000000e+00	2.1070102804e-20	6.5983526501e-19	3.6285056303e-14	8.1669612120e-19	0.0000000000e+00	2.4374813028e-22	2.2116664289e-21	1.0363294876e-19	4.1547198932e-14	0.0000000000e+00	0.0000000000e+00	0.0000000000e+00	0.0000000000e+00	0.0000000000e+00	0.0000000000e+00
1.0694026780e+05	2.6996052227e-14	3.9082607910e-16	2.0053894244e-19	1.8774347992e-20	0.0000000000e+00	2.4892537691e-16	4.6007296870e-14	4.0925261339e-18	1.4278667998e-19	0.0000000000e+00	2.1687337627e-20	6.8339256556e-19	3.6606309955e-14	7.2485680601e-19	0.0000000000e+00	2.7813652058e-22	3.4874112851e-21	1.0533086267e-19	4.0975716641e-14	0.0000000000e+00	0.0000000000e+00	0.0000000000e+00	0.0000000000e+00	0.0000000000e+00	0.0000000000e+00
1.0694434705e+05	2.6936866812e-14	3.9129347815e-16	2.3479870612e-19	1.8155868580e-20	0.0000000000e+00	2.4958982554e-16	4.5968056230e-14	4.8699802470e-18	1.5540021937e-19	0.0000000000e+00	2.6203244016e-20	8.2923806569e-19	3.6224888226e-14	6.5022898695e-19	0.0000000000e+00	3.0235551780e-22	4.4249375022e-21	1.0770361337e-19	4.0482384003e-14	0.0000000000e+00	0.0000000000e+00	0.0000000000e+00	0.0000000000e+00	0.0000000000e+00	0.0000000000e+00
1.0695202346e+05	2.6825851004e-14	3.9220077855e-16	2.1217655988e-19	1.3564126617e-20	0.0000000000e+00	2.5085616713e-16	4.5893977463e-14	4.3388834971e-18	9.9348683377e-20	0.0000000000e+00	2.4266799971e-20	7.6653044989e-19	3.7059620544e-14	5.3274804994e-19	0.0000000000e+00	2.8980995878e-22	3.5656192593e-21	1.0725685511e-19	4.0005399649e-14	0.0000000000e+00	0.0000000000e+00	0.0000000000e+00	0.0000000000e+00	0.0000000000e+00	0.0000000000e+00
1.0695492423e+05	2.6907694779e-14	3.9254543750e-16	2.1556922817e-19	1.3158012824e-20	0.0000000000e+00	2.5133478840e-16	4.5867789821e-14	4.3903147350e-18	8.8048564728e-20	0.0000000000e+00	2.5011076306e-20	7.8590413673e-19	3.6936304288e-14	4.9618594972e-19	0.0000000000e+00	3.0724153708e-22	3.4024042205e-21	1.0619165691e-19	3.9869953584e-14	0.0000000000e+00	0.0000000000e+00	0.0000000000e+00	0.0000000000e+00	0.0000000000e+00	0.0000000000e+00
1.0695850264e+05	2.6855917969e-14	3.9297163056e-16	2.2331072287e-19	1.4149562376e-20	0.0000000000e+00	2.5192515415e-16	4.5833336608e-14	4.5268656619e-18	9.0857302548e-20	0.0000000000e+00	2.6409865687e-20	8.2327687988e-19	3.6506913969e-14	4.7009583088e-19	0.0000000000e+00	3.6037977544e-22	3.8221586739e-21	1.0770762403e-19	3.9674132597e-14	0.0000000000e+00	0.0000000000e+00	0.0000000000e+00	0.0000000000e+00	0.0000000000e+00	0.0000000000e+00
1.0696262912e+05	2.6796341221e-14	3.9345947102e-16	2.4654999385e-19	1.6080795384e-20	0.0000000000e+00	2.5260261385e-16	4.5793435401e-14	4.9926886559e-18	1.0582384753e-19	0.0000000000e+00	2.9850342476e-20	9.2422721946e-19	3.6370476196e-14	4.4989818452e-19	0.0000000000e+00	4.4365939665e-22	4.8697904648e-21	1.1060301553e-19	3.9409137038e-14	0.0000000000e+00	0.0000000000e+00	0.0000000000e+00	0.0000000000e+00	0.0000000000e+00	0.0000000000e+00
1.0697039442e+05	2.6807509851e-14	3.9440528805e-16	2.3897429230e-19	1.6497199035e-20	0.0000000000e+00	2.5389300074e-16	4.5720555598e-14	4.7533991307e-18	1.2061875033e-19	0.0000000000e+00	2.9985590159e-20	9.0898324613e-19	3.6098448784e-14	4.6708983376e-19	0.0000000000e+00	5.2578700514e-22	6.4122258805e-21	1.2870828364e-19	3.8945902135e-14	0.0000000000e+00	0.0000000000e+00	0.0000000000e+00	0.0000000000e+00	0.0000000000e+00	0.0000000000e+00
1.0697332878e+05	2.6765205474e-14	3.9476312189e-16	2.4313850055e-19	1.5379267540e-20	0.0000000000e+00	2.5437996786e-16	4.5692324315e-14	4.8258063476e-18	1.2072716663e-19	0.0000000000e+00	3.0943191171e-20	9.3381364414e-19	3.5634136856e-14	4.8861259288e-19	0.0000000000e+00	5.1808768231e-22	6.7321032558e-21	1.3983918209e-19	3.8820085466e-14	0.0000000000e+00	0.0000000000e+00	0.0000000000e+00	0.0000000000e+00	0.0000000000e+00	0.0000000000e+00
1.0697694862e+05	2.6713116790e-14	3.9520556395e-16	2.5178025837e-19	1.3824017868e-20	0.0000000000e+00	2.5498071612e-16	4.5657379021e-14	4.9944275478e-18	1.1988063069e-19	0.0000000000e+00	3.2570248910e-20	9.8041803569e-19	3.5074042103e-14	5.3024523598e-19	0.0000000000e+00	4.9639405544e-22	7.0691529913e-21	1.5847895254e-19	3.8698337695e-14	0.0000000000e+00	0.0000000000e+00	0.0000000000e+00	0.0000000000e+00	0.0000000000e+00	0.0000000000e+00
1.0698112289e+05	2.6653193863e-14	3.9571864080e-16	2.6140694285e-19	1.2432418258e-20	0.0000000000e+00	2.5567456821e-16	4.5616927272e-14	5.1658262464e-18	1.1731510268e-19	0.0000000000e+00	3.4325808397e-20	1.0307838762e-18	3.5648033549e-14	5.8979550162e-19	0.0000000000e+00	4.7545271713e-22	7.3574453757e-21	1.8455752312e-19	3.8577882648e-14	0.0000000000e+00	0.0000000000e+00	0.0000000000e+00	0.0000000000e+00	0.0000000000e+00	0.0000000000e+00
1.0698897810e+05	2.6540831634e-14	3.9669828205e-16	2.6765094071e-19	1.1537293043e-20	0.0000000000e+00	2.5698699730e-16	4.5540017794e-14	5.2407035233e-18	1.0625487417e-19	0.0000000000e+00	3.6067840254e-20	1.0773566518e-18	3.4660715752e-14	7.7230069184e-19	0.0000000000e+00	4.8835056391e-22	7.4223848383e-21	2.6089255522e-19	3.8317207174e-14	0.0000000000e+00	0.0000000000e+00	0.0000000000e+00	0.0000000000e+00	0.0000000000e+00	0.0000000000e+00
1.0699194644e+05	2.6498485341e-14	3.9707134643e-16	2.7205755994e-19	1.1571978003e-20	0.0000000000e+00	2.5748395721e-16	4.5510624504e-14	5.3128485850e-18	1.0119349048e-19	0.0000000000e+00	3.7022999440e-20	1.1041674246e-18	3.4340417616e-14	8.4441099795e-19	0.0000000000e+00	5.0963110146e-22	7.3392285024e-21	2.9280409960e-19	3.8201831438e-14	0.0000000000e+00	0.0000000000e+00	0.0000000000e+00	0.0000000000e+00	0.0000000000e+00	0.0000000000e+00
1.0699560820e+05	2.6446304332e-14	3.9753375392e-16	2.7896984179e-19	1.1644518325e-20	0.0000000000e+00	2.5809777138e-16	4.5474069831e-14	5.4307136443e-18	9.5015187443e-20	0.0000000000e+00	3.8459372362e-20	1.1436124176e-18	3.4402899327e-14	9.3478180958e-19	0.0000000000e+00	5.3970088109e-22	7.2002824896e-21	3.3414746788e-19	3.8059323876e-14	0.0000000000e+00	0.0000000000e+00	0.0000000000e+00	0.0000000000e+00	0.0000000000e+00	0.0000000000e+00
1.0699983080e+05	2.6507530635e-14	3.9807080741e-16	2.8584703537e-19	1.1558456467e-20	0.0000000000e+00	2.5880719357e-16	4.5437767509e-14	5.5360667253e-18	8.8597595900e-20	0.0000000000e+00	4.0038310923e-20	1.1831660018e-18	3.4658751107e-14	1.1313649941e-18	0.0000000000e+00	5.6891331262e-22	7.0406970970e-21	4.1790185543e-19	3.7910883176e-14	0.0000000000e+00	0.0000000000e+00	0.0000000000e+00	0.0000000000e+00	0.0000000000e+00	0.0000000000e+00
1.0700777698e+05	2.6394456287e-14	3.9909356592e-16	2.9399583834e-19	1.0680569116e-20	0.0000000000e+00	2.6014777291e-16	4.5359160794e-14	5.6552344147e-18	7.9708591993e-20	0.0000000000e+00	4.2317294277e-20	1.2417600331e-18	3.3928300101e-14	1.6585763810e-18	0.0000000000e+00	5.8530986601e-22	6.8733672201e-21	6.4796032732e-19	3.7703184885e-14	0.0000000000e+00	0.0000000000e+00	0.0000000000e+00	0.0000000000e+00	0.0000000000e+00	0.0000000000e+00
1.0701077969e+05	2.6351828723e-14	3.9948344114e-16	2.9768765986e-19	1.0266456646e-20	0.0000000000e+00	2.6065575095e-16	4.5329114825e-14	5.7190496889e-18	7.7425646503e-20	0.0000000000e+00	4.3299844096e-20	1.2682747545e-18	3.3898241509e-14	1.8817485240e-18	0.0000000000e+00	5.8364458508e-22	6.8724952079e-21	7.4960108431e-19	3.7640753506e-14	0.0000000000e+00	0.0000000000e+00	0.0000000000e+00	0.0000000000e+00	0.0000000000e+00	0.0000000000e+00
1.0701448385e+05	2.6299294938e-14	3.9996674835e-16	3.0297946836e-19	9.8270634870e-21	0.0000000000e+00	2.6128332173e-16	4.5291743112e-14	5.8134949369e-18	7.5358955485e-20	0.0000000000e+00	4.4655081188e-20	1.3047674890e-18	3.4111046304e-14	2.1583910724e-18	0.0000000000e+00	5.8249066800e-22	6.9238761622e-21	8.7969086010e-19	3.7563547671e-14	0.0000000000e+00	0.0000000000e+00	0.0000000000e+00	0.0000000000e+00	0.0000000000e+00	0.0000000000e+00
1.0701875535e+05	2.6359208409e-14	4.0052760025e-16	3.0918815821e-19	9.4205449977e-21	0.0000000000e+00	2.6200853112e-16	4.5256648651e-14	5.9234613650e-18	7.4051764057e-20	0.0000000000e+00	4.6238167603e-20	1.3476100812e-18	3.4168106114e-14	2.5661217845e-18	0.0000000000e+00	5.8325033797e-22	7.0692192113e-21	1.0722599564e-18	3.7464676717e-14	0.0000000000e+00	0.0000000000e+00	0.0000000000e+00	0.0000000000e+00	0.0000000000e+00	0.0000000000e+00
1.0702679353e+05	2.6245505872e-14	4.0159440403e-16	3.1874755976e-19	8.5835209227e-21	0.0000000000e+00	2.6337834761e-16	4.5176788076e-14	6.0919865303e-18	7.4610648836e-20	0.0000000000e+00	4.9028077424e-20	1.4205935976e-18	3.3837704994e-14	3.3770265009e-18	0.0000000000e+00	5.7283586335e-22	7.6181259958e-21	1.4733002012e-18	3.7248770455e-14	0.0000000000e+00	0.0000000000e+00	0.0000000000e+00	0.0000000000e+00	0.0000000000e+00	0.0000000000e+00
1.0702983101e+05	2.6202658098e-14	4.0200125782e-16	3.2234363111e-19	8.2099318188e-21	0.0000000000e+00	2.6389761075e-16	4.5146203405e-14	6.1529476280e-18	7.5368733888e-20	0.0000000000e+00	5.0146469804e-20	1.4478222705e-18	3.3901678547e-14	3.6205048069e-18	0.0000000000e+00	5.6386296635e-22	7.8813744370e-21	1.6036316247e-18	3.7166223620e-14	0.0000000000e+00	0.0000000000e+00	0.0000000000e+00	0.0000000000e+00	0.0000000000e+00	0.0000000000e+00
1.0703357807e+05	2.6269494287e-14	4.0250584670e-16	3.2717433409e-19	7.7417347268e-21	0.0000000000e+00	2.6453937899e-16	4.5117251322e-14	6.2307791534e-18	7.6219257091e-20	0.0000000000e+00	5.1602542396e-20	1.4822901653e-18	3.4048338193e-14	3.9370808318e-18	0.0000000000e+00	5.5148169382e-22	8.2007418600e-21	1.7753466740e-18	3.7071581350e-14	0.0000000000e+00	0.0000000000e+00	0.0000000000e+00	0.0000000000e+00	0.0000000000e+00	0.0000000000e+00
1.0703789902e+05	2.6208604160e-14	4.0309131473e-16	3.3292745495e-19	7.2098803689e-21	0.0000000000e+00	2.6528105513e-16	4.5074687355e-14	6.3186226068e-18	7.6884237997e-20	0.0000000000e+00	5.3317132491e-20	1.5219602246e-18	3.4069923820e-14	4.4250938972e-18	0.0000000000e+00	5.3618806607e-22	8.5391390209e-21	2.0349794258e-18	3.6975939235e-14	0.0000000000e+00	0.0000000000e+00	0.0000000000e+00	0.0000000000e+00	0.0000000000e+00	0.0000000000e+00
1.0704603029e+05	2.6094439584e-14	4.0420412240e-16	3.4310093203e-19	6.2902496309e-21	0.0000000000e+00	2.6668193611e-16	4.4993259495e-14	6.4652351066e-18	7.7751170628e-20	0.0000000000e+00	5.6435774321e-20	1.5931084860e-18	3.3932894031e-14	5.4749728233e-18	0.0000000000e+00	5.0524770411e-22	9.1402910376e-21	2.6057367463e-18	3.6824977709e-14	0.0000000000e+00	0.0000000000e+00	0.0000000000e+00	0.0000000000e+00	0.0000000000e+00	0.0000000000e+00
1.0704910294e+05	2.6170247193e-14	4.0462821108e-16	3.4724031644e-19	6.0230892739e-21	0.0000000000e+00	2.6721299008e-16	4.4972086624e-14	6.5239149646e-18	7.7987884960e-20	0.0000000000e+00	5.7633831967e-20	1.6211685705e-18	3.3975380874e-14	5.8160341135e-18	0.0000000000e+00	4.9648354736e-22	9.3578270345e-21	2.8019384953e-18	3.6769889025e-14	0.0000000000e+00	0.0000000000e+00	0.0000000000e+00	0.0000000000e+00	0.0000000000e+00	0.0000000000e+00
1.0705289339e+05	2.6117066639e-14	4.0515382341e-16	3.5270125698e-19	5.7821821517e-21	0.0000000000e+00	2.6786921201e-16	4.4934794126e-14	6.6018849950e-18	7.7944136632e-20	0.0000000000e+00	5.9161700562e-20	1.6574558499e-18	3.4039594959e-14	6.1915583726e-18	0.0000000000e+00	4.9090109104e-22	9.5844221150e-21	3.0262580613e-18	3.6698421230e-14	0.0000000000e+00	0.0000000000e+00	0.0000000000e+00	0.0000000000e+00	0.0000000000e+00	0.0000000000e+00
1.0705726438e+05	2.6055887202e-14	4.0576346233e-16	3.5930721761e-19	5.6094818611e-21	0.0000000000e+00	2.6862755985e-16	4.4891319229e-14	6.6958581654e-18	7.7218008958e-20	0.0000000000e+00	6.0985088530e-20	1.7007034355e-18	3.4038032678e-14	6.6026415394e-18	0.0000000000e+00	4.9127031502e-22	9.7574973109e-21	3.2790362424e-18	3.6610138373e-14	0.0000000000e+00	0.0000000000e+00	0.0000000000e+00	0.0000000000e+00	0.0000000000e+00	0.0000000000e+00
1.0706548980e+05	2.5941077713e-14	4.0692107429e-16	3.7234671111e-19	5.4472756528e-21	0.0000000000e+00	2.7005949432e-16	4.4807925810e-14	6.8716320932e-18	7.4575166293e-20	0.0000000000e+00	6.4546715402e-20	1.7829411964e-18	3.3920234852e-14	7.4869476715e-18	0.0000000000e+00	5.0111966571e-22	9.8965235401e-21	3.8240994274e-18	3.6440039304e-14	0.0000000000e+00	0.0000000000e+00	0.0000000000e+00	0.0000000000e+00	0.0000000000e+00	0.0000000000e+00
1.0706859803e+05	2.5897759335e-14	4.0736206655e-16	3.7747518556e-19	5.4055855928e-21	0.0000000000e+00	2.7060228269e-16	4.4775812405e-14	6.9362993721e-18	7.3724422957e-20	0.0000000000e+00	6.5935536122e-20	1.8139368167e-18	3.3909316019e-14	7.7968658948e-18	0.0000000000e+00	5.0480627962e-22	9.9600165083e-21	4.0224714908e-18	3.6380990415e-14	0.0000000000e+00	0.0000000000e+00	0.0000000000e+00	0.0000000000e+00	0.0000000000e+00	0.0000000000e+00
1.0707243237e+05	2.5844337781e-14	4.0790877857e-16	3.8392008047e-19	5.3512718399e-21	0.0000000000e+00	2.7127316934e-16	4.4735701083e-14	7.0146971501e-18	7.3267477119e-20	0.0000000000e+00	6.7675891249e-20	1.8520825814e-18	3.3901817866e-14	8.1378977326e-18	0.0000000000e+00	5.0778230801e-22	1.0114755424e-20	4.2488155092e-18	3.6315306274e-14	0.0000000000e+00	0.0000000000e+00	0.0000000000e+00	0.0000000000e+00	0.0000000000e+00	0.0000000000e+00
1.0707685397e+05	2.5782722969e-14	4.0854294623e-16	3.9143498561e-19	5.2786917009e-21	0.0000000000e+00	2.7204861650e-16	4.4688728505e-14	7.1040277652e-18	7.3866162873e-20	0.0000000000e+00	6.9704113072e-20	1.8961501380e-18	3.3854747643e-14	8.5843138566e-18	0.0000000000e+00	5.0894952948e-22	1.0448026703e-20	4.5415385050e-18	3.6248967634e-14	0.0000000000e+00	0.0000000000e+00	0.0000000000e+00	0.0000000000e+00	0.0000000000e+00	0.0000000000e+00
1.0708517463e+05	2.5785322086e-14	4.0974732776e-16	4.0540693772e-19	5.1513947453e-21	0.0000000000e+00	2.7351327664e-16	4.4621754072e-14	7.2741558335e-18	7.7479462410e-20	0.0000000000e+00	7.3524886059e-20	1.9806399832e-18	3.3686359859e-14	9.5451129137e-18	0.0000000000e+00	5.1227794951e-22	1.1441818316e-20	5.1695811640e-18	3.6137679327e-14	0.0000000000e+00	0.0000000000e+00	0.0000000000e+00	0.0000000000e+00	0.0000000000e+00	0.0000000000e+00
1.0708831886e+05	2.5741802517e-14	4.1020618704e-16	4.1053354412e-19	5.1147152244e-21	0.0000000000e+00	2.7406858811e-16	4.4588986817e-14	7.3404351037e-18	7.8843637198e-20	0.0000000000e+00	7.4968953031e-20	2.0134318455e-18	3.3626022793e-14	9.8856732201e-18	0.0000000000e+00	5.1604465316e-22	1.1823939584e-20	5.3991826224e-18	3.6094718168e-14	0.0000000000e+00	0.0000000000e+00	0.0000000000e+00	0.0000000000e+00	0.0000000000e+00	0.0000000000e+00
1.0709219760e+05	2.5688143092e-14	4.1077511492e-16	4.1673541273e-19	5.0705622233e-21	0.0000000000e+00	2.7475504455e-16	4.4548016944e-14	7.4241568562e-18	7.9885613508e-20	0.0000000000e+00	7.6764219818e-20	2.0546504716e-18	3.3552660803e-14	1.0305655678e-17	0.0000000000e+00	5.2204825569e-22	1.2202689526e-20	5.6853544470e-18	3.6038537506e-14	0.0000000000e+00	0.0000000000e+00	0.0000000000e+00	0.0000000000e+00	0.0000000000e+00	0.0000000000e+00
1.0709667040e+05	2.5743537071e-14	4.1143515747e-16	4.2381258887e-19	5.0144477086e-21	0.0000000000e+00	2.7554861167e-16	4.4522058151e-14	7.5237790194e-18	7.9940465643e-20	0.0000000000e+00	7.8880441591e-20	2.1033419491e-18	3.3455893757e-14	1.0816799988e-17	0.0000000000e+00	5.2955213349e-22	1.2464504661e-20	6.0343036315e-18	3.5969781391e-14	0.0000000000e+00	0.0000000000e+00	0.0000000000e+00	0.0000000000e+00	0.0000000000e+00	0.0000000000e+00
1.0710508741e+05	2.5627797026e-14	4.1268808604e-16	4.3742638970e-19	4.9320897616e-21	0.0000000000e+00	2.7704727032e-16	4.4435184733e-14	7.7208903029e-18	7.7237281590e-20	0.0000000000e+00	8.3099524282e-20	2.1986025174e-18	3.3222312837e-14	1.1996701279e-17	0.0000000000e+00	5.4663566046e-22	1.2501099436e-20	6.8268476667e-18	3.5839875729e-14	0.0000000000e+00	0.0000000000e+00	0.0000000000e+00	0.0000000000e+00	0.0000000000e+00	0.0000000000e+00
1.0710826804e+05	2.5584115307e-14	4.1316516120e-16	4.4276085797e-19	4.9322804918e-21	0.0000000000e+00	2.7761537071e-16	4.4401584789e-14	7.7980588329e-18	7.5679557762e-20	0.0000000000e+00	8.4781222330e-20	2.2357067140e-18	3.3128996479e-14	1.2510371957e-17	0.0000000000e+00	5.5617153691e-22	1.2419747936e-20	7.1702469017e-18	3.5794801960e-14	0.0000000000e+00	0.0000000000e+00	0.0000000000e+00	0.0000000000e+00	0.0000000000e+00	0.0000000000e+00
1.0711219170e+05	2.5530220887e-14	4.1375636078e-16	4.4945865565e-19	4.9693798058e-21	0.0000000000e+00	2.7831751772e-16	4.4359528071e-14	7.8946644964e-18	7.3689876404e-20	0.0000000000e+00	8.6906416942e-20	2.2821681181e-18	3.3014023011e-14	1.3160390638e-17	0.0000000000e+00	5.7178576572e-22	1.2300126652e-20	7.6077040962e-18	3.5743919700e-14	0.0000000000e+00	0.0000000000e+00	0.0000000000e+00	0.0000000000e+00	0.0000000000e+00	0.0000000000e+00
1.0711671629e+05	2.5584646007e-14	4.1444185274e-16	4.5722455811e-19	5.0660599860e-21	0.0000000000e+00	2.7912910351e-16	4.4336610384e-14	8.0075107362e-18	7.1625849678e-20	0.0000000000e+00	8.9397477661e-20	2.3365680227e-18	3.2875240558e-14	1.3956619455e-17	0.0000000000e+00	5.9581238803e-22	1.2189609752e-20	8.1453978417e-18	3.5690992349e-14	0.0000000000e+00	0.0000000000e+00	0.0000000000e+00	0.0000000000e+00	0.0000000000e+00	0.0000000000e+00
1.0712523077e+05	2.5468336836e-14	4.1574274830e-16	4.7136074450e-19	5.3654058347e-21	0.0000000000e+00	2.8066196554e-16	4.4247514564e-14	8.2225375845e-18	6.9401225988e-20	0.0000000000e+00	9.4075772828e-20	2.4409163477e-18	3.2592104392e-14	1.5671055916e-17	0.0000000000e+00	6.5568424221e-22	1.2237601890e-20	9.3035025107e-18	3.5597778833e-14	0.0000000000e+00	0.0000000000e+00	0.0000000000e+00	0.0000000000e+00	0.0000000000e+00	0.0000000000e+00
1.0712844823e+05	2.5424396056e-14	4.1623829765e-16	4.7640126431e-19	5.4954725942e-21	0.0000000000e+00	2.8124329403e-16	4.4213093929e-14	8.3045877864e-18	6.9257479285e-20	0.0000000000e+00	9.5814057544e-20	2.4809878467e-18	3.2481003612e-14	1.6379499470e-17	0.0000000000e+00	6.8081293404e-22	1.2370120779e-20	9.7842601436e-18	3.5560907543e-14	0.0000000000e+00	0.0000000000e+00	0.0000000000e+00	0.0000000000e+00	0.0000000000e+00	0.0000000000e+00
1.0713241732e+05	2.5485821188e-14	4.1685283927e-16	4.8239448893e-19	5.6533929992e-21	0.0000000000e+00	2.8196217088e-16	4.4197697819e-14	8.4066598960e-18	6.9598320963e-20	0.0000000000e+00	9.7937215406e-20	2.5309808081e-18	3.2343024557e-14	1.7302054651e-17	0.0000000000e+00	7.1159740852e-22	1.2622342602e-20	1.0412205089e-17	3.5512598315e-14	0.0000000000e+00	0.0000000000e+00	0.0000000000e+00	0.0000000000e+00	0.0000000000e+00	0.0000000000e+00
1.0713699430e+05	2.5423608126e-14	4.1756586709e-16	4.8912719115e-19	5.8220980681e-21	0.0000000000e+00	2.8279351706e-16	4.4150561958e-14	8.5260170343e-18	7.0635174920e-20	0.0000000000e+00	1.0037938730e-19	2.5895538018e-18	3.2184005185e-14	1.8448884751e-17	0.0000000000e+00	7.4507092985e-22	1.3027099558e-20	1.1194668047e-17	3.5453423910e-14	0.0000000000e+00	0.0000000000e+00	0.0000000000e+00	0.0000000000e+00	0.0000000000e+00	0.0000000000e+00
1.0714560737e+05	2.5306734015e-14	4.1892075831e-16	5.0203312842e-19	6.0674615820e-21	0.0000000000e+00	2.8436521683e-16	4.4059763727e-14	8.7576127806e-18	7.4036015255e-20	0.0000000000e+00	1.0507620961e-19	2.7032175534e-18	3.1880293509e-14	2.0921963292e-17	0.0000000000e+00	7.9666089781e-22	1.4060615406e-20	1.2885417545e-17	3.5340253837e-14	0.0000000000e+00	0.0000000000e+00	0.0000000000e+00	0.0000000000e+00	0.0000000000e+00	0.0000000000e+00
1.0714886209e+05	2.5262587000e-14	4.1943713640e-16	5.0722024066e-19	6.1276706741e-21	0.0000000000e+00	2.8496158996e-16	4.4024744870e-14	8.8480245164e-18	7.5632492660e-20	0.0000000000e+00	1.0691834799e-19	2.7475378686e-18	3.1764539944e-14	2.1955043327e-17	0.0000000000e+00	8.1134486611e-22	1.4515845737e-20	1.3594686074e-17	3.5300116858e-14	0.0000000000e+00	0.0000000000e+00	0.0000000000e+00	0.0000000000e+00	0.0000000000e+00	0.0000000000e+00
1.0715287714e+05	2.5208104099e-14	4.2007734930e-16	5.1395949204e-19	6.1771605386e-21	0.0000000000e+00	2.8569908263e-16	4.3981030896e-14	8.9617332295e-18	7.7687373518e-20	0.0000000000e+00	1.0925641621e-19	2.8032684950e-18	3.1623440632e-14	2.3266245868e-17	0.0000000000e+00	8.2613383265e-22	1.5101543699e-20	1.4500213537e-17	3.5254107857e-14	0.0000000000e+00	0.0000000000e+00	0.0000000000e+00	0.0000000000e+00	0.0000000000e+00	0.0000000000e+00
1.0715750713e+05	2.5145213278e-14	4.2081988145e-16	5.2218988002e-19	6.2061435952e-21	0.0000000000e+00	2.8655192630e-16	4.3929954309e-14	9.0952582162e-18	8.0041344220e-20	0.0000000000e+00	1.1204094706e-19	2.8688156076e-18	3.1463603812e-14	2.4802018325e-17	0.0000000000e+00	8.3988608686e-22	1.5786386154e-20	1.5569843647e-17	3.5205714667e-14	0.0000000000e+00	0.0000000000e+00	0.0000000000e+00	0.0000000000e+00	0.0000000000e+00	0.0000000000e+00
1.0716621993e+05	2.5143545789e-14	4.2222910919e-16	5.3862948299e-19	6.2125793901e-21	0.0000000000e+00	2.8816349704e-16	4.3872513175e-14	9.3493319142e-18	8.4121999415e-20	0.0000000000e+00	1.1748398302e-19	2.9945600812e-18	3.1170890530e-14	2.7743840724e-17	0.0000000000e+00	8.6220867309e-22	1.7042483154e-20	1.7645335696e-17	3.5121595444e-14	0.0000000000e+00	0.0000000000e+00	0.0000000000e+00	0.0000000000e+00	0.0000000000e+00	0.0000000000e+00
1.0716951234e+05	2.5099232361e-14	4.2276554247e-16	5.4502634180e-19	6.2077910234e-21	0.0000000000e+00	2.8877465685e-16	4.3836863877e-14	9.4450130789e-18	8.5533623456e-20	0.0000000000e+00	1.1959404421e-19	3.0424630445e-18	3.1063399065e-14	2.8877337009e-17	0.0000000000e+00	8.7089057754e-22	1.7500968705e-20	1.8453475643e-17	3.5089391172e-14	0.0000000000e+00	0.0000000000e+00	0.0000000000e+00	0.0000000000e+00	0.0000000000e+00	0.0000000000e+00
1.0717357387e+05	2.5044514805e-14	4.2343021495e-16	5.5299909199e-19	6.2021256486e-21	0.0000000000e+00	2.8953021402e-16	4.3792418623e-14	9.5624648716e-18	8.7197768729e-20	0.0000000000e+00	1.2223451260e-19	3.1017218744e-18	3.0933249853e-14	3.0297545218e-17	0.0000000000e+00	8.8250799335e-22	1.8055899441e-20	1.9471852289e-17	3.5047943767e-14	0.0000000000e+00	0.0000000000e+00	0.0000000000e+00	0.0000000000e+00	0.0000000000e+00	0.0000000000e+00
1.0717825747e+05	2.4981313215e-14	4.2420065820e-16	5.6232640947e-19	6.2030257378e-21	0.0000000000e+00	2.9040370122e-16	4.3740608459e-14	9.6976845770e-18	8.9050433964e-20	0.0000000000e+00	1.2534063116e-19	3.1704566384e-18	3.0787399063e-14	3.1963110828e-17	0.0000000000e+00	8.9792065609e-22	1.8687581136e-20	2.0674205170e-17	3.4997711712e-14	0.0000000000e+00	0.0000000000e+00	0.0000000000e+00	0.0000000000e+00	0.0000000000e+00	0.0000000000e+00
1.0718707117e+05	2.4978691170e-14	4.2566187554e-16	5.8056869525e-19	6.2628066803e-21	0.0000000000e+00	2.9205381755e-16	4.3685402619e-14	9.9561646440e-18	9.2696256109e-20	0.0000000000e+00	1.3143004322e-19	3.3024916538e-18	3.0529098805e-14	3.5176077606e-17	0.0000000000e+00	9.3694024844e-22	1.9928544044e-20	2.3016697707e-17	3.4901208555e-14	0.0000000000e+00	0.0000000000e+00	0.0000000000e+00	0.0000000000e+00	0.0000000000e+00	0.0000000000e+00
1.0719040170e+05	2.4934130885e-14	4.2621784458e-16	5.8776895671e-19	6.3156578415e-21	0.0000000000e+00	2.9267950586e-16	4.3649285027e-14	1.0056553860e-17	9.4301692035e-20	0.0000000000e+00	1.3382766230e-19	3.3537587288e-18	3.0437133160e-14	3.6427851241e-17	0.0000000000e+00	9.5633932505e-22	2.0456745065e-20	2.3936183214e-17	3.4866494508e-14	0.0000000000e+00	0.0000000000e+00	0.0000000000e+00	0.0000000000e+00	0.0000000000e+00	0.0000000000e+00
1.0719451027e+05	2.4879090121e-14	4.2690657980e-16	5.9686778034e-19	6.4069609138e-21	0.0000000000e+00	2.9345300002e-16	4.3604409570e-14	1.0182723144e-17	9.6580580188e-20	0.0000000000e+00	1.3685442117e-19	3.4181463234e-18	3.0328048580e-14	3.7998040914e-17	0.0000000000e+00	9.8420709835e-22	2.1185596002e-20	2.5094852588e-17	3.4826383472e-14	0.0000000000e+00	0.0000000000e+00	0.0000000000e+00	0.0000000000e+00	0.0000000000e+00	0.0000000000e+00
1.0719924810e+05	2.4930325538e-14	4.2770485072e-16	6.0755937642e-19	6.5454340720e-21	0.0000000000e+00	2.9434728172e-16	4.3594551228e-14	1.0330736542e-17	9.9680256749e-20	0.0000000000e+00	1.4042083641e-19	3.4937461508e-18	3.0208499687e-14	3.9827288637e-17	0.0000000000e+00	1.0214344777e-21	2.2151601273e-20	2.6453137521e-17	3.4784139597e-14	0.0000000000e+00	0.0000000000e+00	0.0000000000e+00	0.0000000000e+00	0.0000000000e+00	0.0000000000e+00
1.0720816385e+05	2.4811971305e-14	4.2921904472e-16	6.2769895536e-19	6.8789557212e-21	0.0000000000e+00	2.9603707182e-16	4.3499619257e-14	1.0611683538e-17	1.0673538365e-19	0.0000000000e+00	1.4725709893e-19	3.6382471245e-18	3.0001778679e-14	4.3253351698e-17	0.0000000000e+00	1.1031278538e-21	2.4320329110e-20	2.9025992163e-17	3.4712316182e-14	0.0000000000e+00	0.0000000000e+00	0.0000000000e+00	0.0000000000e+00	0.0000000000e+00	0.0000000000e+00
1.0721153295e+05	2.4767190461e-14	4.2979550970e-16	6.3519021535e-19	7.0212826782e-21	0.0000000000e+00	2.9667810455e-16	4.3463366508e-14	1.0717325354e-17	1.0966300293e-19	0.0000000000e+00	1.4986577028e-19	3.6931303207e-18	2.9930255477e-14	4.4517145243e-17	0.0000000000e+00	1.1367493386e-21	2.5227776559e-20	2.9986444145e-17	3.4685550720e-14	0.0000000000e+00	0.0000000000e+00	0.0000000000e+00	0.0000000000e+00	0.0000000000e+00	0.0000000000e+00
1.0721568909e+05	2.4825645195e-14	4.3051002220e-16	6.4434367467e-19	7.2032228936e-21	0.0000000000e+00	2.9747087715e-16	4.3461338344e-14	1.0846983322e-17	1.1331530842e-19	0.0000000000e+00	1.5310997887e-19	3.7609348165e-18	2.9847399888e-14	4.6046633030e-17	0.0000000000e+00	1.1795239028e-21	2.6377841147e-20	3.1157617400e-17	3.4651289374e-14	0.0000000000e+00	0.0000000000e+00	0.0000000000e+00	0.0000000000e+00	0.0000000000e+00	0.0000000000e+00
1.0722048179e+05	2.4762557826e-14	4.3133854016e-16	6.5488551838e-19	7.4178167951e-21	0.0000000000e+00	2.9838776414e-16	4.3411253538e-14	1.0996191910e-17	1.1741862212e-19	0.0000000000e+00	1.5691367311e-19	3.8394593330e-18	2.9759220747e-14	4.7784828228e-17	0.0000000000e+00	1.2303352872e-21	2.7705744253e-20	3.2499027606e-17	3.4609360848e-14	0.0000000000e+00	0.0000000000e+00	0.0000000000e+00	0.0000000000e+00	0.0000000000e+00	0.0000000000e+00
1.0722950078e+05	2.4643757381e-14	4.3291095010e-16	6.7535292833e-19	7.8453888622e-21	0.0000000000e+00	3.0012107959e-16	4.3315870866e-14	1.1280560756e-17	1.2440176380e-19	0.0000000000e+00	1.6439974132e-19	3.9897867165e-18	2.9614154849e-14	5.1034702858e-17	0.0000000000e+00	1.3334623229e-21	3.0094942586e-20	3.5031369722e-17	3.4525280874e-14	0.0000000000e+00	0.0000000000e+00	0.0000000000e+00	0.0000000000e+00	0.0000000000e+00	0.0000000000e+00
1.0723290889e+05	2.4598793040e-14	4.3350949907e-16	6.8349385857e-19	8.0300392161e-21	0.0000000000e+00	3.0077867391e-16	4.3279566752e-14	1.1390527361e-17	1.2677139214e-19	0.0000000000e+00	1.6737757780e-19	4.0479420095e-18	2.9566275799e-14	5.2266346763e-17	0.0000000000e+00	1.3778855385e-21	3.0952017156e-20	3.5998066400e-17	3.4493488807e-14	0.0000000000e+00	0.0000000000e+00	0.0000000000e+00	0.0000000000e+00	0.0000000000e+00	0.0000000000e+00
1.0723711316e+05	2.4543251910e-14	4.3425103788e-16	6.9387602136e-19	8.2950626378e-21	0.0000000000e+00	3.0159178131e-16	4.3234683073e-14	1.1528433389e-17	1.2956364498e-19	0.0000000000e+00	1.7116822911e-19	4.1208509043e-18	2.9512319681e-14	5.3792450724e-17	0.0000000000e+00	1.4400660498e-21	3.1987695948e-20	3.7200607126e-17	3.4455680876e-14	0.0000000000e+00	0.0000000000e+00	0.0000000000e+00	0.0000000000e+00	0.0000000000e+00	0.0000000000e+00
1.0724196135e+05	2.4479102550e-14	4.3511035264e-16	7.0622925954e-19	8.6681517257e-21	0.0000000000e+00	3.0253194280e-16	4.3182890762e-14	1.1690019907e-17	1.3275172732e-19	0.0000000000e+00	1.7567599220e-19	4.2063606843e-18	2.9457165083e-14	5.5554395428e-17	0.0000000000e+00	1.5246092429e-21	3.3187811411e-20	3.8595987571e-17	3.4414939083e-14	0.0000000000e+00	0.0000000000e+00	0.0000000000e+00	0.0000000000e+00	0.0000000000e+00	0.0000000000e+00
1.0725108478e+05	2.4474153188e-14	4.3673934387e-16	7.2975998068e-19	9.5827105208e-21	0.0000000000e+00	3.0430831937e-16	4.3134053921e-14	1.1996870672e-17	1.3940590115e-19	0.0000000000e+00	1.8435557485e-19	4.3697903375e-18	2.9374621779e-14	5.8838192300e-17	0.0000000000e+00	1.7237343354e-21	3.5650641694e-20	4.1219676240e-17	3.4346361273e-14	0.0000000000e+00	0.0000000000e+00	0.0000000000e+00	0.0000000000e+00	0.0000000000e+00	0.0000000000e+00
1.0725453235e+05	2.4428982044e-14	4.3735897768e-16	7.3844571404e-19	9.9881759097e-21	0.0000000000e+00	3.0498203810e-16	4.3097934986e-14	1.2112115050e-17	1.4233751121e-19	0.0000000000e+00	1.8762851622e-19	4.4317968327e-18	2.9350609070e-14	6.0068745307e-17	0.0000000000e+00	1.8104035787e-21	3.6701742014e-20	4.2210375273e-17	3.4321964138e-14	0.0000000000e+00	0.0000000000e+00	0.0000000000e+00	0.0000000000e+00	0.0000000000e+00	0.0000000000e+00
1.0725878530e+05	2.4373180605e-14	4.3812654722e-16	7.4885330823e-19	1.0516407705e-20	0.0000000000e+00	3.0581508727e-16	4.3053441979e-14	1.2253052973e-17	1.4632609376e-19	0.0000000000e+00	1.9162199631e-19	4.5082113361e-18	2.9326172173e-14	6.1583192484e-17	0.0000000000e+00	1.9231624636e-21	3.8106639309e-20	4.3434684620e-17	3.4291751668e-14	0.0000000000e+00	0.0000000000e+00	0.0000000000e+00	0.0000000000e+00	0.0000000000e+00	0.0000000000e+00
1.0726368963e+05	2.4422910790e-14	4.3901622654e-16	7.6042905975e-19	1.1145889835e-20	0.0000000000e+00	3.0677853307e-16	4.3049960392e-14	1.2414116400e-17	1.5138538188e-19	0.0000000000e+00	1.9616074406e-19	4.5962952709e-18	2.9304786017e-14	6.3328508613e-17	0.0000000000e+00	2.0584203683e-21	3.9864568283e-20	4.4851992849e-17	3.4255729053e-14	0.0000000000e+00	0.0000000000e+00	0.0000000000e+00	0.0000000000e+00	0.0000000000e+00	0.0000000000e+00
1.0727291870e+05	2.4303054764e-14	4.4070425131e-16	7.8163690631e-19	1.2325711027e-20	0.0000000000e+00	3.0860020945e-16	4.2955418949e-14	1.2717548925e-17	1.6160624714e-19	0.0000000000e+00	2.0464551738e-19	4.7636526940e-18	2.9282904208e-14	6.6650888157e-17	0.0000000000e+00	2.3186113198e-21	4.3412374024e-20	4.7563711222e-17	3.4183437533e-14	0.0000000000e+00	0.0000000000e+00	0.0000000000e+00	0.0000000000e+00	0.0000000000e+00	0.0000000000e+00
1.0727640620e+05	2.4257662850e-14	4.4134700693e-16	7.8981866302e-19	1.2753375657e-20	0.0000000000e+00	3.0929168508e-16	4.2919807947e-14	1.2834296310e-17	1.6544331840e-19	0.0000000000e+00	2.0791502119e-19	4.8281904546e-18	2.9280661000e-14	6.7929335574e-17	0.0000000000e+00	2.4161860672e-21	4.4764573638e-20	4.8610704058e-17	3.4155344183e-14	0.0000000000e+00	0.0000000000e+00	0.0000000000e+00	0.0000000000e+00	0.0000000000e+00	0.0000000000e+00
1.0728070839e+05	2.4314739456e-14	4.4214368298e-16	8.0031974565e-19	1.3259404139e-20	0.0000000000e+00	3.1014710991e-16	4.2923608634e-14	1.2980948149e-17	1.7000311706e-19	0.0000000000e+00	2.1206417716e-19	4.9092016496e-18	2.9282495826e-14	6.9523792581e-17	0.0000000000e+00	2.5344085155e-21	4.6398754990e-20	4.9919131946e-17	3.4121140299e-14	0.0000000000e+00	0.0000000000e+00	0.0000000000e+00	0.0000000000e+00	0.0000000000e+00	0.0000000000e+00
1.0728566951e+05	2.4250893388e-14	4.4306746605e-16	8.1320036626e-19	1.3813311844e-20	0.0000000000e+00	3.1113682393e-16	4.2873836158e-14	1.3153740455e-17	1.7496645273e-19	0.0000000000e+00	2.1706382090e-19	5.0045836588e-18	2.9290971114e-14	7.1390642588e-17	0.0000000000e+00	2.6672184023e-21	4.8219755314e-20	5.1454244406e-17	3.4083347891e-14	0.0000000000e+00	0.0000000000e+00	0.0000000000e+00	0.0000000000e+00	0.0000000000e+00	0.0000000000e+00
1.0729500545e+05	2.4130493782e-14	4.4482030845e-16	8.3994799916e-19	1.4807874501e-20	0.0000000000e+00	3.1300860545e-16	4.2780483966e-14	1.3485123080e-17	1.8377946217e-19	0.0000000000e+00	2.2719372433e-19	5.1881141239e-18	2.9324826191e-14	7.5007878406e-17	0.0000000000e+00	2.9116048120e-21	5.1548254221e-20	5.4435772113e-17	3.4018974115e-14	0.0000000000e+00	0.0000000000e+00	0.0000000000e+00	0.0000000000e+00	0.0000000000e+00	0.0000000000e+00
1.0729853333e+05	2.4197168661e-14	4.4548739886e-16	8.5077604317e-19	1.5186523875e-20	0.0000000000e+00	3.1371896092e-16	4.2792913772e-14	1.3610080886e-17	1.8719577330e-19	0.0000000000e+00	2.3124407967e-19	5.2579192802e-18	2.9343313379e-14	7.6415989382e-17	0.0000000000e+00	3.0052082975e-21	5.2846313527e-20	5.5598319971e-17	3.3996588926e-14	0.0000000000e+00	0.0000000000e+00	0.0000000000e+00	0.0000000000e+00	0.0000000000e+00	0.0000000000e+00
1.0730288535e+05	2.4141655819e-14	4.4631367583e-16	8.6446455765e-19	1.5666090380e-20	0.0000000000e+00	3.1459741138e-16	4.2750133713e-14	1.3762369152e-17	1.9170482132e-19	0.0000000000e+00	2.3635921348e-19	5.3437134708e-18	2.9370046695e-14	7.8194282226e-17	0.0000000000e+00	3.1237136595e-21	5.4544081388e-20	5.7067053455e-17	3.3969613206e-14	0.0000000000e+00	0.0000000000e+00	0.0000000000e+00	0.0000000000e+00	0.0000000000e+00	0.0000000000e+00
1.0730790391e+05	2.4077574294e-14	4.4727097400e-16	8.8043657464e-19	1.6235739409e-20	0.0000000000e+00	3.1561327346e-16	4.2700951135e-14	1.3934525222e-17	1.9748800183e-19	0.0000000000e+00	2.4235237308e-19	5.4418333929e-18	2.9405906644e-14	8.0313247732e-17	0.0000000000e+00	3.2649613259e-21	5.6687402196e-20	5.8817025699e-17	3.3938362136e-14	0.0000000000e+00	0.0000000000e+00	0.0000000000e+00	0.0000000000e+00	0.0000000000e+00	0.0000000000e+00
1.0731734796e+05	2.3956751803e-14	4.4908495714e-16	9.1008252535e-19	1.7297588318e-20	0.0000000000e+00	3.1753299630e-16	4.2609136925e-14	1.4249258570e-17	2.1021313231e-19	0.0000000000e+00	2.5363732888e-19	5.6243286818e-18	2.9487282310e-14	8.4513059736e-17	0.0000000000e+00	3.5354416656e-21	6.1316800671e-20	6.2285085709e-17	3.3876389184e-14	0.0000000000e+00	0.0000000000e+00	0.0000000000e+00	0.0000000000e+00	0.0000000000e+00	0.0000000000e+00
1.0732091669e+05	2.3911024876e-14	4.4977466449e-16	9.2096467369e-19	1.7665866668e-20	0.0000000000e+00	3.1826116568e-16	4.2574762025e-14	1.4366509941e-17	2.1546668194e-19	0.0000000000e+00	2.5784714221e-19	5.6931124772e-18	2.9522666974e-14	8.6167318408e-17	0.0000000000e+00	3.6339132638e-21	6.3220816201e-20	6.3651832511e-17	3.3851817697e-14	0.0000000000e+00	0.0000000000e+00	0.0000000000e+00	0.0000000000e+00	0.0000000000e+00	0.0000000000e+00
1.0732531910e+05	2.3854583612e-14	4.5062879007e-16	9.3413358328e-19	1.8075475564e-20	0.0000000000e+00	3.1916159402e-16	4.2532622178e-14	1.4511310132e-17	2.2203288386e-19	0.0000000000e+00	2.6299018691e-19	5.7783890253e-18	2.9569721619e-14	8.8252918423e-17	0.0000000000e+00	3.7483971244e-21	6.5615545902e-20	6.5376238015e-17	3.3821152574e-14	0.0000000000e+00	0.0000000000e+00	0.0000000000e+00	0.0000000000e+00	0.0000000000e+00	0.0000000000e+00
1.0733039578e+05	2.3789487834e-14	4.5161845158e-16	9.4905946336e-19	1.8476315253e-20	0.0000000000e+00	3.2020303402e-16	4.2484386923e-14	1.4679799581e-17	2.2946259463e-19	0.0000000000e+00	2.6887607492e-19	5.8778228452e-18	2.9628426475e-14	9.0710769409e-17	0.0000000000e+00	3.8679505658e-21	6.8364174895e-20	6.7411090203e-17	3.3786148983e-14	0.0000000000e+00	0.0000000000e+00	0.0000000000e+00	0.0000000000e+00	0.0000000000e+00	0.0000000000e+00
1.0733994918e+05	2.3781855414e-14	4.5349554509e-16	9.7703620753e-19	1.9040892974e-20	0.0000000000e+00	3.2217260187e-16	4.2442410823e-14	1.5004321896e-17	2.4244480979e-19	0.0000000000e+00	2.8002304749e-19	6.0693481396e-18	2.9750452412e-14	9.5473128365e-17	0.0000000000e+00	4.0560780895e-21	7.3321307431e-20	7.1363354374e-17	3.3724201511e-14	0.0000000000e+00	0.0000000000e+00	0.0000000000e+00	0.0000000000e+00	0.0000000000e+00	0.0000000000e+00
1.0734355923e+05	2.3735947911e-14	4.5421016126e-16	9.8781435952e-19	1.9212635013e-20	0.0000000000e+00	3.2292039508e-16	4.2408846530e-14	1.5129615943e-17	2.4703804234e-19	0.0000000000e+00	2.8434135594e-19	6.1432688894e-18	2.9800043622e-14	9.7330270360e-17	0.0000000000e+00	4.1183684835e-21	7.5127643521e-20	7.2907000485e-17	3.3702439715e-14	0.0000000000e+00	0.0000000000e+00	0.0000000000e+00	0.0000000000e+00	0.0000000000e+00	0.0000000000e+00
1.0734801262e+05	2.3679300263e-14	4.5509584926e-16	1.0014335666e-18	1.9416972341e-20	0.0000000000e+00	3.2384564084e-16	4.2367662372e-14	1.5285769953e-17	2.5262214596e-19	0.0000000000e+00	2.8980680060e-19	6.2354518546e-18	2.9863614982e-14	9.9677549873e-17	0.0000000000e+00	4.1934868981e-21	7.7351346176e-20	7.4858951969e-17	3.3676532505e-14	0.0000000000e+00	0.0000000000e+00	0.0000000000e+00	0.0000000000e+00	0.0000000000e+00	0.0000000000e+00
1.0735314808e+05	2.3727421725e-14	4.5612285549e-16	1.0177057564e-18	1.9668050459e-20	0.0000000000e+00	3.2491639167e-16	4.2367878247e-14	1.5467285476e-17	2.5916822191e-19	0.0000000000e+00	2.9634218703e-19	6.3428128730e-18	2.9940133734e-14	1.0246919036e-16	0.0000000000e+00	4.2839205230e-21	7.9977217875e-20	7.7181300975e-17	3.3647259526e-14	0.0000000000e+00	0.0000000000e+00	0.0000000000e+00	0.0000000000e+00	0.0000000000e+00	0.0000000000e+00
1.0736281210e+05	2.3605617982e-14	4.5807130009e-16	1.0501617788e-18	2.0268332890e-20	0.0000000000e+00	3.2694195919e-16	4.2280039018e-14	1.5809892853e-17	2.7254411608e-19	0.0000000000e+00	3.0937804947e-19	6.5466222596e-18	3.0093317321e-14	1.0797186055e-16	0.0000000000e+00	4.4881907483e-21	8.5337677472e-20	8.1762439718e-17	3.3591079131e-14	0.0000000000e+00	0.0000000000e+00	0.0000000000e+00	0.0000000000e+00	0.0000000000e+00	0.0000000000e+00
1.0736646396e+05	2.3671515818e-14	4.5881264965e-16	1.0629862215e-18	2.0551534060e-20	0.0000000000e+00	3.2771079545e-16	4.2294139147e-14	1.5938939199e-17	2.7806026715e-19	0.0000000000e+00	3.1453085490e-19	6.6239286431e-18	3.0154187204e-14	1.1012572206e-16	0.0000000000e+00	4.5815812406e-21	8.7541149546e-20	8.3557887499e-17	3.3568982420e-14	0.0000000000e+00	0.0000000000e+00	0.0000000000e+00	0.0000000000e+00	0.0000000000e+00	0.0000000000e+00
1.0737096891e+05	2.3615356538e-14	4.5973074151e-16	1.0790934893e-18	2.0940805452e-20	0.0000000000e+00	3.2866163976e-16	4.2253833675e-14	1.6097596639e-17	2.8517001041e-19	0.0000000000e+00	3.2101220501e-19	6.7194275937e-18	3.0231308246e-14	1.1282540601e-16	0.0000000000e+00	4.7092958746e-21	9.0381538267e-20	8.5811228404e-17	3.3541169229e-14	0.0000000000e+00	0.0000000000e+00	0.0000000000e+00	0.0000000000e+00	0.0000000000e+00	0.0000000000e+00
1.0737616384e+05	2.3550543115e-14	4.6079415384e-16	1.0978571970e-18	2.1431381145e-20	0.0000000000e+00	3.2976130217e-16	4.2207685237e-14	1.6280004747e-17	2.9364823351e-19	0.0000000000e+00	3.2859157191e-19	6.8298157837e-18	3.0322687236e-14	1.1598814112e-16	0.0000000000e+00	4.8708472616e-21	9.3780019425e-20	8.8455752729e-17	3.3508861145e-14	0.0000000000e+00	0.0000000000e+00	0.0000000000e+00	0.0000000000e+00	0.0000000000e+00	0.0000000000e+00
1.0738593977e+05	2.3539798135e-14	4.6280871713e-16	1.1328583595e-18	2.2406659443e-20	0.0000000000e+00	3.3183979176e-16	4.2168506508e-14	1.6623821823e-17	3.0973912272e-19	0.0000000000e+00	3.4289966831e-19	7.0392105005e-18	3.0500382083e-14	1.2209674550e-16	0.0000000000e+00	5.1977210356e-21	1.0030647668e-19	9.3576338497e-17	3.3450016576e-14	0.0000000000e+00	0.0000000000e+00	0.0000000000e+00	0.0000000000e+00	0.0000000000e+00	0.0000000000e+00
1.0738963391e+05	2.3494202377e-14	4.6357464109e-16	1.1457808264e-18	2.2774893806e-20	0.0000000000e+00	3.3262839457e-16	4.2136459464e-14	1.6754860454e-17	3.1569572363e-19	0.0000000000e+00	3.4826637674e-19	7.1192882803e-18	3.0569177864e-14	1.2447265605e-16	0.0000000000e+00	5.3234414451e-21	1.0275823245e-19	9.5571369768e-17	3.3429044734e-14	0.0000000000e+00	0.0000000000e+00	0.0000000000e+00	0.0000000000e+00	0.0000000000e+00	0.0000000000e+00
1.0739419103e+05	2.3437904564e-14	4.6452320383e-16	1.1614488118e-18	2.3224161041e-20	0.0000000000e+00	3.3360376679e-16	4.2097178431e-14	1.6918027194e-17	3.2290347073e-19	0.0000000000e+00	3.5484833780e-19	7.2190721590e-18	3.0655204865e-14	1.2746517252e-16	0.0000000000e+00	5.4782328232e-21	1.0575503952e-19	9.8086091086e-17	3.3404181461e-14	0.0000000000e+00	0.0000000000e+00	0.0000000000e+00	0.0000000000e+00	0.0000000000e+00	0.0000000000e+00
1.0739944612e+05	2.3372929192e-14	4.6562237971e-16	1.1792135369e-18	2.3740484883e-20	0.0000000000e+00	3.3473219590e-16	4.2052183565e-14	1.7108820365e-17	3.3105513839e-19	0.0000000000e+00	3.6241066729e-19	7.3357457933e-18	3.0755965467e-14	1.3100406304e-16	0.0000000000e+00	5.6571800314e-21	1.0918409068e-19	1.0106252748e-16	3.3376526565e-14	0.0000000000e+00	0.0000000000e+00	0.0000000000e+00	0.0000000000e+00	0.0000000000e+00	0.0000000000e+00
1.0740933525e+05	2.3250623375e-14	4.6770712469e-16	1.2124544083e-18	2.4764116788e-20	0.0000000000e+00	3.3686698555e-16	4.1968109146e-14	1.7477066300e-17	3.4627690724e-19	0.0000000000e+00	3.7676525447e-19	7.5606700991e-18	3.0949743657e-14	1.3788256224e-16	0.0000000000e+00	6.0097520283e-21	1.1568658640e-19	1.0685851068e-16	3.3325030157e-14	0.0000000000e+00	0.0000000000e+00	0.0000000000e+00	0.0000000000e+00	0.0000000000e+00	0.0000000000e+00
1.0741307216e+05	2.3204451748e-14	4.6850056542e-16	1.2252349322e-18	2.5193722818e-20	0.0000000000e+00	3.3767762782e-16	4.1936429180e-14	1.7619590079e-17	3.5214097199e-19	0.0000000000e+00	3.8231016343e-19	7.6476160127e-18	3.1024137436e-14	1.4053029852e-16	0.0000000000e+00	6.1551793073e-21	1.1821703252e-19	1.0909503095e-16	3.3305055228e-14	0.0000000000e+00	0.0000000000e+00	0.0000000000e+00	0.0000000000e+00	0.0000000000e+00	0.0000000000e+00
1.0741768205e+05	2.3147575575e-14	4.6948358949e-16	1.2413501532e-18	2.5774761286e-20	0.0000000000e+00	3.3868061320e-16	4.1897326599e-14	1.7797917534e-17	3.5958600920e-19	0.0000000000e+00	3.8929003599e-19	7.7563569346e-18	3.1116533775e-14	1.4381337218e-16	0.0000000000e+00	6.3488246849e-21	1.2143773624e-19	1.1187364595e-16	3.3279814865e-14	0.0000000000e+00	0.0000000000e+00	0.0000000000e+00	0.0000000000e+00	0.0000000000e+00	0.0000000000e+00
1.0742299799e+05	2.3194185282e-14	4.7062284443e-16	1.2605169702e-18	2.6526971217e-20	0.0000000000e+00	3.3984121686e-16	4.1901197961e-14	1.8006676158e-17	3.6856764814e-19	0.0000000000e+00	3.9755638526e-19	7.8836707025e-18	3.1223687541e-14	1.4761330028e-16	0.0000000000e+00	6.5949846886e-21	1.2532659875e-19	1.1509762506e-16	3.3250057529e-14	0.0000000000e+00	0.0000000000e+00	0.0000000000e+00	0.0000000000e+00	0.0000000000e+00	0.0000000000e+00
1.0743300163e+05	2.3071627104e-14	4.7278248096e-16	1.2982304570e-18	2.8173262434e-20	0.0000000000e+00	3.4203643493e-16	4.1818203083e-14	1.8405872311e-17	3.8690553760e-19	0.0000000000e+00	4.1372639172e-19	8.1277119843e-18	3.1426440812e-14	1.5481263881e-16	0.0000000000e+00	7.1222544516e-21	1.3324127407e-19	1.2122773904e-16	3.3194143552e-14	0.0000000000e+00	0.0000000000e+00	0.0000000000e+00	0.0000000000e+00	0.0000000000e+00	0.0000000000e+00
1.0743678182e+05	2.3025437984e-14	4.7360380883e-16	1.3128829614e-18	2.8852312427e-20	0.0000000000e+00	3.4286968963e-16	4.1786777294e-14	1.8557613916e-17	3.9434053017e-19	0.0000000000e+00	4.2000327114e-19	8.2208941811e-18	3.1503364507e-14	1.5756487141e-16	0.0000000000e+00	7.3373372030e-21	1.3643899772e-19	1.2357748639e-16	3.3173743835e-14	0.0000000000e+00	0.0000000000e+00	0.0000000000e+00	0.0000000000e+00	0.0000000000e+00	0.0000000000e+00
1.0744144509e+05	2.3079876230e-14	4.7462099850e-16	1.3310962552e-18	2.9707060466e-20	0.0000000000e+00	3.4390043828e-16	4.1797312552e-14	1.8744462246e-17	4.0386194796e-19	0.0000000000e+00	4.2782894474e-19	8.3361121327e-18	3.1598480804e-14	1.6099795364e-16	0.0000000000e+00	7.6076203736e-21	1.4052910109e-19	1.2651222715e-16	3.3149449215e-14	0.0000000000e+00	0.0000000000e+00	0.0000000000e+00	0.0000000000e+00	0.0000000000e+00	0.0000000000e+00
1.0744682258e+05	2.3014621426e-14	4.7579956630e-16	1.3521452067e-18	3.0688611581e-20	0.0000000000e+00	3.4509303122e-16	4.1753763924e-14	1.8958616449e-17	4.1525358140e-19	0.0000000000e+00	4.3692906685e-19	8.4689467073e-18	3.1708410490e-14	1.6501607256e-16	0.0000000000e+00	7.9188497810e-21	1.4542518220e-19	1.2995167571e-16	3.3122601147e-14	0.0000000000e+00	0.0000000000e+00	0.0000000000e+00	0.0000000000e+00	0.0000000000e+00	0.0000000000e+00
1.0745694205e+05	2.3002535888e-14	4.7803444062e-16	1.3917024990e-18	3.2453841211e-20	0.0000000000e+00	3.4734943207e-16	4.1720697471e-14	1.9356456609e-17	4.3754983278e-19	0.0000000000e+00	4.5422832117e-19	8.7181342878e-18	3.1915375357e-14	1.7272735526e-16	0.0000000000e+00	8.4850193128e-21	1.5506562970e-19	1.3656731439e-16	3.3073956189e-14	0.0000000000e+00	0.0000000000e+00	0.0000000000e+00	0.0000000000e+00	0.0000000000e+00	0.0000000000e+00
1.0746076601e+05	2.2956569535e-14	4.7888493033e-16	1.4067292726e-18	3.3094543791e-20	0.0000000000e+00	3.4820636932e-16	4.1690554470e-14	1.9505476193e-17	4.4616771064e-19	0.0000000000e+00	4.6085262146e-19	8.8122070336e-18	3.1993329922e-14	1.7567226628e-16	0.0000000000e+00	8.6927675595e-21	1.5882699964e-19	1.3910013992e-16	3.3055511534e-14	0.0000000000e+00	0.0000000000e+00	0.0000000000e+00	0.0000000000e+00	0.0000000000e+00	0.0000000000e+00
1.0746548328e+05	2.2899885280e-14	4.7993864401e-16	1.4254790317e-18	3.3884432411e-20	0.0000000000e+00	3.4926677153e-16	4.1653374450e-14	1.9689194567e-17	4.5690373433e-19	0.0000000000e+00	4.6913425839e-19	8.9285804896e-18	3.2089112134e-14	1.7931167651e-16	0.0000000000e+00	8.9494573979e-21	1.6354676589e-19	1.4223609806e-16	3.3032288480e-14	0.0000000000e+00	0.0000000000e+00	0.0000000000e+00	0.0000000000e+00	0.0000000000e+00	0.0000000000e+00
1.0747092304e+05	2.2834584417e-14	4.8115985252e-16	1.4475687265e-18	3.4827972609e-20	0.0000000000e+00	3.5049400949e-16	4.1610411304e-14	1.9902117789e-17	4.6944409351e-19	0.0000000000e+00	4.7888740522e-19	9.0637820444e-18	3.2198932728e-14	1.8350480898e-16	0.0000000000e+00	9.2547522608e-21	1.6910626804e-19	1.4585784965e-16	3.3004725858e-14	0.0000000000e+00	0.0000000000e+00	0.0000000000e+00	0.0000000000e+00	0.0000000000e+00	0.0000000000e+00
1.0748115969e+05	2.2821901491e-14	4.8347471153e-16	1.4909976194e-18	3.6840017610e-20	0.0000000000e+00	3.5281564682e-16	4.1580042171e-14	2.0310611528e-17	4.9380976262e-19	0.0000000000e+00	4.9799683407e-19	9.3233082468e-18	3.2403688964e-14	1.9137438196e-16	0.0000000000e+00	9.8941535296e-21	1.8001424305e-19	1.5268020569e-16	3.2951497196e-14	0.0000000000e+00	0.0000000000e+00	0.0000000000e+00	0.0000000000e+00	0.0000000000e+00	0.0000000000e+00
1.0748502794e+05	2.2775819150e-14	4.8435478482e-16	1.5080644935e-18	3.7711770683e-20	0.0000000000e+00	3.5369683649e-16	4.1550245740e-14	2.0468544447e-17	5.0340192050e-19	0.0000000000e+00	5.0549192483e-19	9.4235419813e-18	3.2480440928e-14	1.9435123128e-16	0.0000000000e+00	1.0166568379e-20	1.8433082878e-19	1.5526853902e-16	3.2931543552e-14	0.0000000000e+00	0.0000000000e+00	0.0000000000e+00	0.0000000000e+00	0.0000000000e+00	0.0000000000e+00
1.0748979983e+05	2.2719026498e-14	4.8544429087e-16	1.5295219888e-18	3.8875082491e-20	0.0000000000e+00	3.5478667879e-16	4.1513333951e-14	2.0666028036e-17	5.1558669832e-19	0.0000000000e+00	5.1492555670e-19	9.5488097317e-18	3.2574625262e-14	1.9803732626e-16	0.0000000000e+00	1.0527560992e-20	1.8982449390e-19	1.5847836920e-16	3.2907529541e-14	0.0000000000e+00	0.0000000000e+00	0.0000000000e+00	0.0000000000e+00	0.0000000000e+00	0.0000000000e+00
1.0749530258e+05	2.2653663179e-14	4.8670590048e-16	1.5546483342e-18	4.0320117159e-20	0.0000000000e+00	3.5604725631e-16	4.1470477715e-14	2.0896512585e-17	5.3010967523e-19	0.0000000000e+00	5.2601514690e-19	9.6950712138e-18	3.2682438317e-14	2.0231496076e-16	0.0000000000e+00	1.0974411241e-20	1.9638799662e-19	1.6220925630e-16	3.2880955347e-14	0.0000000000e+00	0.0000000000e+00	0.0000000000e+00	0.0000000000e+00	0.0000000000e+00	0.0000000000e+00
1.0750565776e+05	2.2531217760e-14	4.8909593811e-16	1.6022651459e-18	4.3213700833e-20	0.0000000000e+00	3.5843105382e-16	4.1388745909e-14	2.1331558085e-17	5.5838770491e-19	0.0000000000e+00	5.4725804867e-19	9.9724374968e-18	3.2882278460e-14	2.1044122085e-16	0.0000000000e+00	1.1873586035e-20	2.0925329244e-19	1.6931393785e-16	3.2833981461e-14	0.0000000000e+00	0.0000000000e+00	0.0000000000e+00	0.0000000000e+00	0.0000000000e+00	0.0000000000e+00
1.0750957080e+05	2.2594315169e-14	4.9000495667e-16	1.6201755603e-18	4.4323986895e-20	0.0000000000e+00	3.5933614603e-16	4.1412904795e-14	2.1493756165e-17	5.6918031606e-19	0.0000000000e+00	5.5534285262e-19	1.0076730388e-17	3.2956535730e-14	2.1352649536e-16	0.0000000000e+00	1.2222505392e-20	2.1421128824e-19	1.7201782468e-16	3.2816780198e-14	0.0000000000e+00	0.0000000000e+00	0.0000000000e+00	0.0000000000e+00	0.0000000000e+00	0.0000000000e+00
1.0751439794e+05	2.2537581534e-14	4.9113111721e-16	1.6421435541e-18	4.5687211444e-20	0.0000000000e+00	3.6045620087e-16	4.1376003940e-14	2.1690448685e-17	5.8243231621e-19	0.0000000000e+00	5.6532985297e-19	1.0204171748e-17	3.3047109343e-14	2.1733128277e-16	0.0000000000e+00	1.2654881396e-20	2.2034701441e-19	1.7535790453e-16	3.2795486811e-14	0.0000000000e+00	0.0000000000e+00	0.0000000000e+00	0.0000000000e+00	0.0000000000e+00	0.0000000000e+00
1.0751996441e+05	2.2472346244e-14	4.9243665361e-16	1.6673302324e-18	4.7250186753e-20	0.0000000000e+00	3.6175289872e-16	4.1333098130e-14	2.1911619207e-17	5.9757909422e-19	0.0000000000e+00	5.7686454282e-19	1.0348983048e-17	3.3150152128e-14	2.2170712247e-16	0.0000000000e+00	1.3156150643e-20	2.2742884761e-19	1.7920754716e-16	3.2770416374e-14	0.0000000000e+00	0.0000000000e+00	0.0000000000e+00	0.0000000000e+00	0.0000000000e+00	0.0000000000e+00
1.0753043951e+05	2.2458615147e-14	4.9491390144e-16	1.7147451892e-18	5.0231845715e-20	0.0000000000e+00	3.6420824650e-16	4.1308318130e-14	2.2312518615e-17	6.2607628335e-19	0.0000000000e+00	5.9875361163e-19	1.0615669466e-17	3.3340208183e-14	2.2989784830e-16	0.0000000000e+00	1.4126248737e-20	2.4091417056e-19	1.8643729152e-16	3.2721204174e-14	0.0000000000e+00	0.0000000000e+00	0.0000000000e+00	0.0000000000e+00	0.0000000000e+00	0.0000000000e+00
1.0753439785e+05	2.2412576791e-14	4.9585676139e-16	1.7328781202e-18	5.1400783298e-20	0.0000000000e+00	3.6514110750e-16	4.1278661202e-14	2.2460875184e-17	6.3712721812e-19	0.0000000000e+00	6.0716242778e-19	1.0715409633e-17	3.3410745917e-14	2.3298472564e-16	0.0000000000e+00	1.4510372607e-20	2.4617192438e-19	1.8916945922e-16	3.2702175996e-14	0.0000000000e+00	0.0000000000e+00	0.0000000000e+00	0.0000000000e+00	0.0000000000e+00	0.0000000000e+00
1.0753928089e+05	2.2355901624e-14	4.9702464174e-16	1.7555687373e-18	5.2887058607e-20	0.0000000000e+00	3.6629544538e-16	4.1241792206e-14	2.2643876780e-17	6.5122043856e-19	0.0000000000e+00	6.1770270560e-19	1.0838767197e-17	3.3496729221e-14	2.3679450855e-16	0.0000000000e+00	1.5001571867e-20	2.5287690621e-19	1.9254637943e-16	3.2678789382e-14	0.0000000000e+00	0.0000000000e+00	0.0000000000e+00	0.0000000000e+00	0.0000000000e+00	0.0000000000e+00
1.0754491182e+05	2.2290731947e-14	4.9837747156e-16	1.7823079771e-18	5.4654755381e-20	0.0000000000e+00	3.6763112301e-16	4.1198857196e-14	2.2857459116e-17	6.6828904554e-19	0.0000000000e+00	6.3014300840e-19	1.0982671758e-17	3.3594332691e-14	2.4119591570e-16	0.0000000000e+00	1.5590507310e-20	2.6098418754e-19	1.9645391212e-16	3.2652343405e-14	0.0000000000e+00	0.0000000000e+00	0.0000000000e+00	0.0000000000e+00	0.0000000000e+00	0.0000000000e+00
1.0755550821e+05	2.2276268298e-14	5.0093935087e-16	1.8346074827e-18	5.8019609214e-20	0.0000000000e+00	3.7015669655e-16	4.1177237598e-14	2.3274430078e-17	7.0280627099e-19	0.0000000000e+00	6.5452069254e-19	1.1261983902e-17	3.3772922316e-14	2.4950440510e-16	0.0000000000e+00	1.6732029164e-20	2.7735356063e-19	2.0384754792e-16	3.2605461520e-14	0.0000000000e+00	0.0000000000e+00	0.0000000000e+00	0.0000000000e+00	0.0000000000e+00	0.0000000000e+00
1.0755951239e+05	2.2230237278e-14	5.0191266417e-16	1.8550521044e-18	5.9248888747e-20	0.0000000000e+00	3.7111500166e-16	4.1147465099e-14	2.3437851188e-17	7.1636984688e-19	0.0000000000e+00	6.6406330567e-19	1.1370817831e-17	3.3838563901e-14	2.5264681510e-16	0.0000000000e+00	1.7158584700e-20	2.8380421374e-19	2.0665016000e-16	3.2588602186e-14	0.0000000000e+00	0.0000000000e+00	0.0000000000e+00	0.0000000000e+00	0.0000000000e+00	0.0000000000e+00
1.0756445197e+05	2.2280667989e-14	5.0311739818e-16	1.8807297595e-18	6.0697905206e-20	0.0000000000e+00	3.7230024030e-16	4.1167427960e-14	2.3643005307e-17	7.3310935533e-19	0.0000000000e+00	6.7605720418e-19	1.1507175774e-17	3.3918148079e-14	2.5651932778e-16	0.0000000000e+00	1.7670213056e-20	2.9180866298e-19	2.1010895701e-16	3.2568164844e-14	0.0000000000e+00	0.0000000000e+00	0.0000000000e+00	0.0000000000e+00	0.0000000000e+00	0.0000000000e+00
1.0757014810e+05	2.2215540923e-14	5.0451249746e-16	1.9108532602e-18	6.2263322355e-20	0.0000000000e+00	3.7367145625e-16	4.1126588788e-14	2.3882423944e-17	7.5198736054e-19	0.0000000000e+00	6.9014193232e-19	1.1666340870e-17	3.4008066149e-14	2.6097570813e-16	0.0000000000e+00	1.8235523377e-20	3.0092567964e-19	2.1409629391e-16	3.2544659936e-14	0.0000000000e+00	0.0000000000e+00	0.0000000000e+00	0.0000000000e+00	0.0000000000e+00	0.0000000000e+00
1.0758086719e+05	2.2093493494e-14	5.0715663299e-16	1.9683890389e-18	6.5001671129e-20	0.0000000000e+00	3.7626617792e-16	4.1048473267e-14	2.4330914857e-17	7.8506412989e-19	0.0000000000e+00	7.1712541144e-19	1.1966463370e-17	3.4172059098e-14	2.6933815757e-16	0.0000000000e+00	1.9254211348e-20	3.1724162631e-19	2.2159826808e-16	3.2499224266e-14	0.0000000000e+00	0.0000000000e+00	0.0000000000e+00	0.0000000000e+00	0.0000000000e+00	0.0000000000e+00
1.0758491774e+05	2.2047587973e-14	5.0816273010e-16	1.9901924711e-18	6.6041526451e-20	0.0000000000e+00	3.7725196000e-16	4.1018552872e-14	2.4496712525e-17	7.9668055482e-19	0.0000000000e+00	7.2740229531e-19	1.2078600361e-17	3.4232228231e-14	2.7249484870e-16	0.0000000000e+00	1.9646114872e-20	3.2309246665e-19	2.2443632347e-16	3.2481534430e-14	0.0000000000e+00	0.0000000000e+00	0.0000000000e+00	0.0000000000e+00	0.0000000000e+00	0.0000000000e+00
1.0758991452e+05	2.1991131140e-14	5.0940931882e-16	2.0169869006e-18	6.7399066802e-20	0.0000000000e+00	3.7847219355e-16	4.0981389537e-14	2.4697122964e-17	8.1057542004e-19	0.0000000000e+00	7.4009204063e-19	1.2215277857e-17	3.4305014575e-14	2.7638978933e-16	0.0000000000e+00	2.0156547612e-20	3.3016208266e-19	2.2794241605e-16	3.2459509705e-14	0.0000000000e+00	0.0000000000e+00	0.0000000000e+00	0.0000000000e+00	0.0000000000e+00	0.0000000000e+00
1.0759567661e+05	2.1926255412e-14	5.1085430598e-16	2.0476412828e-18	6.9131261020e-20	0.0000000000e+00	3.7988502023e-16	4.0938265030e-14	2.4922393772e-17	8.2644433881e-19	0.0000000000e+00	7.5471175253e-19	1.2370481449e-17	3.4386882779e-14	2.8088332449e-16	0.0000000000e+00	2.0802501235e-20	3.3829138411e-19	2.3199306984e-16	3.2434216822e-14	0.0000000000e+00	0.0000000000e+00	0.0000000000e+00	0.0000000000e+00	0.0000000000e+00	0.0000000000e+00
1.0760651982e+05	2.1910698934e-14	5.1359415274e-16	2.1045785336e-18	7.2999575122e-20	0.0000000000e+00	3.8255950807e-16	4.0922465337e-14	2.5333556952e-17	8.5799146774e-19	0.0000000000e+00	7.8218316657e-19	1.2657477486e-17	3.4534743166e-14	2.8933742936e-16	0.0000000000e+00	2.2227190528e-20	3.5441138418e-19	2.3963070052e-16	3.2388447284e-14	0.0000000000e+00	0.0000000000e+00	0.0000000000e+00	0.0000000000e+00	0.0000000000e+00	0.0000000000e+00
1.0761061727e+05	2.1864892425e-14	5.1463592934e-16	2.1259719432e-18	7.4645309920e-20	0.0000000000e+00	3.8357510734e-16	4.0892591882e-14	2.5487166463e-17	8.7108851464e-19	0.0000000000e+00	7.9259421061e-19	1.2765462439e-17	3.4588540401e-14	2.9252795251e-16	0.0000000000e+00	2.2830820677e-20	3.6104039527e-19	2.4251889906e-16	3.2372019913e-14	0.0000000000e+00	0.0000000000e+00	0.0000000000e+00	0.0000000000e+00	0.0000000000e+00	0.0000000000e+00
1.0761567191e+05	2.1808534831e-14	5.1592549133e-16	2.1524542430e-18	7.6753434519e-20	0.0000000000e+00	3.8483139236e-16	4.0855583878e-14	2.5677595471e-17	8.8838389137e-19	0.0000000000e+00	8.0551838964e-19	1.2899459444e-17	3.4653402223e-14	2.9645993657e-16	0.0000000000e+00	2.3606215419e-20	3.6973626332e-19	2.4608263622e-16	3.2352330357e-14	0.0000000000e+00	0.0000000000e+00	0.0000000000e+00	0.0000000000e+00	0.0000000000e+00	0.0000000000e+00
1.0762150072e+05	2.1849128428e-14	5.1741827783e-16	2.1833481108e-18	7.9199983737e-20	0.0000000000e+00	3.8628456426e-16	4.0877705600e-14	2.5900563383e-17	9.0985747809e-19	0.0000000000e+00	8.2060748661e-19	1.3056129495e-17	3.4726192107e-14	3.0099161058e-16	0.0000000000e+00	2.4513731853e-20	3.8046939282e-19	2.5019553020e-16	3.2330100696e-14	0.0000000000e+00	0.0000000000e+00	0.0000000000e+00	0.0000000000e+00	0.0000000000e+00	0.0000000000e+00
1.0763246949e+05	2.1727548398e-14	5.2024351361e-16	2.2432950160e-18	8.3475090259e-20	0.0000000000e+00	3.8903185327e-16	4.0799487794e-14	2.6335018525e-17	9.5327600565e-19	0.0000000000e+00	8.4980553254e-19	1.3359873005e-17	3.4857303609e-14	3.0953095827e-16	0.0000000000e+00	2.6139134654e-20	4.0213783279e-19	2.5796028337e-16	3.2288075484e-14	0.0000000000e+00	0.0000000000e+00	0.0000000000e+00	0.0000000000e+00	0.0000000000e+00	0.0000000000e+00
1.0763661439e+05	2.1681819075e-14	5.2131680868e-16	2.2666666376e-18	8.4895695352e-20	0.0000000000e+00	3.9007449322e-16	4.0769761179e-14	2.6504293383e-17	9.6992928662e-19	0.0000000000e+00	8.6115412910e-19	1.3477736880e-17	3.4904747872e-14	3.1276634048e-16	0.0000000000e+00	2.6697446829e-20	4.1050047564e-19	2.6090667581e-16	3.2271765395e-14	0.0000000000e+00	0.0000000000e+00	0.0000000000e+00	0.0000000000e+00	0.0000000000e+00	0.0000000000e+00
1.0764172756e+05	2.1730287364e-14	5.2264552405e-16	2.2959889915e-18	8.6485850497e-20	0.0000000000e+00	3.9136438744e-16	4.0798435258e-14	2.6715896489e-17	9.9002366409e-19	0.0000000000e+00	8.7538288938e-19	1.3624928861e-17	3.4961593917e-14	3.1676396903e-16	0.0000000000e+00	2.7337876109e-20	4.2067710336e-19	2.6455055092e-16	3.2251279820e-14	0.0000000000e+00	0.0000000000e+00	0.0000000000e+00	0.0000000000e+00	0.0000000000e+00	0.0000000000e+00
1.0764762386e+05	2.1665518439e-14	5.2418464369e-16	2.3303156076e-18	8.8131606852e-20	0.0000000000e+00	3.9285724203e-16	4.0757321546e-14	2.6961948284e-17	1.0120584711e-18	0.0000000000e+00	8.9205857172e-19	1.3796211415e-17	3.5024782979e-14	3.2137873376e-16	0.0000000000e+00	2.8020001994e-20	4.3199366241e-19	2.6876173339e-16	3.2227359832e-14	0.0000000000e+00	0.0000000000e+00	0.0000000000e+00	0.0000000000e+00	0.0000000000e+00	0.0000000000e+00
1.0765871965e+05	2.1648429705e-14	5.2710271577e-16	2.3956336585e-18	9.0984935516e-20	0.0000000000e+00	3.9568348280e-16	4.0744676541e-14	2.7423812910e-17	1.0493106602e-18	0.0000000000e+00	9.2396620415e-19	1.4119336426e-17	3.5136942708e-14	3.3005492194e-16	0.0000000000e+00	2.9233414828e-20	4.5166337889e-19	2.7669433124e-16	3.2182854378e-14	0.0000000000e+00	0.0000000000e+00	0.0000000000e+00	0.0000000000e+00	0.0000000000e+00	0.0000000000e+00
1.0766291253e+05	2.1602752666e-14	5.2821301637e-16	2.4203896746e-18	9.2099632587e-20	0.0000000000e+00	3.9675741624e-16	4.0716190988e-14	2.7596535786e-17	1.0621525282e-18	0.0000000000e+00	9.3613936539e-19	1.4240968043e-17	3.5177160216e-14	3.3332675586e-16	0.0000000000e+00	2.9706006759e-20	4.5862200504e-19	2.7969108752e-16	3.2166607339e-14	0.0000000000e+00	0.0000000000e+00	0.0000000000e+00	0.0000000000e+00	0.0000000000e+00	0.0000000000e+00
1.0766808492e+05	2.1546567790e-14	5.2958834027e-16	2.4509589896e-18	9.3580972135e-20	0.0000000000e+00	3.9808666239e-16	4.0680939487e-14	2.7808125899e-17	1.0775235128e-18	0.0000000000e+00	9.5122757723e-19	1.4390590515e-17	3.5225238449e-14	3.3735974646e-16	0.0000000000e+00	3.0325240707e-20	4.6704527871e-19	2.8338879212e-16	3.2147113227e-14	0.0000000000e+00	0.0000000000e+00	0.0000000000e+00	0.0000000000e+00	0.0000000000e+00	0.0000000000e+00
1.0767404949e+05	2.1481996034e-14	5.3118170072e-16	2.4863242318e-18	9.5486401270e-20	0.0000000000e+00	3.9962533048e-16	4.0640243379e-14	2.8050773522e-17	1.0952824551e-18	0.0000000000e+00	9.6874248959e-19	1.4562902636e-17	3.5278627279e-14	3.4201303359e-16	0.0000000000e+00	3.1106347599e-20	4.7683206509e-19	2.8765979617e-16	3.2125269758e-14	0.0000000000e+00	0.0000000000e+00	0.0000000000e+00	0.0000000000e+00	0.0000000000e+00	0.0000000000e+00
1.0768527376e+05	2.1361036397e-14	5.3419974125e-16	2.5537050235e-18	9.9700370469e-20	0.0000000000e+00	4.0253645369e-16	4.0563982679e-14	2.8507546441e-17	1.1316902982e-18	0.0000000000e+00	1.0022078227e-18	1.4888629185e-17	3.5373006388e-14	3.5081101409e-16	0.0000000000e+00	3.2792764943e-20	4.9673052482e-19	2.9574543400e-16	3.2084843944e-14	0.0000000000e+00	0.0000000000e+00	0.0000000000e+00	0.0000000000e+00	0.0000000000e+00	0.0000000000e+00
1.0768951520e+05	2.1315475675e-14	5.3534637073e-16	2.5795811350e-18	1.0147832169e-19	0.0000000000e+00	4.0364145583e-16	4.0535410590e-14	2.8681291868e-17	1.1471719664e-18	0.0000000000e+00	1.0150812439e-18	1.5012775871e-17	3.5406486529e-14	3.5415670600e-16	0.0000000000e+00	3.3495931427e-20	5.0506955542e-19	2.9882318736e-16	3.2069385358e-14	0.0000000000e+00	0.0000000000e+00	0.0000000000e+00	0.0000000000e+00	0.0000000000e+00	0.0000000000e+00
1.0769474748e+05	2.1362785859e-14	5.3676536276e-16	2.6118450134e-18	1.0377041779e-19	0.0000000000e+00	4.0500820630e-16	4.0566988760e-14	2.8896814400e-17	1.1677645560e-18	0.0000000000e+00	1.0311578167e-18	1.5166885046e-17	3.5446069507e-14	3.5829938326e-16	0.0000000000e+00	3.4400682029e-20	5.1606736781e-19	3.0263633678e-16	3.2049998565e-14	0.0000000000e+00	0.0000000000e+00	0.0000000000e+00	0.0000000000e+00	0.0000000000e+00	0.0000000000e+00
1.0770078112e+05	2.1298335227e-14	5.3840793443e-16	2.6494808551e-18	1.0650071005e-19	0.0000000000e+00	4.0658928827e-16	4.0526958647e-14	2.9146811213e-17	1.1933440339e-18	0.0000000000e+00	1.0499663897e-18	1.5345809559e-17	3.5489345343e-14	3.6309120485e-16	0.0000000000e+00	3.5480148692e-20	5.2963716449e-19	3.0705051079e-16	3.2027237959e-14	0.0000000000e+00	0.0000000000e+00	0.0000000000e+00	0.0000000000e+00	0.0000000000e+00	0.0000000000e+00
1.0771213536e+05	2.1177524220e-14	5.4151831954e-16	2.7212225579e-18	1.1172891462e-19	0.0000000000e+00	4.0958002552e-16	4.0452479337e-14	2.9619830633e-17	1.2444553803e-18	0.0000000000e+00	1.0860670453e-18	1.5685072510e-17	3.5564226932e-14	3.7211758101e-16	0.0000000000e+00	3.7564561278e-20	5.5674083978e-19	3.1537797802e-16	3.1984154746e-14	0.0000000000e+00	0.0000000000e+00	0.0000000000e+00	0.0000000000e+00	0.0000000000e+00	0.0000000000e+00
1.0771642591e+05	2.1234833886e-14	5.4270073933e-16	2.7485458305e-18	1.1370804335e-19	0.0000000000e+00	4.1071578507e-16	4.0490794617e-14	2.9798938893e-17	1.2638174897e-18	0.0000000000e+00	1.0999148411e-18	1.5813861893e-17	3.5590446945e-14	3.7552502646e-16	0.0000000000e+00	3.8361155371e-20	5.6709262323e-19	3.1852620565e-16	3.1968190662e-14	0.0000000000e+00	0.0000000000e+00	0.0000000000e+00	0.0000000000e+00	0.0000000000e+00	0.0000000000e+00
1.0772171878e+05	2.1178917033e-14	5.4416497889e-16	2.7823850071e-18	1.1615568892e-19	0.0000000000e+00	4.1212132354e-16	4.0456683383e-14	3.0019981278e-17	1.2871459681e-18	0.0000000000e+00	1.1171357213e-18	1.5973089707e-17	3.5621308145e-14	3.7972760690e-16	0.0000000000e+00	3.9351411562e-20	5.7967978837e-19	3.2241235786e-16	3.1948965965e-14	0.0000000000e+00	0.0000000000e+00	0.0000000000e+00	0.0000000000e+00	0.0000000000e+00	0.0000000000e+00
1.0772782229e+05	2.1114611078e-14	5.4586124696e-16	2.8216101345e-18	1.1901182500e-19	0.0000000000e+00	4.1374833648e-16	4.0417719370e-14	3.0275028237e-17	1.3130068654e-18	0.0000000000e+00	1.1371799770e-18	1.6157212402e-17	3.5654875234e-14	3.8458120290e-16	0.0000000000e+00	4.0511899925e-20	5.9381438819e-19	3.2690429180e-16	3.1927459540e-14	0.0000000000e+00	0.0000000000e+00	0.0000000000e+00	0.0000000000e+00	0.0000000000e+00	0.0000000000e+00
1.0773930800e+05	2.1096259418e-14	5.4907532489e-16	2.8962356430e-18	1.2463962738e-19	0.0000000000e+00	4.1682776241e-16	4.0411087438e-14	3.0755858798e-17	1.3591959491e-18	0.0000000000e+00	1.1754925481e-18	1.6505454749e-17	3.5711942642e-14	3.9378076313e-16	0.0000000000e+00	4.2803628445e-20	6.1952515538e-19	3.3542583317e-16	3.1888287705e-14	0.0000000000e+00	0.0000000000e+00	0.0000000000e+00	0.0000000000e+00	0.0000000000e+00	0.0000000000e+00
1.0774364824e+05	2.1050936736e-14	5.5029694858e-16	2.9247898583e-18	1.2690164281e-19	0.0000000000e+00	4.1799714147e-16	4.0384077736e-14	3.0937964807e-17	1.3764025653e-18	0.0000000000e+00	1.1902044272e-18	1.6637705217e-17	3.5731327809e-14	3.9728982177e-16	0.0000000000e+00	4.3724650142e-20	6.2920096303e-19	3.3867802055e-16	3.1873542005e-14	0.0000000000e+00	0.0000000000e+00	0.0000000000e+00	0.0000000000e+00	0.0000000000e+00	0.0000000000e+00
1.0774900239e+05	2.0995141570e-14	5.5180896376e-16	2.9603216601e-18	1.2981886104e-19	0.0000000000e+00	4.1944375778e-16	4.0351071318e-14	3.1162933589e-17	1.3979764143e-18	0.0000000000e+00	1.2085571306e-18	1.6801337584e-17	3.5753559812e-14	4.0164349046e-16	0.0000000000e+00	4.4912718507e-20	6.4134915666e-19	3.4271430182e-16	3.1855136982e-14	0.0000000000e+00	0.0000000000e+00	0.0000000000e+00	0.0000000000e+00	0.0000000000e+00	0.0000000000e+00
1.0775517657e+05	2.1032469507e-14	5.5355913843e-16	3.0017328378e-18	1.3336379227e-19	0.0000000000e+00	4.2111727546e-16	4.0378465783e-14	3.1422782154e-17	1.4237467212e-18	0.0000000000e+00	1.2300243732e-18	1.6990664302e-17	3.5776932846e-14	4.0669003367e-16	0.0000000000e+00	4.6358659678e-20	6.5584303655e-19	3.4739532540e-16	3.1833507521e-14	0.0000000000e+00	0.0000000000e+00	0.0000000000e+00	0.0000000000e+00	0.0000000000e+00	0.0000000000e+00
1.0776679529e+05	2.0912331661e-14	5.5687112603e-16	3.0809427233e-18	1.4051522266e-19	0.0000000000e+00	4.2428152863e-16	4.0308205686e-14	3.1913213300e-17	1.4752973091e-18	0.0000000000e+00	1.2713673139e-18	1.7348797359e-17	3.5814776589e-14	4.1621600830e-16	0.0000000000e+00	4.9292637240e-20	6.8476867024e-19	3.5624147302e-16	3.1792032183e-14	0.0000000000e+00	0.0000000000e+00	0.0000000000e+00	0.0000000000e+00	0.0000000000e+00	0.0000000000e+00
1.0777118578e+05	2.0867084457e-14	5.5812895044e-16	3.1113128944e-18	1.4335039793e-19	0.0000000000e+00	4.2548234865e-16	4.0282068184e-14	3.2099230862e-17	1.4955419800e-18	0.0000000000e+00	1.2873177169e-18	1.7484857524e-17	3.5827145269e-14	4.1981445166e-16	0.0000000000e+00	5.0464365166e-20	6.9614247022e-19	3.5958728492e-16	3.1776439620e-14	0.0000000000e+00	0.0000000000e+00	0.0000000000e+00	0.0000000000e+00	0.0000000000e+00	0.0000000000e+00
1.0777660193e+05	2.0811344163e-14	5.5968548004e-16	3.1491194975e-18	1.4692365837e-19	0.0000000000e+00	4.2696765669e-16	4.0250165771e-14	3.2329425040e-17	1.5207106295e-18	0.0000000000e+00	1.3072377269e-18	1.7653372119e-17	3.5841009555e-14	4.2425253307e-16	0.0000000000e+00	5.1948572831e-20	7.1033316500e-19	3.6371687586e-16	3.1757544955e-14	0.0000000000e+00	0.0000000000e+00	0.0000000000e+00	0.0000000000e+00	0.0000000000e+00	0.0000000000e+00
1.0778284761e+05	2.0747135359e-14	5.6148724851e-16	3.1931992983e-18	1.5113037703e-19	0.0000000000e+00	4.2868604884e-16	4.0213841997e-14	3.2595988405e-17	1.5496315112e-18	0.0000000000e+00	1.3305310871e-18	1.7848710241e-17	3.5855075742e-14	4.2937789538e-16	0.0000000000e+00	5.3705853942e-20	7.2674174045e-19	3.6848950500e-16	3.1736398911e-14	0.0000000000e+00	0.0000000000e+00	0.0000000000e+00	0.0000000000e+00	0.0000000000e+00	0.0000000000e+00
1.0779460086e+05	2.0728413923e-14	5.6489829342e-16	3.2775456263e-18	1.5927955435e-19	0.0000000000e+00	4.3193655353e-16	4.0209680546e-14	3.3100261757e-17	1.6031217359e-18	0.0000000000e+00	1.3752312166e-18	1.8219046591e-17	3.5875738297e-14	4.3910571558e-16	0.0000000000e+00	5.7134630541e-20	7.5742733851e-19	3.7755358053e-16	3.1698338578e-14	0.0000000000e+00	0.0000000000e+00	0.0000000000e+00	0.0000000000e+00	0.0000000000e+00	0.0000000000e+00
1.0779904219e+05	2.0683198541e-14	5.6619430431e-16	3.3098484768e-18	1.6244914538e-19	0.0000000000e+00	4.3317066349e-16	4.0184478970e-14	3.3291048360e-17	1.6231648126e-18	0.0000000000e+00	1.3923886556e-18	1.8359575151e-17	3.5881498636e-14	4.4282598852e-16	0.0000000000e+00	5.8475097949e-20	7.6901879034e-19	3.8102080606e-16	3.1684252772e-14	0.0000000000e+00	0.0000000000e+00	0.0000000000e+00	0.0000000000e+00	0.0000000000e+00	0.0000000000e+00
1.0780452106e+05	2.0627460851e-14	5.6779839428e-16	3.3499499540e-18	1.6644207942e-19	0.0000000000e+00	4.3469746166e-16	4.0153732883e-14	3.3525757034e-17	1.6480457738e-18	0.0000000000e+00	1.4137301128e-18	1.8532913567e-17	3.5887057293e-14	4.4745203437e-16	0.0000000000e+00	6.0168526276e-20	7.8344643635e-19	3.8533259905e-16	3.1666807099e-14	0.0000000000e+00	0.0000000000e+00	0.0000000000e+00	0.0000000000e+00	0.0000000000e+00	0.0000000000e+00
1.0781083906e+05	2.0664284089e-14	5.6965542257e-16	3.3964342542e-18	1.7117412074e-19	0.0000000000e+00	4.3646408641e-16	4.0181321452e-14	3.3794503012e-17	1.6772547226e-18	0.0000000000e+00	1.4385520386e-18	1.8732179531e-17	3.5891411025e-14	4.5282836054e-16	0.0000000000e+00	6.2182493191e-20	8.0040556305e-19	3.9034489523e-16	3.1646356550e-14	0.0000000000e+00	0.0000000000e+00	0.0000000000e+00	0.0000000000e+00	0.0000000000e+00	0.0000000000e+00
1.0782272841e+05	2.0544483113e-14	5.7317089258e-16	3.4841935719e-18	1.8047554807e-19	0.0000000000e+00	4.3980574898e-16	4.0116000961e-14	3.4291014775e-17	1.7343467891e-18	0.0000000000e+00	1.4857636388e-18	1.9103170562e-17	3.5894049208e-14	4.6300359241e-16	0.0000000000e+00	6.6166357787e-20	8.3357035297e-19	3.9983902719e-16	3.1606701186e-14	0.0000000000e+00	0.0000000000e+00	0.0000000000e+00	0.0000000000e+00	0.0000000000e+00	0.0000000000e+00
1.0782722117e+05	2.0499269075e-14	5.7450635872e-16	3.5173820475e-18	1.8412052800e-19	0.0000000000e+00	4.4107429998e-16	4.0091720933e-14	3.4474915180e-17	1.7565773739e-18	0.0000000000e+00	1.5037525881e-18	1.9241638536e-17	3.5893273659e-14	4.6684885722e-16	0.0000000000e+00	6.7737329048e-20	8.4650304914e-19	4.0343086438e-16	3.1591530981e-14	0.0000000000e+00	0.0000000000e+00	0.0000000000e+00	0.0000000000e+00	0.0000000000e+00	0.0000000000e+00
1.0783276347e+05	2.0544077300e-14	5.7615906048e-16	3.5583693906e-18	1.8870341653e-19	0.0000000000e+00	4.4264354816e-16	4.0124026227e-14	3.4699171825e-17	1.7843124571e-18	0.0000000000e+00	1.5260605232e-18	1.9411258450e-17	3.5891008042e-14	4.7158754799e-16	0.0000000000e+00	6.9720333403e-20	8.6267340075e-19	4.0786052547e-16	3.1572960496e-14	0.0000000000e+00	0.0000000000e+00	0.0000000000e+00	0.0000000000e+00	0.0000000000e+00	0.0000000000e+00
1.0783915463e+05	2.0480351093e-14	5.7807200605e-16	3.6058107094e-18	1.9408832269e-19	0.0000000000e+00	4.4445906498e-16	4.0089890680e-14	3.4955076182e-17	1.8165315841e-18	0.0000000000e+00	1.5519755592e-18	1.9605715775e-17	3.5886575174e-14	4.7705369827e-16	0.0000000000e+00	7.2061027323e-20	8.8152541692e-19	4.1297405942e-16	3.1552024756e-14	0.0000000000e+00	0.0000000000e+00	0.0000000000e+00	0.0000000000e+00	0.0000000000e+00	0.0000000000e+00
1.0785118165e+05	2.0460372217e-14	5.8169183904e-16	3.6963071568e-18	2.0441492617e-19	0.0000000000e+00	4.4789236364e-16	4.0088232577e-14	3.5433977647e-17	1.8776272865e-18	0.0000000000e+00	1.6015189733e-18	1.9971324813e-17	3.5872770833e-14	4.8741958420e-16	0.0000000000e+00	7.6580842067e-20	9.1747672709e-19	4.2267713686e-16	3.1514543762e-14	0.0000000000e+00	0.0000000000e+00	0.0000000000e+00	0.0000000000e+00	0.0000000000e+00	0.0000000000e+00
1.0785572644e+05	2.0415496986e-14	5.8306623041e-16	3.7311465313e-18	2.0834387659e-19	0.0000000000e+00	4.4919527627e-16	4.0064501495e-14	3.5615642970e-17	1.9009969210e-18	0.0000000000e+00	1.6205861611e-18	2.0110296265e-17	3.5865677455e-14	4.9138924552e-16	0.0000000000e+00	7.8312276509e-20	9.3128080287e-19	4.2639321777e-16	3.1500918257e-14	0.0000000000e+00	0.0000000000e+00	0.0000000000e+00	0.0000000000e+00	0.0000000000e+00	0.0000000000e+00
1.0786133292e+05	2.0360198284e-14	5.8476641321e-16	3.7747139379e-18	2.1317661838e-19	0.0000000000e+00	4.5080658893e-16	4.0035509127e-14	3.5840975521e-17	1.9301871763e-18	0.0000000000e+00	1.6444147090e-18	2.0282747964e-17	3.5855550776e-14	4.9633607281e-16	0.0000000000e+00	8.0452999362e-20	9.4854597985e-19	4.3102359508e-16	3.1484266857e-14	0.0000000000e+00	0.0000000000e+00	0.0000000000e+00	0.0000000000e+00	0.0000000000e+00	0.0000000000e+00
1.0786779809e+05	2.0296472822e-14	5.8673331094e-16	3.8257656461e-18	2.1869096600e-19	0.0000000000e+00	4.5267008571e-16	4.0002396245e-14	3.6102481925e-17	1.9643997527e-18	0.0000000000e+00	1.6723289986e-18	2.0482980203e-17	3.5842079284e-14	5.0210424271e-16	0.0000000000e+00	8.2913769417e-20	9.6880764839e-19	4.3642254998e-16	3.1464973976e-14	0.0000000000e+00	0.0000000000e+00	0.0000000000e+00	0.0000000000e+00	0.0000000000e+00	0.0000000000e+00
1.0787996437e+05	2.0176573932e-14	5.9045276792e-16	3.9237861476e-18	2.2874898153e-19	0.0000000000e+00	4.5619230277e-16	3.9940621772e-14	3.6596534849e-17	2.0296972637e-18	0.0000000000e+00	1.7260207927e-18	2.0862032659e-17	3.5811935075e-14	5.1307357187e-16	0.0000000000e+00	8.7466344707e-20	1.0076287670e-18	4.4669395876e-16	3.1427583461e-14	0.0000000000e+00	0.0000000000e+00	0.0000000000e+00	0.0000000000e+00	0.0000000000e+00	0.0000000000e+00
1.0788456179e+05	2.0131268045e-14	5.9186450349e-16	3.9612770067e-18	2.3241335711e-19	0.0000000000e+00	4.5752857981e-16	3.9917307509e-14	3.6782482399e-17	2.0541950438e-18	0.0000000000e+00	1.7466285175e-18	2.1005209300e-17	3.5799002894e-14	5.1723013350e-16	0.0000000000e+00	8.9148870558e-20	1.0222935237e-18	4.5058929303e-16	3.1413082914e-14	0.0000000000e+00	0.0000000000e+00	0.0000000000e+00	0.0000000000e+00	0.0000000000e+00	0.0000000000e+00
1.0789023319e+05	2.0176270513e-14	5.9361085618e-16	4.0077146787e-18	2.3683619580e-19	0.0000000000e+00	4.5918112628e-16	3.9951011866e-14	3.7010346240e-17	2.0838820117e-18	0.0000000000e+00	1.7722246052e-18	2.1181232505e-17	3.5781893620e-14	5.2235346081e-16	0.0000000000e+00	9.1196664655e-20	1.0401807099e-18	4.5539387437e-16	3.1395100739e-14	0.0000000000e+00	0.0000000000e+00	0.0000000000e+00	0.0000000000e+00	0.0000000000e+00	0.0000000000e+00
1.0789677322e+05	2.0112502512e-14	5.9563141888e-16	4.0614231426e-18	2.4184220603e-19	0.0000000000e+00	4.6109251940e-16	3.9918746734e-14	3.7270453800e-17	2.1171617038e-18	0.0000000000e+00	1.8019239893e-18	2.1383072460e-17	3.5760543122e-14	5.2825813699e-16	0.0000000000e+00	9.3533559271e-20	1.0604123640e-18	4.6093541051e-16	3.1374525164e-14	0.0000000000e+00	0.0000000000e+00	0.0000000000e+00	0.0000000000e+00	0.0000000000e+00	0.0000000000e+00
1.0790908038e+05	2.0092636297e-14	5.9945362810e-16	4.1628535960e-18	2.5126450041e-19	0.0000000000e+00	4.6470643093e-16	3.9920106907e-14	3.7751941670e-17	2.1776007657e-18	0.0000000000e+00	1.8582324347e-18	2.1759465991e-17	3.5715507532e-14	5.3942878620e-16	0.0000000000e+00	9.7960912892e-20	1.0976042609e-18	4.7142661916e-16	3.1337245955e-14	0.0000000000e+00	0.0000000000e+00	0.0000000000e+00	0.0000000000e+00	0.0000000000e+00	0.0000000000e+00
1.0791946811e+05	1.9992487063e-14	6.0269975377e-16	4.2490450041e-18	2.5957178766e-19	0.0000000000e+00	4.6777396148e-16	3.9870092307e-14	3.8151750254e-17	2.2290694483e-18	0.0000000000e+00	1.9062294370e-18	2.2074569694e-17	3.5672587644e-14	5.4902635576e-16	0.0000000000e+00	1.0186415214e-19	1.1294222611e-18	4.8044101111e-16	3.1307406621e-14	0.0000000000e+00	0.0000000000e+00	0.0000000000e+00	0.0000000000e+00	0.0000000000e+00	0.0000000000e+00
1.0792608387e+05	1.9928706916e-14	6.0477640997e-16	4.3043649797e-18	2.6512463611e-19	0.0000000000e+00	4.6973561967e-16	3.9838053764e-14	3.8404114238e-17	2.2636106776e-18	0.0000000000e+00	1.9370979547e-18	2.2274494636e-17	3.5643047528e-14	5.5524662463e-16	0.0000000000e+00	1.0446809142e-19	1.1506678491e-18	4.8628200179e-16	3.1288748987e-14	0.0000000000e+00	0.0000000000e+00	0.0000000000e+00	0.0000000000e+00	0.0000000000e+00	0.0000000000e+00
1.0793853354e+05	1.9909053244e-14	6.0870290426e-16	4.4096033995e-18	2.7600390762e-19	0.0000000000e+00	4.7344322256e-16	3.9841149164e-14	3.8875417720e-17	2.3337393037e-18	0.0000000000e+00	1.9960038547e-18	2.2649663193e-17	3.5583174008e-14	5.6712699036e-16	0.0000000000e+00	1.0957531744e-19	1.1934603086e-18	4.9743890112e-16	3.1253135183e-14	0.0000000000e+00	0.0000000000e+00	0.0000000000e+00	0.0000000000e+00	0.0000000000e+00	0.0000000000e+00
1.0794904155e+05	1.9907481075e-14	6.1203498282e-16	4.4997658570e-18	2.8526385172e-19	0.0000000000e+00	4.7658820087e-16	3.9853389241e-14	3.9270738384e-17	2.3966256782e-18	0.0000000000e+00	2.0466965355e-18	2.2965818949e-17	3.5528495918e-14	5.7722400817e-16	0.0000000000e+00	1.1395601135e-19	1.2317008649e-18	5.0692881044e-16	3.1222147457e-14	0.0000000000e+00	0.0000000000e+00	0.0000000000e+00	0.0000000000e+00	0.0000000000e+00	0.0000000000e+00
1.0795573391e+05	1.9844280457e-14	6.1416532381e-16	4.5579227313e-18	2.9102371391e-19	0.0000000000e+00	4.7859835962e-16	3.9822698749e-14	3.9522141263e-17	2.4369382266e-18	0.0000000000e+00	2.0794902448e-18	2.3167394677e-17	3.5491726430e-14	5.8365335471e-16	0.0000000000e+00	1.1670813139e-19	1.2563112957e-18	5.1297730397e-16	3.1202279074e-14	0.0000000000e+00	0.0000000000e+00	0.0000000000e+00	0.0000000000e+00	0.0000000000e+00	0.0000000000e+00
1.0796832775e+05	1.9725318073e-14	6.1819103760e-16	4.6690822829e-18	3.0144864506e-19	0.0000000000e+00	4.8239595693e-16	3.9764484551e-14	3.9996181898e-17	2.5109112543e-18	0.0000000000e+00	2.1422967229e-18	2.3548269311e-17	3.5418511169e-14	5.9578190215e-16	0.0000000000e+00	1.2175205208e-19	1.3019023355e-18	5.2439722089e-16	3.1165816736e-14	0.0000000000e+00	0.0000000000e+00	0.0000000000e+00	0.0000000000e+00	0.0000000000e+00	0.0000000000e+00
1.0797895743e+05	1.9624949940e-14	6.2160579312e-16	4.7646127421e-18	3.1001552911e-19	0.0000000000e+00	4.8561629508e-16	3.9714305337e-14	4.0397544321e-17	2.5713730501e-18	0.0000000000e+00	2.1963595389e-18	2.3871546324e-17	3.5352838242e-14	6.0615268378e-16	0.0000000000e+00	1.2594669280e-19	1.3395963783e-18	5.3416558453e-16	3.1136589704e-14	0.0000000000e+00	0.0000000000e+00	0.0000000000e+00	0.0000000000e+00	0.0000000000e+00	0.0000000000e+00
1.0798572729e+05	1.9561139291e-14	6.2378869486e-16	4.8261257542e-18	3.1552842697e-19	0.0000000000e+00	4.8767447529e-16	3.9681647346e-14	4.0653091685e-17	2.6097298497e-18	0.0000000000e+00	2.2312339410e-18	2.4077891320e-17	3.5309269561e-14	6.1286352852e-16	0.0000000000e+00	1.2865780666e-19	1.3636294244e-18	5.4048579487e-16	3.1118508128e-14	0.0000000000e+00	0.0000000000e+00	0.0000000000e+00	0.0000000000e+00	0.0000000000e+00	0.0000000000e+00
1.0799846696e+05	1.9541800106e-14	6.2791371792e-16	4.9428528994e-18	3.2633641931e-19	0.0000000000e+00	4.9156282381e-16	3.9689396686e-14	4.1131852503e-17	2.6833397698e-18	0.0000000000e+00	2.2976620653e-18	2.4465870169e-17	3.5223657232e-14	6.2571027108e-16	0.0000000000e+00	1.3397615902e-19	1.4098241180e-18	5.5258370391e-16	3.1084426401e-14	0.0000000000e+00	0.0000000000e+00	0.0000000000e+00	0.0000000000e+00	0.0000000000e+00	0.0000000000e+00
1.0800921973e+05	1.9540791483e-14	6.3141262097e-16	5.0420720130e-18	3.3603729602e-19	0.0000000000e+00	4.9485997197e-16	3.9705941219e-14	4.1533415867e-17	2.7473664904e-18	0.0000000000e+00	2.3544773287e-18	2.4792675380e-17	3.5147612123e-14	6.3668313409e-16	0.0000000000e+00	1.3874375082e-19	1.4500467171e-18	5.6292155763e-16	3.1054785428e-14	0.0000000000e+00	0.0000000000e+00	0.0000000000e+00	0.0000000000e+00	0.0000000000e+00	0.0000000000e+00
1.0801606798e+05	1.9477527668e-14	6.3364891702e-16	5.1055932229e-18	3.4248166162e-19	0.0000000000e+00	4.9696689458e-16	3.9674862133e-14	4.1788766655e-17	2.7887413521e-18	0.0000000000e+00	2.3910261646e-18	2.5000957223e-17	3.5097354441e-14	6.4368280498e-16	0.0000000000e+00	1.4190873747e-19	1.4760934215e-18	5.6952126195e-16	3.1035555976e-14	0.0000000000e+00	0.0000000000e+00	0.0000000000e+00	0.0000000000e+00	0.0000000000e+00	0.0000000000e+00
1.0802895516e+05	1.9457085924e-14	6.3787304015e-16	5.2260492347e-18	3.5505417261e-19	0.0000000000e+00	5.0094595362e-16	3.9682586355e-14	4.2271101021e-17	2.8670582659e-18	0.0000000000e+00	2.4606380132e-18	2.5394849936e-17	3.4999185513e-14	6.5683544751e-16	0.0000000000e+00	1.4808883519e-19	1.5255833388e-18	5.8193536845e-16	3.0999648471e-14	0.0000000000e+00	0.0000000000e+00	0.0000000000e+00	0.0000000000e+00	0.0000000000e+00	0.0000000000e+00
1.0803983244e+05	1.9357602215e-14	6.4145374876e-16	5.3288685309e-18	3.6600730853e-19	0.0000000000e+00	5.0431839387e-16	3.9634110006e-14	4.2681372742e-17	2.9334740624e-18	0.0000000000e+00	2.5202956993e-18	2.5730138716e-17	3.4913175773e-14	6.6795463089e-16	0.0000000000e+00	1.5349351590e-19	1.5677528116e-18	5.9244095166e-16	3.0970544781e-14	0.0000000000e+00	0.0000000000e+00	0.0000000000e+00	0.0000000000e+00	0.0000000000e+00	0.0000000000e+00
1.0804675999e+05	1.9391962382e-14	6.4374138920e-16	5.3949447159e-18	3.7312277521e-19	0.0000000000e+00	5.0647276179e-16	3.9669481218e-14	4.2943859556e-17	2.9761076185e-18	0.0000000000e+00	2.5587380538e-18	2.5944833430e-17	3.4857106471e-14	6.7507761220e-16	0.0000000000e+00	1.5702090256e-19	1.5949047467e-18	5.9917396977e-16	3.0952659573e-14	0.0000000000e+00	0.0000000000e+00	0.0000000000e+00	0.0000000000e+00	0.0000000000e+00	0.0000000000e+00
1.0805979640e+05	1.9274057947e-14	6.4806100724e-16	5.5205702994e-18	3.8685313444e-19	0.0000000000e+00	5.1054031172e-16	3.9612767183e-14	4.3438472853e-17	3.0574876983e-18	0.0000000000e+00	2.6320792133e-18	2.6350081974e-17	3.4748997524e-14	6.8859819724e-16	0.0000000000e+00	1.6386597072e-19	1.6468907830e-18	6.1195911893e-16	3.0919683609e-14	0.0000000000e+00	0.0000000000e+00	0.0000000000e+00	0.0000000000e+00	0.0000000000e+00	0.0000000000e+00
1.0807079964e+05	1.9174642765e-14	6.5172110593e-16	5.6280681459e-18	3.9888560665e-19	0.0000000000e+00	5.1398649275e-16	3.9563264372e-14	4.3855709757e-17	3.1274004849e-18	0.0000000000e+00	2.6951236218e-18	2.6692751297e-17	3.4654961990e-14	7.0008567132e-16	0.0000000000e+00	1.6989522888e-19	1.6917214357e-18	6.2282897249e-16	3.0891822865e-14	0.0000000000e+00	0.0000000000e+00	0.0000000000e+00	0.0000000000e+00	0.0000000000e+00	0.0000000000e+00
1.0807780741e+05	1.9111481369e-14	6.5405838523e-16	5.6973882053e-18	4.0678938586e-19	0.0000000000e+00	5.1618709281e-16	3.9531004246e-14	4.4121781440e-17	3.1723778726e-18	0.0000000000e+00	2.7359049906e-18	2.6911558938e-17	3.4593671198e-14	7.0739602458e-16	0.0000000000e+00	1.7386530467e-19	1.7206531354e-18	6.2975203647e-16	3.0874005036e-14	0.0000000000e+00	0.0000000000e+00	0.0000000000e+00	0.0000000000e+00	0.0000000000e+00	0.0000000000e+00
1.0809099477e+05	1.9091498786e-14	6.5846876026e-16	5.8299811216e-18	4.2211485225e-19	0.0000000000e+00	5.2033960766e-16	3.9543189880e-14	4.4625597776e-17	3.2574693347e-18	0.0000000000e+00	2.8141193904e-18	2.7326027338e-17	3.4475462560e-14	7.2105526517e-16	0.0000000000e+00	1.8158597947e-19	1.7756124964e-18	6.4270425514e-16	3.0840889922e-14	0.0000000000e+00	0.0000000000e+00	0.0000000000e+00	0.0000000000e+00	0.0000000000e+00	0.0000000000e+00
1.0810212542e+05	1.8992228644e-14	6.6220298472e-16	5.9440838067e-18	4.3539859390e-19	0.0000000000e+00	5.2385566869e-16	3.9492674607e-14	4.5055891397e-17	3.3292584895e-18	0.0000000000e+00	2.8816100861e-18	2.7679798816e-17	3.4373060796e-14	7.3243653589e-16	0.0000000000e+00	1.8831674068e-19	1.8222630601e-18	6.5351559522e-16	3.0813927533e-14	0.0000000000e+00	0.0000000000e+00	0.0000000000e+00	0.0000000000e+00	0.0000000000e+00	0.0000000000e+00
1.0810921433e+05	1.9027007040e-14	6.6458688071e-16	6.0175966203e-18	4.4401487250e-19	0.0000000000e+00	5.2610036310e-16	3.9533425498e-14	4.5332419552e-17	3.3747805311e-18	0.0000000000e+00	2.9251986440e-18	2.7907022731e-17	3.4306730216e-14	7.3960160994e-16	0.0000000000e+00	1.9270763841e-19	1.8520144566e-18	6.6033154097e-16	3.0797232580e-14	0.0000000000e+00	0.0000000000e+00	0.0000000000e+00	0.0000000000e+00	0.0000000000e+00	0.0000000000e+00
1.0812255440e+05	1.8909147589e-14	6.6908512821e-16	6.1570274082e-18	4.6073496620e-19	0.0000000000e+00	5.3033603105e-16	3.9474307645e-14	4.5856375661e-17	3.4598288765e-18	0.0000000000e+00	3.0081924214e-18	2.8337567073e-17	3.4179751963e-14	7.5286194152e-16	0.0000000000e+00	2.0127700286e-19	1.9080148313e-18	6.7296831332e-16	3.0766223818e-14	0.0000000000e+00	0.0000000000e+00	0.0000000000e+00	0.0000000000e+00	0.0000000000e+00	0.0000000000e+00
1.0813381393e+05	1.8907515417e-14	6.7289395652e-16	6.2754321541e-18	4.7559312114e-19	0.0000000000e+00	5.3392263346e-16	3.9497673760e-14	4.6300496750e-17	3.5309861231e-18	0.0000000000e+00	3.0790564533e-18	2.8702841265e-17	3.4070569064e-14	7.6373142052e-16	0.0000000000e+00	2.0892416646e-19	1.9553012837e-18	6.8335476409e-16	3.0739980348e-14	0.0000000000e+00	0.0000000000e+00	0.0000000000e+00	0.0000000000e+00	0.0000000000e+00	0.0000000000e+00
1.0814098493e+05	1.8844861264e-14	6.7532501787e-16	6.3512985734e-18	4.8543684835e-19	0.0000000000e+00	5.3621199039e-16	3.9466452495e-14	4.6584011563e-17	3.5760597936e-18	0.0000000000e+00	3.1246300133e-18	2.8936241198e-17	3.4000209394e-14	7.7043948428e-16	0.0000000000e+00	2.1400148366e-19	1.9854459184e-18	6.8978172057e-16	3.0723323903e-14	0.0000000000e+00	0.0000000000e+00	0.0000000000e+00	0.0000000000e+00	0.0000000000e+00	0.0000000000e+00
1.0815447947e+05	1.8824286494e-14	6.7990940515e-16	6.4958938640e-18	5.0448724909e-19	0.0000000000e+00	5.4052971960e-16	3.9480749745e-14	4.7120027263e-17	3.6606376089e-18	0.0000000000e+00	3.2117194853e-18	2.9377815317e-17	3.3866441961e-14	7.8249228779e-16	0.0000000000e+00	2.2386702266e-19	2.0423600654e-18	7.0137247545e-16	3.0693027417e-14	0.0000000000e+00	0.0000000000e+00	0.0000000000e+00	0.0000000000e+00	0.0000000000e+00	0.0000000000e+00
1.0816586938e+05	1.8725926647e-14	6.8378716449e-16	6.6206494168e-18	5.2070021179e-19	0.0000000000e+00	5.4418272108e-16	3.9431794814e-14	4.7576264479e-17	3.7321484899e-18	0.0000000000e+00	3.2869796331e-18	2.9753757786e-17	3.3752408894e-14	7.9200204416e-16	0.0000000000e+00	2.3233090586e-19	2.0907922958e-18	7.1056729311e-16	3.0669422573e-14	0.0000000000e+00	0.0000000000e+00	0.0000000000e+00	0.0000000000e+00	0.0000000000e+00	0.0000000000e+00
1.0817312341e+05	1.8663485931e-14	6.8626049949e-16	6.7015406084e-18	5.3098188881e-19	0.0000000000e+00	5.4651312539e-16	3.9400313090e-14	4.7868777124e-17	3.7779153739e-18	0.0000000000e+00	3.3358257621e-18	2.9994804550e-17	3.3679266465e-14	7.9770979272e-16	0.0000000000e+00	2.3773812526e-19	2.1219237909e-18	7.1611275015e-16	3.0655435838e-14	0.0000000000e+00	0.0000000000e+00	0.0000000000e+00	0.0000000000e+00	0.0000000000e+00	0.0000000000e+00
1.0818677421e+05	1.8546703637e-14	6.9092241307e-16	6.8563595507e-18	5.5035577563e-19	0.0000000000e+00	5.5090652285e-16	3.9341178702e-14	4.8422181490e-17	3.8645989950e-18	0.0000000000e+00	3.4294984540e-18	3.0451058634e-17	3.3540468509e-14	8.0761304282e-16	0.0000000000e+00	2.4799925834e-19	2.1811712640e-18	7.2579981809e-16	3.0630726919e-14	0.0000000000e+00	0.0000000000e+00	0.0000000000e+00	0.0000000000e+00	0.0000000000e+00	0.0000000000e+00
1.0819829601e+05	1.8544818348e-14	6.9486457873e-16	6.9890185637e-18	5.6700878455e-19	0.0000000000e+00	5.5462255286e-16	3.9367086668e-14	4.8890749726e-17	3.9382295542e-18	0.0000000000e+00	3.5100487838e-18	3.0837869962e-17	3.3422259385e-14	8.1495506261e-16	0.0000000000e+00	2.5686761014e-19	2.2317873301e-18	7.3306461651e-16	3.0610814971e-14	0.0000000000e+00	0.0000000000e+00	0.0000000000e+00	0.0000000000e+00	0.0000000000e+00	0.0000000000e+00
1.0820563404e+05	1.8482670894e-14	6.9737835816e-16	7.0742924894e-18	5.7784088690e-19	0.0000000000e+00	5.5699263266e-16	3.9336038965e-14	4.9189430757e-17	3.9853437172e-18	0.0000000000e+00	3.5619809547e-18	3.1084769373e-17	3.3346655340e-14	8.1905309006e-16	0.0000000000e+00	2.6265061216e-19	2.2643038149e-18	7.3717184172e-16	3.0598516934e-14	0.0000000000e+00	0.0000000000e+00	0.0000000000e+00	0.0000000000e+00	0.0000000000e+00	0.0000000000e+00
1.0821944291e+05	1.8462089841e-14	7.0211417843e-16	7.2365851190e-18	5.9863967798e-19	0.0000000000e+00	5.6145897105e-16	3.9353022485e-14	4.9751826094e-17	4.0747313793e-18	0.0000000000e+00	3.6611080035e-18	3.1550457561e-17	3.3204237191e-14	8.2537313650e-16	0.0000000000e+00	2.7378105365e-19	2.3262099689e-18	7.4364670019e-16	3.0576800517e-14	0.0000000000e+00	0.0000000000e+00	0.0000000000e+00	0.0000000000e+00	0.0000000000e+00	0.0000000000e+00
1.0823109813e+05	1.8364598074e-14	7.0611597081e-16	7.3757086825e-18	6.1644651559e-19	0.0000000000e+00	5.6523444137e-16	3.9304835828e-14	5.0226476804e-17	4.1512887595e-18	0.0000000000e+00	3.7463421586e-18	3.1944403884e-17	3.3084218954e-14	8.2917903406e-16	0.0000000000e+00	2.8333752699e-19	2.3793822666e-18	7.4773113063e-16	3.0560659613e-14	0.0000000000e+00	0.0000000000e+00	0.0000000000e+00	0.0000000000e+00	0.0000000000e+00	0.0000000000e+00
1.0823852113e+05	1.8398063908e-14	7.0866676532e-16	7.4653348924e-18	6.2786472849e-19	0.0000000000e+00	5.6764164536e-16	3.9348737916e-14	5.0528087320e-17	4.2007386967e-18	0.0000000000e+00	3.8013780824e-18	3.2195306317e-17	3.3007891871e-14	8.3084357885e-16	0.0000000000e+00	2.8947607169e-19	2.4137710947e-18	7.4964500324e-16	3.0551543802e-14	0.0000000000e+00	0.0000000000e+00	0.0000000000e+00	0.0000000000e+00	0.0000000000e+00	0.0000000000e+00
1.0825248990e+05	1.8282336524e-14	7.1347149591e-16	7.6357236507e-18	6.4961628581e-19	0.0000000000e+00	5.7217727715e-16	3.9292005354e-14	5.1091612768e-17	4.2959559063e-18	0.0000000000e+00	3.9063302584e-18	3.2665787064e-17	3.2864354160e-14	8.3236661900e-16	0.0000000000e+00	3.0118748979e-19	2.4799840960e-18	7.5178633428e-16	3.0536398660e-14	0.0000000000e+00	0.0000000000e+00	0.0000000000e+00	0.0000000000e+00	0.0000000000e+00	0.0000000000e+00
1.0826428007e+05	1.8280049308e-14	7.1753106519e-16	7.7808275158e-18	6.6845853572e-19	0.0000000000e+00	5.7601091771e-16	3.9318614512e-14	5.1560863149e-17	4.3798211675e-18	0.0000000000e+00	3.9960840963e-18	3.3059704551e-17	3.2743240529e-14	8.3209178026e-16	0.0000000000e+00	3.1134698176e-19	2.5381419419e-18	7.5217429505e-16	3.0525058797e-14	0.0000000000e+00	0.0000000000e+00	0.0000000000e+00	0.0000000000e+00	0.0000000000e+00	0.0000000000e+00
1.0827178903e+05	1.8218465212e-14	7.2011773419e-16	7.8738123862e-18	6.8077075076e-19	0.0000000000e+00	5.7845441998e-16	3.9288791865e-14	5.1856627205e-17	4.4355080156e-18	0.0000000000e+00	4.0537809046e-18	3.3309018495e-17	3.2666147902e-14	8.3126049570e-16	0.0000000000e+00	3.1799007450e-19	2.5766183420e-18	7.5182246268e-16	3.0518417474e-14	0.0000000000e+00	0.0000000000e+00	0.0000000000e+00	0.0000000000e+00	0.0000000000e+00	0.0000000000e+00
1.0828591955e+05	1.8103508712e-14	7.2498541656e-16	8.0504339713e-18	7.0461841910e-19	0.0000000000e+00	5.8305469057e-16	3.9233686214e-14	5.2409722688e-17	4.5452090850e-18	0.0000000000e+00	4.1637164793e-18	3.3776813633e-17	3.2521126726e-14	8.2866482408e-16	0.0000000000e+00	3.3085729216e-19	2.6521340874e-18	7.5021390875e-16	3.0507379800e-14	0.0000000000e+00	0.0000000000e+00	0.0000000000e+00	0.0000000000e+00	0.0000000000e+00	0.0000000000e+00
1.0829784625e+05	1.8100916307e-14	7.2909196021e-16	8.2016725238e-18	7.2538992819e-19	0.0000000000e+00	5.8693793393e-16	3.9260689818e-14	5.2876613208e-17	4.6417630963e-18	0.0000000000e+00	4.2581609186e-18	3.4172563830e-17	3.2398395036e-14	8.2597731457e-16	0.0000000000e+00	3.4205771426e-19	2.7184486080e-18	7.4839216427e-16	3.0499594879e-14	0.0000000000e+00	0.0000000000e+00	0.0000000000e+00	0.0000000000e+00	0.0000000000e+00	0.0000000000e+00
1.0830544216e+05	1.8039822116e-14	7.3170610091e-16	8.2990487984e-18	7.3893204326e-19	0.0000000000e+00	5.8941105068e-16	3.9231778157e-14	5.3174421828e-17	4.7046763325e-18	0.0000000000e+00	4.3191153655e-18	3.4425322306e-17	3.2319726504e-14	8.2438663931e-16	0.0000000000e+00	3.4935989080e-19	2.7616371604e-18	7.4733464822e-16	3.0495040585e-14	0.0000000000e+00	0.0000000000e+00	0.0000000000e+00	0.0000000000e+00	0.0000000000e+00	0.0000000000e+00
1.0831973630e+05	1.8018926343e-14	7.3662388455e-16	8.4838787350e-18	7.6517312602e-19	0.0000000000e+00	5.9406572635e-16	3.9250294439e-14	5.3732432309e-17	4.8257651371e-18	0.0000000000e+00	4.4351679055e-18	3.4900295991e-17	3.2169714706e-14	8.2261675685e-16	0.0000000000e+00	3.6353363439e-19	2.8447324527e-18	7.4644077981e-16	3.0485765150e-14	0.0000000000e+00	0.0000000000e+00	0.0000000000e+00	0.0000000000e+00	0.0000000000e+00	0.0000000000e+00
1.0833180110e+05	1.7923083573e-14	7.4077434720e-16	8.6405618532e-18	7.8819049700e-19	0.0000000000e+00	5.9799615529e-16	3.9205434512e-14	5.4196443589e-17	4.9302196854e-18	0.0000000000e+00	4.5339810302e-18	3.5297547383e-17	3.2040263457e-14	8.2344001480e-16	0.0000000000e+00	3.7601347616e-19	2.9164308355e-18	7.4777818831e-16	3.0475535561e-14	0.0000000000e+00	0.0000000000e+00	0.0000000000e+00	0.0000000000e+00	0.0000000000e+00	0.0000000000e+00
1.0833948497e+05	1.7955288801e-14	7.4341768532e-16	8.7403221223e-18	8.0331501666e-19	0.0000000000e+00	6.0050029278e-16	3.9248915884e-14	5.4487506878e-17	4.9972967403e-18	0.0000000000e+00	4.5971323851e-18	3.5548036581e-17	3.1956140448e-14	8.2554844849e-16	0.0000000000e+00	3.8423891905e-19	2.9625491820e-18	7.5006515612e-16	3.0467348608e-14	0.0000000000e+00	0.0000000000e+00	0.0000000000e+00	0.0000000000e+00	0.0000000000e+00	0.0000000000e+00
1.0835394463e+05	1.7841454097e-14	7.4839017680e-16	8.9278612213e-18	8.3285801221e-19	0.0000000000e+00	6.0521312142e-16	3.9196141805e-14	5.5026963771e-17	5.1238945448e-18	0.0000000000e+00	4.7163574203e-18	3.6014729266e-17	3.1793727116e-14	8.3359452362e-16	0.0000000000e+00	4.0035481345e-19	3.0498913751e-18	7.5807300955e-16	3.0448172085e-14	0.0000000000e+00	0.0000000000e+00	0.0000000000e+00	0.0000000000e+00	0.0000000000e+00	0.0000000000e+00
1.0836614913e+05	1.7838515738e-14	7.5258257442e-16	9.0865888421e-18	8.5875000212e-19	0.0000000000e+00	6.0918917609e-16	3.9223471414e-14	5.5477184250e-17	5.2312575234e-18	0.0000000000e+00	4.8177035539e-18	3.6405943509e-17	3.1652059844e-14	8.4484074942e-16	0.0000000000e+00	4.1454648888e-19	3.1243024336e-18	7.6888691093e-16	3.0428313575e-14	0.0000000000e+00	0.0000000000e+00	0.0000000000e+00	0.0000000000e+00	0.0000000000e+00	0.0000000000e+00
1.0837392197e+05	1.7778004624e-14	7.5524914836e-16	9.1884000118e-18	8.7548717762e-19	0.0000000000e+00	6.1171954464e-16	3.9195778311e-14	5.5763345235e-17	5.2999570343e-18	0.0000000000e+00	4.8828575965e-18	3.6655013642e-17	3.1559632511e-14	8.5404839653e-16	0.0000000000e+00	4.2377055962e-19	3.1720762734e-18	7.7763962528e-16	3.0413981717e-14	0.0000000000e+00	0.0000000000e+00	0.0000000000e+00	0.0000000000e+00	0.0000000000e+00	0.0000000000e+00
1.0838854907e+05	1.7665213623e-14	7.6025838697e-16	9.3821814044e-18	9.0720508877e-19	0.0000000000e+00	6.1647602618e-16	3.9144651172e-14	5.6303141466e-17	5.4295826751e-18	0.0000000000e+00	5.0071159220e-18	3.7125177105e-17	3.1381695671e-14	8.7500553219e-16	0.0000000000e+00	4.4137548586e-19	3.2625747941e-18	7.9743059544e-16	3.0383611777e-14	0.0000000000e+00	0.0000000000e+00	0.0000000000e+00	0.0000000000e+00	0.0000000000e+00	0.0000000000e+00
1.0840089490e+05	1.7571033184e-14	7.6447731104e-16	9.5474958247e-18	9.3454606610e-19	0.0000000000e+00	6.2048520415e-16	3.9102255287e-14	5.6759300118e-17	5.5393920868e-18	0.0000000000e+00	5.1134459884e-18	3.7522986824e-17	3.1228625087e-14	8.9538867955e-16	0.0000000000e+00	4.5664416803e-19	3.3395791993e-18	8.1660861197e-16	3.0355110701e-14	0.0000000000e+00	0.0000000000e+00	0.0000000000e+00	0.0000000000e+00	0.0000000000e+00	0.0000000000e+00
1.0840875774e+05	1.7602138046e-14	7.6716017725e-16	9.6530573663e-18	9.5252667620e-19	0.0000000000e+00	6.2303612879e-16	3.9145198392e-14	5.7048535894e-17	5.6097579796e-18	0.0000000000e+00	5.1815706279e-18	3.7775779628e-17	3.1130379662e-14	9.0915068891e-16	0.0000000000e+00	4.6670481743e-19	3.3890547276e-18	8.2954423146e-16	3.0336153162e-14	0.0000000000e+00	0.0000000000e+00	0.0000000000e+00	0.0000000000e+00	0.0000000000e+00	0.0000000000e+00
1.0842355421e+05	1.7490371201e-14	7.7220021265e-16	9.8514484107e-18	9.8764667101e-19	0.0000000000e+00	6.2783128927e-16	3.9095217111e-14	5.7587074669e-17	5.7428378343e-18	0.0000000000e+00	5.3101853153e-18	3.8248253119e-17	3.0944895386e-14	9.3574993765e-16	0.0000000000e+00	4.8638689958e-19	3.4829146809e-18	8.5454881909e-16	3.0300291324e-14	0.0000000000e+00	0.0000000000e+00	0.0000000000e+00	0.0000000000e+00	0.0000000000e+00	0.0000000000e+00
1.0843604300e+05	1.7486999940e-14	7.7644484555e-16	1.0018714773e-17	1.0180269727e-18	0.0000000000e+00	6.3187277296e-16	3.9122930060e-14	5.8035146254e-17	5.8547143925e-18	0.0000000000e+00	5.4192056788e-18	3.8643289592e-17	3.0788284241e-14	9.5820078846e-16	0.0000000000e+00	5.0348302672e-19	3.5622192147e-18	8.7567579134e-16	3.0270897443e-14	0.0000000000e+00	0.0000000000e+00	0.0000000000e+00	0.0000000000e+00	0.0000000000e+00	0.0000000000e+00
1.0844399689e+05	1.7427598402e-14	7.7914298088e-16	1.0125435260e-17	1.0375039888e-18	0.0000000000e+00	6.3444334535e-16	3.9096584967e-14	5.8318028680e-17	5.9255388094e-18	0.0000000000e+00	5.4889966688e-18	3.8893492496e-17	3.0688652493e-14	9.7228539564e-16	0.0000000000e+00	5.1448884274e-19	3.6126353304e-18	8.8894589900e-16	3.0252712146e-14	0.0000000000e+00	0.0000000000e+00	0.0000000000e+00	0.0000000000e+00	0.0000000000e+00	0.0000000000e+00
1.0844683000e+05	0.0000000000e+00	0.0000000000e+00	0.0000000000e+00	0.0000000000e+00	0.0000000000e+00	0.0000000000e+00	0.0000000000e+00	0.0000000000e+00	0.0000000000e+00	0.0000000000e+00	0.0000000000e+00	0.0000000000e+00	0.0000000000e+00	0.0000000000e+00	0.0000000000e+00	0.0000000000e+00	0.0000000000e+00	0.0000000000e+00	0.0000000000e+00	0.0000000000e+00	0.0000000000e+00	0.0000000000e+00	0.0000000000e+00	0.0000000000e+00	0.0000000000e+00
1.0845896469e+05	1.7406384938e-14	7.8420787396e-16	1.0327082572e-17	1.0745939277e-18	2.5345793938e-14	6.3927228922e-16	3.9116597488e-14	5.8846877659e-17	6.0589785302e-18	3.4679997431e-13	5.6212879207e-18	3.9362565087e-17	3.0501592521e-14	9.9816839381e-16	1.2527401081e-17	5.3553117129e-19	3.7079601184e-18	9.1336981000e-16	3.0219205193e-14	3.0876769168e-20	1.1959240982e-23	2.4478743175e-23	3.0754215241e-23	8.2172861350e-23	4.5173055822e-14
1.0847159810e+05	1.7402961463e-14	7.8846879391e-16	1.0498157812e-17	1.1068157071e-18	8.6865360247e-21	6.4333842409e-16	3.9144438985e-14	5.9291012926e-17	6.1729972524e-18	1.5739771051e-20	5.7339417381e-18	3.9757536920e-17	3.0344282824e-14	1.0194077736e-15	8.2135100663e-21	5.5386755002e-19	3.7896336170e-18	9.3344884192e-16	3.0191341460e-14	6.4729370657e-21	6.6708480083e-23	1.5290336418e-22	1.1852335075e-22	1.1099506207e-22	4.4053371828e-14
1.0847964409e+05	1.7343691121e-14	7.9117554418e-16	1.0607433226e-17	1.1278606714e-18	5.5898915073e-21	6.4592320650e-16	3.9118435123e-14	5.9573079515e-17	6.2462634004e-18	1.2420751626e-20	5.8061224787e-18	4.0008781389e-17	3.0244364896e-14	1.0327124025e-15	6.3711166818e-21	5.6586576125e-19	3.8422255568e-18	9.4604206541e-16	3.0173863697e-14	4.6565096702e-21	5.9360305066e-23	1.5974695641e-22	1.1490097804e-22	1.0598772330e-22	4.3085498571e-14
1.0848251000e+05	1.7322673752e-14	7.9213833804e-16	1.0646399083e-17	1.1354374288e-18	4.5607447692e-21	6.4684294918e-16	3.9109213004e-14	5.9673350004e-17	6.2724152279e-18	8.8307288190e-21	5.8319068150e-18	4.0098177677e-17	3.0208814709e-14	1.0374217188e-15	4.9318678826e-21	5.7019126744e-19	3.8610268999e-18	9.5050208137e-16	3.0167713404e-14	4.1367595057e-21	5.2203345479e-23	1.2484684517e-22	9.6601253550e-23	9.9399246611e-23	4.2836160639e-14
1.0849478521e+05	1.7233158245e-14	7.9625407230e-16	1.0813496826e-17	1.1681637565e-18	3.6188896102e-21	6.5077662509e-16	3.9069870453e-14	6.0101150112e-17	6.3842080620e-18	6.3063164364e-21	5.9427605464e-18	4.0480168280e-17	3.0056684663e-14	1.0574946239e-15	4.4594560423e-21	5.8892371268e-19	3.9416303496e-18	9.6952470335e-16	3.0141913903e-14	3.4014656338e-21	5.2775450585e-23	1.2143815169e-22	1.1650626416e-22	1.1183222357e-22	4.2044926431e-14
1.0850756490e+05	1.7140648800e-14	8.0052463245e-16	1.0987828250e-17	1.2022778920e-18	3.6172586921e-21	6.5486170606e-16	3.9029062896e-14	6.0542866478e-17	6.4993869030e-18	7.1592731713e-21	6.0588883604e-18	4.0875744831e-17	2.9898362734e-14	1.0783774412e-15	4.7508749670e-21	6.0856726640e-19	4.0251511264e-18	9.8933103761e-16	3.0115887183e-14	3.1832863383e-21	6.8219074699e-23	1.7323569776e-22	1.6075217239e-22	1.2432709989e-22	4.1206681378e-14
1.0851570406e+05	1.7170912644e-14	8.0323633253e-16	1.1099154457e-17	1.2238496172e-18	4.4926603942e-21	6.5745753169e-16	3.9072338270e-14	6.0822089177e-17	6.5719040502e-18	5.5330383955e-21	6.1332670984e-18	4.1126465041e-17	2.9797511937e-14	1.0917480439e-15	3.7802508940e-21	6.2106472106e-19	4.0780090514e-18	1.0020184265e-15	3.0099514092e-14	3.4094207798e-21	9.3475039719e-23	1.5537006881e-22	1.4555347474e-22	1.4808714798e-22	4.0846244169e-14
1.0851860316e+05	1.7150082402e-14	8.0420055019e-16	1.1138893422e-17	1.2314977632e-18	4.9473703385e-21	6.5838092344e-16	3.9063219271e-14	6.0921227744e-17	6.5975924418e-18	5.6616264950e-21	6.1598518125e-18	4.1215595141e-17	2.9761588947e-14	1.0965308693e-15	3.5688549343e-21	6.2551020943e-19	4.0967820470e-18	1.0065577622e-15	3.0093678197e-14	3.4672127663e-21	1.0697563443e-22	1.6635840011e-22	1.4174961192e-22	1.5737467306e-22	4.0733148808e-14
1.0853102051e+05	1.7061224509e-14	8.0831997354e-16	1.1309851416e-17	1.2640645967e-18	5.6512213239e-21	6.6232823288e-16	3.9024232053e-14	6.1344887713e-17	6.7069951823e-18	8.1158259060e-21	6.2743869812e-18	4.1596956558e-17	2.9607769551e-14	1.1171527613e-15	3.1528604786e-21	6.4452269754e-19	4.1769929751e-18	1.0261346975e-15	3.0068491726e-14	3.5417161503e-21	1.4815183577e-22	2.6869680055e-22	1.4484156475e-22	1.8703410197e-22	4.0190201457e-14
1.0854394818e+05	1.7057737327e-14	8.1258961099e-16	1.1489587186e-17	1.2976318901e-18	4.8110632380e-21	6.6642357813e-16	3.9052933082e-14	6.1786309817e-17	6.8201663992e-18	6.9533634916e-21	6.3950408868e-18	4.1994664566e-17	2.9447811349e-14	1.1388290443e-15	2.6019549212e-21	6.6426021640e-19	4.2603744054e-18	1.0467218570e-15	3.0041955881e-14	2.8691651747e-21	1.4406186739e-22	2.6097823640e-22	1.4230453825e-22	1.7422391047e-22	3.9723547239e-14
1.0855218159e+05	1.6999467405e-14	8.1529827037e-16	1.1605142142e-17	1.3187573912e-18	5.7682858399e-21	6.6902388113e-16	3.9027457674e-14	6.2068451497e-17	6.8919029717e-18	5.2403872480e-21	6.4727329856e-18	4.2248856009e-17	2.9346088072e-14	1.1526874734e-15	2.6427021905e-21	6.7676126414e-19	4.3134337492e-18	1.0598905906e-15	3.0025104710e-14	2.5368838658e-21	1.8245237173e-22	2.1972320816e-22	1.4939091868e-22	1.7334557720e-22	3.9497296869e-14
1.0855511426e+05	1.6978761010e-14	8.1626106294e-16	1.1646498055e-17	1.3262185972e-18	6.4376687026e-21	6.6994856941e-16	3.9018384089e-14	6.2169142005e-17	6.9173689235e-18	5.0113153051e-21	6.5005644575e-18	4.2339566050e-17	2.9309891346e-14	1.1576208458e-15	2.6812429643e-21	6.8119270475e-19	4.3323098059e-18	1.0645800645e-15	3.0019152335e-14	2.4961716326e-21	2.1038044832e-22	2.1667039830e-22	1.5330026241e-22	1.7623509244e-22	3.9410358178e-14
1.0856767539e+05	1.6978471465e-14	8.2037305561e-16	1.1824586078e-17	1.3577316229e-18	8.5568277764e-21	6.7390021760e-16	3.9048567958e-14	6.2600965465e-17	7.0257172652e-18	6.3105136858e-21	6.6206053338e-18	4.2728676226e-17	2.9155147597e-14	1.1786328814e-15	2.5189730402e-21	7.0001368413e-19	4.4128824334e-18	1.0845658647e-15	2.9994108651e-14	2.3952064409e-21	3.2548654719e-22	2.8780825087e-22	1.6721505417e-22	1.7619710620e-22	3.9017458297e-14
1.0858075276e+05	1.6974785297e-14	8.2463389384e-16	1.2011019551e-17	1.3898311110e-18	8.3603678875e-21	6.7799899924e-16	3.9077103943e-14	6.3049560682e-17	7.1370204233e-18	8.8989401465e-21	6.7466688180e-18	4.3133476117e-17	2.8994805767e-14	1.2000586442e-15	2.0839836740e-21	7.1936231423e-19	4.4961206357e-18	1.1049739590e-15	2.9968878301e-14	1.8977585386e-21	3.5244580945e-22	4.4151782842e-22	1.6355911867e-22	1.4931427753e-22	3.8710075166e-14
1.0858908151e+05	1.6916788263e-14	8.2733669477e-16	1.2129961397e-17	1.4100489430e-18	9.2754270014e-21	6.8060119711e-16	3.9051977119e-14	6.3333680469e-17	7.2072087500e-18	1.0275382526e-20	6.8273283407e-18	4.3390420262e-17	2.8893298309e-14	1.2132966108e-15	2.0296813424e-21	7.3162690015e-19	4.5488367250e-18	1.1176035912e-15	2.9953252457e-14	1.9462056560e-21	4.1118419000e-22	5.4167252900e-22	1.6093713227e-22	1.7480677553e-22	3.8530659336e-14
1.0859204814e+05	1.6896207134e-14	8.2829731006e-16	1.2172348479e-17	1.4172308215e-18	9.8063111573e-21	6.8152647704e-16	3.9043037522e-14	6.3434524309e-17	7.2321214822e-18	1.0535757085e-20	6.8561158432e-18	4.3481741847e-17	2.8857287051e-14	1.2179115284e-15	2.0217628501e-21	7.3599516944e-19	4.5675830562e-18	1.1220110725e-15	2.9947779865e-14	2.0765222367e-21	4.4361911877e-22	5.6595303607e-22	1.6053807841e-22	1.9286367519e-22	3.8461157858e-14
1.0860475472e+05	1.6808419567e-14	8.3239869509e-16	1.2354187775e-17	1.4479094552e-18	1.0994702449e-20	6.8547958427e-16	3.9004813046e-14	6.3864667413e-17	7.3385987784e-18	9.5789618285e-21	6.9798403684e-18	4.3871946742e-17	2.8704064344e-14	1.2369410345e-15	1.9676741751e-21	7.5471538125e-19	4.6478676929e-18	1.1402173398e-15	2.9925058801e-14	2.5087150776e-21	5.4139012098e-22	5.5682287361e-22	1.6920439170e-22	2.4099963266e-22	3.8168499723e-14
1.0861798352e+05	1.6717440840e-14	8.3664445702e-16	1.2544704838e-17	1.4795353754e-18	1.0446732576e-20	6.8957651228e-16	3.8965166630e-14	6.4311147810e-17	7.4494393993e-18	6.7128372063e-21	7.1097800271e-18	4.4277769601e-17	2.8546566258e-14	1.2551938899e-15	2.0769780394e-21	7.7412610340e-19	4.7316645978e-18	1.1577462574e-15	2.9903132330e-14	1.9232994495e-21	5.5193405833e-22	4.2732342395e-22	1.9893670534e-22	1.8436050364e-22	3.7928737771e-14
1.0862640871e+05	1.6747376480e-14	8.3933472948e-16	1.2667074411e-17	1.4993801958e-18	1.1100457979e-20	6.9217505367e-16	3.9008876861e-14	6.4596021644e-17	7.5200698739e-18	6.2351439770e-21	7.1933730089e-18	4.4536841784e-17	2.8447463117e-14	1.2658165729e-15	2.3505175459e-21	7.8637640720e-19	4.7851733111e-18	1.1679907803e-15	2.9890428225e-14	1.6577046389e-21	6.1271132932e-22	4.1478237335e-22	2.2854180692e-22	1.7295428192e-22	3.7776906178e-14
1.0862940969e+05	1.6726932680e-14	8.4029028670e-16	1.2710866507e-17	1.5063930215e-18	1.1375128566e-20	6.9309852303e-16	3.8999990731e-14	6.4697703459e-17	7.5452206801e-18	6.4054793071e-21	7.2233144957e-18	4.4629311086e-17	2.8412404793e-14	1.2693908872e-15	2.4692786396e-21	7.9071877943e-19	4.8042498836e-18	1.1714473923e-15	2.9886180070e-14	1.6886266111e-21	6.3786908600e-22	4.3155733196e-22	2.4056984697e-22	1.8388866207e-22	3.7720351487e-14
1.0864226341e+05	1.6639544408e-14	8.4436690584e-16	1.2899378028e-17	1.5362763013e-18	1.1458244271e-20	6.9704118156e-16	3.8962006910e-14	6.5134562613e-17	7.6527681346e-18	7.8438619516e-21	7.3524045088e-18	4.5026536790e-17	2.8263773300e-14	1.2833532939e-15	2.7489003437e-21	8.0928528306e-19	4.8859712704e-18	1.1850131912e-15	2.9869715743e-14	2.2917174196e-21	6.8584781625e-22	5.5994992050e-22	2.7760793632e-22	2.7592667823e-22	3.7494990106e-14
1.0865564539e+05	1.6636328116e-14	8.4858285422e-16	1.3096289081e-17	1.5676908334e-18	1.1234968489e-20	7.0112365270e-16	3.8991275221e-14	6.5590810884e-17	7.7640557267e-18	8.5592063023e-21	7.4877071289e-18	4.5441489053e-17	2.8111874650e-14	1.2954067632e-15	2.2939171480e-21	8.2885465263e-19	4.9708277546e-18	1.1968484657e-15	2.9855330303e-14	2.2904345781e-21	7.1581319855e-22	6.5432652514e-22	2.5220906303e-22	2.7698204321e-22	3.7304785160e-14
1.0866416814e+05	1.6579023231e-14	8.5125282677e-16	1.3221483337e-17	1.5881484198e-18	1.1542170422e-20	7.0371179351e-16	3.8966419870e-14	6.5881407040e-17	7.8342554775e-18	8.3658105539e-21	7.5740267716e-18	4.5706012219e-17	2.8016746299e-14	1.3016938599e-15	1.9298020539e-21	8.4159604720e-19	5.0245497871e-18	1.2031035031e-15	2.9847424871e-14	1.8486834442e-21	7.6642939398e-22	6.6263183131e-22	2.2088580650e-22	2.2596484770e-22	3.7177028698e-14
1.0866720387e+05	1.6645335321e-14	8.5220107022e-16	1.3265999195e-17	1.5955294475e-18	1.1660377493e-20	7.0463147475e-16	3.9025776878e-14	6.5984849220e-17	7.8590862810e-18	8.2333163496e-21	7.6047765968e-18	4.5800234110e-17	2.7983172083e-14	1.3036673367e-15	1.8509552033e-21	8.4619173798e-19	5.0435951990e-18	1.2050857501e-15	2.9844845159e-14	1.7158219619e-21	7.8581941415e-22	6.5915995484e-22	2.1343086229e-22	2.1225461045e-22	3.7129317725e-14
1.0868020642e+05	1.6558628105e-14	8.5624570969e-16	1.3456312161e-17	1.6275644197e-18	1.1753479906e-20	7.0855730595e-16	3.8988263156e-14	6.6427514719e-17	7.9642459103e-18	7.6558702003e-21	7.7365484594e-18	4.6203810341e-17	2.7841210762e-14	1.3105398906e-15	1.9170531396e-21	8.6614500065e-19	5.1245310616e-18	1.2121142774e-15	2.9835472817e-14	1.6793920824e-21	8.3965787938e-22	6.4011638013e-22	2.2548392528e-22	2.2664979385e-22	3.6938665479e-14
1.0869374336e+05	1.6555136908e-14	8.6042752736e-16	1.3654481049e-17	1.6611978720e-18	1.0713077374e-20	7.1262146292e-16	3.9017417714e-14	6.6888427316e-17	8.0717887686e-18	7.5225698227e-21	7.8742113927e-18	4.6624485232e-17	2.7696590501e-14	1.3150328195e-15	2.2548537960e-21	8.8715305206e-19	5.2077600312e-18	1.2169659244e-15	2.9829191355e-14	2.1524598044e-21	8.0425832859e-22	6.6458838561e-22	2.7797796976e-22	3.0832376592e-22	3.6775205737e-14
1.0870236480e+05	1.6498351206e-14	8.6307476693e-16	1.3781156867e-17	1.6825792398e-18	9.9445459700e-21	7.1519703393e-16	3.8992944941e-14	6.7182738622e-17	8.1395862693e-18	7.6770790761e-21	7.9624041260e-18	4.6893175808e-17	2.7606175678e-14	1.3165537297e-15	2.2936387430e-21	9.0055965699e-19	5.2604255095e-18	1.2188122248e-15	2.9827010762e-14	2.2283576627e-21	7.6895864816e-22	7.0304435375e-22	2.9160206016e-22	3.2795083785e-22	3.6666147078e-14
1.0870543568e+05	1.6478171346e-14	8.6401454949e-16	1.3826405600e-17	1.6901874286e-18	9.7502169073e-21	7.1611191570e-16	3.8984255355e-14	6.7287821687e-17	8.1636646049e-18	7.7193984335e-21	7.9939400130e-18	4.6989099203e-17	2.7574284175e-14	1.3168581929e-15	2.2554888629e-21	9.0534002121e-19	5.2791584075e-18	1.2192494808e-15	2.9826507877e-14	2.1797581273e-21	7.6223154152e-22	7.1502965593e-22	2.8971875140e-22	3.2390721858e-22	3.6625385731e-14
1.0871858880e+05	1.6391917312e-14	8.6802029168e-16	1.4021006490e-17	1.7228499280e-18	9.5228309663e-21	7.2001483853e-16	3.8947215079e-14	6.7739878631e-17	8.2666254621e-18	7.6791970577e-21	8.1297664531e-18	4.7401570529e-17	2.7439448869e-14	1.3168604227e-15	1.8739743679e-21	9.2590985502e-19	5.3594042139e-18	1.2199116097e-15	2.9825510537e-14	1.7428764736e-21	7.8208466048e-22	7.4042892325e-22	2.5179505704e-22	2.6958511535e-22	3.6460200613e-14
1.0873228248e+05	1.6302287246e-14	8.7215547648e-16	1.4224696724e-17	1.7572522385e-18	1.0052523992e-20	7.2404980441e-16	3.8908943737e-14	6.8214127364e-17	8.3736445066e-18	7.6279003531e-21	8.2723087996e-18	4.7833920130e-17	2.7301741001e-14	1.3148842497e-15	1.6301094590e-21	9.4763250621e-19	5.4430623012e-18	1.2187576975e-15	2.9826072744e-14	1.5458375538e-21	8.6534475888e-22	7.6475936235e-22	2.2957086945e-22	2.4923169187e-22	3.6319561264e-14
1.0874100375e+05	1.6332277440e-14	8.7476979422e-16	1.4354724274e-17	1.7794357121e-18	1.0610461461e-20	7.2660400131e-16	3.8952256679e-14	6.8517632500e-17	8.4416022894e-18	7.6511530942e-21	8.3635206746e-18	4.8110513130e-17	2.7215197077e-14	1.3127622053e-15	1.7664641608e-21	9.6166564423e-19	5.4963441579e-18	1.2172162060e-15	2.9827361320e-14	1.6779697212e-21	9.3511350291e-22	7.9158137709e-22	2.5367312934e-22	2.7953527037e-22	3.6228449774e-14
1.0874411020e+05	1.6312152244e-14	8.7569731920e-16	1.4401054731e-17	1.7873780304e-18	1.0852431509e-20	7.2751081194e-16	3.8943652218e-14	6.8625877026e-17	8.4657483749e-18	7.6638467847e-21	8.3960646219e-18	4.8209170822e-17	2.7184559189e-14	1.3118720843e-15	1.8494630726e-21	9.6669615335e-19	5.5153089584e-18	1.2165413854e-15	2.9828004933e-14	1.7427584063e-21	9.6341380734e-22	8.0290386391e-22	2.6696487337e-22	2.9400259064e-22	3.6194021911e-14
1.0875741562e+05	1.6312224796e-14	8.7964858130e-16	1.4599393204e-17	1.8215115538e-18	1.1893428824e-20	7.3137742151e-16	3.8974166484e-14	6.9089341507e-17	8.5687616187e-18	7.7239854673e-21	8.5356612228e-18	4.8631866650e-17	2.7054331263e-14	1.3074386439e-15	2.1386965228e-21	9.8836861085e-19	5.5964161893e-18	1.2130672765e-15	2.9831640427e-14	1.9056817893e-21	1.0874958242e-21	8.5438325461e-22	3.1709805292e-22	3.3748409560e-22	3.6048018430e-14
1.0877126787e+05	1.6223495214e-14	8.8372588807e-16	1.4805474468e-17	1.8570376959e-18	1.1939792482e-20	7.3537341222e-16	3.8936315919e-14	6.9569915776e-17	8.6754815362e-18	7.5156676648e-21	8.6812093962e-18	4.9070986436e-17	2.6920266441e-14	1.3021375043e-15	2.0408842821e-21	1.0110447109e-18	5.6807419853e-18	1.2088004092e-15	2.9836145962e-14	1.7026455717e-21	1.1325110103e-21	8.6726831717e-22	3.1772074932e-22	3.1084769789e-22	3.5918858570e-14
1.0878009013e+05	1.6167121693e-14	8.8630363913e-16	1.4936488790e-17	1.8796418984e-18	1.1265415685e-20	7.3790289687e-16	3.8912416539e-14	6.9874507426e-17	8.7434783495e-18	7.2294687608e-21	8.7740123156e-18	4.9349819622e-17	2.6835530049e-14	1.2986434834e-15	1.8305586140e-21	1.0255418886e-18	5.7345813933e-18	1.2059660407e-15	2.9839031451e-14	1.4709302316e-21	1.0971461428e-21	8.5025358230e-22	2.9574078166e-22	2.7184543028e-22	3.5838846967e-14
1.0878323254e+05	1.6232889262e-14	8.8721824691e-16	1.4983124010e-17	1.8877047265e-18	1.0953759996e-20	7.3880096758e-16	3.8970745294e-14	6.9982756415e-17	8.7677698559e-18	7.1233598421e-21	8.8070960985e-18	4.9449001581e-17	2.6805440792e-14	1.2974098376e-15	1.7549369221e-21	1.0307245155e-18	5.7538274537e-18	1.2049651780e-15	2.9840051595e-14	1.3971316259e-21	1.0770481113e-21	8.4292773377e-22	2.8703278776e-22	2.5943962315e-22	3.5808877369e-14
1.0879669204e+05	1.6147771851e-14	8.9111342599e-16	1.5182826952e-17	1.9224564741e-18	9.6241652985e-21	7.4262935821e-16	3.8934635203e-14	7.0445559381e-17	8.8727139882e-18	6.7499777991e-21	8.9490507510e-18	4.9873418701e-17	2.6676916385e-14	1.2923779431e-15	1.5665076329e-21	1.0531128825e-18	5.8369917515e-18	1.2009042842e-15	2.9844415438e-14	1.2401225426e-21	9.8460564749e-22	8.2080105296e-22	2.6487899373e-22	2.3879448268e-22	3.5677727852e-14
1.0881070469e+05	1.6144921116e-14	8.9512870158e-16	1.5390988195e-17	1.9592704417e-18	8.9676829645e-21	7.4658229497e-16	3.8963780858e-14	7.0927410531e-17	8.9844280107e-18	6.6747650391e-21	9.0974615750e-18	5.0315637958e-17	2.6543302530e-14	1.2879456507e-15	1.6767160003e-21	1.0768806025e-18	5.9254490664e-18	1.1974125269e-15	2.9848783368e-14	1.3320703920e-21	9.4889211337e-22	8.4279699973e-22	2.8564058121e-22	2.7112213987e-22	3.5557022128e-14
1.0881962910e+05	1.6089127947e-14	8.9766340133e-16	1.5523862489e-17	1.9831080798e-18	9.2373808043e-21	7.4908130034e-16	3.8940173993e-14	7.1235032873e-17	9.0572363688e-18	6.8321228913e-21	9.1924074314e-18	5.0597990311e-17	2.6458085314e-14	1.2857745915e-15	1.8177986774e-21	1.0922869578e-18	5.9830234378e-18	1.1957881187e-15	2.9851175055e-14	1.4122994643e-21	9.9427000492e-22	8.8726971721e-22	3.1330158903e-22	2.9510419536e-22	3.5485776000e-14
1.0882280790e+05	1.6069274730e-14	8.9856188566e-16	1.5571257950e-17	1.9916623828e-18	9.4623368583e-21	7.4996783707e-16	3.8931790858e-14	7.1344782690e-17	9.0834867359e-18	6.9190979393e-21	9.2263119297e-18	5.0698723918e-17	2.6427686874e-14	1.2851517972e-15	1.8616964710e-21	1.0978196679e-18	6.0037668327e-18	1.1953483641e-15	2.9851905899e-14	1.4273896608e-21	1.0246169234e-21	9.0733130761e-22	3.2314958892e-22	3.0029332804e-22	3.5459711079e-14
1.0883642325e+05	1.5984342482e-14	9.0238418990e-16	1.5774609020e-17	2.0285634419e-18	1.0821759740e-20	7.5374351202e-16	3.8895947566e-14	7.1815685937e-17	9.1976141560e-18	7.3814426745e-21	9.3720079152e-18	5.1130987571e-17	2.6297125263e-14	1.2835279778e-15	1.9462741584e-21	1.1217261879e-18	6.0938898326e-18	1.1944296719e-15	2.9854119277e-14	1.3759111574e-21	1.2068447020e-21	1.0015203357e-21	3.5292247325e-22	2.9438987784e-22	3.5343592564e-14
1.0885059816e+05	1.5981960717e-14	9.0631926072e-16	1.5986556606e-17	2.0672556656e-18	1.1800304570e-20	7.5763768676e-16	3.8925081598e-14	7.2306051649e-17	9.3188712015e-18	7.7490823045e-21	9.5242968148e-18	5.1581458572e-17	2.6160379433e-14	1.2839061850e-15	1.8788894852e-21	1.1468908763e-18	6.1895963637e-18	1.1953894821e-15	2.9854567039e-14	1.2080340828e-21	1.3654562083e-21	1.0748700810e-21	3.5885427308e-22	2.6048454856e-22	3.5230717774e-14
1.0885962592e+05	1.5926331660e-14	9.0880237037e-16	1.6121305314e-17	2.0920580153e-18	1.1638174105e-20	7.6009868876e-16	3.8901632884e-14	7.2617264732e-17	9.3972682615e-18	7.7840665706e-21	9.6213927873e-18	5.1867761305e-17	2.6072694201e-14	1.2853909468e-15	1.7993597890e-21	1.1630759073e-18	6.2514656733e-18	1.1971551241e-15	2.9853683731e-14	1.1281491957e-21	1.3796182258e-21	1.0920231070e-21	3.5222084338e-22	2.4642634692e-22	3.5165438821e-14
1.0886284153e+05	1.5906545711e-14	9.0968255301e-16	1.6169197869e-17	2.1009438595e-18	1.1413229599e-20	7.6097172257e-16	3.8893281310e-14	7.2727748755e-17	9.4254338831e-18	7.7539946778e-21	9.6559624990e-18	5.1969511426e-17	2.6041325677e-14	1.2861693240e-15	1.7683025853e-21	1.1688819850e-18	6.2736891547e-18	1.1980158572e-15	2.9853121935e-14	1.1122255529e-21	1.3643249815e-21	1.0924205757e-21	3.4821934374e-22	2.4490985402e-22	3.5142252382e-14
1.0887661453e+05	1.5907418815e-14	9.1342704595e-16	1.6373393956e-17	2.1395030983e-18	9.7646717677e-21	7.6468988908e-16	3.8923760794e-14	7.3198065510e-17	9.5478227075e-18	7.4363142428e-21	9.8037524156e-18	5.2403448900e-17	2.5906057474e-14	1.2910569060e-15	1.6734375633e-21	1.1940955363e-18	6.3701927248e-18	1.2031475447e-15	2.9849128541e-14	1.1143441372e-21	1.2060727622e-21	1.0712240611e-21	3.3361846009e-22	2.5786531088e-22	3.5039634540e-14
1.0889095358e+05	1.5820275527e-14	9.1728041867e-16	1.6583945123e-17	2.1808667983e-18	8.0467246634e-21	7.6852337089e-16	3.8887070197e-14	7.3682021044e-17	9.6790338389e-18	7.0166576123e-21	9.9568811764e-18	5.2851493015e-17	2.5763604843e-14	1.2989271453e-15	1.7133846050e-21	1.2211282463e-18	6.4734506478e-18	1.2110804434e-15	2.9842167204e-14	1.1835146546e-21	1.0202279833e-21	1.0426604987e-21	3.4557978736e-22	2.8763734150e-22	3.4936114262e-14
1.0890008587e+05	1.5849861344e-14	9.1970981529e-16	1.6716904133e-17	2.2079689243e-18	7.6115852949e-21	7.7094418530e-16	3.8929591568e-14	7.3987309805e-17	9.7650415687e-18	6.8448597129e-21	1.0053975906e-17	5.3134918004e-17	2.5672063353e-14	1.3054604631e-15	1.7640734641e-21	1.2388226829e-18	6.5409875001e-18	1.2175508258e-15	2.9836260926e-14	1.2340699678e-21	9.7870811393e-22	1.0384631705e-21	3.6208311692e-22	3.0490888922e-22	3.4876146602e-14
1.0890333872e+05	1.5830293829e-14	9.2057036039e-16	1.6764072717e-17	2.2177594892e-18	7.6143504775e-21	7.7180245649e-16	3.8921379176e-14	7.4095566494e-17	9.7961760090e-18	6.8069628796e-21	1.0088491733e-17	5.3235555048e-17	2.5639312162e-14	1.3080756378e-15	1.7806215864e-21	1.2452132135e-18	6.5654056315e-18	1.2201243456e-15	2.9833882442e-14	1.2475963720e-21	9.8421702505e-22	1.0399041499e-21	3.6840862990e-22	3.0918372772e-22	3.4855233373e-14
1.0891727121e+05	1.5746613620e-14	9.2422746935e-16	1.6965250884e-17	2.2603830413e-18	8.3648021176e-21	7.7545449275e-16	3.8886061860e-14	7.4556933282e-17	9.9326277170e-18	6.7195524352e-21	1.0236077395e-17	5.3665110759e-17	2.5498179072e-14	1.3209814521e-15	1.8266943231e-21	1.2730472402e-18	6.6722439160e-18	1.2327392931e-15	2.9822057148e-14	1.2492963046e-21	1.1098383332e-21	1.0530591717e-21	3.9280202758e-22	3.1027124599e-22	3.4763213370e-14
1.0893177630e+05	1.5744515575e-14	9.2798506098e-16	1.7173883980e-17	2.3056413844e-18	9.5451804136e-21	7.7921481854e-16	3.8915142292e-14	7.5034518113e-17	1.0080101137e-17	6.6734304611e-21	1.0389670661e-17	5.4110633967e-17	2.5349708586e-14	1.3372959049e-15	1.7979871176e-21	1.3026658294e-18	6.7874221302e-18	1.2485638901e-15	2.9806962049e-14	1.2009587249e-21	1.3054303250e-21	1.0680386708e-21	4.0183705259e-22	2.9669889228e-22	3.4666800254e-14
1.0894101433e+05	1.5689683315e-14	9.3035158448e-16	1.7306640137e-17	2.3348107133e-18	9.9768358144e-21	7.8158732748e-16	3.8891918513e-14	7.5337917748e-17	1.0176849314e-17	6.6433281270e-21	1.0487642859e-17	5.4393985368e-17	2.5254308810e-14	1.3491539060e-15	1.7745354472e-21	1.3218019502e-18	6.8628457868e-18	1.2600163466e-15	2.9795944843e-14	1.1729640598e-21	1.3898240683e-21	1.0771464695e-21	4.0388930716e-22	2.9107584641e-22	3.4610373666e-14
1.0894430484e+05	1.5670186746e-14	9.3118950107e-16	1.7353915604e-17	2.3452658840e-18	1.0031084715e-20	7.8242817107e-16	3.8883599844e-14	7.5445900297e-17	1.0211823483e-17	6.6243384478e-21	1.0522574710e-17	5.4494882051e-17	2.5220177350e-14	1.3536419617e-15	1.7708096600e-21	1.3286689817e-18	6.8900878033e-18	1.2643433463e-15	2.9791770934e-14	1.1667511526e-21	1.4060580975e-21	1.0793374161e-21	4.0508571885e-22	2.9072819673e-22	3.4591078242e-14
1.0895839867e+05	1.5586920506e-14	9.3474835958e-16	1.7556139565e-17	2.3905463550e-18	9.7220840849e-21	7.8600429829e-16	3.8847547599e-14	7.5907816893e-17	1.0364554476e-17	6.4321994032e-21	1.0672282888e-17	5.4926805569e-17	2.5073199479e-14	1.3743549179e-15	1.7691415483e-21	1.3584434089e-18	7.0089264264e-18	1.2842743294e-15	2.9772487099e-14	1.1751547694e-21	1.3959757357e-21	1.0724165937e-21	4.1113396287e-22	3.0164454286e-22	3.4507893185e-14
1.0897307171e+05	1.5585432357e-14	9.3840108200e-16	1.7765323113e-17	2.4388799765e-18	8.9763655507e-21	7.8968315936e-16	3.8877400598e-14	7.6386375074e-17	1.0528419235e-17	6.0489611889e-21	1.0827756032e-17	5.5375111296e-17	2.4919110864e-14	1.3982948186e-15	1.7602123252e-21	1.3902537156e-18	7.1362374694e-18	1.3072561407e-15	2.9750186509e-14	1.1692771057e-21	1.3177540004e-21	1.0348813468e-21	4.1308151287e-22	3.1307516399e-22	3.4417998460e-14
1.0898241672e+05	1.5530962466e-14	9.4069928579e-16	1.7897142363e-17	2.4704582846e-18	8.6208592211e-21	7.9200233923e-16	3.8853693091e-14	7.6688495583e-17	1.0635280348e-17	5.7888992323e-21	1.0926147057e-17	5.5658855336e-17	2.4820559468e-14	1.4146711201e-15	1.7523633493e-21	1.4110428717e-18	7.2191787647e-18	1.3229556833e-15	2.9734992228e-14	1.1531401364e-21	1.2834569967e-21	1.0058649581e-21	4.1380081895e-22	3.1660699395e-22	3.4363770964e-14
1.0898574533e+05	1.5511599783e-14	9.4151260840e-16	1.7943752651e-17	2.4818588316e-18	8.5432279700e-21	7.9282393771e-16	3.8845145916e-14	7.6795394323e-17	1.0673802030e-17	5.7035660287e-21	1.0961026254e-17	5.5759431200e-17	2.4785396574e-14	1.4206965085e-15	1.7497582006e-21	1.4185503028e-18	7.2490654830e-18	1.3287289501e-15	2.9729427006e-14	1.1509538104e-21	1.2784771891e-21	9.9616935415e-22	4.1425172976e-22	3.1842598716e-22	3.4345446405e-14
1.0900000236e+05	1.5513215896e-14	9.4496513322e-16	1.8141188580e-17	2.5314774591e-18	8.4827435500e-21	7.9631661109e-16	3.8876393744e-14	7.7248224756e-17	1.0841431339e-17	5.4102438059e-21	1.1109312744e-17	5.6186703777e-17	2.4634548122e-14	1.4475188730e-15	1.7299368926e-21	1.4512521674e-18	7.3790678156e-18	1.3544146960e-15	2.9704847981e-14	1.1573180053e-21	1.2986545259e-21	9.6457423543e-22	4.1503036334e-22	3.2808747857e-22	3.4269298782e-14
1.0901484531e+05	1.5511452949e-14	9.4850634191e-16	1.8343333964e-17	2.5841046981e-18	8.6288647642e-21	7.9990761510e-16	3.8905588789e-14	7.7711233695e-17	1.1020319174e-17	5.2724792761e-21	1.1261992099e-17	5.6625648057e-17	2.4477323227e-14	1.4769070232e-15	1.6751622477e-21	1.4860190472e-18	7.5177528645e-18	1.3825413430e-15	2.9678171991e-14	1.1690645712e-21	1.3521934670e-21	9.5987473011e-22	4.0924523059e-22	3.3609360370e-22	3.4186864662e-14
1.0902429853e+05	1.5457466333e-14	9.5073325139e-16	1.8470839099e-17	2.6179466602e-18	8.6600297307e-21	8.0217048208e-16	3.8882243759e-14	7.8002971694e-17	1.1136599073e-17	5.2689489260e-21	1.1358657523e-17	5.6903046884e-17	2.4377268727e-14	1.4962157753e-15	1.6248911164e-21	1.5084331880e-18	7.6078833806e-18	1.4010176587e-15	2.9660680877e-14	1.1815127345e-21	1.3762965126e-21	9.7261159270e-22	4.0244014505e-22	3.4146709854e-22	3.4134725698e-14
1.0902766568e+05	1.5438276688e-14	9.5152103575e-16	1.8516109695e-17	2.6300584590e-18	8.6448956367e-21	8.0297187948e-16	3.8873833570e-14	7.8106572066e-17	1.1178490692e-17	5.2765633167e-21	1.1393032994e-17	5.7001650536e-17	2.4341669872e-14	1.5031794374e-15	1.6060602394e-21	1.5164655842e-18	7.6403489542e-18	1.4076810318e-15	2.9654373340e-14	1.1864476603e-21	1.3805687400e-21	9.7894876248e-22	3.9982321610e-22	3.4344126810e-22	3.4116958301e-14
1.0904208779e+05	1.5439623164e-14	9.5486227676e-16	1.8709436688e-17	2.6824212076e-18	8.4249201518e-21	8.0637629190e-16	3.8904360025e-14	7.8549861210e-17	1.1361053782e-17	5.3179171387e-21	1.1540116856e-17	5.7423811250e-17	2.4189580586e-14	1.5333725357e-15	1.5298070666e-21	1.5512405201e-18	7.7817735653e-18	1.4365748879e-15	2.9627077578e-14	1.2036554974e-21	1.3728794376e-21	1.0082146299e-21	3.8921478645e-22	3.5111192160e-22	3.4045557594e-14
1.0905710262e+05	1.5355132820e-14	9.5828232966e-16	1.8909544107e-17	2.7382494439e-18	8.0399776854e-21	8.0987065537e-16	3.8867301564e-14	7.9011713537e-17	1.1557042252e-17	5.3481180791e-21	1.1692895430e-17	5.7863821865e-17	2.4032143250e-14	1.5651439601e-15	1.4624815945e-21	1.5883588004e-18	7.9334474361e-18	1.4669899763e-15	2.9598566592e-14	1.2062188826e-21	1.3382458459e-21	1.0351868790e-21	3.7909274274e-22	3.5640671108e-22	3.3971506166e-14
1.0906666530e+05	1.5301586455e-14	9.6042888710e-16	1.9035827320e-17	2.7747612271e-18	7.7873167288e-21	8.1206909530e-16	3.8843128117e-14	7.9305392815e-17	1.1684979444e-17	5.3700485745e-21	1.1789689951e-17	5.8143834613e-17	2.3932522126e-14	1.5853760963e-15	1.4234434814e-21	1.6126341311e-18	8.0323827805e-18	1.4863677337e-15	2.9580499101e-14	1.1937316689e-21	1.3144929435e-21	1.0517461601e-21	3.7228040855e-22	3.5667845313e-22	3.3922711237e-14
1.0907007145e+05	1.5282561669e-14	9.6118755016e-16	1.9080487438e-17	2.7879588176e-18	7.7029008545e-21	8.1284708409e-16	3.8834400651e-14	7.9409688392e-17	1.1731063594e-17	5.3783140128e-21	1.1824009073e-17	5.8243366265e-17	2.3897180977e-14	1.5925580165e-15	1.4103309570e-21	1.6214075431e-18	8.0680136479e-18	1.4932485910e-15	2.9574083616e-14	1.1867545129e-21	1.3068305724e-21	1.0575721429e-21	3.6987138963e-22	3.5615642434e-22	3.3905571715e-14
1.0908466056e+05	1.5284463812e-14	9.6440243320e-16	1.9269378597e-17	2.8455366753e-18	7.3926985073e-21	8.1614964678e-16	3.8866039835e-14	7.9853200099e-17	1.1930784090e-17	5.4146176353e-21	1.1969749696e-17	5.8667449442e-17	2.3746831728e-14	1.6230357058e-15	1.3634821640e-21	1.6596833916e-18	8.2224650323e-18	1.5224644383e-15	2.9546742923e-14	1.1545672758e-21	1.2813998378e-21	1.0823703471e-21	3.6156083834e-22	3.5351823453e-22	3.3836439597e-14
1.0909984925e+05	1.5200571787e-14	9.6769096714e-16	1.9461550634e-17	2.9068827778e-18	7.1544842351e-21	8.1953769778e-16	3.8827446781e-14	8.0308001887e-17	1.2141278417e-17	5.4620556542e-21	1.2119055675e-17	5.9104082346e-17	2.3592180973e-14	1.6540048059e-15	1.3379884417e-21	1.7004939203e-18	8.3854541646e-18	1.5521835675e-15	2.9518770731e-14	1.1388807262e-21	1.2661013206e-21	1.1111693738e-21	3.5949006354e-22	3.5599367941e-22	3.3768434122e-14
1.0910952266e+05	1.5230031296e-14	9.6975477081e-16	1.9581768433e-17	2.9464419119e-18	7.0236650608e-21	8.2166916114e-16	3.8871755193e-14	8.0594280473e-17	1.2276207524e-17	5.4904726257e-21	1.2212959879e-17	5.9379801083e-17	2.3494914086e-14	1.6731624159e-15	1.3347832681e-21	1.7268451723e-18	8.4900946318e-18	1.5705882897e-15	2.9501490658e-14	1.1429536991e-21	1.2578009603e-21	1.1305601340e-21	3.6218279341e-22	3.6149733062e-22	3.3723615814e-14
1.0911296825e+05	1.5211173939e-14	9.7048407740e-16	1.9624245969e-17	2.9606045156e-18	6.9774127005e-21	8.2242337452e-16	3.8863153068e-14	8.0695787937e-17	1.2324447824e-17	5.4955834362e-21	1.2246223486e-17	5.9477691122e-17	2.3460488596e-14	1.6798598325e-15	1.3354064124e-21	1.7362869829e-18	8.5275357283e-18	1.5770267769e-15	2.9495472308e-14	1.1466710038e-21	1.2545354416e-21	1.1366829808e-21	3.6370351005e-22	3.6407008790e-22	3.3707443303e-14
1.0912772629e+05	1.5130685246e-14	9.7357285126e-16	1.9804496558e-17	3.0217136979e-18	6.7728293229e-21	8.2562365535e-16	3.8825588284e-14	8.1128959269e-17	1.2532649972e-17	5.4587903000e-21	1.2387824141e-17	5.9895910607e-17	2.3314557255e-14	1.7076898420e-15	1.3407997812e-21	1.7770692645e-18	8.6892601173e-18	1.6038084351e-15	2.9470611866e-14	1.1699562271e-21	1.2376897498e-21	1.1514435717e-21	3.7128840615e-22	3.7685292693e-22	3.3640263136e-14
1.0914309086e+05	1.5129756028e-14	9.7672693169e-16	1.9989484261e-17	3.0863689694e-18	6.5870138097e-21	8.2890224461e-16	3.8855956063e-14	8.1578557988e-17	1.2753377767e-17	5.3622399887e-21	1.2533913822e-17	6.0330482210e-17	2.3165590108e-14	1.7349943622e-15	1.3396771137e-21	1.8202662487e-18	8.8608261602e-18	1.6301363565e-15	2.9446359997e-14	1.2179370149e-21	1.2231069094e-21	1.1547532694e-21	3.7772150050e-22	3.9641166434e-22	3.3575768488e-14
1.0915287628e+05	1.5077151073e-14	9.7870223247e-16	2.0105691858e-17	3.1283012210e-18	6.5168583796e-21	8.3096136150e-16	3.8831145431e-14	8.1864211796e-17	1.2896528160e-17	5.3257447783e-21	1.2626142702e-17	6.0606825100e-17	2.3072275130e-14	1.7513886602e-15	1.3382633280e-21	1.8482899502e-18	8.9721114235e-18	1.6459752232e-15	2.9431834813e-14	1.3105099968e-21	1.2221256991e-21	1.1621291594e-21	3.8183562915e-22	4.2787404826e-22	3.3534722937e-14
1.0915636177e+05	1.5140209937e-14	9.7939954500e-16	2.0146730390e-17	3.1433984577e-18	6.5008986826e-21	8.3168936799e-16	3.8890954698e-14	8.1965761861e-17	1.2947983492e-17	5.3228877281e-21	1.2658808178e-17	6.0705124634e-17	2.3039463019e-14	1.7570284418e-15	1.3398912758e-21	1.8583798119e-18	9.0121180532e-18	1.6514302820e-15	2.9426854637e-14	1.3700396772e-21	1.2234033466e-21	1.1669241064e-21	3.8393901442e-22	4.4756942762e-22	3.3519791206e-14
1.0917129070e+05	1.5060674968e-14	9.8234875440e-16	2.0320164895e-17	3.2090218816e-18	6.4487662694e-21	8.3477503918e-16	3.8854115912e-14	8.2399253808e-17	1.3170564168e-17	5.3880059760e-21	1.2797447604e-17	6.1125168332e-17	2.2900368736e-14	1.7799349541e-15	1.3927479768e-21	1.9022423789e-18	9.1852589609e-18	1.6736263738e-15	2.9406843058e-14	1.9623663965e-21	1.2322977681e-21	1.2035872556e-21	4.0666324658e-22	6.4211096247e-22	3.3455744407e-14
1.0918683318e+05	1.4978343053e-14	9.8535551515e-16	2.0496648516e-17	3.2787604574e-18	6.3783710177e-21	8.3793228519e-16	3.8814677050e-14	8.2848448830e-17	1.3404409639e-17	5.5693838452e-21	1.2939512491e-17	6.1561094292e-17	2.2758788697e-14	1.8015251113e-15	1.7491891585e-21	1.9488894099e-18	9.3674517210e-18	1.6946203298e-15	2.9388535121e-14	4.2264206305e-21	1.2401427562e-21	1.2645092364e-21	5.2235254623e-22	1.3889519738e-21	3.3393443545e-14
1.0919673192e+05	1.4926092345e-14	9.8723694313e-16	2.0607092852e-17	3.3236966710e-18	6.3557300262e-21	8.3991394736e-16	3.8789143727e-14	8.3134176306e-17	1.3553571549e-17	5.7198786199e-21	1.3028893697e-17	6.1838568195e-17	2.2670349738e-14	1.8140253436e-15	2.5160909783e-21	1.9789853135e-18	9.4838967516e-18	1.7068187650e-15	2.9378269575e-14	8.5694516730e-21	1.2498559742e-21	1.3105409733e-21	7.6365821593e-22	2.8311231453e-21	3.3355266148e-14
1.0920025776e+05	1.4907506283e-14	9.8790080600e-16	2.0646104706e-17	3.3397676379e-18	6.3550896621e-21	8.4061432981e-16	3.8780002573e-14	8.3235989282e-17	1.3606683056e-17	5.7743939372e-21	1.3060548514e-17	6.1937449871e-17	2.2639178173e-14	1.8182385247e-15	3.0189208404e-21	1.9897586516e-18	9.5254075566e-18	1.7109391720e-15	2.9374872991e-14	1.1425352401e-20	1.2547054130e-21	1.3272289952e-21	9.2168510809e-22	3.7830078467e-21	3.3341507736e-14
1.0921535957e+05	1.4910156755e-14	9.9070686511e-16	2.0811371886e-17	3.4088421851e-18	6.3641669995e-21	8.4358162161e-16	3.8812402866e-14	8.3672453908e-17	1.3834096450e-17	5.9524603146e-21	1.3195130295e-17	6.2361355543e-17	2.2508280451e-14	1.8348501006e-15	9.5628895330e-21	2.0361329579e-18	9.7034350594e-18	1.7272405632e-15	2.9361872007e-14	4.9419420089e-20	1.2765243438e-21	1.3878285522e-21	2.9906073225e-21	1.6537132861e-20	3.3281293103e-14
1.0923108202e+05	1.4909627996e-14	9.9356349885e-16	2.0980158183e-17	3.4809715859e-18	6.3291071022e-21	8.4661436035e-16	3.8842836523e-14	8.4126536876e-17	1.4071265713e-17	5.9461780702e-21	1.3333450574e-17	6.2802574977e-17	2.2375736458e-14	1.8496740172e-15	6.1997768233e-20	2.0846920401e-18	9.8895447519e-18	1.7418896114e-15	2.9351010432e-14	3.4764367713e-19	1.2871729725e-21	1.4105785618e-21	1.9761320009e-20	1.1778189419e-19	3.3220417552e-14
1.0924109538e+05	1.4857983827e-14	9.9534818934e-16	2.1085735816e-17	3.5269353162e-18	6.2824733992e-21	8.4851557330e-16	3.8817546823e-14	8.4414486492e-17	1.4223052308e-17	5.7959751416e-21	1.3420474056e-17	6.3082703131e-17	2.2293004051e-14	1.8578297202e-15	1.2815471112e-19	2.1157134535e-18	1.0008851556e-17	1.7500097418e-15	2.9345517448e-14	7.1338343598e-19	1.2883983778e-21	1.3903772762e-21	4.1209239120e-20	2.4371755287e-19	3.3181336466e-14
1.0924466205e+05	1.4839631860e-14	9.9597734702e-16	2.1122966980e-17	3.5433030628e-18	6.2641534842e-21	8.4918705342e-16	3.8808492041e-14	8.4516762987e-17	1.4277252381e-17	5.7265219235e-21	1.3451257136e-17	6.3182277268e-17	2.2263869169e-14	1.8604979114e-15	1.4374880128e-19	2.1267771114e-18	1.0051491350e-17	1.7526790593e-15	2.9343844373e-14	7.9784344641e-19	1.2883803568e-21	1.3792049423e-21	4.6361454280e-20	2.7337970562e-19	3.3169287440e-14
1.0925993872e+05	1.4842205161e-14	9.9863320060e-16	2.1280317580e-17	3.6133444633e-18	6.1855537802e-21	8.5202903461e-16	3.8840358526e-14	8.4953691569e-17	1.4509875571e-17	5.4956142712e-21	1.3581878462e-17	6.3608004747e-17	2.2141702017e-14	1.8705415452e-15	1.8349436918e-19	2.1742316495e-18	1.0234734792e-17	1.7628072388e-15	2.9338286352e-14	1.0103213490e-18	1.2877776856e-21	1.3469048661e-21	5.9935659019e-20	3.5052141647e-19	3.3094843065e-14
1.0927584323e+05	1.4761385155e-14	1.0013308264e-15	2.1441042825e-17	3.6861065555e-18	6.1050341439e-21	8.5492878126e-16	3.8800420881e-14	8.5408657425e-17	1.4752536421e-17	5.5284663360e-21	1.3716068707e-17	6.4051463043e-17	2.2017196993e-14	1.8786991388e-15	2.1094989578e-19	2.2237322498e-18	1.0426305573e-17	1.7711833139e-15	2.9335009379e-14	1.1581630333e-18	1.2878180927e-21	1.3788413520e-21	6.9822810076e-20	4.0689198449e-19	3.3070853798e-14
1.0928597254e+05	1.4790605265e-14	1.0030131454e-15	2.1542151815e-17	3.7323201583e-18	6.0623297313e-21	8.5674420339e-16	3.8845324507e-14	8.5699858477e-17	1.4907169861e-17	5.7073612259e-21	1.3800814841e-17	6.4335062586e-17	2.1940462408e-14	1.8827412141e-15	2.2819773590e-19	2.2552884555e-18	1.0548617929e-17	1.7754288271e-15	2.9334127024e-14	1.2516343157e-18	1.2895212821e-21	1.4384905897e-21	7.6165520548e-20	4.4318044012e-19	3.2969678918e-14
1.0928958051e+05	1.4772456670e-14	1.0036056650e-15	2.1577964412e-17	3.7487424707e-18	6.0494346286e-21	8.5738494603e-16	3.8836361198e-14	8.5803953514e-17	1.4962244130e-17	5.7917091267e-21	1.3830888398e-17	6.4436371206e-17	2.1913193059e-14	1.8839751498e-15	2.3456961259e-19	2.2665256608e-18	1.0592227061e-17	1.7767465421e-15	2.9334025339e-14	1.2860173576e-18	1.2904190290e-21	1.4651986116e-21	7.8523598798e-20	4.5660955725e-19	3.2972307613e-14
1.0930503408e+05	1.4694920440e-14	1.0061040386e-15	2.1730160510e-17	3.8186943095e-18	5.9968956779e-21	8.6009459595e-16	3.8797761524e-14	8.6251848034e-17	1.5197918773e-17	6.1952101405e-21	1.3959041457e-17	6.4871891856e-17	2.1798128868e-14	1.8881101421e-15	2.6465535191e-19	2.3145410349e-18	1.0779132125e-17	1.7813027161e-15	2.9334951422e-14	1.4463804258e-18	1.2930488919e-21	1.5932646268e-21	8.9710901031e-20	5.1953727292e-19	3.3020601850e-14
1.0932112276e+05	1.4614415066e-14	1.0086376526e-15	2.1886201519e-17	3.8904913182e-18	5.9397596950e-21	8.6285615049e-16	3.8757610131e-14	8.6720234026e-17	1.5442282773e-17	6.5241348361e-21	1.4091103708e-17	6.5326983520e-17	2.1680898376e-14	1.8905979388e-15	3.0085932703e-19	2.3641042332e-18	1.0973484755e-17	1.7843256743e-15	2.9337717565e-14	1.6365546400e-18	1.2933019245e-21	1.7075450489e-21	1.0329727185e-19	5.9479974249e-19	3.2815580143e-14
1.0933136936e+05	1.4644206917e-14	1.0102155935e-15	2.1984033725e-17	3.9355102666e-18	5.9053800005e-21	8.6458344299e-16	3.8802517743e-14	8.7018881003e-17	1.5596986378e-17	6.5973077427e-21	1.4174300354e-17	6.5617139071e-17	2.1609586059e-14	1.8913270017e-15	3.2619477399e-19	2.3953463084e-18	1.1096860008e-17	1.7854399222e-15	2.9340326871e-14	1.7697477834e-18	1.2940821101e-21	1.7452248769e-21	1.1288810769e-19	6.4795054303e-19	3.2820044490e-14
1.0933501911e+05	1.4626177598e-14	1.0107708985e-15	2.2018570571e-17	3.9514057095e-18	5.8936490999e-21	8.6519273307e-16	3.8793482440e-14	8.7125285320e-17	1.5651886999e-17	6.5914699379e-21	1.4203746598e-17	6.5720524178e-17	2.1583786507e-14	1.8914416169e-15	3.3591044465e-19	2.4064097519e-18	1.1140708767e-17	1.7856990964e-15	2.9341415784e-14	1.8211064688e-18	1.2946502225e-21	1.7499976786e-21	1.1657295992e-19	6.6848574141e-19	3.2851256672e-14
1.0935065162e+05	1.4549040536e-14	1.0131090303e-15	2.2164763465e-17	4.0186750915e-18	5.8575980343e-21	8.6776677894e-16	3.8754973940e-14	8.7581788554e-17	1.5885951684e-17	6.3932606812e-21	1.4328809206e-17	6.6163989957e-17	2.1474247347e-14	1.8911660041e-15	3.7880106126e-19	2.4534229204e-18	1.1328033406e-17	1.7860805708e-15	2.9346855275e-14	2.0491019020e-18	1.3024056951e-21	1.7210330679e-21	1.3298534603e-19	7.6047598498e-19	3.2909389326e-14
1.0936692660e+05	1.4549889432e-14	1.0154731625e-15	2.2314512019e-17	4.0873266018e-18	5.8526640996e-21	8.7038459716e-16	3.8785060945e-14	8.8060117417e-17	1.6128333493e-17	6.0527404467e-21	1.4457528098e-17	6.6628127127e-17	2.1365096809e-14	1.8897640308e-15	4.2705858045e-19	2.5017329008e-18	1.1522606961e-17	1.7854157639e-15	2.9353462212e-14	2.3075758682e-18	1.3235773832e-21	1.6460013458e-21	1.5167134359e-19	8.6603377266e-19	3.2692864975e-14
1.0937729184e+05	1.4579183660e-14	1.0169414448e-15	2.2408892003e-17	4.1302873796e-18	5.8744999777e-21	8.7201869646e-16	3.8829392781e-14	8.8367234148e-17	1.6282215807e-17	5.8870970319e-21	1.4538929627e-17	6.6925657580e-17	2.1297541517e-14	1.8884113895e-15	4.5952402203e-19	2.5321456410e-18	1.1646426312e-17	1.7845530522e-15	2.9358023719e-14	2.4818077626e-18	1.3457208878e-21	1.6071133748e-21	1.6437175533e-19	9.3796252096e-19	3.2585486286e-14
1.0938098386e+05	1.4561378870e-14	1.0174574315e-15	2.2442338388e-17	4.1454385253e-18	5.8897520215e-21	8.7259453237e-16	3.8820412794e-14	8.8477122029e-17	1.6336904054e-17	5.8515863253e-21	1.4567826934e-17	6.7032019152e-17	2.1272893108e-14	1.8878614543e-15	4.7137467684e-19	2.5429070274e-18	1.1690486774e-17	1.7841804197e-15	2.9359695026e-14	2.5452929559e-18	1.3556991717e-21	1.5989389250e-21	1.6903321872e-19	9.6433410528e-19	3.2576644032e-14
1.0939679739e+05	1.4485204759e-14	1.0196263644e-15	2.2584486952e-17	4.2093903707e-18	5.9788440780e-21	8.7502437804e-16	3.8782052251e-14	8.8950580603e-17	1.6569905403e-17	5.8770724942e-21	1.4690961832e-17	6.7489753100e-17	2.1167812703e-14	1.8852088274e-15	5.2434890777e-19	2.5885447663e-18	1.1878579157e-17	1.7822977464e-15	2.9366996930e-14	2.8268484051e-18	1.4045614405e-21	1.6110018034e-21	1.9001382563e-19	1.0822462650e-18	3.2677873710e-14
1.0941326082e+05	1.4485834877e-14	1.0218144753e-15	2.2730246169e-17	4.2742871955e-18	6.0296995591e-21	8.7749182158e-16	3.8811551026e-14	8.9447727561e-17	1.6809254095e-17	6.1602802616e-21	1.4817834518e-17	6.7969634327e-17	2.1062925669e-14	1.8821560775e-15	5.8339705520e-19	2.6352179356e-18	1.2072521354e-17	1.7800525263e-15	2.9374626275e-14	3.1348605606e-18	1.4436693360e-21	1.6978277044e-21	2.1367431302e-19	1.2129827924e-18	3.2756583372e-14
1.0942374609e+05	1.4435994917e-14	1.0231711057e-15	2.2821765449e-17	4.3147345271e-18	6.0211245021e-21	8.7903038862e-16	3.8786391819e-14	8.9766430744e-17	1.6959696684e-17	6.3964948778e-21	1.4897837308e-17	6.8276929525e-17	2.0994457644e-14	1.8801936136e-15	6.2291986751e-19	2.6644877365e-18	1.2194836863e-17	1.7786000849e-15	2.9379410835e-14	3.3383329913e-18	1.4561679318e-21	1.7736584401e-21	2.2968104428e-19	1.3003014146e-18	3.2682005332e-14
1.0942748085e+05	1.4418250791e-14	1.0236473837e-15	2.2854119614e-17	4.3289854581e-18	6.0117925016e-21	8.7957222547e-16	3.8777469881e-14	8.9880387976e-17	1.7012945437e-17	6.4792831583e-21	1.4926183035e-17	6.8386736130e-17	2.0970036653e-14	1.8795089228e-15	6.3741715166e-19	2.6748325331e-18	1.2238205479e-17	1.7780953057e-15	2.9381094032e-14	3.4126659739e-18	1.4584597469e-21	1.8014009335e-21	2.3558377000e-19	1.3323614989e-18	3.2635292029e-14
1.0944347749e+05	1.4342245637e-14	1.0256459729e-15	2.2991307239e-17	4.3892005645e-18	5.9410651660e-21	8.8185608132e-16	3.8739488192e-14	9.0371559555e-17	1.7239464166e-17	6.7709416852e-21	1.5046737462e-17	6.8859496306e-17	2.0865004809e-14	1.8767605233e-15	7.0116338007e-19	2.7187201372e-18	1.2423100364e-17	1.7761018715e-15	2.9388103420e-14	3.7381557678e-18	1.4569200937e-21	1.9084152021e-21	2.6176220704e-19	1.4738880098e-18	3.2408800777e-14
1.0946013156e+05	1.4343870470e-14	1.0276553268e-15	2.3131771249e-17	4.4506377281e-18	5.8394020156e-21	8.8417002863e-16	3.8768777653e-14	9.0888955425e-17	1.7473222214e-17	6.9024797426e-21	1.5170819143e-17	6.9356442026e-17	2.0762484980e-14	1.8744134007e-15	7.7108740547e-19	2.7637836752e-18	1.2614527991e-17	1.7745037024e-15	2.9394913231e-14	4.0935654239e-18	1.4430729760e-21	1.9783549298e-21	2.9085170600e-19	1.6302569071e-18	3.2298816439e-14
1.0947073825e+05	1.4294096335e-14	1.0288972652e-15	2.3219870746e-17	4.4891057665e-18	5.7742401771e-21	8.8560990986e-16	3.8743863502e-14	9.1221528187e-17	1.7620901380e-17	6.8781602017e-21	1.5249034931e-17	6.9675338899e-17	2.0693062595e-14	1.8733118869e-15	8.1747435832e-19	2.7921499086e-18	1.2735791286e-17	1.7738534335e-15	2.9398835729e-14	4.3291857498e-18	1.4332130583e-21	1.9929980913e-21	3.1037355718e-19	1.7348804277e-18	3.2331043414e-14
1.0947451626e+05	1.4276356146e-14	1.0293325893e-15	2.3250972570e-17	4.5026697881e-18	5.7521260427e-21	8.8611646677e-16	3.8735007737e-14	9.1340488502e-17	1.7673210613e-17	6.8520892589e-21	1.5276728268e-17	6.9789322423e-17	2.0668174734e-14	1.8730092047e-15	8.3434392010e-19	2.8021818485e-18	1.2778811061e-17	1.7737058582e-15	2.9400142812e-14	4.4149964833e-18	1.4301521117e-21	1.9928549003e-21	3.1751979558e-19	1.7731553734e-18	3.2356356156e-14
1.0949069813e+05	1.4280971899e-14	1.0311556300e-15	2.3382430129e-17	4.5598460825e-18	5.6722430769e-21	8.8824885816e-16	3.8765419156e-14	9.1852517477e-17	1.7895119570e-17	6.6928766796e-21	1.5394277826e-17	7.0279524054e-17	2.0570194964e-14	1.8723340291e-15	9.0807735143e-19	2.8446562686e-18	1.2961754586e-17	1.7736573133e-15	2.9405195321e-14	4.7908990188e-18	1.4232348030e-21	1.9738365907e-21	3.4907370867e-19	1.9419862835e-18	3.2483628339e-14
1.0950754505e+05	1.4282418715e-14	1.0329822889e-15	2.3516228070e-17	4.6177425596e-18	5.6384920301e-21	8.9040483257e-16	3.8794143297e-14	9.2389531087e-17	1.8122191120e-17	6.5948155404e-21	1.5514770461e-17	7.0793043649e-17	2.0467934921e-14	1.8728699584e-15	9.8759206758e-19	2.8879787226e-18	1.3149757781e-17	1.7747727040e-15	2.9409188831e-14	5.1968231235e-18	1.4329127876e-21	1.9648755501e-21	3.8362431059e-19	2.1263625662e-18	3.2527025724e-14
1.0951827455e+05	1.4233334405e-14	1.0341076631e-15	2.3599948551e-17	4.6538624635e-18	5.6532248797e-21	8.9174378634e-16	3.8769281117e-14	9.2734345188e-17	1.8264863207e-17	6.6354189459e-21	1.5590584798e-17	7.1122338431e-17	2.0397673496e-14	1.8739637206e-15	1.0397830449e-18	2.9151466537e-18	1.3268299843e-17	1.7761925000e-15	2.9410934246e-14	5.4635657986e-18	1.4495716456e-21	1.9865506521e-21	4.0655358058e-19	2.2486346933e-18	3.2469760050e-14
1.0952209631e+05	1.4215842174e-14	1.0345013515e-15	2.3629521354e-17	4.6666128463e-18	5.6641461772e-21	8.9221427048e-16	3.8760446208e-14	9.2857903265e-17	1.8315347260e-17	6.6693675237e-21	1.5617437104e-17	7.1240216331e-17	2.0372397165e-14	1.8745054432e-15	1.0586543371e-18	2.9247586567e-18	1.3310320500e-17	1.7768418048e-15	2.9411410125e-14	5.5603111347e-18	1.4570429347e-21	1.9998282322e-21	4.1489190958e-19	2.2931837121e-18	3.2435093987e-14
1.0953846556e+05	1.4220343998e-14	1.0361450580e-15	2.3754893081e-17	4.7206543266e-18	5.7170485780e-21	8.9419114606e-16	3.8790319407e-14	9.3392815640e-17	1.8529580440e-17	6.8724209770e-21	1.5731668802e-17	7.1749595960e-17	2.0273397922e-14	1.8777831707e-15	1.1406004815e-18	2.9656113697e-18	1.3489075067e-17	1.7805273232e-15	2.9412763338e-14	5.9839751821e-18	1.4907052979e-21	2.0736540678e-21	4.5142739830e-19	2.4895297371e-18	3.2239096359e-14
1.0955550755e+05	1.4143351199e-14	1.0377835379e-15	2.3883259088e-17	4.7759450146e-18	5.7333040067e-21	8.9618363557e-16	3.8751221155e-14	9.3960420913e-17	1.8748729427e-17	7.0490854068e-21	1.5849301607e-17	7.2288348177e-17	2.0159342496e-14	1.8829409996e-15	1.2276726813e-18	3.0076112003e-18	1.3672704069e-17	1.7860146914e-15	2.9412774395e-14	6.4404151746e-18	1.5147750123e-21	2.1410321788e-21	4.9080851355e-19	2.7033153461e-18	3.2043190187e-14
1.0956636130e+05	1.4094251114e-14	1.0387889787e-15	2.3963704842e-17	4.8105420416e-18	5.7227644187e-21	8.9741820655e-16	3.8726298004e-14	9.4327061856e-17	1.8885941614e-17	7.1112936928e-21	1.5923424390e-17	7.2635546704e-17	2.0085105323e-14	1.8872074159e-15	1.2846692072e-18	3.0340171597e-18	1.3788106157e-17	1.7904385854e-15	2.9411963172e-14	6.7395347225e-18	1.5233797992e-21	2.1703542106e-21	5.1679825757e-19	2.8446682048e-18	3.1968485835e-14
1.0957022731e+05	1.4076760697e-14	1.0391400440e-15	2.3992068826e-17	4.8227319583e-18	5.7179229113e-21	8.9785155792e-16	3.8717395305e-14	9.4458407963e-17	1.8934360593e-17	7.1272044284e-21	1.5949646628e-17	7.2759819086e-17	2.0058348228e-14	1.8889177084e-15	1.3053668154e-18	3.0433466612e-18	1.3828910314e-17	1.7921949277e-15	2.9411489851e-14	6.8476501657e-18	1.5258592248e-21	2.1793600503e-21	5.2626139222e-19	2.8960054025e-18	3.1954450310e-14
1.0958678611e+05	1.4082215235e-14	1.0406021505e-15	2.4111590294e-17	4.8741058334e-18	5.7015589884e-21	8.9967002395e-16	3.8747242340e-14	9.5024217236e-17	1.9139196095e-17	7.1968660734e-21	1.6060724813e-17	7.3294741658e-17	1.9958249129e-14	1.8974041976e-15	1.3965307763e-18	3.0828176651e-18	1.4002000266e-17	1.8008182227e-15	2.9408609682e-14	7.3192735333e-18	1.5359597362e-21	2.2215920104e-21	5.6807998760e-19	3.1214821688e-18	3.1966562602e-14
1.0960402544e+05	1.4084593940e-14	1.0420530129e-15	2.4232376008e-17	4.9262020199e-18	5.6983488408e-21	9.0149854668e-16	3.8775336949e-14	9.5617496837e-17	1.9348494595e-17	7.3334817759e-21	1.6174049935e-17	7.3855162812e-17	1.9852739969e-14	1.9082768080e-15	1.4952584874e-18	3.1230906918e-18	1.4179632886e-17	1.8117285951e-15	2.9403585331e-14	7.8237932241e-18	1.5485776062e-21	2.2895574443e-21	6.1369573263e-19	3.3653623726e-18	3.2065154348e-14
1.0961500486e+05	1.4036172047e-14	1.0429390617e-15	2.4307454245e-17	4.9587231793e-18	5.7038768456e-21	9.0262862630e-16	3.8750498056e-14	9.5997895839e-17	1.9479873282e-17	7.4545835316e-21	1.6245047375e-17	7.4214186433e-17	1.9776119968e-14	1.9162953119e-15	1.5599863033e-18	3.1483519800e-18	1.4291530729e-17	1.8197158135e-15	2.9399229046e-14	8.1533324997e-18	1.5587280634e-21	2.3444092711e-21	6.4380653929e-19	3.5260167434e-18	3.2138364216e-14
1.0961891564e+05	1.4018914024e-14	1.0432475154e-15	2.4333889638e-17	4.9701921589e-18	5.7067052706e-21	9.0302465602e-16	3.8741624232e-14	9.6134030748e-17	1.9526311426e-17	7.4992723424e-21	1.6270141572e-17	7.4342586310e-17	1.9748503543e-14	1.9193568539e-15	1.5834061663e-18	3.1572825563e-18	1.4331157175e-17	1.8227559419e-15	2.9397491711e-14	8.2724673393e-18	1.5626240937e-21	2.3645866187e-21	6.5473493002e-19	3.5843450093e-18	3.2161451321e-14
1.0963566618e+05	1.4024316498e-14	1.0445262667e-15	2.4445577413e-17	5.0186295463e-18	5.7215164806e-21	9.0468235706e-16	3.8770931527e-14	9.6721861822e-17	1.9723024620e-17	7.6786721767e-21	1.6376654950e-17	7.4896359908e-17	1.9645898846e-14	1.9336819691e-15	1.6860325820e-18	3.1951313341e-18	1.4499457213e-17	1.8369294517e-15	2.9389464173e-14	8.7933916773e-18	1.5800800092e-21	2.4488029869e-21	7.0279284817e-19	3.8409098188e-18	3.2220858270e-14
1.0965310513e+05	1.3948330582e-14	1.0457850478e-15	2.4559572360e-17	5.0677443794e-18	5.7413315723e-21	9.0634216788e-16	3.8731527771e-14	9.7342722038e-17	1.9923901700e-17	7.8605298435e-21	1.6486100192e-17	7.5480044636e-17	1.9521001220e-14	1.9506481622e-15	1.7967875762e-18	3.2337594381e-18	1.4672084147e-17	1.8536377484e-15	2.9378772451e-14	9.3520149095e-18	1.5993114021e-21	2.5378794959e-21	7.5500003399e-19	4.1187781524e-18	3.2191887641e-14
1.0966421170e+05	1.3978935515e-14	1.0465488030e-15	2.4631078689e-17	5.0982064821e-18	5.7594605360e-21	9.0736468495e-16	3.8773642594e-14	9.7742949300e-17	2.0049740403e-17	8.0053813322e-21	1.6555093524e-17	7.5855692906e-17	1.9458610288e-14	1.9625126802e-15	1.8692345716e-18	3.2578725574e-18	1.4780627587e-17	1.8652871815e-15	2.9371469961e-14	9.7152488129e-18	1.6131027629e-21	2.6045126011e-21	7.8941242989e-19	4.3009176358e-18	3.2124444973e-14
1.0966816776e+05	1.3961917612e-14	1.0468137991e-15	2.4656332252e-17	5.1088860721e-18	5.7673605208e-21	9.0772246560e-16	3.8764777085e-14	9.7886334143e-17	2.0094172740e-17	8.0661936538e-21	1.6579525222e-17	7.5990174739e-17	1.9430099500e-14	1.9669318677e-15	1.8954038657e-18	3.2663588254e-18	1.4819027511e-17	1.8696205959e-15	2.9368472690e-14	9.8461089614e-18	1.6184227454e-21	2.6311865277e-21	8.0189921447e-19	4.3667983996e-18	3.2092805387e-14
1.0968511226e+05	1.3888964726e-14	1.0479074531e-15	2.4763161533e-17	5.1535481111e-18	5.8081111023e-21	9.0921709473e-16	3.8726550266e-14	9.8505350938e-17	2.0282240507e-17	8.3758538923e-21	1.6683282582e-17	7.6570197504e-17	1.9306136966e-14	1.9869675738e-15	2.0098919914e-18	3.3020540807e-18	1.4981986976e-17	1.8892370595e-15	2.9354329313e-14	1.0417014470e-17	1.6429860004e-21	2.7613320993e-21	8.5685237216e-19	4.6557037296e-18	3.1928329395e-14
1.0970275314e+05	1.3813191907e-14	1.0489754595e-15	2.4871910985e-17	5.1981362395e-18	5.8524505108e-21	9.1070852380e-16	3.8686225895e-14	9.9158000310e-17	2.0474264273e-17	8.7042925256e-21	1.6789673526e-17	7.7180800135e-17	1.9174373208e-14	2.0096395425e-15	2.1334267993e-18	3.3380608951e-18	1.5149086887e-17	1.9113890588e-15	2.9337310844e-14	1.1031249922e-17	1.6685832254e-21	2.9000433648e-21	9.1668297697e-19	4.9690530884e-18	3.1744951795e-14
1.0971398831e+05	1.3844512175e-14	1.0496183635e-15	2.4939765546e-17	5.2255487166e-18	5.8748667923e-21	9.1162418612e-16	3.8728911216e-14	9.9577842804e-17	2.0594564312e-17	8.8548397250e-21	1.6856509336e-17	7.7573115222e-17	1.9112470550e-14	2.0249774698e-15	2.2141250131e-18	3.3604016366e-18	1.5254152162e-17	1.9263552690e-15	2.9327017829e-14	1.1432292469e-17	1.6834387517e-21	2.9695981790e-21	9.5609217709e-19	5.1750195442e-18	3.1643466521e-14
1.0971799019e+05	1.3827508475e-14	1.0498403564e-15	2.4963644387e-17	5.2351378624e-18	5.8807205174e-21	9.1194390719e-16	3.8719851892e-14	9.9728089021e-17	2.0637024788e-17	8.8934801055e-21	1.6880123825e-17	7.7713433569e-17	1.9082528112e-14	2.0305995266e-15	2.2431874972e-18	3.3682553105e-18	1.5291309398e-17	1.9318378657e-15	2.9322642061e-14	1.1576762329e-17	1.6882759665e-21	2.9893010705e-21	9.7035628914e-19	5.2494825724e-18	3.1612566041e-14
1.0973513090e+05	1.3833782204e-14	1.0507496765e-15	2.5064186456e-17	5.2752313326e-18	5.8869355023e-21	9.1327519485e-16	3.8748828153e-14	1.0037539601e-16	2.0816570679e-17	8.9987967554e-21	1.6980104718e-17	7.8317590427e-17	1.8976182440e-14	2.0555619003e-15	2.3695079008e-18	3.4013165893e-18	1.5448869924e-17	1.9561643831e-15	2.9304307099e-14	1.2204506551e-17	1.7046223564e-21	3.0520645923e-21	1.0328015862e-18	5.5746601365e-18	3.1520102647e-14
1.0975297605e+05	1.3758895859e-14	1.0516250905e-15	2.5165871725e-17	5.3153184909e-18	5.8678604621e-21	9.1459570168e-16	3.8708587266e-14	1.0105485105e-16	2.0999518891e-17	9.1364827721e-21	1.7082142100e-17	7.8951309065e-17	1.8842222939e-14	2.0829243401e-15	2.5048181260e-18	3.4347531769e-18	1.5610169879e-17	1.9828063727e-15	2.9281842575e-14	1.2873310520e-17	1.7151487889e-21	3.1249466792e-21	1.1003835796e-18	5.9239822711e-18	3.1497349092e-14
1.0976434132e+05	1.3789974952e-14	1.0521450801e-15	2.5229258087e-17	5.3399160548e-18	5.8680490906e-21	9.1540218395e-16	3.8750690331e-14	1.0149064656e-16	2.1114092702e-17	9.3148444408e-21	1.7146157349e-17	7.9357546258e-17	1.8779780328e-14	2.1009852774e-15	2.5935029863e-18	3.4554831623e-18	1.5711568281e-17	2.0003825119e-15	2.9268743553e-14	1.3307481984e-17	1.7253535797e-21	3.2026632408e-21	1.1449856558e-18	6.1523131016e-18	3.1517921151e-14
1.0976838953e+05	1.3773179509e-14	1.0523232995e-15	2.5251608192e-17	5.3484881683e-18	5.8741750669e-21	9.1568300607e-16	3.8741632855e-14	1.0164652417e-16	2.1154565362e-17	9.3976321947e-21	1.7168796227e-17	7.9502798906e-17	1.8749430363e-14	2.1075236818e-15	2.6256007142e-18	3.4627513302e-18	1.5747455811e-17	2.0067440772e-15	2.9263276392e-14	1.3463746373e-17	1.7307254809e-21	3.2371965952e-21	1.1611844803e-18	6.2347806170e-18	3.1530609712e-14
1.0978572872e+05	1.3779433520e-14	1.0530456140e-15	2.5346256458e-17	5.3840198518e-18	5.9311032027e-21	9.1684798216e-16	3.8770009186e-14	1.0231903794e-16	2.1326191789e-17	9.8102362242e-21	1.7264985462e-17	8.0129003350e-17	1.8642172581e-14	2.1360749756e-15	2.7660174603e-18	3.4931586918e-18	1.5900007745e-17	2.0345172394e-15	2.9241040778e-14	1.4143401685e-17	1.7628970952e-21	3.4061584946e-21	1.2324145683e-18	6.5951248537e-18	3.1606745840e-14
1.0980378051e+05	1.3705506031e-14	1.0537280381e-15	2.5443056955e-17	5.4189471570e-18	6.0050361100e-21	9.1799653088e-16	3.8729768218e-14	1.0302848159e-16	2.1502293605e-17	1.0175604499e-20	1.7363903004e-17	8.0788638895e-17	1.8507041277e-14	2.1665699472e-15	2.9165727998e-18	3.5235573473e-18	1.6057097375e-17	2.0641749772e-15	2.9214477110e-14	1.4868844159e-17	1.8017148482e-21	3.5590219886e-21	1.3094692659e-18	6.9826389971e-18	3.1699699498e-14
1.0981527739e+05	1.3658542110e-14	1.0541263720e-15	2.5503678834e-17	5.4401221007e-18	6.0444154764e-21	9.1869439598e-16	3.8703876641e-14	1.0348494332e-16	2.1613224140e-17	1.0322579560e-20	1.7426192613e-17	8.1212600913e-17	1.8420787644e-14	2.1862937034e-15	3.0144299247e-18	3.5422635892e-18	1.6156313910e-17	2.0833564315e-15	2.9196465205e-14	1.5339148450e-17	1.8245023200e-21	3.6254195522e-21	1.3599005837e-18	7.2355283628e-18	3.1751986194e-14
1.0981937247e+05	1.3641866102e-14	1.0542615180e-15	2.5525041433e-17	5.4474664187e-18	6.0561074494e-21	9.1893671944e-16	3.8694621064e-14	1.0364821165e-16	2.1652498610e-17	1.0362557655e-20	1.7448220535e-17	8.1364190047e-17	1.8390087082e-14	2.1933611400e-15	3.0496789633e-18	3.5488044543e-18	1.6191490949e-17	2.0902297183e-15	2.9189840665e-14	1.5508087379e-17	1.8319031241e-21	3.6446235159e-21	1.3781242772e-18	7.3266963093e-18	3.1767728715e-14
1.0983691244e+05	1.3648846960e-14	1.0548007415e-15	2.5614956442e-17	5.4777374873e-18	6.0912687070e-21	9.1993784138e-16	3.8723208195e-14	1.0435011347e-16	2.1819122149e-17	1.0518143273e-20	1.7541457929e-17	8.2015780966e-17	1.8284090741e-14	2.2237952935e-15	3.2035580744e-18	3.5760818293e-18	1.6341063025e-17	2.1198305360e-15	2.9165378836e-14	1.6240785530e-17	1.8586810477e-21	3.7212570868e-21	1.4579865498e-18	7.7240103822e-18	3.1810948202e-14
1.0985517326e+05	1.3575374433e-14	1.0552944583e-15	2.5705444855e-17	5.5071975016e-18	6.1073614436e-21	9.2091725036e-16	3.8682160520e-14	1.0508309385e-16	2.1989360821e-17	1.0755490755e-20	1.7636296171e-17	8.2696388604e-17	1.8148946480e-14	2.2555763984e-15	3.3695950542e-18	3.6031927767e-18	1.6494549569e-17	2.1507495878e-15	2.9134633430e-14	1.7021371062e-17	1.8793821025e-21	3.8270948837e-21	1.5446834384e-18	8.1504348875e-18	3.1805025988e-14
1.0986680326e+05	1.3606607739e-14	1.0555736181e-15	2.5761316528e-17	5.5249000374e-18	6.1097147773e-21	9.2150779270e-16	3.8724068664e-14	1.0555059087e-16	2.2095985177e-17	1.0968953280e-20	1.7695770403e-17	8.3130278206e-17	1.8088591230e-14	2.2757569248e-15	3.4782903050e-18	3.6198473944e-18	1.6590969707e-17	2.1703891935e-15	2.9120183123e-14	1.7527795569e-17	1.8896399907e-21	3.9162038505e-21	1.6017081784e-18	8.4288058194e-18	3.1772639623e-14
1.0987094577e+05	1.3590092340e-14	1.0556665367e-15	2.5780869047e-17	5.5310189802e-18	6.1094960464e-21	9.2171189608e-16	3.8714810485e-14	1.0571727843e-16	2.2133651244e-17	1.1053000651e-20	1.7716849763e-17	8.3284852494e-17	1.8058335736e-14	2.2829182921e-15	3.5174831346e-18	3.6256849551e-18	1.6625058607e-17	2.1773601315e-15	2.9113155643e-14	1.7709730711e-17	1.8928573096e-21	3.9509145325e-21	1.6223151008e-18	8.5291588900e-18	3.1756043153e-14
1.0988868884e+05	1.3597139502e-14	1.0560245973e-15	2.5863077789e-17	5.5563221263e-18	6.1071184527e-21	9.2254934698e-16	3.8742811653e-14	1.0643465854e-16	2.2293867090e-17	1.1420954564e-20	1.7805667757e-17	8.3950318568e-17	1.7954624843e-14	2.3133522713e-15	3.6879934949e-18	3.6500536879e-18	1.6770393038e-17	2.2069951596e-15	2.9088243111e-14	1.8497940042e-17	1.9049526044e-21	4.1028372445e-21	1.7123714159e-18	8.9658916972e-18	3.1658638032e-14
1.0990716111e+05	1.3524483723e-14	1.0563293491e-15	2.5946129969e-17	5.5813320702e-18	6.1173776374e-21	9.2335807670e-16	3.8701753918e-14	1.0718906891e-16	2.2459788421e-17	1.1736686057e-20	1.7896058043e-17	8.4649883293e-17	1.7822701602e-14	2.3444544722e-15	3.8707249229e-18	3.6745271048e-18	1.6921224388e-17	2.2373018456e-15	2.9056653064e-14	1.9336161040e-17	1.9197364588e-21	4.2413434938e-21	1.8094694648e-18	9.4336619751e-18	3.1522723646e-14
1.0991892578e+05	1.3555648253e-14	1.0564881134e-15	2.5997635136e-17	5.5966378199e-18	6.1425484245e-21	9.2383981408e-16	3.8743132751e-14	1.0767358474e-16	2.2565356482e-17	1.1886632070e-20	1.7952891033e-17	8.5098603786e-17	1.7764757472e-14	2.3638536850e-15	3.9903247535e-18	3.6897557737e-18	1.7017209400e-17	2.2562180009e-15	2.9043237145e-14	1.9881051953e-17	1.9349644562e-21	4.3142158438e-21	1.8732658358e-18	9.7394407615e-18	3.1426360190e-14
1.0992311626e+05	1.3539343464e-14	1.0565378196e-15	2.6015749973e-17	5.6019933528e-18	6.1567323678e-21	9.2400524865e-16	3.8733885885e-14	1.0784705255e-16	2.2602941159e-17	1.1935765053e-20	1.7972766371e-17	8.5259400126e-17	1.7735467574e-14	2.3706729572e-15	4.0335248001e-18	3.6950863151e-18	1.7051450911e-17	2.2628701656e-15	2.9036281170e-14	2.0077274581e-17	1.9420769047e-21	4.3385715832e-21	1.8963852617e-18	9.8498430392e-18	3.1391434793e-14
1.0994106479e+05	1.3469783517e-14	1.0567127631e-15	2.6091348690e-17	5.6242619729e-18	6.2525321137e-21	9.2467749830e-16	3.8694214733e-14	1.0859259419e-16	2.2763153873e-17	1.2164548126e-20	1.8057092258e-17	8.5949763924e-17	1.7611257230e-14	2.3992738993e-15	4.2217657984e-18	3.7175868753e-18	1.7197456187e-17	2.2907879446e-15	2.9005760993e-14	2.0929316062e-17	1.9848465426e-21	4.4510794704e-21	1.9974243190e-18	1.0331229749e-17	3.1244820351e-14
1.0995975096e+05	1.3398150576e-14	1.0568299627e-15	2.6166505992e-17	5.6462765383e-18	6.4027566956e-21	9.2531636115e-16	3.8653063544e-14	1.0937184309e-16	2.2927546991e-17	1.2535355398e-20	1.8142364233e-17	8.6671401059e-17	1.7484287011e-14	2.4278673656e-15	4.4227811001e-18	3.7402533619e-18	1.7347792234e-17	2.3187315319e-15	2.8972552361e-14	2.1833643173e-17	2.0477705724e-21	4.6185738280e-21	2.1059923834e-18	1.0845688209e-17	3.1109110317e-14
1.0997165185e+05	1.3429174938e-14	1.0568705655e-15	2.6212496306e-17	5.6596376279e-18	6.5095594912e-21	9.2569174550e-16	3.8694140812e-14	1.0986919970e-16	2.3030538601e-17	1.2857855548e-20	1.8194872947e-17	8.7132570767e-17	1.7429830181e-14	2.4453715372e-15	4.5538074992e-18	3.7541776988e-18	1.7442463696e-17	2.3358573159e-15	2.8963179450e-14	2.2418308488e-17	2.0927818647e-21	4.7591095505e-21	2.1771310160e-18	1.1180171468e-17	3.1038094984e-14
1.0997589085e+05	1.3413044179e-14	1.0568788298e-15	2.6228487641e-17	5.6642639761e-18	6.5467278768e-21	9.2581960618e-16	3.8684828018e-14	1.1004641364e-16	2.3066900004e-17	1.2981096653e-20	1.8213298130e-17	8.7296924629e-17	1.7401810337e-14	2.4514628699e-15	4.6011542501e-18	3.7590483706e-18	1.7475959848e-17	2.3418209683e-15	2.8956018118e-14	2.2628369051e-17	2.1088320037e-21	4.8129474099e-21	2.2028884937e-18	1.1300696441e-17	3.1016337707e-14
1.0999404721e+05	1.3420620537e-14	1.0568786100e-15	2.6294543551e-17	5.6833050630e-18	6.6819489654e-21	9.2633261426e-16	3.8712054840e-14	1.1080506905e-16	2.3221247920e-17	1.3479870147e-20	1.8291289121e-17	8.7999980929e-17	1.7308390934e-14	2.4766531189e-15	4.8084272955e-18	3.7795142016e-18	1.7618257639e-17	2.3665083572e-15	2.8937298011e-14	2.3540209677e-17	2.1715749156e-21	5.0373904885e-21	2.3158596186e-18	1.1825952115e-17	3.0946009028e-14
1.1002498846e+05	1.3380741278e-14	1.0567410480e-15	2.6398797395e-17	5.7138735344e-18	6.7722820301e-21	9.2707783286e-16	3.8711427149e-14	1.1210093941e-16	2.3484357229e-17	1.4046121506e-20	1.8417728568e-17	8.9201998339e-17	1.7138127706e-14	2.5159483569e-15	5.1771089396e-18	3.8130171675e-18	1.7861304340e-17	2.4051195787e-15	2.8901524411e-14	2.5139091776e-17	2.2338839018e-21	5.3177608900e-21	2.5181508733e-18	1.2754454013e-17	3.0912450804e-14
1.1002927655e+05	1.3364788764e-14	1.0567092525e-15	2.6412207716e-17	5.7179589603e-18	6.7719607755e-21	9.2716807859e-16	3.8702146856e-14	1.1228016633e-16	2.3521130784e-17	1.4106467064e-20	1.8435314159e-17	8.9367562760e-17	1.7111747819e-14	2.5210106382e-15	5.2294129586e-18	3.8176838683e-18	1.7895018428e-17	2.4101051362e-15	2.8895191204e-14	2.5364643281e-17	2.2381747773e-21	5.3517679014e-21	2.5469517243e-18	1.2886272348e-17	3.0915839417e-14
1.1004764315e+05	1.3372605043e-14	1.0565314474e-15	2.6468538146e-17	5.7354656622e-18	6.7576418179e-21	9.2752019927e-16	3.8728956222e-14	1.1305331338e-16	2.3680050711e-17	1.4421019156e-20	1.8505761952e-17	9.0085505335e-17	1.7025242613e-14	2.5415940118e-15	5.4570625800e-18	3.8370313992e-18	1.8041763847e-17	2.4304093773e-15	2.8881762903e-14	2.6340946129e-17	2.2499149571e-21	5.5145609807e-21	2.6730655890e-18	1.3458713979e-17	3.0948481404e-14
1.1007894268e+05	1.3258042525e-14	1.0560959542e-15	2.6556442049e-17	5.7642367237e-18	6.7429625818e-21	9.2799320031e-16	3.8661881900e-14	1.1437560980e-16	2.3950902503e-17	1.5117768767e-20	1.8620900597e-17	9.1312783603e-17	1.6842572054e-14	2.5724468914e-15	5.8613533166e-18	3.8693798043e-18	1.8291929694e-17	2.4609769526e-15	2.8839202896e-14	2.8043601077e-17	2.2712919038e-21	5.8604846945e-21	2.8985037142e-18	1.4465264950e-17	3.1050210220e-14
1.1008328042e+05	1.3242371872e-14	1.0560227628e-15	2.6567859119e-17	5.7681101558e-18	6.7455566485e-21	9.2804667953e-16	3.8652673266e-14	1.1455925080e-16	2.3988153009e-17	1.5214284149e-20	1.8636161084e-17	9.1483424329e-17	1.6817847177e-14	2.5762961761e-15	5.9192802110e-18	3.8737539818e-18	1.8326455560e-17	2.4648055544e-15	2.8833212976e-14	2.8283288685e-17	2.2757375989e-21	5.9075931193e-21	2.9309580561e-18	1.4607762906e-17	3.1066701184e-14
1.1010185969e+05	1.3250287229e-14	1.0556767389e-15	2.6614050265e-17	5.7843173900e-18	6.7766031238e-21	9.2824324792e-16	3.8678868824e-14	1.1534395644e-16	2.4146855719e-17	1.5587720275e-20	1.8700646792e-17	9.2212011236e-17	1.6739435324e-14	2.5916046038e-15	6.1725210375e-18	3.8923759196e-18	1.8473433592e-17	2.4800769534e-15	2.8826642232e-14	2.9320169786e-17	2.3016369211e-21	6.0935477403e-21	3.0732180544e-18	1.5226481799e-17	3.1137560971e-14
1.1013352166e+05	1.3212084527e-14	1.0549608155e-15	2.6682986278e-17	5.8111260816e-18	6.9032958445e-21	9.2845825553e-16	3.8677435608e-14	1.1667592077e-16	2.4418203158e-17	1.6177771959e-20	1.8802578853e-17	9.3451287033e-17	1.6594658512e-14	2.6133169209e-15	6.6213521135e-18	3.9233851985e-18	1.8725087362e-17	2.5019134262e-15	2.8807500688e-14	3.1124045124e-17	2.3712963919e-21	6.3855868466e-21	3.3272293871e-18	1.6311255067e-17	3.1237625175e-14
1.1013790962e+05	1.3196579976e-14	1.0548488920e-15	2.6691554581e-17	5.8148132845e-18	6.9254706433e-21	9.2847608861e-16	3.8668243423e-14	1.1686013070e-16	2.4456282888e-17	1.6266510155e-20	1.8815808122e-17	9.3623009039e-17	1.6571648282e-14	2.6158983787e-15	6.6850698638e-18	3.9276340636e-18	1.8760400675e-17	2.5045300722e-15	2.8802637679e-14	3.1377438727e-17	2.3826209090e-21	6.4277651859e-21	3.3634955125e-18	1.6464478960e-17	3.1247749741e-14
1.1015670404e+05	1.3204752840e-14	1.0543351707e-15	2.6725537082e-17	5.8306196715e-18	7.0234569840e-21	9.2851956012e-16	3.8693956939e-14	1.1764847170e-16	2.4621174180e-17	1.6682322779e-20	1.8870445354e-17	9.4358306573e-17	1.6500806327e-14	2.6258142399e-15	6.9622966662e-18	3.9458260661e-18	1.8913094388e-17	2.5146439104e-15	2.8802231801e-14	3.2472937759e-17	2.4317274402e-21	6.6203320705e-21	3.5218329347e-18	1.7129184665e-17	3.1277229883e-14
1.1018873263e+05	1.3167077280e-14	1.0533364220e-15	2.6773646867e-17	5.8574949930e-18	7.1729942028e-21	9.2847351784e-16	3.8692024607e-14	1.1898905476e-16	2.4907642656e-17	1.7535829594e-20	1.8957520797e-17	9.5608842076e-17	1.6368554578e-14	2.6386198284e-15	7.4530972381e-18	3.9769183761e-18	1.9177423053e-17	2.5279537175e-15	2.8792426177e-14	3.4381750212e-17	2.5031770947e-21	7.0131662452e-21	3.8040068624e-18	1.8295699646e-17	3.1268023091e-14
1.1019317141e+05	1.3151700588e-14	1.0531858721e-15	2.6779492101e-17	5.8611983363e-18	7.1902556888e-21	9.2845564383e-16	3.8682825540e-14	1.1917466969e-16	2.4947688969e-17	1.7667100519e-20	1.8968791965e-17	9.5782279592e-17	1.6347191185e-14	2.6400085469e-15	7.5230467803e-18	3.9811802284e-18	1.9214415975e-17	2.5294276976e-15	2.8788631338e-14	3.4649974540e-17	2.5109258072e-21	7.0739939363e-21	3.8444005523e-18	1.8460480507e-17	3.1260651939e-14
1.1021218345e+05	1.3086447015e-14	1.0525107040e-15	2.6801900559e-17	5.8768260573e-18	7.2574460276e-21	9.2834810558e-16	3.8643628916e-14	1.1996639336e-16	2.5119644152e-17	1.8236540280e-20	1.9016351399e-17	9.6521515622e-17	1.6256342314e-14	2.6449624965e-15	7.8273560544e-18	3.9994782057e-18	1.9372852455e-17	2.5347860123e-15	2.8772473013e-14	3.5807412348e-17	2.5399010062e-21	7.3430340484e-21	4.0206442110e-18	1.9174062665e-17	3.1212949966e-14
1.1024458292e+05	1.3049908202e-14	1.0512433752e-15	2.6831469292e-17	5.9029788191e-18	7.3905658633e-21	9.2805271060e-16	3.8641436108e-14	1.2130536603e-16	2.5415887410e-17	1.9243596682e-20	1.9089805913e-17	9.7775030374e-17	1.6134514033e-14	2.6499894766e-15	8.3625169740e-18	4.0301850534e-18	1.9645936282e-17	2.5406326268e-15	2.8769585801e-14	3.7816723579e-17	2.5896091299e-21	7.8227840888e-21	4.3327291350e-18	2.0421793544e-17	3.1077819182e-14
1.1024907309e+05	1.3034842434e-14	1.0510562789e-15	2.6834692999e-17	5.9065755257e-18	7.4131338856e-21	9.2800085790e-16	3.8632261390e-14	1.2148975374e-16	2.5457541692e-17	1.9394518781e-20	1.9099123292e-17	9.7948079952e-17	1.6113886767e-14	2.6503780052e-15	8.4381768580e-18	4.0343906022e-18	1.9684346798e-17	2.5411462020e-15	2.8766296576e-14	3.8099434909e-17	2.5976322825e-21	7.8950378630e-21	4.3770654835e-18	2.0598195246e-17	3.1054767846e-14
1.1026830528e+05	1.3043326085e-14	1.0502246272e-15	2.6845965583e-17	5.9218797296e-18	7.5160192850e-21	9.2774920773e-16	3.8657046128e-14	1.2227548726e-16	2.5638440614e-17	2.0091115465e-20	1.9137085423e-17	9.8686238329e-17	1.6057507867e-14	2.6512922406e-15	8.7662914183e-18	4.0523329844e-18	1.9850919568e-17	2.5426231231e-15	2.8775737235e-14	3.9322035192e-17	2.6349216097e-21	8.2304524731e-21	4.5699099073e-18	2.1363408383e-17	3.0947496463e-14
1.1030107992e+05	1.3007291369e-14	1.0486980163e-15	2.6855564743e-17	5.9474485552e-18	7.6977587649e-21	9.2721160179e-16	3.8654234092e-14	1.2359929896e-16	2.5956953592e-17	2.1372021037e-20	1.9195785694e-17	9.9931371570e-17	1.5944753461e-14	2.6504184627e-15	9.3430815876e-18	4.0828074396e-18	2.0142614776e-17	2.5427930953e-15	2.8778108618e-14	4.1447564643e-17	2.7083091254e-21	8.8509646927e-21	4.9110330972e-18	2.2702620267e-17	3.0745323646e-14
1.1030562209e+05	1.2992359979e-14	1.0484753629e-15	2.6856077983e-17	5.9509613409e-18	7.7224291448e-21	9.2712650018e-16	3.8645032378e-14	1.2378185233e-16	2.6002065774e-17	2.1547119047e-20	1.9203069462e-17	1.0010348964e-16	1.5925109417e-14	2.6500939720e-15	9.4249600102e-18	4.0869793917e-18	2.0183896519e-17	2.5426199414e-15	2.8775447331e-14	4.1746082539e-17	2.7190109525e-21	8.9353665396e-21	4.9596568733e-18	2.2891602193e-17	3.0716763705e-14
1.1032507698e+05	1.3001026514e-14	1.0474922550e-15	2.6856046242e-17	5.9658998916e-18	7.8251838345e-21	9.2673315035e-16	3.8669165379e-14	1.2456128757e-16	2.6197480804e-17	2.2278411469e-20	1.9232456883e-17	1.0083897817e-16	1.5873821153e-14	2.6482564960e-15	9.7802448740e-18	4.1047767834e-18	2.0362535392e-17	2.5414443411e-15	2.8787461230e-14	4.3035174004e-17	2.7648348533e-21	9.2907824494e-21	5.1712474042e-18	2.3710186705e-17	3.0596670107e-14
1.1035823113e+05	1.2893868203e-14	1.0457119386e-15	2.6847394042e-17	5.9908480048e-18	7.9909836241e-21	9.2595763781e-16	3.8602062115e-14	1.2587653376e-16	2.6537663861e-17	2.3524232198e-20	1.9277205424e-17	1.0208124036e-16	1.5732752230e-14	2.6438685584e-15	1.0400631973e-17	4.1349963384e-18	2.0672444453e-17	2.5382182074e-15	2.8769204830e-14	4.5274597841e-17	2.8403016961e-21	9.9098342167e-21	5.5432988099e-18	2.5141174392e-17	3.0410788182e-14
1.1036282589e+05	1.2879121135e-14	1.0454547995e-15	2.6845437254e-17	5.9942792577e-18	8.0125965892e-21	9.2584013577e-16	3.8592642835e-14	1.2605736142e-16	2.6585603303e-17	2.3702552685e-20	1.9282594517e-17	1.0225251218e-16	1.5712956412e-14	2.6431789994e-15	1.0488287113e-17	4.1391290159e-18	2.0716126678e-17	2.5376911793e-15	2.8766686761e-14	4.5589536442e-17	2.8500392207e-21	9.9975152108e-21	5.5961052294e-18	2.5343280525e-17	3.0387865173e-14
1.1041604411e+05	1.2853653295e-14	1.0423075045e-15	2.6807308529e-17	6.0335270463e-18	8.2343780574e-21	9.2430904768e-16	3.8613070888e-14	1.2810741732e-16	2.7161082642e-17	2.5735505820e-20	1.9334265999e-17	1.0420024495e-16	1.5562721944e-14	2.6349311235e-15	1.1537290591e-17	4.1869219942e-18	2.1237912496e-17	2.5313063414e-15	2.8783767026e-14	4.9313274738e-17	2.9480220090e-21	1.0997664852e-20	6.2324888768e-18	2.7748401745e-17	3.0191591474e-14
1.1042069208e+05	1.2839052866e-14	1.0420178632e-15	2.6802708988e-17	6.0369337427e-18	8.2534464240e-21	9.2416079500e-16	3.8603607025e-14	1.2828272718e-16	2.7213425864e-17	2.5908140105e-20	1.9337610019e-17	1.0436758203e-16	1.5543199142e-14	2.6342542938e-15	1.1631771250e-17	4.1910580217e-18	2.1285222200e-17	2.5307878989e-15	2.8781101682e-14	4.9644315147e-17	2.9560162241e-21	1.1083220058e-20	6.2901874909e-18	2.7963641893e-17	3.0180986542e-14
1.1047452654e+05	1.2814538892e-14	1.0385013062e-15	2.6735048503e-17	6.0762314589e-18	8.5316459261e-21	9.2227938323e-16	3.8622656085e-14	1.3027238397e-16	2.7844891076e-17	2.7779024698e-20	1.9366425187e-17	1.0627216618e-16	1.5396333728e-14	2.6282583687e-15	1.2757372966e-17	4.2390319516e-18	2.1853111986e-17	2.5265262959e-15	2.8793485577e-14	5.3556018764e-17	3.0681494989e-21	1.1994719886e-20	6.9825930521e-18	3.0522610404e-17	3.0135890867e-14
1.1047922833e+05	1.2800102735e-14	1.0381802687e-15	2.6728052784e-17	6.0796700969e-18	8.5637624394e-21	9.2210125108e-16	3.8613180593e-14	1.3044317339e-16	2.7902072758e-17	2.7942388600e-20	1.9367910215e-17	1.0643630739e-16	1.5376842273e-14	2.6279572290e-15	1.2858588533e-17	4.2431911104e-18	2.1904437365e-17	2.5263656092e-15	2.8790251581e-14	5.3905013183e-17	3.0807239059e-21	1.2072535569e-20	7.0452489717e-18	3.0752254903e-17	3.0138148187e-14
1.1053368616e+05	1.2705276698e-14	1.0343135571e-15	2.6634516849e-17	6.1187703740e-18	8.9353931352e-21	9.1988536884e-16	3.8566778777e-14	1.3237955821e-16	2.8587688481e-17	3.0263497167e-20	1.9376405881e-17	1.0830278552e-16	1.5189346162e-14	2.6282453954e-15	1.4060511518e-17	4.2910540844e-18	2.2517584102e-17	2.5281109523e-15	2.8770551218e-14	5.8019105599e-17	3.2279822088e-21	1.3171598960e-20	7.7948619897e-18	3.3475706468e-17	3.0219814057e-14
1.1053844240e+05	1.2690870918e-14	1.0339629616e-15	2.6625257752e-17	6.1221416379e-18	8.9659499217e-21	9.1967891550e-16	3.8556932438e-14	1.3254468170e-16	2.8649743754e-17	3.0495178831e-20	1.9376095181e-17	1.0846274947e-16	1.5169321688e-14	2.6286477504e-15	1.4168117234e-17	4.2951640775e-18	2.2573001473e-17	2.5286242034e-15	2.8766212940e-14	5.8384639829e-17	3.2400344162e-21	1.3279645125e-20	7.8623923954e-18	3.3719169407e-17	3.0230603466e-14
1.1059353082e+05	1.2668478488e-14	1.0297638148e-15	2.6503697896e-17	6.1611153220e-18	9.3691804840e-21	9.1714321168e-16	3.8574414950e-14	1.3439962186e-16	2.9395978552e-17	3.3053371860e-20	1.9362696039e-17	1.1026721981e-16	1.5019121925e-14	2.6385531978e-15	1.5443772195e-17	4.3428688964e-18	2.3237005322e-17	2.5395974348e-15	2.8758256200e-14	6.2700075341e-17	3.3936803094e-21	1.4510278058e-20	8.6685010179e-18	3.6609515130e-17	3.0373451030e-14
1.1059834213e+05	1.2724771256e-14	1.0293850461e-15	2.6492098770e-17	6.1645524663e-18	9.4033759279e-21	9.1690957082e-16	3.8628895275e-14	1.3455717920e-16	2.9463677546e-17	3.3282107527e-20	1.9360539979e-17	1.1042137494e-16	1.5039436900e-14	2.6399120371e-15	1.5557923137e-17	4.3470145532e-18	2.3297152784e-17	2.5410295724e-15	2.8776650767e-14	6.3084313175e-17	3.4064055273e-21	1.4621426146e-20	8.7410648548e-18	3.6868286840e-17	3.0386230724e-14
1.1065406845e+05	1.2561461735e-14	1.0248713194e-15	2.6347518492e-17	6.2046694790e-18	9.7496139844e-21	9.1406922519e-16	3.8515373492e-14	1.3632986458e-16	3.0276152918e-17	3.6283056005e-20	1.9328587934e-17	1.1216261926e-16	1.4803391934e-14	2.6618693721e-15	1.6906115132e-17	4.3953661138e-18	2.4016948930e-17	2.5635931769e-15	2.8703950608e-14	6.7609158600e-17	3.5378494889e-21	1.6089666272e-20	9.6040399698e-18	3.9932782177e-17	3.0515144295e-14
1.1065893547e+05	1.2618354513e-14	1.0244662000e-15	2.6334027569e-17	6.2082004990e-18	9.7834836956e-21	9.1380995481e-16	3.8570976126e-14	1.3648029177e-16	3.0349601737e-17	3.6569261677e-20	1.9324899296e-17	1.1231126546e-16	1.4822620110e-14	2.6643500262e-15	1.7026125659e-17	4.3995568380e-18	2.4081957494e-17	2.5661052232e-15	2.8723981274e-14	6.8011110530e-17	3.5507514065e-21	1.6231242837e-20	9.6813182043e-18	4.0206531680e-17	3.0523817073e-14
1.1071530707e+05	1.2597395378e-14	1.0196594712e-15	2.6165272944e-17	6.2487477306e-18	1.0240718296e-20	9.1068316902e-16	3.8586135955e-14	1.3816219548e-16	3.1229004200e-17	3.9902006966e-20	1.9273643255e-17	1.1398162625e-16	1.4660548690e-14	2.6996847286e-15	1.8444092113e-17	4.4480193483e-18	2.4858245133e-17	2.6015584036e-15	2.8688096148e-14	7.2755746291e-17	3.7244450316e-21	1.7874573435e-20	1.0600281714e-17	4.3454232551e-17	3.0579668355e-14
1.1072023045e+05	1.2583425634e-14	1.0192296299e-15	2.6149660817e-17	6.2523199492e-18	1.0282134749e-20	9.1039965018e-16	3.8576238108e-14	1.3830416208e-16	3.1308377349e-17	4.0200025669e-20	1.9268240406e-17	1.1412360866e-16	1.4639288104e-14	2.7033456508e-15	1.8570309198e-17	4.4522232220e-18	2.4928287366e-17	2.6052086590e-15	2.8679692067e-14	7.3177066378e-17	3.7400291947e-21	1.8020955829e-20	1.0682536635e-17	4.3744185106e-17	3.0580271384e-14
1.1077725480e+05	1.2493059504e-14	1.0141470533e-15	2.5959849793e-17	6.2948880266e-18	1.0786460719e-20	9.0700117832e-16	3.8525624624e-14	1.3989262434e-16	3.2258858259e-17	4.4004858573e-20	1.9199643118e-17	1.1572022110e-16	1.4431988521e-14	2.7522101324e-15	2.0058885705e-17	4.5019501840e-18	2.5764969945e-17	2.6537208378e-15	2.8600153898e-14	7.8144142365e-17	3.9262484996e-21	1.9878707037e-20	1.1658795688e-17	4.7179451445e-17	3.0533342448e-14
1.1078223519e+05	1.2479147341e-14	1.0136941876e-15	2.5942564014e-17	6.2987166810e-18	1.0835330271e-20	9.0669486739e-16	3.8515501971e-14	1.4002674104e-16	3.2344697650e-17	4.4356331880e-20	1.9192843844e-17	1.1585600858e-16	1.4410480043e-14	2.7570196217e-15	2.0191392220e-17	4.5063230410e-18	2.5840490656e-17	2.6584807520e-15	2.8589597763e-14	7.8585018805e-17	3.9438047877e-21	2.0046704456e-20	1.1746119261e-17	4.7485991197e-17	3.0524682773e-14
1.1083991985e+05	1.2460075505e-14	1.0083571256e-15	2.5732488404e-17	6.3429360518e-18	1.1464816024e-20	9.0304309315e-16	3.8528896557e-14	1.4150718882e-16	3.3366511755e-17	4.8191322987e-20	1.9107352849e-17	1.1736599322e-16	1.4236061216e-14	2.8184521659e-15	2.1754413340e-17	4.5571629218e-18	2.6738232149e-17	2.7191461350e-15	2.8527021473e-14	8.3780491074e-17	4.1653536002e-21	2.1886914815e-20	1.2782576193e-17	5.1115309439e-17	3.0376261290e-14
1.1084495791e+05	1.2446286755e-14	1.0078829410e-15	2.5713455191e-17	6.3468099048e-18	1.1523783862e-20	9.0271546726e-16	3.8518784269e-14	1.4163045822e-16	3.3457948869e-17	4.8525882981e-20	1.9099081208e-17	1.1749299673e-16	1.4214118347e-14	2.8242791031e-15	2.1893379147e-17	4.5615638363e-18	2.6818615028e-17	2.7248909146e-15	2.8515208765e-14	8.4242356269e-17	4.1856094446e-21	2.2045860526e-20	1.2875166791e-17	5.1439511107e-17	3.0359620046e-14
1.1090331053e+05	1.2427886222e-14	1.0023096935e-15	2.5485905042e-17	6.3924257507e-18	1.2261780609e-20	8.9882620101e-16	3.8531011949e-14	1.4300557802e-16	3.4552271288e-17	5.2870794037e-20	1.8998579436e-17	1.1891766361e-16	1.4035394171e-14	2.8962910005e-15	2.3528131967e-17	4.6134420112e-18	2.7778899730e-17	2.7958090317e-15	2.8442411617e-14	8.9678105008e-17	4.4402071449e-21	2.4101564024e-20	1.3971085983e-17	5.5272807577e-17	3.0135277041e-14
1.1090840693e+05	1.2414247627e-14	1.0018159256e-15	2.5465563784e-17	6.3964995074e-18	1.2334975497e-20	8.9847876555e-16	3.8520860012e-14	1.4312164897e-16	3.4651266288e-17	5.3286238687e-20	1.8989147314e-17	1.1903884893e-16	1.4013222150e-14	2.9029252719e-15	2.3673497951e-17	4.6179941594e-18	2.7865744756e-17	2.8023373280e-15	2.8429607487e-14	9.0160132897e-17	4.4653864739e-21	2.4298250947e-20	1.4068989065e-17	5.5614397431e-17	3.0113614037e-14
1.1096743524e+05	1.2327372329e-14	9.9602843569e-16	2.5223222411e-17	6.4435561989e-18	1.3301582798e-20	8.9437126661e-16	3.8467513452e-14	1.4439002301e-16	3.5822148837e-17	5.8041957566e-20	1.8875422122e-17	1.2037633980e-16	1.3794229921e-14	2.9827417787e-15	2.5386088678e-17	4.6710409123e-18	2.8892217907e-17	2.8808433155e-15	2.8312182795e-14	9.5832026589e-17	4.7978168865e-21	2.6564745080e-20	1.5229226728e-17	5.9651364248e-17	2.9852364657e-14
1.1097259065e+05	1.2382913097e-14	9.9551691670e-16	2.5201578526e-17	6.4476503367e-18	1.3390795662e-20	8.9400562803e-16	3.8521629046e-14	1.4449432135e-16	3.5926067538e-17	5.8451999208e-20	1.8864825476e-17	1.2048785127e-16	1.3809911676e-14	2.9899210515e-15	2.5538104608e-17	4.6756190260e-18	2.8983424573e-17	2.8879027888e-15	2.8336178375e-14	9.6335061591e-17	4.8284752360e-21	2.6763091752e-20	1.5332729435e-17	6.0011013472e-17	2.9829310254e-14
1.1103230248e+05	1.2365774104e-14	9.8953294513e-16	2.4945468003e-17	6.4950962865e-18	1.4422509778e-20	8.8969539546e-16	3.8531477474e-14	1.4564487480e-16	3.7163687263e-17	6.3703738398e-20	1.8738564422e-17	1.2172831367e-16	1.3629428995e-14	3.0742270511e-15	2.7327251244e-17	4.7291496738e-18	3.0068324404e-17	2.9708033481e-15	2.8252189348e-14	1.0225098310e-16	5.1761239379e-21	2.9334269681e-20	1.6557879503e-17	6.4258534560e-17	2.9572800590e-14
1.1103751758e+05	1.2352388329e-14	9.8900513541e-16	2.4922829789e-17	6.4993258691e-18	1.4518614564e-20	8.8931283969e-16	3.8521274625e-14	1.4574091741e-16	3.7275240678e-17	6.4218368798e-20	1.8727019034e-17	1.2183301585e-16	1.3607326379e-14	3.0816353647e-15	2.7486188438e-17	4.7338441738e-18	3.0166119583e-17	2.9780892853e-15	2.8238296695e-14	1.0277453594e-16	5.2080186499e-21	2.9585688606e-20	1.6667203937e-17	6.4636180605e-17	2.9551810972e-14
1.1109792084e+05	1.2267660726e-14	9.8284578240e-16	2.4656831890e-17	6.5484052470e-18	1.5807466907e-20	8.8481858259e-16	3.8466227857e-14	1.4678112770e-16	3.8591562228e-17	7.0278910134e-20	1.8591049100e-17	1.2298218582e-16	1.3392119532e-14	3.1668211353e-15	2.9357307356e-17	4.7887799507e-18	3.1319342058e-17	3.0618990719e-15	2.8115192934e-14	1.0892021258e-16	5.6481778645e-21	3.2591049184e-20	1.7961991664e-17	6.9087205397e-17	2.9335464563e-14
1.1110319634e+05	1.2254511925e-14	9.8230375734e-16	2.4633373149e-17	6.5526371536e-18	1.5929257624e-20	8.8442094790e-16	3.8455783342e-14	1.4686605322e-16	3.8708263095e-17	7.0821597998e-20	1.8578691674e-17	1.2307766328e-16	1.3370141919e-14	3.1741504924e-15	2.9523425845e-17	4.7934921503e-18	3.1421701665e-17	3.0691138028e-15	2.8101241549e-14	1.0946398028e-16	5.6900875220e-21	3.2861040696e-20	1.8077423703e-17	6.9482800751e-17	2.9319182993e-14
1.1116429903e+05	1.2238948018e-14	9.7598884452e-16	2.4358446194e-17	6.6011086000e-18	1.7299650361e-20	8.7976027334e-16	3.8463696363e-14	1.4778779864e-16	4.0092535757e-17	7.7825238464e-20	1.8433748489e-17	1.2412788530e-16	1.3200009516e-14	3.2566604273e-15	3.1479869074e-17	4.8481731735e-18	3.2635080270e-17	3.1503931077e-15	2.8018382902e-14	1.1583551011e-16	6.1537857806e-21	3.6339231427e-20	1.9444349067e-17	7.4137535398e-17	2.9166795919e-14
1.1116963561e+05	1.2225925041e-14	9.7543401527e-16	2.4334309584e-17	6.6054151030e-18	1.7422230335e-20	8.7934881769e-16	3.8453184668e-14	1.4786339840e-16	4.0216461891e-17	7.8500843084e-20	1.8420684472e-17	1.2421554121e-16	1.3178678257e-14	3.2636074227e-15	3.1654204594e-17	4.8529534106e-18	3.2743765502e-17	3.1572427370e-15	2.8004819184e-14	1.1639802565e-16	6.1948764430e-21	3.6673515244e-20	1.9566606565e-17	7.4550340002e-17	2.9156742302e-14
1.1123144584e+05	1.2144192852e-14	9.6898023026e-16	2.4053282125e-17	6.6558014710e-18	1.9015574418e-20	8.7453934123e-16	3.8395483925e-14	1.4867584041e-16	4.1670815409e-17	8.6615377394e-20	1.8266790331e-17	1.2517591792e-16	1.2977541493e-14	3.3401327197e-15	3.3710862301e-17	4.9086325654e-18	3.4020334289e-17	3.2327842319e-15	2.7890297535e-14	1.2297507471e-16	6.7322372035e-21	4.0666386762e-20	2.1014782761e-17	7.9398917019e-17	2.9078693951e-14
1.1123684422e+05	1.2131381707e-14	9.6841703583e-16	2.4028004143e-17	6.6599939521e-18	1.9165562283e-20	8.7411533132e-16	3.8384810734e-14	1.4873898786e-16	4.1798861394e-17	8.7336224222e-20	1.8254818001e-17	1.2525084648e-16	1.2956835211e-14	3.3464325831e-15	3.3892690014e-17	4.9139217801e-18	3.4132032964e-17	3.2390110785e-15	2.7877525427e-14	1.2355603163e-16	6.7839316774e-21	4.1027909190e-20	2.1144353941e-17	7.9828003015e-17	2.9075172275e-14
1.1129937018e+05	1.2117288529e-14	9.6184696899e-16	2.3742191713e-17	6.7103471824e-18	2.0954533753e-20	8.6917468911e-16	3.8390562092e-14	1.4943563423e-16	4.3314018556e-17	9.6704141256e-20	1.8095181672e-17	1.2611284439e-16	1.2809410474e-14	3.4141749013e-15	3.6050128709e-17	4.9696450915e-18	3.5463971195e-17	3.3060942834e-15	2.7807110767e-14	1.3033394029e-16	7.3885779742e-21	4.5621846712e-20	2.2675773693e-17	8.4868459794e-17	2.9069023705e-14
1.1130483107e+05	1.2170622411e-14	9.6127192252e-16	2.3717195904e-17	6.7147798040e-18	2.1119452857e-20	8.6874044314e-16	3.8444006255e-14	1.4949142423e-16	4.3448971376e-17	9.7608668174e-20	1.8081093548e-17	1.2618367455e-16	1.2831621407e-14	3.4196130901e-15	3.6242550023e-17	4.9745284305e-18	3.5582662568e-17	3.3114909251e-15	2.7831217846e-14	1.3093015672e-16	7.4441388213e-21	4.6063877724e-20	2.2812829489e-17	8.5313851818e-17	2.9071325739e-14
1.1136808104e+05	1.2091016326e-14	9.5460707540e-16	2.3427095808e-17	6.7663657419e-18	2.3216294970e-20	8.6368529954e-16	3.8384503717e-14	1.5008055647e-16	4.5025987178e-17	1.0851519870e-19	1.7918306043e-17	1.2695129954e-16	1.2657138070e-14	3.4764898610e-15	3.8518736784e-17	5.0318143860e-18	3.6970365602e-17	3.3680836465e-15	2.7733160695e-14	1.3787770597e-16	8.1616043428e-21	5.1443132955e-20	2.4440845210e-17	9.0526289709e-17	2.9124435340e-14
1.1137360516e+05	1.2078456292e-14	9.5402447870e-16	2.3401870603e-17	6.7709019926e-18	2.3411279362e-20	8.6324197011e-16	3.8373767328e-14	1.5012746138e-16	4.5164396408e-17	1.0948674402e-19	1.7903868292e-17	1.2701449894e-16	1.2638873999e-14	3.4809102232e-15	3.8722073217e-17	5.0367750642e-18	3.7092396135e-17	3.3724967282e-15	2.7721958385e-14	1.3848876759e-16	8.2289557580e-21	5.1923596004e-20	2.4586653004e-17	9.0986806578e-17	2.9131103567e-14
1.1143758754e+05	1.2065314531e-14	9.4728216685e-16	2.3109594055e-17	6.8236526003e-18	2.5792221020e-20	8.5809082910e-16	3.8377079779e-14	1.5061515702e-16	4.6780848559e-17	1.2136832322e-19	1.7737444762e-17	1.2769468244e-16	1.2522363183e-14	3.5255736380e-15	4.1126917813e-17	5.0949366634e-18	3.8518337321e-17	3.4172771473e-15	2.7669315628e-14	1.4560586174e-16	9.0552480297e-21	5.7840422256e-20	2.6318177348e-17	9.6372819065e-17	2.9224250517e-14
1.1144317563e+05	1.2052872710e-14	9.4669361552e-16	2.3084145921e-17	6.8283564577e-18	2.6023943875e-20	8.5763987078e-16	3.8366343908e-14	1.5065349453e-16	4.6923586282e-17	1.2248771507e-19	1.7722667682e-17	1.2775047795e-16	1.2505469304e-14	3.5289025982e-15	4.1341362843e-17	5.1000202063e-18	3.8644430495e-17	3.4206338342e-15	2.7658939393e-14	1.4622924769e-16	9.1369246187e-21	5.8402290640e-20	2.6473012601e-17	9.6846846294e-17	2.9233427867e-14
1.1150789888e+05	1.2040245916e-14	9.3989183160e-16	2.2790297756e-17	6.8833446808e-18	2.9016901126e-20	8.5240920250e-16	3.8368610199e-14	1.5104579551e-16	4.8583377884e-17	1.3607349957e-19	1.7553114013e-17	1.2834800891e-16	1.2405508789e-14	3.5609137233e-15	4.3887926176e-17	5.1598408657e-18	4.0111768342e-17	3.4531588305e-15	2.7616272981e-14	1.5348183776e-16	1.0219168110e-20	6.5274582380e-20	2.8318197314e-17	1.0238432736e-16	2.9344396180e-14
1.1151355168e+05	1.2027903901e-14	9.3929894359e-16	2.2764890397e-17	6.8881866329e-18	2.9280267773e-20	8.5195209739e-16	3.8357875779e-14	1.5107625712e-16	4.8728522437e-17	1.3729526251e-19	1.7538202605e-17	1.2839695935e-16	1.2389931293e-14	3.5631477187e-15	4.4116017777e-17	5.1650251132e-18	4.0240336507e-17	3.4554541356e-15	2.7606659314e-14	1.5411752482e-16	1.0314169606e-20	6.5897498505e-20	2.8483847202e-17	1.0287185959e-16	2.9354120181e-14
1.1157902439e+05	1.2015671880e-14	9.3245671466e-16	2.2471290519e-17	6.9454384169e-18	3.2407414603e-20	8.4665938417e-16	3.8358805724e-14	1.5138622712e-16	5.0411883266e-17	1.5209975713e-19	1.7366905839e-17	1.2892255890e-16	1.2306137779e-14	3.5828624232e-15	4.6820400665e-17	5.2265546849e-18	4.1732789567e-17	3.4760515114e-15	2.7573009972e-14	1.6149140670e-16	1.1429936215e-20	7.3489781311e-20	3.0454882815e-17	1.0855144104e-16	2.9461018040e-14
1.1158474264e+05	1.2003447425e-14	9.3186110233e-16	2.2445772197e-17	6.9506190530e-18	3.2720417870e-20	8.4619761974e-16	3.8348100556e-14	1.5140989195e-16	5.0558932303e-17	1.5346219902e-19	1.7351742093e-17	1.2896554665e-16	1.2291801095e-14	3.5840689651e-15	4.7062511912e-17	5.2319950001e-18	4.1863427960e-17	3.4773494696e-15	2.7564152586e-14	1.6213600973e-16	1.1543979175e-20	7.4190261411e-20	3.0631743160e-17	1.0905024482e-16	2.9469505962e-14
1.1165097350e+05	1.1991646572e-14	9.2499358282e-16	2.2152288554e-17	7.0115836074e-18	3.6639326779e-20	8.4085985983e-16	3.8348035248e-14	1.5164583723e-16	5.2254137174e-17	1.6972315334e-19	1.7176431573e-17	1.2942843489e-16	1.2223342277e-14	3.5926415362e-15	4.9939866752e-17	5.2956055127e-18	4.3372074201e-17	3.4871245796e-15	2.7539279701e-14	1.6960667729e-16	1.2992865651e-20	8.2597717366e-20	3.2739234228e-17	1.1485667852e-16	2.9553320805e-14
1.1165675796e+05	1.1979498271e-14	9.2439676186e-16	2.2126888078e-17	7.0170174506e-18	3.6975770792e-20	8.4039485036e-16	3.8337354699e-14	1.5166360129e-16	5.2401620883e-17	1.7118741318e-19	1.7161186923e-17	1.2946621260e-16	1.2210039239e-14	3.5929512467e-15	5.0197469451e-17	5.3012349615e-18	4.3503556440e-17	3.4875507103e-15	2.7531017050e-14	1.7025921524e-16	1.3114869338e-20	8.3354592300e-20	3.2928403666e-17	1.1536609841e-16	2.9559121883e-14
1.1172375574e+05	1.1903626504e-14	9.1752684133e-16	2.1834601115e-17	7.0821875318e-18	4.1133324514e-20	8.3502731430e-16	3.8276080721e-14	1.5183352679e-16	5.4099480205e-17	1.8934392874e-19	1.6987034333e-17	1.2986794480e-16	1.2106479557e-14	3.5921971066e-15	5.3255575466e-17	5.3688746186e-18	4.5019254794e-17	3.4882501394e-15	2.7475306761e-14	1.7780733571e-16	1.4631582041e-20	9.2778521712e-20	3.5181296398e-17	1.2128405900e-16	2.9605438304e-14
1.1172960718e+05	1.1956102209e-14	9.1693032753e-16	2.1809351886e-17	7.0880630621e-18	4.1535148411e-20	8.3456046197e-16	3.8325478857e-14	1.5184565107e-16	5.4246445511e-17	1.9104430481e-19	1.6971737523e-17	1.2990070570e-16	1.2142141525e-14	3.5917953442e-15	5.3529619925e-17	5.3748474969e-18	4.5150779296e-17	3.4879833424e-15	2.7505439998e-14	1.7846489325e-16	1.4781312377e-20	9.3664766020e-20	3.5383586300e-17	1.2180206787e-16	2.9607538497e-14
1.1179738075e+05	1.1945023507e-14	9.1007230720e-16	2.1518407551e-17	7.1576909018e-18	4.6347491361e-20	8.2917953015e-16	3.8323099031e-14	1.5196145323e-16	5.5929801771e-17	2.1085221223e-19	1.6796660063e-17	1.3025382611e-16	1.2097664028e-14	3.5840489787e-15	5.6788398139e-17	5.4460010136e-18	4.6659764476e-17	3.4818650482e-15	2.7493263575e-14	1.8606016719e-16	1.6569936482e-20	1.0398625656e-19	3.7795954152e-17	1.2781143137e-16	2.9607380631e-14
1.1180329995e+05	1.1933043938e-14	9.0947754213e-16	2.1493275130e-17	7.1640362660e-18	4.6784500311e-20	8.2871218535e-16	3.8312485416e-14	1.5197012324e-16	5.6075266614e-17	2.1259645614e-19	1.6781284035e-17	1.3028343462e-16	1.2085821151e-14	3.5831498722e-15	5.7080121547e-17	5.4523428198e-18	4.6790484862e-17	3.4811125686e-15	2.7485823226e-14	1.8672157612e-16	1.6731914645e-20	1.0489600011e-19	3.8012363232e-17	1.2833715956e-16	2.9605240713e-14
1.1187784605e+05	1.1846216022e-14	9.0205599366e-16	2.1180604450e-17	7.2468445571e-18	5.2842885960e-20	8.2286655075e-16	3.8239611330e-14	1.5205088330e-16	5.7872366962e-17	2.3655818735e-19	1.6591356916e-17	1.3062643945e-16	1.1987766867e-14	3.5699479991e-15	6.0846341500e-17	5.5352157339e-18	4.8408966752e-17	3.4697807955e-15	2.7431007187e-14	1.9501093139e-16	1.9021477949e-20	1.1749915105e-19	4.0815537035e-17	1.3495743139e-16	2.9548703151e-14
1.1195325535e+05	1.1888330243e-14	8.9468004808e-16	2.0872816547e-17	7.3355385088e-18	5.9633694181e-20	8.1704026787e-16	3.8283404930e-14	1.5209482713e-16	5.9631806142e-17	2.6236260306e-19	1.6400958776e-17	1.3093864982e-16	1.1995384724e-14	3.5552946594e-15	6.4846058469e-17	5.6218772944e-18	5.0001089163e-17	3.4570036701e-15	2.7454794163e-14	2.0330106498e-16	2.1641316115e-20	1.3124630880e-19	4.3806929569e-17	1.4163975669e-16	2.9439857321e-14
1.1202953784e+05	1.1802688010e-14	8.8737213975e-16	2.0570902645e-17	7.4309716818e-18	6.7476255438e-20	8.1124828310e-16	3.8208646091e-14	1.5211949396e-16	6.1331354527e-17	2.9018446898e-19	1.6215320546e-17	1.3122996955e-16	1.1904909914e-14	3.5422855825e-15	6.9075511920e-17	5.7147437498e-18	5.1546159424e-17	3.4457889551e-15	2.7398773418e-14	2.1157460808e-16	2.4751683053e-20	1.4637376655e-19	4.6988812531e-17	1.4836769348e-16	2.9285076665e-14
1.1210670365e+05	1.1781549959e-14	8.8014315227e-16	2.0276702327e-17	7.5317246843e-18	7.6386139616e-20	8.0550422003e-16	3.8191205140e-14	1.5212112129e-16	6.2966801324e-17	3.1970149296e-19	1.6033800784e-17	1.3150005304e-16	1.1864623575e-14	3.5338254267e-15	7.3538731703e-17	5.8118372000e-18	5.3040570816e-17	3.4389672947e-15	2.7377494898e-14	2.1981038096e-16	2.8389827054e-20	1.6273455768e-19	5.0365741776e-17	1.5512490811e-16	2.9093882873e-14
1.1218476299e+05	1.1760664725e-14	8.7301035022e-16	1.9992579504e-17	7.6372408657e-18	8.6309169835e-20	7.9982454251e-16	3.8172468159e-14	1.5212276572e-16	6.4528335471e-17	3.5091580923e-19	1.5858341265e-17	1.3176857244e-16	1.1821202959e-14	3.5324655433e-15	7.8232571634e-17	5.9127427588e-18	5.4475805181e-17	3.4390281576e-15	2.7349362186e-14	2.2798189478e-16	3.2529507419e-20	1.8039646324e-19	5.3937965466e-17	1.6189031261e-16	2.8877901435e-14
