E, cm-1	Sigma_00, cm2	Sigma_01, cm2	Sigma_02, cm2	Sigma_03, cm2	Sigma_04, cm2	Sigma_10, cm2	Sigma_11, cm2	Sigma_12, cm2	Sigma_13, cm2	Sigma_14, cm2	Sigma_20, cm2	Sigma_21, cm2	Sigma_22, cm2	Sigma_23, cm2	Sigma_24, cm2	Sigma_30, cm2	Sigma_31, cm2	Sigma_32, cm2	Sigma_33, cm2	Sigma_34, cm2	Sigma_40, cm2	Sigma_41, cm2	Sigma_42, cm2	Sigma_43, cm2	Sigma_44, cm2	
1.0401873370e+05	2.5544785232e-14	0.0000000000e+00	0.0000000000e+00	0.0000000000e+00	0.0000000000e+00	0.0000000000e+00	0.0000000000e+00	0.0000000000e+00	0.0000000000e+00	0.0000000000e+00	0.0000000000e+00	0.0000000000e+00	0.0000000000e+00	0.0000000000e+00	0.0000000000e+00	0.0000000000e+00	0.0000000000e+00	0.0000000000e+00	0.0000000000e+00	0.0000000000e+00	0.0000000000e+00	0.0000000000e+00	0.0000000000e+00	0.0000000000e+00	0.0000000000e+00
1.0401873907e+05	2.5510687175e-14	0.0000000000e+00	0.0000000000e+00	0.0000000000e+00	0.0000000000e+00	0.0000000000e+00	0.0000000000e+00	0.0000000000e+00	0.0000000000e+00	0.0000000000e+00	0.0000000000e+00	0.0000000000e+00	0.0000000000e+00	0.0000000000e+00	0.0000000000e+00	0.0000000000e+00	0.0000000000e+00	0.0000000000e+00	0.0000000000e+00	0.0000000000e+00	0.0000000000e+00	0.0000000000e+00	0.0000000000e+00	0.0000000000e+00	0.0000000000e+00
1.0401874450e+05	2.5478549473e-14	0.0000000000e+00	0.0000000000e+00	0.0000000000e+00	0.0000000000e+00	0.0000000000e+00	0.0000000000e+00	0.0000000000e+00	0.0000000000e+00	0.0000000000e+00	0.0000000000e+00	0.0000000000e+00	0.0000000000e+00	0.0000000000e+00	0.0000000000e+00	0.0000000000e+00	0.0000000000e+00	0.0000000000e+00	0.0000000000e+00	0.0000000000e+00	0.0000000000e+00	0.0000000000e+00	0.0000000000e+00	0.0000000000e+00	0.0000000000e+00
1.0401875000e+05	2.5446004055e-14	0.0000000000e+00	0.0000000000e+00	0.0000000000e+00	0.0000000000e+00	0.0000000000e+00	0.0000000000e+00	0.0000000000e+00	0.0000000000e+00	0.0000000000e+00	0.0000000000e+00	0.0000000000e+00	0.0000000000e+00	0.0000000000e+00	0.0000000000e+00	0.0000000000e+00	0.0000000000e+00	0.0000000000e+00	0.0000000000e+00	0.0000000000e+00	0.0000000000e+00	0.0000000000e+00	0.0000000000e+00	0.0000000000e+00	0.0000000000e+00
1.0401875555e+05	2.5413890212e-14	0.0000000000e+00	0.0000000000e+00	0.0000000000e+00	0.0000000000e+00	0.0000000000e+00	0.0000000000e+00	0.0000000000e+00	0.0000000000e+00	0.0000000000e+00	0.0000000000e+00	0.0000000000e+00	0.0000000000e+00	0.0000000000e+00	0.0000000000e+00	0.0000000000e+00	0.0000000000e+00	0.0000000000e+00	0.0000000000e+00	0.0000000000e+00	0.0000000000e+00	0.0000000000e+00	0.0000000000e+00	0.0000000000e+00	0.0000000000e+00
1.0401876118e+05	2.5382243072e-14	0.0000000000e+00	0.0000000000e+00	0.0000000000e+00	0.0000000000e+00	0.0000000000e+00	0.0000000000e+00	0.0000000000e+00	0.0000000000e+00	0.0000000000e+00	0.0000000000e+00	0.0000000000e+00	0.0000000000e+00	0.0000000000e+00	0.0000000000e+00	0.0000000000e+00	0.0000000000e+00	0.0000000000e+00	0.0000000000e+00	0.0000000000e+00	0.0000000000e+00	0.0000000000e+00	0.0000000000e+00	0.0000000000e+00	0.0000000000e+00
1.0401876686e+05	2.5351098380e-14	0.0000000000e+00	0.0000000000e+00	0.0000000000e+00	0.0000000000e+00	0.0000000000e+00	0.0000000000e+00	0.0000000000e+00	0.0000000000e+00	0.0000000000e+00	0.0000000000e+00	0.0000000000e+00	0.0000000000e+00	0.0000000000e+00	0.0000000000e+00	0.0000000000e+00	0.0000000000e+00	0.0000000000e+00	0.0000000000e+00	0.0000000000e+00	0.0000000000e+00	0.0000000000e+00	0.0000000000e+00	0.0000000000e+00	0.0000000000e+00
1.0401877262e+05	2.5320492411e-14	0.0000000000e+00	0.0000000000e+00	0.0000000000e+00	0.0000000000e+00	0.0000000000e+00	0.0000000000e+00	0.0000000000e+00	0.0000000000e+00	0.0000000000e+00	0.0000000000e+00	0.0000000000e+00	0.0000000000e+00	0.0000000000e+00	0.0000000000e+00	0.0000000000e+00	0.0000000000e+00	0.0000000000e+00	0.0000000000e+00	0.0000000000e+00	0.0000000000e+00	0.0000000000e+00	0.0000000000e+00	0.0000000000e+00	0.0000000000e+00
1.0401877844e+05	2.5290461871e-14	0.0000000000e+00	0.0000000000e+00	0.0000000000e+00	0.0000000000e+00	0.0000000000e+00	0.0000000000e+00	0.0000000000e+00	0.0000000000e+00	0.0000000000e+00	0.0000000000e+00	0.0000000000e+00	0.0000000000e+00	0.0000000000e+00	0.0000000000e+00	0.0000000000e+00	0.0000000000e+00	0.0000000000e+00	0.0000000000e+00	0.0000000000e+00	0.0000000000e+00	0.0000000000e+00	0.0000000000e+00	0.0000000000e+00	0.0000000000e+00
1.0401878432e+05	2.5261043798e-14	0.0000000000e+00	0.0000000000e+00	0.0000000000e+00	0.0000000000e+00	0.0000000000e+00	0.0000000000e+00	0.0000000000e+00	0.0000000000e+00	0.0000000000e+00	0.0000000000e+00	0.0000000000e+00	0.0000000000e+00	0.0000000000e+00	0.0000000000e+00	0.0000000000e+00	0.0000000000e+00	0.0000000000e+00	0.0000000000e+00	0.0000000000e+00	0.0000000000e+00	0.0000000000e+00	0.0000000000e+00	0.0000000000e+00	0.0000000000e+00
1.0401879028e+05	2.5232275461e-14	0.0000000000e+00	0.0000000000e+00	0.0000000000e+00	0.0000000000e+00	0.0000000000e+00	0.0000000000e+00	0.0000000000e+00	0.0000000000e+00	0.0000000000e+00	0.0000000000e+00	0.0000000000e+00	0.0000000000e+00	0.0000000000e+00	0.0000000000e+00	0.0000000000e+00	0.0000000000e+00	0.0000000000e+00	0.0000000000e+00	0.0000000000e+00	0.0000000000e+00	0.0000000000e+00	0.0000000000e+00	0.0000000000e+00	0.0000000000e+00
1.0401879630e+05	2.5204194245e-14	0.0000000000e+00	0.0000000000e+00	0.0000000000e+00	0.0000000000e+00	0.0000000000e+00	0.0000000000e+00	0.0000000000e+00	0.0000000000e+00	0.0000000000e+00	0.0000000000e+00	0.0000000000e+00	0.0000000000e+00	0.0000000000e+00	0.0000000000e+00	0.0000000000e+00	0.0000000000e+00	0.0000000000e+00	0.0000000000e+00	0.0000000000e+00	0.0000000000e+00	0.0000000000e+00	0.0000000000e+00	0.0000000000e+00	0.0000000000e+00
1.0401880240e+05	2.5176837541e-14	0.0000000000e+00	0.0000000000e+00	0.0000000000e+00	0.0000000000e+00	0.0000000000e+00	0.0000000000e+00	0.0000000000e+00	0.0000000000e+00	0.0000000000e+00	0.0000000000e+00	0.0000000000e+00	0.0000000000e+00	0.0000000000e+00	0.0000000000e+00	0.0000000000e+00	0.0000000000e+00	0.0000000000e+00	0.0000000000e+00	0.0000000000e+00	0.0000000000e+00	0.0000000000e+00	0.0000000000e+00	0.0000000000e+00	0.0000000000e+00
1.0401880856e+05	2.5150242630e-14	0.0000000000e+00	0.0000000000e+00	0.0000000000e+00	0.0000000000e+00	0.0000000000e+00	0.0000000000e+00	0.0000000000e+00	0.0000000000e+00	0.0000000000e+00	0.0000000000e+00	0.0000000000e+00	0.0000000000e+00	0.0000000000e+00	0.0000000000e+00	0.0000000000e+00	0.0000000000e+00	0.0000000000e+00	0.0000000000e+00	0.0000000000e+00	0.0000000000e+00	0.0000000000e+00	0.0000000000e+00	0.0000000000e+00	0.0000000000e+00
1.0401881480e+05	2.5124446558e-14	0.0000000000e+00	0.0000000000e+00	0.0000000000e+00	0.0000000000e+00	0.0000000000e+00	0.0000000000e+00	0.0000000000e+00	0.0000000000e+00	0.0000000000e+00	0.0000000000e+00	0.0000000000e+00	0.0000000000e+00	0.0000000000e+00	0.0000000000e+00	0.0000000000e+00	0.0000000000e+00	0.0000000000e+00	0.0000000000e+00	0.0000000000e+00	0.0000000000e+00	0.0000000000e+00	0.0000000000e+00	0.0000000000e+00	0.0000000000e+00
1.0401882111e+05	2.5099486016e-14	0.0000000000e+00	0.0000000000e+00	0.0000000000e+00	0.0000000000e+00	0.0000000000e+00	0.0000000000e+00	0.0000000000e+00	0.0000000000e+00	0.0000000000e+00	0.0000000000e+00	0.0000000000e+00	0.0000000000e+00	0.0000000000e+00	0.0000000000e+00	0.0000000000e+00	0.0000000000e+00	0.0000000000e+00	0.0000000000e+00	0.0000000000e+00	0.0000000000e+00	0.0000000000e+00	0.0000000000e+00	0.0000000000e+00	0.0000000000e+00
1.0401882749e+05	2.5075397211e-14	0.0000000000e+00	0.0000000000e+00	0.0000000000e+00	0.0000000000e+00	0.0000000000e+00	0.0000000000e+00	0.0000000000e+00	0.0000000000e+00	0.0000000000e+00	0.0000000000e+00	0.0000000000e+00	0.0000000000e+00	0.0000000000e+00	0.0000000000e+00	0.0000000000e+00	0.0000000000e+00	0.0000000000e+00	0.0000000000e+00	0.0000000000e+00	0.0000000000e+00	0.0000000000e+00	0.0000000000e+00	0.0000000000e+00	0.0000000000e+00
1.0401883395e+05	2.5052215730e-14	0.0000000000e+00	0.0000000000e+00	0.0000000000e+00	0.0000000000e+00	0.0000000000e+00	0.0000000000e+00	0.0000000000e+00	0.0000000000e+00	0.0000000000e+00	0.0000000000e+00	0.0000000000e+00	0.0000000000e+00	0.0000000000e+00	0.0000000000e+00	0.0000000000e+00	0.0000000000e+00	0.0000000000e+00	0.0000000000e+00	0.0000000000e+00	0.0000000000e+00	0.0000000000e+00	0.0000000000e+00	0.0000000000e+00	0.0000000000e+00
1.0401884048e+05	2.5029976417e-14	0.0000000000e+00	0.0000000000e+00	0.0000000000e+00	0.0000000000e+00	0.0000000000e+00	0.0000000000e+00	0.0000000000e+00	0.0000000000e+00	0.0000000000e+00	0.0000000000e+00	0.0000000000e+00	0.0000000000e+00	0.0000000000e+00	0.0000000000e+00	0.0000000000e+00	0.0000000000e+00	0.0000000000e+00	0.0000000000e+00	0.0000000000e+00	0.0000000000e+00	0.0000000000e+00	0.0000000000e+00	0.0000000000e+00	0.0000000000e+00
1.0401884708e+05	2.5008713221e-14	0.0000000000e+00	0.0000000000e+00	0.0000000000e+00	0.0000000000e+00	0.0000000000e+00	0.0000000000e+00	0.0000000000e+00	0.0000000000e+00	0.0000000000e+00	0.0000000000e+00	0.0000000000e+00	0.0000000000e+00	0.0000000000e+00	0.0000000000e+00	0.0000000000e+00	0.0000000000e+00	0.0000000000e+00	0.0000000000e+00	0.0000000000e+00	0.0000000000e+00	0.0000000000e+00	0.0000000000e+00	0.0000000000e+00	0.0000000000e+00
1.0401885376e+05	2.4988459071e-14	0.0000000000e+00	0.0000000000e+00	0.0000000000e+00	0.0000000000e+00	0.0000000000e+00	0.0000000000e+00	0.0000000000e+00	0.0000000000e+00	0.0000000000e+00	0.0000000000e+00	0.0000000000e+00	0.0000000000e+00	0.0000000000e+00	0.0000000000e+00	0.0000000000e+00	0.0000000000e+00	0.0000000000e+00	0.0000000000e+00	0.0000000000e+00	0.0000000000e+00	0.0000000000e+00	0.0000000000e+00	0.0000000000e+00	0.0000000000e+00
1.0401886052e+05	2.4969245728e-14	0.0000000000e+00	0.0000000000e+00	0.0000000000e+00	0.0000000000e+00	0.0000000000e+00	0.0000000000e+00	0.0000000000e+00	0.0000000000e+00	0.0000000000e+00	0.0000000000e+00	0.0000000000e+00	0.0000000000e+00	0.0000000000e+00	0.0000000000e+00	0.0000000000e+00	0.0000000000e+00	0.0000000000e+00	0.0000000000e+00	0.0000000000e+00	0.0000000000e+00	0.0000000000e+00	0.0000000000e+00	0.0000000000e+00	0.0000000000e+00
1.0401886736e+05	2.4951103640e-14	0.0000000000e+00	0.0000000000e+00	0.0000000000e+00	0.0000000000e+00	0.0000000000e+00	0.0000000000e+00	0.0000000000e+00	0.0000000000e+00	0.0000000000e+00	0.0000000000e+00	0.0000000000e+00	0.0000000000e+00	0.0000000000e+00	0.0000000000e+00	0.0000000000e+00	0.0000000000e+00	0.0000000000e+00	0.0000000000e+00	0.0000000000e+00	0.0000000000e+00	0.0000000000e+00	0.0000000000e+00	0.0000000000e+00	0.0000000000e+00
1.0401887428e+05	2.4934061801e-14	0.0000000000e+00	0.0000000000e+00	0.0000000000e+00	0.0000000000e+00	0.0000000000e+00	0.0000000000e+00	0.0000000000e+00	0.0000000000e+00	0.0000000000e+00	0.0000000000e+00	0.0000000000e+00	0.0000000000e+00	0.0000000000e+00	0.0000000000e+00	0.0000000000e+00	0.0000000000e+00	0.0000000000e+00	0.0000000000e+00	0.0000000000e+00	0.0000000000e+00	0.0000000000e+00	0.0000000000e+00	0.0000000000e+00	0.0000000000e+00
1.0401888128e+05	2.4918147600e-14	0.0000000000e+00	0.0000000000e+00	0.0000000000e+00	0.0000000000e+00	0.0000000000e+00	0.0000000000e+00	0.0000000000e+00	0.0000000000e+00	0.0000000000e+00	0.0000000000e+00	0.0000000000e+00	0.0000000000e+00	0.0000000000e+00	0.0000000000e+00	0.0000000000e+00	0.0000000000e+00	0.0000000000e+00	0.0000000000e+00	0.0000000000e+00	0.0000000000e+00	0.0000000000e+00	0.0000000000e+00	0.0000000000e+00	0.0000000000e+00
1.0401888835e+05	2.4903386679e-14	0.0000000000e+00	0.0000000000e+00	0.0000000000e+00	0.0000000000e+00	0.0000000000e+00	0.0000000000e+00	0.0000000000e+00	0.0000000000e+00	0.0000000000e+00	0.0000000000e+00	0.0000000000e+00	0.0000000000e+00	0.0000000000e+00	0.0000000000e+00	0.0000000000e+00	0.0000000000e+00	0.0000000000e+00	0.0000000000e+00	0.0000000000e+00	0.0000000000e+00	0.0000000000e+00	0.0000000000e+00	0.0000000000e+00	0.0000000000e+00
1.0401889551e+05	2.4889802776e-14	0.0000000000e+00	0.0000000000e+00	0.0000000000e+00	0.0000000000e+00	0.0000000000e+00	0.0000000000e+00	0.0000000000e+00	0.0000000000e+00	0.0000000000e+00	0.0000000000e+00	0.0000000000e+00	0.0000000000e+00	0.0000000000e+00	0.0000000000e+00	0.0000000000e+00	0.0000000000e+00	0.0000000000e+00	0.0000000000e+00	0.0000000000e+00	0.0000000000e+00	0.0000000000e+00	0.0000000000e+00	0.0000000000e+00	0.0000000000e+00
1.0401890276e+05	2.4877417583e-14	0.0000000000e+00	0.0000000000e+00	0.0000000000e+00	0.0000000000e+00	0.0000000000e+00	0.0000000000e+00	0.0000000000e+00	0.0000000000e+00	0.0000000000e+00	0.0000000000e+00	0.0000000000e+00	0.0000000000e+00	0.0000000000e+00	0.0000000000e+00	0.0000000000e+00	0.0000000000e+00	0.0000000000e+00	0.0000000000e+00	0.0000000000e+00	0.0000000000e+00	0.0000000000e+00	0.0000000000e+00	0.0000000000e+00	0.0000000000e+00
1.0401891008e+05	2.4866250590e-14	0.0000000000e+00	0.0000000000e+00	0.0000000000e+00	0.0000000000e+00	0.0000000000e+00	0.0000000000e+00	0.0000000000e+00	0.0000000000e+00	0.0000000000e+00	0.0000000000e+00	0.0000000000e+00	0.0000000000e+00	0.0000000000e+00	0.0000000000e+00	0.0000000000e+00	0.0000000000e+00	0.0000000000e+00	0.0000000000e+00	0.0000000000e+00	0.0000000000e+00	0.0000000000e+00	0.0000000000e+00	0.0000000000e+00	0.0000000000e+00
1.0401891750e+05	2.4856318938e-14	0.0000000000e+00	0.0000000000e+00	0.0000000000e+00	0.0000000000e+00	0.0000000000e+00	0.0000000000e+00	0.0000000000e+00	0.0000000000e+00	0.0000000000e+00	0.0000000000e+00	0.0000000000e+00	0.0000000000e+00	0.0000000000e+00	0.0000000000e+00	0.0000000000e+00	0.0000000000e+00	0.0000000000e+00	0.0000000000e+00	0.0000000000e+00	0.0000000000e+00	0.0000000000e+00	0.0000000000e+00	0.0000000000e+00	0.0000000000e+00
1.0401892499e+05	2.4847637268e-14	0.0000000000e+00	0.0000000000e+00	0.0000000000e+00	0.0000000000e+00	0.0000000000e+00	0.0000000000e+00	0.0000000000e+00	0.0000000000e+00	0.0000000000e+00	0.0000000000e+00	0.0000000000e+00	0.0000000000e+00	0.0000000000e+00	0.0000000000e+00	0.0000000000e+00	0.0000000000e+00	0.0000000000e+00	0.0000000000e+00	0.0000000000e+00	0.0000000000e+00	0.0000000000e+00	0.0000000000e+00	0.0000000000e+00	0.0000000000e+00
1.0401893258e+05	2.4840217570e-14	0.0000000000e+00	0.0000000000e+00	0.0000000000e+00	0.0000000000e+00	0.0000000000e+00	0.0000000000e+00	0.0000000000e+00	0.0000000000e+00	0.0000000000e+00	0.0000000000e+00	0.0000000000e+00	0.0000000000e+00	0.0000000000e+00	0.0000000000e+00	0.0000000000e+00	0.0000000000e+00	0.0000000000e+00	0.0000000000e+00	0.0000000000e+00	0.0000000000e+00	0.0000000000e+00	0.0000000000e+00	0.0000000000e+00	0.0000000000e+00
1.0401894025e+05	2.4834069036e-14	0.0000000000e+00	0.0000000000e+00	0.0000000000e+00	0.0000000000e+00	0.0000000000e+00	0.0000000000e+00	0.0000000000e+00	0.0000000000e+00	0.0000000000e+00	0.0000000000e+00	0.0000000000e+00	0.0000000000e+00	0.0000000000e+00	0.0000000000e+00	0.0000000000e+00	0.0000000000e+00	0.0000000000e+00	0.0000000000e+00	0.0000000000e+00	0.0000000000e+00	0.0000000000e+00	0.0000000000e+00	0.0000000000e+00	0.0000000000e+00
1.0401894801e+05	2.4829197910e-14	0.0000000000e+00	0.0000000000e+00	0.0000000000e+00	0.0000000000e+00	0.0000000000e+00	0.0000000000e+00	0.0000000000e+00	0.0000000000e+00	0.0000000000e+00	0.0000000000e+00	0.0000000000e+00	0.0000000000e+00	0.0000000000e+00	0.0000000000e+00	0.0000000000e+00	0.0000000000e+00	0.0000000000e+00	0.0000000000e+00	0.0000000000e+00	0.0000000000e+00	0.0000000000e+00	0.0000000000e+00	0.0000000000e+00	0.0000000000e+00
1.0401895586e+05	2.4825607340e-14	0.0000000000e+00	0.0000000000e+00	0.0000000000e+00	0.0000000000e+00	0.0000000000e+00	0.0000000000e+00	0.0000000000e+00	0.0000000000e+00	0.0000000000e+00	0.0000000000e+00	0.0000000000e+00	0.0000000000e+00	0.0000000000e+00	0.0000000000e+00	0.0000000000e+00	0.0000000000e+00	0.0000000000e+00	0.0000000000e+00	0.0000000000e+00	0.0000000000e+00	0.0000000000e+00	0.0000000000e+00	0.0000000000e+00	0.0000000000e+00
1.0401896380e+05	2.4823297235e-14	0.0000000000e+00	0.0000000000e+00	0.0000000000e+00	0.0000000000e+00	0.0000000000e+00	0.0000000000e+00	0.0000000000e+00	0.0000000000e+00	0.0000000000e+00	0.0000000000e+00	0.0000000000e+00	0.0000000000e+00	0.0000000000e+00	0.0000000000e+00	0.0000000000e+00	0.0000000000e+00	0.0000000000e+00	0.0000000000e+00	0.0000000000e+00	0.0000000000e+00	0.0000000000e+00	0.0000000000e+00	0.0000000000e+00	0.0000000000e+00
1.0401897184e+05	2.4822264120e-14	0.0000000000e+00	0.0000000000e+00	0.0000000000e+00	0.0000000000e+00	0.0000000000e+00	0.0000000000e+00	0.0000000000e+00	0.0000000000e+00	0.0000000000e+00	0.0000000000e+00	0.0000000000e+00	0.0000000000e+00	0.0000000000e+00	0.0000000000e+00	0.0000000000e+00	0.0000000000e+00	0.0000000000e+00	0.0000000000e+00	0.0000000000e+00	0.0000000000e+00	0.0000000000e+00	0.0000000000e+00	0.0000000000e+00	0.0000000000e+00
1.0401897997e+05	2.4822500997e-14	0.0000000000e+00	0.0000000000e+00	0.0000000000e+00	0.0000000000e+00	0.0000000000e+00	0.0000000000e+00	0.0000000000e+00	0.0000000000e+00	0.0000000000e+00	0.0000000000e+00	0.0000000000e+00	0.0000000000e+00	0.0000000000e+00	0.0000000000e+00	0.0000000000e+00	0.0000000000e+00	0.0000000000e+00	0.0000000000e+00	0.0000000000e+00	0.0000000000e+00	0.0000000000e+00	0.0000000000e+00	0.0000000000e+00	0.0000000000e+00
1.0401898819e+05	2.4823997202e-14	0.0000000000e+00	0.0000000000e+00	0.0000000000e+00	0.0000000000e+00	0.0000000000e+00	0.0000000000e+00	0.0000000000e+00	0.0000000000e+00	0.0000000000e+00	0.0000000000e+00	0.0000000000e+00	0.0000000000e+00	0.0000000000e+00	0.0000000000e+00	0.0000000000e+00	0.0000000000e+00	0.0000000000e+00	0.0000000000e+00	0.0000000000e+00	0.0000000000e+00	0.0000000000e+00	0.0000000000e+00	0.0000000000e+00	0.0000000000e+00
1.0401899650e+05	2.4826738272e-14	0.0000000000e+00	0.0000000000e+00	0.0000000000e+00	0.0000000000e+00	0.0000000000e+00	0.0000000000e+00	0.0000000000e+00	0.0000000000e+00	0.0000000000e+00	0.0000000000e+00	0.0000000000e+00	0.0000000000e+00	0.0000000000e+00	0.0000000000e+00	0.0000000000e+00	0.0000000000e+00	0.0000000000e+00	0.0000000000e+00	0.0000000000e+00	0.0000000000e+00	0.0000000000e+00	0.0000000000e+00	0.0000000000e+00	0.0000000000e+00
1.0401900491e+05	2.4830705811e-14	0.0000000000e+00	0.0000000000e+00	0.0000000000e+00	0.0000000000e+00	0.0000000000e+00	0.0000000000e+00	0.0000000000e+00	0.0000000000e+00	0.0000000000e+00	0.0000000000e+00	0.0000000000e+00	0.0000000000e+00	0.0000000000e+00	0.0000000000e+00	0.0000000000e+00	0.0000000000e+00	0.0000000000e+00	0.0000000000e+00	0.0000000000e+00	0.0000000000e+00	0.0000000000e+00	0.0000000000e+00	0.0000000000e+00	0.0000000000e+00
1.0401901342e+05	2.4835877365e-14	0.0000000000e+00	0.0000000000e+00	0.0000000000e+00	0.0000000000e+00	0.0000000000e+00	0.0000000000e+00	0.0000000000e+00	0.0000000000e+00	0.0000000000e+00	0.0000000000e+00	0.0000000000e+00	0.0000000000e+00	0.0000000000e+00	0.0000000000e+00	0.0000000000e+00	0.0000000000e+00	0.0000000000e+00	0.0000000000e+00	0.0000000000e+00	0.0000000000e+00	0.0000000000e+00	0.0000000000e+00	0.0000000000e+00	0.0000000000e+00
1.0401902203e+05	2.4842226288e-14	0.0000000000e+00	0.0000000000e+00	0.0000000000e+00	0.0000000000e+00	0.0000000000e+00	0.0000000000e+00	0.0000000000e+00	0.0000000000e+00	0.0000000000e+00	0.0000000000e+00	0.0000000000e+00	0.0000000000e+00	0.0000000000e+00	0.0000000000e+00	0.0000000000e+00	0.0000000000e+00	0.0000000000e+00	0.0000000000e+00	0.0000000000e+00	0.0000000000e+00	0.0000000000e+00	0.0000000000e+00	0.0000000000e+00	0.0000000000e+00
1.0401903074e+05	2.4849721631e-14	0.0000000000e+00	0.0000000000e+00	0.0000000000e+00	0.0000000000e+00	0.0000000000e+00	0.0000000000e+00	0.0000000000e+00	0.0000000000e+00	0.0000000000e+00	0.0000000000e+00	0.0000000000e+00	0.0000000000e+00	0.0000000000e+00	0.0000000000e+00	0.0000000000e+00	0.0000000000e+00	0.0000000000e+00	0.0000000000e+00	0.0000000000e+00	0.0000000000e+00	0.0000000000e+00	0.0000000000e+00	0.0000000000e+00	0.0000000000e+00
1.0401903955e+05	2.4858328019e-14	0.0000000000e+00	0.0000000000e+00	0.0000000000e+00	0.0000000000e+00	0.0000000000e+00	0.0000000000e+00	0.0000000000e+00	0.0000000000e+00	0.0000000000e+00	0.0000000000e+00	0.0000000000e+00	0.0000000000e+00	0.0000000000e+00	0.0000000000e+00	0.0000000000e+00	0.0000000000e+00	0.0000000000e+00	0.0000000000e+00	0.0000000000e+00	0.0000000000e+00	0.0000000000e+00	0.0000000000e+00	0.0000000000e+00	0.0000000000e+00
1.0401904846e+05	2.6023269181e-14	0.0000000000e+00	0.0000000000e+00	0.0000000000e+00	0.0000000000e+00	0.0000000000e+00	0.0000000000e+00	0.0000000000e+00	0.0000000000e+00	0.0000000000e+00	0.0000000000e+00	0.0000000000e+00	0.0000000000e+00	0.0000000000e+00	0.0000000000e+00	0.0000000000e+00	0.0000000000e+00	0.0000000000e+00	0.0000000000e+00	0.0000000000e+00	0.0000000000e+00	0.0000000000e+00	0.0000000000e+00	0.0000000000e+00	0.0000000000e+00
1.0401905748e+05	2.6001817838e-14	0.0000000000e+00	0.0000000000e+00	0.0000000000e+00	0.0000000000e+00	0.0000000000e+00	0.0000000000e+00	0.0000000000e+00	0.0000000000e+00	0.0000000000e+00	0.0000000000e+00	0.0000000000e+00	0.0000000000e+00	0.0000000000e+00	0.0000000000e+00	0.0000000000e+00	0.0000000000e+00	0.0000000000e+00	0.0000000000e+00	0.0000000000e+00	0.0000000000e+00	0.0000000000e+00	0.0000000000e+00	0.0000000000e+00	0.0000000000e+00
1.0401906659e+05	2.5979508421e-14	0.0000000000e+00	0.0000000000e+00	0.0000000000e+00	0.0000000000e+00	0.0000000000e+00	0.0000000000e+00	0.0000000000e+00	0.0000000000e+00	0.0000000000e+00	0.0000000000e+00	0.0000000000e+00	0.0000000000e+00	0.0000000000e+00	0.0000000000e+00	0.0000000000e+00	0.0000000000e+00	0.0000000000e+00	0.0000000000e+00	0.0000000000e+00	0.0000000000e+00	0.0000000000e+00	0.0000000000e+00	0.0000000000e+00	0.0000000000e+00
1.0401907582e+05	2.5956375740e-14	0.0000000000e+00	0.0000000000e+00	0.0000000000e+00	0.0000000000e+00	0.0000000000e+00	0.0000000000e+00	0.0000000000e+00	0.0000000000e+00	0.0000000000e+00	0.0000000000e+00	0.0000000000e+00	0.0000000000e+00	0.0000000000e+00	0.0000000000e+00	0.0000000000e+00	0.0000000000e+00	0.0000000000e+00	0.0000000000e+00	0.0000000000e+00	0.0000000000e+00	0.0000000000e+00	0.0000000000e+00	0.0000000000e+00	0.0000000000e+00
1.0401908515e+05	2.5932460249e-14	0.0000000000e+00	0.0000000000e+00	0.0000000000e+00	0.0000000000e+00	0.0000000000e+00	0.0000000000e+00	0.0000000000e+00	0.0000000000e+00	0.0000000000e+00	0.0000000000e+00	0.0000000000e+00	0.0000000000e+00	0.0000000000e+00	0.0000000000e+00	0.0000000000e+00	0.0000000000e+00	0.0000000000e+00	0.0000000000e+00	0.0000000000e+00	0.0000000000e+00	0.0000000000e+00	0.0000000000e+00	0.0000000000e+00	0.0000000000e+00
1.0401909459e+05	2.5907807962e-14	0.0000000000e+00	0.0000000000e+00	0.0000000000e+00	0.0000000000e+00	0.0000000000e+00	0.0000000000e+00	0.0000000000e+00	0.0000000000e+00	0.0000000000e+00	0.0000000000e+00	0.0000000000e+00	0.0000000000e+00	0.0000000000e+00	0.0000000000e+00	0.0000000000e+00	0.0000000000e+00	0.0000000000e+00	0.0000000000e+00	0.0000000000e+00	0.0000000000e+00	0.0000000000e+00	0.0000000000e+00	0.0000000000e+00	0.0000000000e+00
1.0401910414e+05	2.5882470326e-14	0.0000000000e+00	0.0000000000e+00	0.0000000000e+00	0.0000000000e+00	0.0000000000e+00	0.0000000000e+00	0.0000000000e+00	0.0000000000e+00	0.0000000000e+00	0.0000000000e+00	0.0000000000e+00	0.0000000000e+00	0.0000000000e+00	0.0000000000e+00	0.0000000000e+00	0.0000000000e+00	0.0000000000e+00	0.0000000000e+00	0.0000000000e+00	0.0000000000e+00	0.0000000000e+00	0.0000000000e+00	0.0000000000e+00	0.0000000000e+00
1.0401911380e+05	2.5856504071e-14	0.0000000000e+00	0.0000000000e+00	0.0000000000e+00	0.0000000000e+00	0.0000000000e+00	0.0000000000e+00	0.0000000000e+00	0.0000000000e+00	0.0000000000e+00	0.0000000000e+00	0.0000000000e+00	0.0000000000e+00	0.0000000000e+00	0.0000000000e+00	0.0000000000e+00	0.0000000000e+00	0.0000000000e+00	0.0000000000e+00	0.0000000000e+00	0.0000000000e+00	0.0000000000e+00	0.0000000000e+00	0.0000000000e+00	0.0000000000e+00
1.0401912357e+05	2.5829971027e-14	0.0000000000e+00	0.0000000000e+00	0.0000000000e+00	0.0000000000e+00	0.0000000000e+00	0.0000000000e+00	0.0000000000e+00	0.0000000000e+00	0.0000000000e+00	0.0000000000e+00	0.0000000000e+00	0.0000000000e+00	0.0000000000e+00	0.0000000000e+00	0.0000000000e+00	0.0000000000e+00	0.0000000000e+00	0.0000000000e+00	0.0000000000e+00	0.0000000000e+00	0.0000000000e+00	0.0000000000e+00	0.0000000000e+00	0.0000000000e+00
1.0401913345e+05	2.5802937915e-14	0.0000000000e+00	0.0000000000e+00	0.0000000000e+00	0.0000000000e+00	0.0000000000e+00	0.0000000000e+00	0.0000000000e+00	0.0000000000e+00	0.0000000000e+00	0.0000000000e+00	0.0000000000e+00	0.0000000000e+00	0.0000000000e+00	0.0000000000e+00	0.0000000000e+00	0.0000000000e+00	0.0000000000e+00	0.0000000000e+00	0.0000000000e+00	0.0000000000e+00	0.0000000000e+00	0.0000000000e+00	0.0000000000e+00	0.0000000000e+00
1.0401914345e+05	2.5775476107e-14	0.0000000000e+00	0.0000000000e+00	0.0000000000e+00	0.0000000000e+00	0.0000000000e+00	0.0000000000e+00	0.0000000000e+00	0.0000000000e+00	0.0000000000e+00	0.0000000000e+00	0.0000000000e+00	0.0000000000e+00	0.0000000000e+00	0.0000000000e+00	0.0000000000e+00	0.0000000000e+00	0.0000000000e+00	0.0000000000e+00	0.0000000000e+00	0.0000000000e+00	0.0000000000e+00	0.0000000000e+00	0.0000000000e+00	0.0000000000e+00
1.0401915356e+05	2.5747661360e-14	0.0000000000e+00	0.0000000000e+00	0.0000000000e+00	0.0000000000e+00	0.0000000000e+00	0.0000000000e+00	0.0000000000e+00	0.0000000000e+00	0.0000000000e+00	0.0000000000e+00	0.0000000000e+00	0.0000000000e+00	0.0000000000e+00	0.0000000000e+00	0.0000000000e+00	0.0000000000e+00	0.0000000000e+00	0.0000000000e+00	0.0000000000e+00	0.0000000000e+00	0.0000000000e+00	0.0000000000e+00	0.0000000000e+00	0.0000000000e+00
1.0401916379e+05	2.5719573532e-14	0.0000000000e+00	0.0000000000e+00	0.0000000000e+00	0.0000000000e+00	0.0000000000e+00	0.0000000000e+00	0.0000000000e+00	0.0000000000e+00	0.0000000000e+00	0.0000000000e+00	0.0000000000e+00	0.0000000000e+00	0.0000000000e+00	0.0000000000e+00	0.0000000000e+00	0.0000000000e+00	0.0000000000e+00	0.0000000000e+00	0.0000000000e+00	0.0000000000e+00	0.0000000000e+00	0.0000000000e+00	0.0000000000e+00	0.0000000000e+00
1.0401917414e+05	2.5691296267e-14	0.0000000000e+00	0.0000000000e+00	0.0000000000e+00	0.0000000000e+00	0.0000000000e+00	0.0000000000e+00	0.0000000000e+00	0.0000000000e+00	0.0000000000e+00	0.0000000000e+00	0.0000000000e+00	0.0000000000e+00	0.0000000000e+00	0.0000000000e+00	0.0000000000e+00	0.0000000000e+00	0.0000000000e+00	0.0000000000e+00	0.0000000000e+00	0.0000000000e+00	0.0000000000e+00	0.0000000000e+00	0.0000000000e+00	0.0000000000e+00
1.0401918461e+05	2.5662916667e-14	0.0000000000e+00	0.0000000000e+00	0.0000000000e+00	0.0000000000e+00	0.0000000000e+00	0.0000000000e+00	0.0000000000e+00	0.0000000000e+00	0.0000000000e+00	0.0000000000e+00	0.0000000000e+00	0.0000000000e+00	0.0000000000e+00	0.0000000000e+00	0.0000000000e+00	0.0000000000e+00	0.0000000000e+00	0.0000000000e+00	0.0000000000e+00	0.0000000000e+00	0.0000000000e+00	0.0000000000e+00	0.0000000000e+00	0.0000000000e+00
1.0401919520e+05	2.5634524933e-14	0.0000000000e+00	0.0000000000e+00	0.0000000000e+00	0.0000000000e+00	0.0000000000e+00	0.0000000000e+00	0.0000000000e+00	0.0000000000e+00	0.0000000000e+00	0.0000000000e+00	0.0000000000e+00	0.0000000000e+00	0.0000000000e+00	0.0000000000e+00	0.0000000000e+00	0.0000000000e+00	0.0000000000e+00	0.0000000000e+00	0.0000000000e+00	0.0000000000e+00	0.0000000000e+00	0.0000000000e+00	0.0000000000e+00	0.0000000000e+00
1.0401920592e+05	2.5606214004e-14	0.0000000000e+00	0.0000000000e+00	0.0000000000e+00	0.0000000000e+00	0.0000000000e+00	0.0000000000e+00	0.0000000000e+00	0.0000000000e+00	0.0000000000e+00	0.0000000000e+00	0.0000000000e+00	0.0000000000e+00	0.0000000000e+00	0.0000000000e+00	0.0000000000e+00	0.0000000000e+00	0.0000000000e+00	0.0000000000e+00	0.0000000000e+00	0.0000000000e+00	0.0000000000e+00	0.0000000000e+00	0.0000000000e+00	0.0000000000e+00
1.0401921675e+05	2.5578079165e-14	0.0000000000e+00	0.0000000000e+00	0.0000000000e+00	0.0000000000e+00	0.0000000000e+00	0.0000000000e+00	0.0000000000e+00	0.0000000000e+00	0.0000000000e+00	0.0000000000e+00	0.0000000000e+00	0.0000000000e+00	0.0000000000e+00	0.0000000000e+00	0.0000000000e+00	0.0000000000e+00	0.0000000000e+00	0.0000000000e+00	0.0000000000e+00	0.0000000000e+00	0.0000000000e+00	0.0000000000e+00	0.0000000000e+00	0.0000000000e+00
1.0401922772e+05	2.5550217653e-14	0.0000000000e+00	0.0000000000e+00	0.0000000000e+00	0.0000000000e+00	0.0000000000e+00	0.0000000000e+00	0.0000000000e+00	0.0000000000e+00	0.0000000000e+00	0.0000000000e+00	0.0000000000e+00	0.0000000000e+00	0.0000000000e+00	0.0000000000e+00	0.0000000000e+00	0.0000000000e+00	0.0000000000e+00	0.0000000000e+00	0.0000000000e+00	0.0000000000e+00	0.0000000000e+00	0.0000000000e+00	0.0000000000e+00	0.0000000000e+00
1.0401923881e+05	2.5522728243e-14	0.0000000000e+00	0.0000000000e+00	0.0000000000e+00	0.0000000000e+00	0.0000000000e+00	0.0000000000e+00	0.0000000000e+00	0.0000000000e+00	0.0000000000e+00	0.0000000000e+00	0.0000000000e+00	0.0000000000e+00	0.0000000000e+00	0.0000000000e+00	0.0000000000e+00	0.0000000000e+00	0.0000000000e+00	0.0000000000e+00	0.0000000000e+00	0.0000000000e+00	0.0000000000e+00	0.0000000000e+00	0.0000000000e+00	0.0000000000e+00
1.0401925002e+05	2.5495710822e-14	0.0000000000e+00	0.0000000000e+00	0.0000000000e+00	0.0000000000e+00	0.0000000000e+00	0.0000000000e+00	0.0000000000e+00	0.0000000000e+00	0.0000000000e+00	0.0000000000e+00	0.0000000000e+00	0.0000000000e+00	0.0000000000e+00	0.0000000000e+00	0.0000000000e+00	0.0000000000e+00	0.0000000000e+00	0.0000000000e+00	0.0000000000e+00	0.0000000000e+00	0.0000000000e+00	0.0000000000e+00	0.0000000000e+00	0.0000000000e+00
1.0401926137e+05	2.5469265965e-14	0.0000000000e+00	0.0000000000e+00	0.0000000000e+00	0.0000000000e+00	0.0000000000e+00	0.0000000000e+00	0.0000000000e+00	0.0000000000e+00	0.0000000000e+00	0.0000000000e+00	0.0000000000e+00	0.0000000000e+00	0.0000000000e+00	0.0000000000e+00	0.0000000000e+00	0.0000000000e+00	0.0000000000e+00	0.0000000000e+00	0.0000000000e+00	0.0000000000e+00	0.0000000000e+00	0.0000000000e+00	0.0000000000e+00	0.0000000000e+00
1.0401927285e+05	2.5443494489e-14	0.0000000000e+00	0.0000000000e+00	0.0000000000e+00	0.0000000000e+00	0.0000000000e+00	0.0000000000e+00	0.0000000000e+00	0.0000000000e+00	0.0000000000e+00	0.0000000000e+00	0.0000000000e+00	0.0000000000e+00	0.0000000000e+00	0.0000000000e+00	0.0000000000e+00	0.0000000000e+00	0.0000000000e+00	0.0000000000e+00	0.0000000000e+00	0.0000000000e+00	0.0000000000e+00	0.0000000000e+00	0.0000000000e+00	0.0000000000e+00
1.0401928447e+05	2.5418497012e-14	0.0000000000e+00	0.0000000000e+00	0.0000000000e+00	0.0000000000e+00	0.0000000000e+00	0.0000000000e+00	0.0000000000e+00	0.0000000000e+00	0.0000000000e+00	0.0000000000e+00	0.0000000000e+00	0.0000000000e+00	0.0000000000e+00	0.0000000000e+00	0.0000000000e+00	0.0000000000e+00	0.0000000000e+00	0.0000000000e+00	0.0000000000e+00	0.0000000000e+00	0.0000000000e+00	0.0000000000e+00	0.0000000000e+00	0.0000000000e+00
1.0401929621e+05	2.5394373498e-14	0.0000000000e+00	0.0000000000e+00	0.0000000000e+00	0.0000000000e+00	0.0000000000e+00	0.0000000000e+00	0.0000000000e+00	0.0000000000e+00	0.0000000000e+00	0.0000000000e+00	0.0000000000e+00	0.0000000000e+00	0.0000000000e+00	0.0000000000e+00	0.0000000000e+00	0.0000000000e+00	0.0000000000e+00	0.0000000000e+00	0.0000000000e+00	0.0000000000e+00	0.0000000000e+00	0.0000000000e+00	0.0000000000e+00	0.0000000000e+00
1.0401930809e+05	2.5371222813e-14	0.0000000000e+00	0.0000000000e+00	0.0000000000e+00	0.0000000000e+00	0.0000000000e+00	0.0000000000e+00	0.0000000000e+00	0.0000000000e+00	0.0000000000e+00	0.0000000000e+00	0.0000000000e+00	0.0000000000e+00	0.0000000000e+00	0.0000000000e+00	0.0000000000e+00	0.0000000000e+00	0.0000000000e+00	0.0000000000e+00	0.0000000000e+00	0.0000000000e+00	0.0000000000e+00	0.0000000000e+00	0.0000000000e+00	0.0000000000e+00
1.0401932012e+05	2.5349142262e-14	0.0000000000e+00	0.0000000000e+00	0.0000000000e+00	0.0000000000e+00	0.0000000000e+00	0.0000000000e+00	0.0000000000e+00	0.0000000000e+00	0.0000000000e+00	0.0000000000e+00	0.0000000000e+00	0.0000000000e+00	0.0000000000e+00	0.0000000000e+00	0.0000000000e+00	0.0000000000e+00	0.0000000000e+00	0.0000000000e+00	0.0000000000e+00	0.0000000000e+00	0.0000000000e+00	0.0000000000e+00	0.0000000000e+00	0.0000000000e+00
1.0401933228e+05	2.5328227138e-14	0.0000000000e+00	0.0000000000e+00	0.0000000000e+00	0.0000000000e+00	0.0000000000e+00	0.0000000000e+00	0.0000000000e+00	0.0000000000e+00	0.0000000000e+00	0.0000000000e+00	0.0000000000e+00	0.0000000000e+00	0.0000000000e+00	0.0000000000e+00	0.0000000000e+00	0.0000000000e+00	0.0000000000e+00	0.0000000000e+00	0.0000000000e+00	0.0000000000e+00	0.0000000000e+00	0.0000000000e+00	0.0000000000e+00	0.0000000000e+00
1.0401934458e+05	2.5308570267e-14	0.0000000000e+00	0.0000000000e+00	0.0000000000e+00	0.0000000000e+00	0.0000000000e+00	0.0000000000e+00	0.0000000000e+00	0.0000000000e+00	0.0000000000e+00	0.0000000000e+00	0.0000000000e+00	0.0000000000e+00	0.0000000000e+00	0.0000000000e+00	0.0000000000e+00	0.0000000000e+00	0.0000000000e+00	0.0000000000e+00	0.0000000000e+00	0.0000000000e+00	0.0000000000e+00	0.0000000000e+00	0.0000000000e+00	0.0000000000e+00
1.0401935702e+05	2.5290261552e-14	0.0000000000e+00	0.0000000000e+00	0.0000000000e+00	0.0000000000e+00	0.0000000000e+00	0.0000000000e+00	0.0000000000e+00	0.0000000000e+00	0.0000000000e+00	0.0000000000e+00	0.0000000000e+00	0.0000000000e+00	0.0000000000e+00	0.0000000000e+00	0.0000000000e+00	0.0000000000e+00	0.0000000000e+00	0.0000000000e+00	0.0000000000e+00	0.0000000000e+00	0.0000000000e+00	0.0000000000e+00	0.0000000000e+00	0.0000000000e+00
1.0401936961e+05	2.5273387530e-14	0.0000000000e+00	0.0000000000e+00	0.0000000000e+00	0.0000000000e+00	0.0000000000e+00	0.0000000000e+00	0.0000000000e+00	0.0000000000e+00	0.0000000000e+00	0.0000000000e+00	0.0000000000e+00	0.0000000000e+00	0.0000000000e+00	0.0000000000e+00	0.0000000000e+00	0.0000000000e+00	0.0000000000e+00	0.0000000000e+00	0.0000000000e+00	0.0000000000e+00	0.0000000000e+00	0.0000000000e+00	0.0000000000e+00	0.0000000000e+00
1.0401938234e+05	2.5258030920e-14	0.0000000000e+00	0.0000000000e+00	0.0000000000e+00	0.0000000000e+00	0.0000000000e+00	0.0000000000e+00	0.0000000000e+00	0.0000000000e+00	0.0000000000e+00	0.0000000000e+00	0.0000000000e+00	0.0000000000e+00	0.0000000000e+00	0.0000000000e+00	0.0000000000e+00	0.0000000000e+00	0.0000000000e+00	0.0000000000e+00	0.0000000000e+00	0.0000000000e+00	0.0000000000e+00	0.0000000000e+00	0.0000000000e+00	0.0000000000e+00
1.0401939522e+05	2.5244270181e-14	0.0000000000e+00	0.0000000000e+00	0.0000000000e+00	0.0000000000e+00	0.0000000000e+00	0.0000000000e+00	0.0000000000e+00	0.0000000000e+00	0.0000000000e+00	0.0000000000e+00	0.0000000000e+00	0.0000000000e+00	0.0000000000e+00	0.0000000000e+00	0.0000000000e+00	0.0000000000e+00	0.0000000000e+00	0.0000000000e+00	0.0000000000e+00	0.0000000000e+00	0.0000000000e+00	0.0000000000e+00	0.0000000000e+00	0.0000000000e+00
1.0401940825e+05	2.5232179083e-14	0.0000000000e+00	0.0000000000e+00	0.0000000000e+00	0.0000000000e+00	0.0000000000e+00	0.0000000000e+00	0.0000000000e+00	0.0000000000e+00	0.0000000000e+00	0.0000000000e+00	0.0000000000e+00	0.0000000000e+00	0.0000000000e+00	0.0000000000e+00	0.0000000000e+00	0.0000000000e+00	0.0000000000e+00	0.0000000000e+00	0.0000000000e+00	0.0000000000e+00	0.0000000000e+00	0.0000000000e+00	0.0000000000e+00	0.0000000000e+00
1.0401942143e+05	2.5221826273e-14	0.0000000000e+00	0.0000000000e+00	0.0000000000e+00	0.0000000000e+00	0.0000000000e+00	0.0000000000e+00	0.0000000000e+00	0.0000000000e+00	0.0000000000e+00	0.0000000000e+00	0.0000000000e+00	0.0000000000e+00	0.0000000000e+00	0.0000000000e+00	0.0000000000e+00	0.0000000000e+00	0.0000000000e+00	0.0000000000e+00	0.0000000000e+00	0.0000000000e+00	0.0000000000e+00	0.0000000000e+00	0.0000000000e+00	0.0000000000e+00
1.0401943476e+05	2.5213274854e-14	0.0000000000e+00	0.0000000000e+00	0.0000000000e+00	0.0000000000e+00	0.0000000000e+00	0.0000000000e+00	0.0000000000e+00	0.0000000000e+00	0.0000000000e+00	0.0000000000e+00	0.0000000000e+00	0.0000000000e+00	0.0000000000e+00	0.0000000000e+00	0.0000000000e+00	0.0000000000e+00	0.0000000000e+00	0.0000000000e+00	0.0000000000e+00	0.0000000000e+00	0.0000000000e+00	0.0000000000e+00	0.0000000000e+00	0.0000000000e+00
1.0401944825e+05	2.5206581973e-14	0.0000000000e+00	0.0000000000e+00	0.0000000000e+00	0.0000000000e+00	0.0000000000e+00	0.0000000000e+00	0.0000000000e+00	0.0000000000e+00	0.0000000000e+00	0.0000000000e+00	0.0000000000e+00	0.0000000000e+00	0.0000000000e+00	0.0000000000e+00	0.0000000000e+00	0.0000000000e+00	0.0000000000e+00	0.0000000000e+00	0.0000000000e+00	0.0000000000e+00	0.0000000000e+00	0.0000000000e+00	0.0000000000e+00	0.0000000000e+00
1.0401946189e+05	2.5201798418e-14	0.0000000000e+00	0.0000000000e+00	0.0000000000e+00	0.0000000000e+00	0.0000000000e+00	0.0000000000e+00	0.0000000000e+00	0.0000000000e+00	0.0000000000e+00	0.0000000000e+00	0.0000000000e+00	0.0000000000e+00	0.0000000000e+00	0.0000000000e+00	0.0000000000e+00	0.0000000000e+00	0.0000000000e+00	0.0000000000e+00	0.0000000000e+00	0.0000000000e+00	0.0000000000e+00	0.0000000000e+00	0.0000000000e+00	0.0000000000e+00
1.0401947569e+05	2.5198968223e-14	0.0000000000e+00	0.0000000000e+00	0.0000000000e+00	0.0000000000e+00	0.0000000000e+00	0.0000000000e+00	0.0000000000e+00	0.0000000000e+00	0.0000000000e+00	0.0000000000e+00	0.0000000000e+00	0.0000000000e+00	0.0000000000e+00	0.0000000000e+00	0.0000000000e+00	0.0000000000e+00	0.0000000000e+00	0.0000000000e+00	0.0000000000e+00	0.0000000000e+00	0.0000000000e+00	0.0000000000e+00	0.0000000000e+00	0.0000000000e+00
1.0401948966e+05	2.5198128284e-14	0.0000000000e+00	0.0000000000e+00	0.0000000000e+00	0.0000000000e+00	0.0000000000e+00	0.0000000000e+00	0.0000000000e+00	0.0000000000e+00	0.0000000000e+00	0.0000000000e+00	0.0000000000e+00	0.0000000000e+00	0.0000000000e+00	0.0000000000e+00	0.0000000000e+00	0.0000000000e+00	0.0000000000e+00	0.0000000000e+00	0.0000000000e+00	0.0000000000e+00	0.0000000000e+00	0.0000000000e+00	0.0000000000e+00	0.0000000000e+00
1.0401950378e+05	2.5199307990e-14	0.0000000000e+00	0.0000000000e+00	0.0000000000e+00	0.0000000000e+00	0.0000000000e+00	0.0000000000e+00	0.0000000000e+00	0.0000000000e+00	0.0000000000e+00	0.0000000000e+00	0.0000000000e+00	0.0000000000e+00	0.0000000000e+00	0.0000000000e+00	0.0000000000e+00	0.0000000000e+00	0.0000000000e+00	0.0000000000e+00	0.0000000000e+00	0.0000000000e+00	0.0000000000e+00	0.0000000000e+00	0.0000000000e+00	0.0000000000e+00
1.0401951806e+05	2.5202528859e-14	0.0000000000e+00	0.0000000000e+00	0.0000000000e+00	0.0000000000e+00	0.0000000000e+00	0.0000000000e+00	0.0000000000e+00	0.0000000000e+00	0.0000000000e+00	0.0000000000e+00	0.0000000000e+00	0.0000000000e+00	0.0000000000e+00	0.0000000000e+00	0.0000000000e+00	0.0000000000e+00	0.0000000000e+00	0.0000000000e+00	0.0000000000e+00	0.0000000000e+00	0.0000000000e+00	0.0000000000e+00	0.0000000000e+00	0.0000000000e+00
1.0401953252e+05	2.5207804196e-14	0.0000000000e+00	0.0000000000e+00	0.0000000000e+00	0.0000000000e+00	0.0000000000e+00	0.0000000000e+00	0.0000000000e+00	0.0000000000e+00	0.0000000000e+00	0.0000000000e+00	0.0000000000e+00	0.0000000000e+00	0.0000000000e+00	0.0000000000e+00	0.0000000000e+00	0.0000000000e+00	0.0000000000e+00	0.0000000000e+00	0.0000000000e+00	0.0000000000e+00	0.0000000000e+00	0.0000000000e+00	0.0000000000e+00	0.0000000000e+00
1.0401954714e+05	2.5215138760e-14	0.0000000000e+00	0.0000000000e+00	0.0000000000e+00	0.0000000000e+00	0.0000000000e+00	0.0000000000e+00	0.0000000000e+00	0.0000000000e+00	0.0000000000e+00	0.0000000000e+00	0.0000000000e+00	0.0000000000e+00	0.0000000000e+00	0.0000000000e+00	0.0000000000e+00	0.0000000000e+00	0.0000000000e+00	0.0000000000e+00	0.0000000000e+00	0.0000000000e+00	0.0000000000e+00	0.0000000000e+00	0.0000000000e+00	0.0000000000e+00
1.0401956192e+05	2.5224528442e-14	0.0000000000e+00	0.0000000000e+00	0.0000000000e+00	0.0000000000e+00	0.0000000000e+00	0.0000000000e+00	0.0000000000e+00	0.0000000000e+00	0.0000000000e+00	0.0000000000e+00	0.0000000000e+00	0.0000000000e+00	0.0000000000e+00	0.0000000000e+00	0.0000000000e+00	0.0000000000e+00	0.0000000000e+00	0.0000000000e+00	0.0000000000e+00	0.0000000000e+00	0.0000000000e+00	0.0000000000e+00	0.0000000000e+00	0.0000000000e+00
1.0401957688e+05	2.5235959970e-14	0.0000000000e+00	0.0000000000e+00	0.0000000000e+00	0.0000000000e+00	0.0000000000e+00	0.0000000000e+00	0.0000000000e+00	0.0000000000e+00	0.0000000000e+00	0.0000000000e+00	0.0000000000e+00	0.0000000000e+00	0.0000000000e+00	0.0000000000e+00	0.0000000000e+00	0.0000000000e+00	0.0000000000e+00	0.0000000000e+00	0.0000000000e+00	0.0000000000e+00	0.0000000000e+00	0.0000000000e+00	0.0000000000e+00	0.0000000000e+00
1.0401959202e+05	2.5249410618e-14	0.0000000000e+00	0.0000000000e+00	0.0000000000e+00	0.0000000000e+00	0.0000000000e+00	0.0000000000e+00	0.0000000000e+00	0.0000000000e+00	0.0000000000e+00	0.0000000000e+00	0.0000000000e+00	0.0000000000e+00	0.0000000000e+00	0.0000000000e+00	0.0000000000e+00	0.0000000000e+00	0.0000000000e+00	0.0000000000e+00	0.0000000000e+00	0.0000000000e+00	0.0000000000e+00	0.0000000000e+00	0.0000000000e+00	0.0000000000e+00
1.0401960733e+05	2.5264847941e-14	0.0000000000e+00	0.0000000000e+00	0.0000000000e+00	0.0000000000e+00	0.0000000000e+00	0.0000000000e+00	0.0000000000e+00	0.0000000000e+00	0.0000000000e+00	0.0000000000e+00	0.0000000000e+00	0.0000000000e+00	0.0000000000e+00	0.0000000000e+00	0.0000000000e+00	0.0000000000e+00	0.0000000000e+00	0.0000000000e+00	0.0000000000e+00	0.0000000000e+00	0.0000000000e+00	0.0000000000e+00	0.0000000000e+00	0.0000000000e+00
1.0401962281e+05	2.5282229524e-14	0.0000000000e+00	0.0000000000e+00	0.0000000000e+00	0.0000000000e+00	0.0000000000e+00	0.0000000000e+00	0.0000000000e+00	0.0000000000e+00	0.0000000000e+00	0.0000000000e+00	0.0000000000e+00	0.0000000000e+00	0.0000000000e+00	0.0000000000e+00	0.0000000000e+00	0.0000000000e+00	0.0000000000e+00	0.0000000000e+00	0.0000000000e+00	0.0000000000e+00	0.0000000000e+00	0.0000000000e+00	0.0000000000e+00	0.0000000000e+00
1.0401963848e+05	2.5301502752e-14	0.0000000000e+00	0.0000000000e+00	0.0000000000e+00	0.0000000000e+00	0.0000000000e+00	0.0000000000e+00	0.0000000000e+00	0.0000000000e+00	0.0000000000e+00	0.0000000000e+00	0.0000000000e+00	0.0000000000e+00	0.0000000000e+00	0.0000000000e+00	0.0000000000e+00	0.0000000000e+00	0.0000000000e+00	0.0000000000e+00	0.0000000000e+00	0.0000000000e+00	0.0000000000e+00	0.0000000000e+00	0.0000000000e+00	0.0000000000e+00
1.0401965432e+05	2.5322604605e-14	0.0000000000e+00	0.0000000000e+00	0.0000000000e+00	0.0000000000e+00	0.0000000000e+00	0.0000000000e+00	0.0000000000e+00	0.0000000000e+00	0.0000000000e+00	0.0000000000e+00	0.0000000000e+00	0.0000000000e+00	0.0000000000e+00	0.0000000000e+00	0.0000000000e+00	0.0000000000e+00	0.0000000000e+00	0.0000000000e+00	0.0000000000e+00	0.0000000000e+00	0.0000000000e+00	0.0000000000e+00	0.0000000000e+00	0.0000000000e+00
1.0401967035e+05	2.5345461464e-14	0.0000000000e+00	0.0000000000e+00	0.0000000000e+00	0.0000000000e+00	0.0000000000e+00	0.0000000000e+00	0.0000000000e+00	0.0000000000e+00	0.0000000000e+00	0.0000000000e+00	0.0000000000e+00	0.0000000000e+00	0.0000000000e+00	0.0000000000e+00	0.0000000000e+00	0.0000000000e+00	0.0000000000e+00	0.0000000000e+00	0.0000000000e+00	0.0000000000e+00	0.0000000000e+00	0.0000000000e+00	0.0000000000e+00	0.0000000000e+00
1.0401968657e+05	2.5369988948e-14	0.0000000000e+00	0.0000000000e+00	0.0000000000e+00	0.0000000000e+00	0.0000000000e+00	0.0000000000e+00	0.0000000000e+00	0.0000000000e+00	0.0000000000e+00	0.0000000000e+00	0.0000000000e+00	0.0000000000e+00	0.0000000000e+00	0.0000000000e+00	0.0000000000e+00	0.0000000000e+00	0.0000000000e+00	0.0000000000e+00	0.0000000000e+00	0.0000000000e+00	0.0000000000e+00	0.0000000000e+00	0.0000000000e+00	0.0000000000e+00
1.0401970297e+05	2.5396091774e-14	0.0000000000e+00	0.0000000000e+00	0.0000000000e+00	0.0000000000e+00	0.0000000000e+00	0.0000000000e+00	0.0000000000e+00	0.0000000000e+00	0.0000000000e+00	0.0000000000e+00	0.0000000000e+00	0.0000000000e+00	0.0000000000e+00	0.0000000000e+00	0.0000000000e+00	0.0000000000e+00	0.0000000000e+00	0.0000000000e+00	0.0000000000e+00	0.0000000000e+00	0.0000000000e+00	0.0000000000e+00	0.0000000000e+00	0.0000000000e+00
1.0401971956e+05	2.5423663642e-14	0.0000000000e+00	0.0000000000e+00	0.0000000000e+00	0.0000000000e+00	0.0000000000e+00	0.0000000000e+00	0.0000000000e+00	0.0000000000e+00	0.0000000000e+00	0.0000000000e+00	0.0000000000e+00	0.0000000000e+00	0.0000000000e+00	0.0000000000e+00	0.0000000000e+00	0.0000000000e+00	0.0000000000e+00	0.0000000000e+00	0.0000000000e+00	0.0000000000e+00	0.0000000000e+00	0.0000000000e+00	0.0000000000e+00	0.0000000000e+00
1.0401973635e+05	2.5452587139e-14	0.0000000000e+00	0.0000000000e+00	0.0000000000e+00	0.0000000000e+00	0.0000000000e+00	0.0000000000e+00	0.0000000000e+00	0.0000000000e+00	0.0000000000e+00	0.0000000000e+00	0.0000000000e+00	0.0000000000e+00	0.0000000000e+00	0.0000000000e+00	0.0000000000e+00	0.0000000000e+00	0.0000000000e+00	0.0000000000e+00	0.0000000000e+00	0.0000000000e+00	0.0000000000e+00	0.0000000000e+00	0.0000000000e+00	0.0000000000e+00
1.0401975333e+05	2.5482733683e-14	0.0000000000e+00	0.0000000000e+00	0.0000000000e+00	0.0000000000e+00	0.0000000000e+00	0.0000000000e+00	0.0000000000e+00	0.0000000000e+00	0.0000000000e+00	0.0000000000e+00	0.0000000000e+00	0.0000000000e+00	0.0000000000e+00	0.0000000000e+00	0.0000000000e+00	0.0000000000e+00	0.0000000000e+00	0.0000000000e+00	0.0000000000e+00	0.0000000000e+00	0.0000000000e+00	0.0000000000e+00	0.0000000000e+00	0.0000000000e+00
1.0401977050e+05	2.5513963486e-14	0.0000000000e+00	0.0000000000e+00	0.0000000000e+00	0.0000000000e+00	0.0000000000e+00	0.0000000000e+00	0.0000000000e+00	0.0000000000e+00	0.0000000000e+00	0.0000000000e+00	0.0000000000e+00	0.0000000000e+00	0.0000000000e+00	0.0000000000e+00	0.0000000000e+00	0.0000000000e+00	0.0000000000e+00	0.0000000000e+00	0.0000000000e+00	0.0000000000e+00	0.0000000000e+00	0.0000000000e+00	0.0000000000e+00	0.0000000000e+00
1.0401978788e+05	2.5546125551e-14	0.0000000000e+00	0.0000000000e+00	0.0000000000e+00	0.0000000000e+00	0.0000000000e+00	0.0000000000e+00	0.0000000000e+00	0.0000000000e+00	0.0000000000e+00	0.0000000000e+00	0.0000000000e+00	0.0000000000e+00	0.0000000000e+00	0.0000000000e+00	0.0000000000e+00	0.0000000000e+00	0.0000000000e+00	0.0000000000e+00	0.0000000000e+00	0.0000000000e+00	0.0000000000e+00	0.0000000000e+00	0.0000000000e+00	0.0000000000e+00
1.0401980546e+05	2.5579057695e-14	0.0000000000e+00	0.0000000000e+00	0.0000000000e+00	0.0000000000e+00	0.0000000000e+00	0.0000000000e+00	0.0000000000e+00	0.0000000000e+00	0.0000000000e+00	0.0000000000e+00	0.0000000000e+00	0.0000000000e+00	0.0000000000e+00	0.0000000000e+00	0.0000000000e+00	0.0000000000e+00	0.0000000000e+00	0.0000000000e+00	0.0000000000e+00	0.0000000000e+00	0.0000000000e+00	0.0000000000e+00	0.0000000000e+00	0.0000000000e+00
1.0401982323e+05	2.5612586617e-14	0.0000000000e+00	0.0000000000e+00	0.0000000000e+00	0.0000000000e+00	0.0000000000e+00	0.0000000000e+00	0.0000000000e+00	0.0000000000e+00	0.0000000000e+00	0.0000000000e+00	0.0000000000e+00	0.0000000000e+00	0.0000000000e+00	0.0000000000e+00	0.0000000000e+00	0.0000000000e+00	0.0000000000e+00	0.0000000000e+00	0.0000000000e+00	0.0000000000e+00	0.0000000000e+00	0.0000000000e+00	0.0000000000e+00	0.0000000000e+00
1.0401984122e+05	2.5646527981e-14	0.0000000000e+00	0.0000000000e+00	0.0000000000e+00	0.0000000000e+00	0.0000000000e+00	0.0000000000e+00	0.0000000000e+00	0.0000000000e+00	0.0000000000e+00	0.0000000000e+00	0.0000000000e+00	0.0000000000e+00	0.0000000000e+00	0.0000000000e+00	0.0000000000e+00	0.0000000000e+00	0.0000000000e+00	0.0000000000e+00	0.0000000000e+00	0.0000000000e+00	0.0000000000e+00	0.0000000000e+00	0.0000000000e+00	0.0000000000e+00
1.0401985941e+05	2.5680686554e-14	0.0000000000e+00	0.0000000000e+00	0.0000000000e+00	0.0000000000e+00	0.0000000000e+00	0.0000000000e+00	0.0000000000e+00	0.0000000000e+00	0.0000000000e+00	0.0000000000e+00	0.0000000000e+00	0.0000000000e+00	0.0000000000e+00	0.0000000000e+00	0.0000000000e+00	0.0000000000e+00	0.0000000000e+00	0.0000000000e+00	0.0000000000e+00	0.0000000000e+00	0.0000000000e+00	0.0000000000e+00	0.0000000000e+00	0.0000000000e+00
1.0401987782e+05	2.5714856363e-14	0.0000000000e+00	0.0000000000e+00	0.0000000000e+00	0.0000000000e+00	0.0000000000e+00	0.0000000000e+00	0.0000000000e+00	0.0000000000e+00	0.0000000000e+00	0.0000000000e+00	0.0000000000e+00	0.0000000000e+00	0.0000000000e+00	0.0000000000e+00	0.0000000000e+00	0.0000000000e+00	0.0000000000e+00	0.0000000000e+00	0.0000000000e+00	0.0000000000e+00	0.0000000000e+00	0.0000000000e+00	0.0000000000e+00	0.0000000000e+00
1.0401989644e+05	2.6540173266e-14	0.0000000000e+00	0.0000000000e+00	0.0000000000e+00	0.0000000000e+00	0.0000000000e+00	0.0000000000e+00	0.0000000000e+00	0.0000000000e+00	0.0000000000e+00	0.0000000000e+00	0.0000000000e+00	0.0000000000e+00	0.0000000000e+00	0.0000000000e+00	0.0000000000e+00	0.0000000000e+00	0.0000000000e+00	0.0000000000e+00	0.0000000000e+00	0.0000000000e+00	0.0000000000e+00	0.0000000000e+00	0.0000000000e+00	0.0000000000e+00
1.0401991527e+05	2.6492782474e-14	0.0000000000e+00	0.0000000000e+00	0.0000000000e+00	0.0000000000e+00	0.0000000000e+00	0.0000000000e+00	0.0000000000e+00	0.0000000000e+00	0.0000000000e+00	0.0000000000e+00	0.0000000000e+00	0.0000000000e+00	0.0000000000e+00	0.0000000000e+00	0.0000000000e+00	0.0000000000e+00	0.0000000000e+00	0.0000000000e+00	0.0000000000e+00	0.0000000000e+00	0.0000000000e+00	0.0000000000e+00	0.0000000000e+00	0.0000000000e+00
1.0401993432e+05	2.6446862973e-14	0.0000000000e+00	0.0000000000e+00	0.0000000000e+00	0.0000000000e+00	0.0000000000e+00	0.0000000000e+00	0.0000000000e+00	0.0000000000e+00	0.0000000000e+00	0.0000000000e+00	0.0000000000e+00	0.0000000000e+00	0.0000000000e+00	0.0000000000e+00	0.0000000000e+00	0.0000000000e+00	0.0000000000e+00	0.0000000000e+00	0.0000000000e+00	0.0000000000e+00	0.0000000000e+00	0.0000000000e+00	0.0000000000e+00	0.0000000000e+00
1.0401995359e+05	2.6402610851e-14	0.0000000000e+00	0.0000000000e+00	0.0000000000e+00	0.0000000000e+00	0.0000000000e+00	0.0000000000e+00	0.0000000000e+00	0.0000000000e+00	0.0000000000e+00	0.0000000000e+00	0.0000000000e+00	0.0000000000e+00	0.0000000000e+00	0.0000000000e+00	0.0000000000e+00	0.0000000000e+00	0.0000000000e+00	0.0000000000e+00	0.0000000000e+00	0.0000000000e+00	0.0000000000e+00	0.0000000000e+00	0.0000000000e+00	0.0000000000e+00
1.0401997309e+05	2.6360215491e-14	0.0000000000e+00	0.0000000000e+00	0.0000000000e+00	0.0000000000e+00	0.0000000000e+00	0.0000000000e+00	0.0000000000e+00	0.0000000000e+00	0.0000000000e+00	0.0000000000e+00	0.0000000000e+00	0.0000000000e+00	0.0000000000e+00	0.0000000000e+00	0.0000000000e+00	0.0000000000e+00	0.0000000000e+00	0.0000000000e+00	0.0000000000e+00	0.0000000000e+00	0.0000000000e+00	0.0000000000e+00	0.0000000000e+00	0.0000000000e+00
1.0401999281e+05	2.6319858634e-14	0.0000000000e+00	0.0000000000e+00	0.0000000000e+00	0.0000000000e+00	0.0000000000e+00	0.0000000000e+00	0.0000000000e+00	0.0000000000e+00	0.0000000000e+00	0.0000000000e+00	0.0000000000e+00	0.0000000000e+00	0.0000000000e+00	0.0000000000e+00	0.0000000000e+00	0.0000000000e+00	0.0000000000e+00	0.0000000000e+00	0.0000000000e+00	0.0000000000e+00	0.0000000000e+00	0.0000000000e+00	0.0000000000e+00	0.0000000000e+00
1.0402001276e+05	2.6281713473e-14	0.0000000000e+00	0.0000000000e+00	0.0000000000e+00	0.0000000000e+00	0.0000000000e+00	0.0000000000e+00	0.0000000000e+00	0.0000000000e+00	0.0000000000e+00	0.0000000000e+00	0.0000000000e+00	0.0000000000e+00	0.0000000000e+00	0.0000000000e+00	0.0000000000e+00	0.0000000000e+00	0.0000000000e+00	0.0000000000e+00	0.0000000000e+00	0.0000000000e+00	0.0000000000e+00	0.0000000000e+00	0.0000000000e+00	0.0000000000e+00
1.0402003294e+05	2.6245943777e-14	0.0000000000e+00	0.0000000000e+00	0.0000000000e+00	0.0000000000e+00	0.0000000000e+00	0.0000000000e+00	0.0000000000e+00	0.0000000000e+00	0.0000000000e+00	0.0000000000e+00	0.0000000000e+00	0.0000000000e+00	0.0000000000e+00	0.0000000000e+00	0.0000000000e+00	0.0000000000e+00	0.0000000000e+00	0.0000000000e+00	0.0000000000e+00	0.0000000000e+00	0.0000000000e+00	0.0000000000e+00	0.0000000000e+00	0.0000000000e+00
1.0402005335e+05	2.6212703039e-14	0.0000000000e+00	0.0000000000e+00	0.0000000000e+00	0.0000000000e+00	0.0000000000e+00	0.0000000000e+00	0.0000000000e+00	0.0000000000e+00	0.0000000000e+00	0.0000000000e+00	0.0000000000e+00	0.0000000000e+00	0.0000000000e+00	0.0000000000e+00	0.0000000000e+00	0.0000000000e+00	0.0000000000e+00	0.0000000000e+00	0.0000000000e+00	0.0000000000e+00	0.0000000000e+00	0.0000000000e+00	0.0000000000e+00	0.0000000000e+00
1.0402007400e+05	2.6182133669e-14	0.0000000000e+00	0.0000000000e+00	0.0000000000e+00	0.0000000000e+00	0.0000000000e+00	0.0000000000e+00	0.0000000000e+00	0.0000000000e+00	0.0000000000e+00	0.0000000000e+00	0.0000000000e+00	0.0000000000e+00	0.0000000000e+00	0.0000000000e+00	0.0000000000e+00	0.0000000000e+00	0.0000000000e+00	0.0000000000e+00	0.0000000000e+00	0.0000000000e+00	0.0000000000e+00	0.0000000000e+00	0.0000000000e+00	0.0000000000e+00
1.0402009489e+05	2.6154366199e-14	0.0000000000e+00	0.0000000000e+00	0.0000000000e+00	0.0000000000e+00	0.0000000000e+00	0.0000000000e+00	0.0000000000e+00	0.0000000000e+00	0.0000000000e+00	0.0000000000e+00	0.0000000000e+00	0.0000000000e+00	0.0000000000e+00	0.0000000000e+00	0.0000000000e+00	0.0000000000e+00	0.0000000000e+00	0.0000000000e+00	0.0000000000e+00	0.0000000000e+00	0.0000000000e+00	0.0000000000e+00	0.0000000000e+00	0.0000000000e+00
1.0402011602e+05	2.6129518536e-14	0.0000000000e+00	0.0000000000e+00	0.0000000000e+00	0.0000000000e+00	0.0000000000e+00	0.0000000000e+00	0.0000000000e+00	0.0000000000e+00	0.0000000000e+00	0.0000000000e+00	0.0000000000e+00	0.0000000000e+00	0.0000000000e+00	0.0000000000e+00	0.0000000000e+00	0.0000000000e+00	0.0000000000e+00	0.0000000000e+00	0.0000000000e+00	0.0000000000e+00	0.0000000000e+00	0.0000000000e+00	0.0000000000e+00	0.0000000000e+00
1.0402013740e+05	2.6107695247e-14	0.0000000000e+00	0.0000000000e+00	0.0000000000e+00	0.0000000000e+00	0.0000000000e+00	0.0000000000e+00	0.0000000000e+00	0.0000000000e+00	0.0000000000e+00	0.0000000000e+00	0.0000000000e+00	0.0000000000e+00	0.0000000000e+00	0.0000000000e+00	0.0000000000e+00	0.0000000000e+00	0.0000000000e+00	0.0000000000e+00	0.0000000000e+00	0.0000000000e+00	0.0000000000e+00	0.0000000000e+00	0.0000000000e+00	0.0000000000e+00
1.0402015902e+05	2.6088986868e-14	0.0000000000e+00	0.0000000000e+00	0.0000000000e+00	0.0000000000e+00	0.0000000000e+00	0.0000000000e+00	0.0000000000e+00	0.0000000000e+00	0.0000000000e+00	0.0000000000e+00	0.0000000000e+00	0.0000000000e+00	0.0000000000e+00	0.0000000000e+00	0.0000000000e+00	0.0000000000e+00	0.0000000000e+00	0.0000000000e+00	0.0000000000e+00	0.0000000000e+00	0.0000000000e+00	0.0000000000e+00	0.0000000000e+00	0.0000000000e+00
1.0402018090e+05	2.6073469260e-14	0.0000000000e+00	0.0000000000e+00	0.0000000000e+00	0.0000000000e+00	0.0000000000e+00	0.0000000000e+00	0.0000000000e+00	0.0000000000e+00	0.0000000000e+00	0.0000000000e+00	0.0000000000e+00	0.0000000000e+00	0.0000000000e+00	0.0000000000e+00	0.0000000000e+00	0.0000000000e+00	0.0000000000e+00	0.0000000000e+00	0.0000000000e+00	0.0000000000e+00	0.0000000000e+00	0.0000000000e+00	0.0000000000e+00	0.0000000000e+00
1.0402020302e+05	2.6061202998e-14	0.0000000000e+00	0.0000000000e+00	0.0000000000e+00	0.0000000000e+00	0.0000000000e+00	0.0000000000e+00	0.0000000000e+00	0.0000000000e+00	0.0000000000e+00	0.0000000000e+00	0.0000000000e+00	0.0000000000e+00	0.0000000000e+00	0.0000000000e+00	0.0000000000e+00	0.0000000000e+00	0.0000000000e+00	0.0000000000e+00	0.0000000000e+00	0.0000000000e+00	0.0000000000e+00	0.0000000000e+00	0.0000000000e+00	0.0000000000e+00
1.0402022541e+05	2.6052232791e-14	0.0000000000e+00	0.0000000000e+00	0.0000000000e+00	0.0000000000e+00	0.0000000000e+00	0.0000000000e+00	0.0000000000e+00	0.0000000000e+00	0.0000000000e+00	0.0000000000e+00	0.0000000000e+00	0.0000000000e+00	0.0000000000e+00	0.0000000000e+00	0.0000000000e+00	0.0000000000e+00	0.0000000000e+00	0.0000000000e+00	0.0000000000e+00	0.0000000000e+00	0.0000000000e+00	0.0000000000e+00	0.0000000000e+00	0.0000000000e+00
1.0402024805e+05	2.6046586953e-14	0.0000000000e+00	0.0000000000e+00	0.0000000000e+00	0.0000000000e+00	0.0000000000e+00	0.0000000000e+00	0.0000000000e+00	0.0000000000e+00	0.0000000000e+00	0.0000000000e+00	0.0000000000e+00	0.0000000000e+00	0.0000000000e+00	0.0000000000e+00	0.0000000000e+00	0.0000000000e+00	0.0000000000e+00	0.0000000000e+00	0.0000000000e+00	0.0000000000e+00	0.0000000000e+00	0.0000000000e+00	0.0000000000e+00	0.0000000000e+00
1.0402027095e+05	2.6044276902e-14	0.0000000000e+00	0.0000000000e+00	0.0000000000e+00	0.0000000000e+00	0.0000000000e+00	0.0000000000e+00	0.0000000000e+00	0.0000000000e+00	0.0000000000e+00	0.0000000000e+00	0.0000000000e+00	0.0000000000e+00	0.0000000000e+00	0.0000000000e+00	0.0000000000e+00	0.0000000000e+00	0.0000000000e+00	0.0000000000e+00	0.0000000000e+00	0.0000000000e+00	0.0000000000e+00	0.0000000000e+00	0.0000000000e+00	0.0000000000e+00
1.0402029412e+05	2.6045296707e-14	0.0000000000e+00	0.0000000000e+00	0.0000000000e+00	0.0000000000e+00	0.0000000000e+00	0.0000000000e+00	0.0000000000e+00	0.0000000000e+00	0.0000000000e+00	0.0000000000e+00	0.0000000000e+00	0.0000000000e+00	0.0000000000e+00	0.0000000000e+00	0.0000000000e+00	0.0000000000e+00	0.0000000000e+00	0.0000000000e+00	0.0000000000e+00	0.0000000000e+00	0.0000000000e+00	0.0000000000e+00	0.0000000000e+00	0.0000000000e+00
1.0402031756e+05	2.6049622681e-14	0.0000000000e+00	0.0000000000e+00	0.0000000000e+00	0.0000000000e+00	0.0000000000e+00	0.0000000000e+00	0.0000000000e+00	0.0000000000e+00	0.0000000000e+00	0.0000000000e+00	0.0000000000e+00	0.0000000000e+00	0.0000000000e+00	0.0000000000e+00	0.0000000000e+00	0.0000000000e+00	0.0000000000e+00	0.0000000000e+00	0.0000000000e+00	0.0000000000e+00	0.0000000000e+00	0.0000000000e+00	0.0000000000e+00	0.0000000000e+00
1.0402034127e+05	2.6057213007e-14	0.0000000000e+00	0.0000000000e+00	0.0000000000e+00	0.0000000000e+00	0.0000000000e+00	0.0000000000e+00	0.0000000000e+00	0.0000000000e+00	0.0000000000e+00	0.0000000000e+00	0.0000000000e+00	0.0000000000e+00	0.0000000000e+00	0.0000000000e+00	0.0000000000e+00	0.0000000000e+00	0.0000000000e+00	0.0000000000e+00	0.0000000000e+00	0.0000000000e+00	0.0000000000e+00	0.0000000000e+00	0.0000000000e+00	0.0000000000e+00
1.0402036526e+05	2.6068007428e-14	0.0000000000e+00	0.0000000000e+00	0.0000000000e+00	0.0000000000e+00	0.0000000000e+00	0.0000000000e+00	0.0000000000e+00	0.0000000000e+00	0.0000000000e+00	0.0000000000e+00	0.0000000000e+00	0.0000000000e+00	0.0000000000e+00	0.0000000000e+00	0.0000000000e+00	0.0000000000e+00	0.0000000000e+00	0.0000000000e+00	0.0000000000e+00	0.0000000000e+00	0.0000000000e+00	0.0000000000e+00	0.0000000000e+00	0.0000000000e+00
1.0402038952e+05	2.6081926969e-14	0.0000000000e+00	0.0000000000e+00	0.0000000000e+00	0.0000000000e+00	0.0000000000e+00	0.0000000000e+00	0.0000000000e+00	0.0000000000e+00	0.0000000000e+00	0.0000000000e+00	0.0000000000e+00	0.0000000000e+00	0.0000000000e+00	0.0000000000e+00	0.0000000000e+00	0.0000000000e+00	0.0000000000e+00	0.0000000000e+00	0.0000000000e+00	0.0000000000e+00	0.0000000000e+00	0.0000000000e+00	0.0000000000e+00	0.0000000000e+00
1.0402041406e+05	2.6098873722e-14	0.0000000000e+00	0.0000000000e+00	0.0000000000e+00	0.0000000000e+00	0.0000000000e+00	0.0000000000e+00	0.0000000000e+00	0.0000000000e+00	0.0000000000e+00	0.0000000000e+00	0.0000000000e+00	0.0000000000e+00	0.0000000000e+00	0.0000000000e+00	0.0000000000e+00	0.0000000000e+00	0.0000000000e+00	0.0000000000e+00	0.0000000000e+00	0.0000000000e+00	0.0000000000e+00	0.0000000000e+00	0.0000000000e+00	0.0000000000e+00
1.0402043889e+05	2.8253848192e-14	0.0000000000e+00	0.0000000000e+00	0.0000000000e+00	0.0000000000e+00	0.0000000000e+00	0.0000000000e+00	0.0000000000e+00	0.0000000000e+00	0.0000000000e+00	0.0000000000e+00	0.0000000000e+00	0.0000000000e+00	0.0000000000e+00	0.0000000000e+00	0.0000000000e+00	0.0000000000e+00	0.0000000000e+00	0.0000000000e+00	0.0000000000e+00	0.0000000000e+00	0.0000000000e+00	0.0000000000e+00	0.0000000000e+00	0.0000000000e+00
1.0402046400e+05	2.8169811286e-14	0.0000000000e+00	0.0000000000e+00	0.0000000000e+00	0.0000000000e+00	0.0000000000e+00	0.0000000000e+00	0.0000000000e+00	0.0000000000e+00	0.0000000000e+00	0.0000000000e+00	0.0000000000e+00	0.0000000000e+00	0.0000000000e+00	0.0000000000e+00	0.0000000000e+00	0.0000000000e+00	0.0000000000e+00	0.0000000000e+00	0.0000000000e+00	0.0000000000e+00	0.0000000000e+00	0.0000000000e+00	0.0000000000e+00	0.0000000000e+00
1.0402048941e+05	2.8085829107e-14	0.0000000000e+00	0.0000000000e+00	0.0000000000e+00	0.0000000000e+00	0.0000000000e+00	0.0000000000e+00	0.0000000000e+00	0.0000000000e+00	0.0000000000e+00	0.0000000000e+00	0.0000000000e+00	0.0000000000e+00	0.0000000000e+00	0.0000000000e+00	0.0000000000e+00	0.0000000000e+00	0.0000000000e+00	0.0000000000e+00	0.0000000000e+00	0.0000000000e+00	0.0000000000e+00	0.0000000000e+00	0.0000000000e+00	0.0000000000e+00
1.0402051511e+05	2.8002248484e-14	0.0000000000e+00	0.0000000000e+00	0.0000000000e+00	0.0000000000e+00	0.0000000000e+00	0.0000000000e+00	0.0000000000e+00	0.0000000000e+00	0.0000000000e+00	0.0000000000e+00	0.0000000000e+00	0.0000000000e+00	0.0000000000e+00	0.0000000000e+00	0.0000000000e+00	0.0000000000e+00	0.0000000000e+00	0.0000000000e+00	0.0000000000e+00	0.0000000000e+00	0.0000000000e+00	0.0000000000e+00	0.0000000000e+00	0.0000000000e+00
1.0402054110e+05	2.7919413705e-14	0.0000000000e+00	0.0000000000e+00	0.0000000000e+00	0.0000000000e+00	0.0000000000e+00	0.0000000000e+00	0.0000000000e+00	0.0000000000e+00	0.0000000000e+00	0.0000000000e+00	0.0000000000e+00	0.0000000000e+00	0.0000000000e+00	0.0000000000e+00	0.0000000000e+00	0.0000000000e+00	0.0000000000e+00	0.0000000000e+00	0.0000000000e+00	0.0000000000e+00	0.0000000000e+00	0.0000000000e+00	0.0000000000e+00	0.0000000000e+00
1.0402056740e+05	2.7837664624e-14	0.0000000000e+00	0.0000000000e+00	0.0000000000e+00	0.0000000000e+00	0.0000000000e+00	0.0000000000e+00	0.0000000000e+00	0.0000000000e+00	0.0000000000e+00	0.0000000000e+00	0.0000000000e+00	0.0000000000e+00	0.0000000000e+00	0.0000000000e+00	0.0000000000e+00	0.0000000000e+00	0.0000000000e+00	0.0000000000e+00	0.0000000000e+00	0.0000000000e+00	0.0000000000e+00	0.0000000000e+00	0.0000000000e+00	0.0000000000e+00
1.0402059401e+05	2.7757334846e-14	0.0000000000e+00	0.0000000000e+00	0.0000000000e+00	0.0000000000e+00	0.0000000000e+00	0.0000000000e+00	0.0000000000e+00	0.0000000000e+00	0.0000000000e+00	0.0000000000e+00	0.0000000000e+00	0.0000000000e+00	0.0000000000e+00	0.0000000000e+00	0.0000000000e+00	0.0000000000e+00	0.0000000000e+00	0.0000000000e+00	0.0000000000e+00	0.0000000000e+00	0.0000000000e+00	0.0000000000e+00	0.0000000000e+00	0.0000000000e+00
1.0402062092e+05	2.7678749970e-14	0.0000000000e+00	0.0000000000e+00	0.0000000000e+00	0.0000000000e+00	0.0000000000e+00	0.0000000000e+00	0.0000000000e+00	0.0000000000e+00	0.0000000000e+00	0.0000000000e+00	0.0000000000e+00	0.0000000000e+00	0.0000000000e+00	0.0000000000e+00	0.0000000000e+00	0.0000000000e+00	0.0000000000e+00	0.0000000000e+00	0.0000000000e+00	0.0000000000e+00	0.0000000000e+00	0.0000000000e+00	0.0000000000e+00	0.0000000000e+00
1.0402064814e+05	2.7602225915e-14	0.0000000000e+00	0.0000000000e+00	0.0000000000e+00	0.0000000000e+00	0.0000000000e+00	0.0000000000e+00	0.0000000000e+00	0.0000000000e+00	0.0000000000e+00	0.0000000000e+00	0.0000000000e+00	0.0000000000e+00	0.0000000000e+00	0.0000000000e+00	0.0000000000e+00	0.0000000000e+00	0.0000000000e+00	0.0000000000e+00	0.0000000000e+00	0.0000000000e+00	0.0000000000e+00	0.0000000000e+00	0.0000000000e+00	0.0000000000e+00
1.0402067568e+05	2.7528067314e-14	0.0000000000e+00	0.0000000000e+00	0.0000000000e+00	0.0000000000e+00	0.0000000000e+00	0.0000000000e+00	0.0000000000e+00	0.0000000000e+00	0.0000000000e+00	0.0000000000e+00	0.0000000000e+00	0.0000000000e+00	0.0000000000e+00	0.0000000000e+00	0.0000000000e+00	0.0000000000e+00	0.0000000000e+00	0.0000000000e+00	0.0000000000e+00	0.0000000000e+00	0.0000000000e+00	0.0000000000e+00	0.0000000000e+00	0.0000000000e+00
1.0402070353e+05	2.7456565986e-14	0.0000000000e+00	0.0000000000e+00	0.0000000000e+00	0.0000000000e+00	0.0000000000e+00	0.0000000000e+00	0.0000000000e+00	0.0000000000e+00	0.0000000000e+00	0.0000000000e+00	0.0000000000e+00	0.0000000000e+00	0.0000000000e+00	0.0000000000e+00	0.0000000000e+00	0.0000000000e+00	0.0000000000e+00	0.0000000000e+00	0.0000000000e+00	0.0000000000e+00	0.0000000000e+00	0.0000000000e+00	0.0000000000e+00	0.0000000000e+00
1.0402073171e+05	2.7387999483e-14	0.0000000000e+00	0.0000000000e+00	0.0000000000e+00	0.0000000000e+00	0.0000000000e+00	0.0000000000e+00	0.0000000000e+00	0.0000000000e+00	0.0000000000e+00	0.0000000000e+00	0.0000000000e+00	0.0000000000e+00	0.0000000000e+00	0.0000000000e+00	0.0000000000e+00	0.0000000000e+00	0.0000000000e+00	0.0000000000e+00	0.0000000000e+00	0.0000000000e+00	0.0000000000e+00	0.0000000000e+00	0.0000000000e+00	0.0000000000e+00
1.0402076022e+05	2.7322629716e-14	0.0000000000e+00	0.0000000000e+00	0.0000000000e+00	0.0000000000e+00	0.0000000000e+00	0.0000000000e+00	0.0000000000e+00	0.0000000000e+00	0.0000000000e+00	0.0000000000e+00	0.0000000000e+00	0.0000000000e+00	0.0000000000e+00	0.0000000000e+00	0.0000000000e+00	0.0000000000e+00	0.0000000000e+00	0.0000000000e+00	0.0000000000e+00	0.0000000000e+00	0.0000000000e+00	0.0000000000e+00	0.0000000000e+00	0.0000000000e+00
1.0402078905e+05	2.7260701649e-14	0.0000000000e+00	0.0000000000e+00	0.0000000000e+00	0.0000000000e+00	0.0000000000e+00	0.0000000000e+00	0.0000000000e+00	0.0000000000e+00	0.0000000000e+00	0.0000000000e+00	0.0000000000e+00	0.0000000000e+00	0.0000000000e+00	0.0000000000e+00	0.0000000000e+00	0.0000000000e+00	0.0000000000e+00	0.0000000000e+00	0.0000000000e+00	0.0000000000e+00	0.0000000000e+00	0.0000000000e+00	0.0000000000e+00	0.0000000000e+00
1.0402081822e+05	2.7202442076e-14	0.0000000000e+00	0.0000000000e+00	0.0000000000e+00	0.0000000000e+00	0.0000000000e+00	0.0000000000e+00	0.0000000000e+00	0.0000000000e+00	0.0000000000e+00	0.0000000000e+00	0.0000000000e+00	0.0000000000e+00	0.0000000000e+00	0.0000000000e+00	0.0000000000e+00	0.0000000000e+00	0.0000000000e+00	0.0000000000e+00	0.0000000000e+00	0.0000000000e+00	0.0000000000e+00	0.0000000000e+00	0.0000000000e+00	0.0000000000e+00
1.0402084773e+05	2.7148058467e-14	0.0000000000e+00	0.0000000000e+00	0.0000000000e+00	0.0000000000e+00	0.0000000000e+00	0.0000000000e+00	0.0000000000e+00	0.0000000000e+00	0.0000000000e+00	0.0000000000e+00	0.0000000000e+00	0.0000000000e+00	0.0000000000e+00	0.0000000000e+00	0.0000000000e+00	0.0000000000e+00	0.0000000000e+00	0.0000000000e+00	0.0000000000e+00	0.0000000000e+00	0.0000000000e+00	0.0000000000e+00	0.0000000000e+00	0.0000000000e+00
1.0402087758e+05	2.7097737888e-14	0.0000000000e+00	0.0000000000e+00	0.0000000000e+00	0.0000000000e+00	0.0000000000e+00	0.0000000000e+00	0.0000000000e+00	0.0000000000e+00	0.0000000000e+00	0.0000000000e+00	0.0000000000e+00	0.0000000000e+00	0.0000000000e+00	0.0000000000e+00	0.0000000000e+00	0.0000000000e+00	0.0000000000e+00	0.0000000000e+00	0.0000000000e+00	0.0000000000e+00	0.0000000000e+00	0.0000000000e+00	0.0000000000e+00	0.0000000000e+00
1.0402090777e+05	2.7051645996e-14	0.0000000000e+00	0.0000000000e+00	0.0000000000e+00	0.0000000000e+00	0.0000000000e+00	0.0000000000e+00	0.0000000000e+00	0.0000000000e+00	0.0000000000e+00	0.0000000000e+00	0.0000000000e+00	0.0000000000e+00	0.0000000000e+00	0.0000000000e+00	0.0000000000e+00	0.0000000000e+00	0.0000000000e+00	0.0000000000e+00	0.0000000000e+00	0.0000000000e+00	0.0000000000e+00	0.0000000000e+00	0.0000000000e+00	0.0000000000e+00
1.0402093831e+05	2.7009926101e-14	0.0000000000e+00	0.0000000000e+00	0.0000000000e+00	0.0000000000e+00	0.0000000000e+00	0.0000000000e+00	0.0000000000e+00	0.0000000000e+00	0.0000000000e+00	0.0000000000e+00	0.0000000000e+00	0.0000000000e+00	0.0000000000e+00	0.0000000000e+00	0.0000000000e+00	0.0000000000e+00	0.0000000000e+00	0.0000000000e+00	0.0000000000e+00	0.0000000000e+00	0.0000000000e+00	0.0000000000e+00	0.0000000000e+00	0.0000000000e+00
1.0402096921e+05	2.6972698309e-14	0.0000000000e+00	0.0000000000e+00	0.0000000000e+00	0.0000000000e+00	0.0000000000e+00	0.0000000000e+00	0.0000000000e+00	0.0000000000e+00	0.0000000000e+00	0.0000000000e+00	0.0000000000e+00	0.0000000000e+00	0.0000000000e+00	0.0000000000e+00	0.0000000000e+00	0.0000000000e+00	0.0000000000e+00	0.0000000000e+00	0.0000000000e+00	0.0000000000e+00	0.0000000000e+00	0.0000000000e+00	0.0000000000e+00	0.0000000000e+00
1.0402100047e+05	2.6940058733e-14	0.0000000000e+00	0.0000000000e+00	0.0000000000e+00	0.0000000000e+00	0.0000000000e+00	0.0000000000e+00	0.0000000000e+00	0.0000000000e+00	0.0000000000e+00	0.0000000000e+00	0.0000000000e+00	0.0000000000e+00	0.0000000000e+00	0.0000000000e+00	0.0000000000e+00	0.0000000000e+00	0.0000000000e+00	0.0000000000e+00	0.0000000000e+00	0.0000000000e+00	0.0000000000e+00	0.0000000000e+00	0.0000000000e+00	0.0000000000e+00
1.0402103209e+05	2.6912078773e-14	0.0000000000e+00	0.0000000000e+00	0.0000000000e+00	0.0000000000e+00	0.0000000000e+00	0.0000000000e+00	0.0000000000e+00	0.0000000000e+00	0.0000000000e+00	0.0000000000e+00	0.0000000000e+00	0.0000000000e+00	0.0000000000e+00	0.0000000000e+00	0.0000000000e+00	0.0000000000e+00	0.0000000000e+00	0.0000000000e+00	0.0000000000e+00	0.0000000000e+00	0.0000000000e+00	0.0000000000e+00	0.0000000000e+00	0.0000000000e+00
1.0402106407e+05	2.9971199376e-14	0.0000000000e+00	0.0000000000e+00	0.0000000000e+00	0.0000000000e+00	0.0000000000e+00	0.0000000000e+00	0.0000000000e+00	0.0000000000e+00	0.0000000000e+00	0.0000000000e+00	0.0000000000e+00	0.0000000000e+00	0.0000000000e+00	0.0000000000e+00	0.0000000000e+00	0.0000000000e+00	0.0000000000e+00	0.0000000000e+00	0.0000000000e+00	0.0000000000e+00	0.0000000000e+00	0.0000000000e+00	0.0000000000e+00	0.0000000000e+00
1.0402109642e+05	2.9862770246e-14	0.0000000000e+00	0.0000000000e+00	0.0000000000e+00	0.0000000000e+00	0.0000000000e+00	0.0000000000e+00	0.0000000000e+00	0.0000000000e+00	0.0000000000e+00	0.0000000000e+00	0.0000000000e+00	0.0000000000e+00	0.0000000000e+00	0.0000000000e+00	0.0000000000e+00	0.0000000000e+00	0.0000000000e+00	0.0000000000e+00	0.0000000000e+00	0.0000000000e+00	0.0000000000e+00	0.0000000000e+00	0.0000000000e+00	0.0000000000e+00
1.0402112915e+05	2.9752410040e-14	0.0000000000e+00	0.0000000000e+00	0.0000000000e+00	0.0000000000e+00	0.0000000000e+00	0.0000000000e+00	0.0000000000e+00	0.0000000000e+00	0.0000000000e+00	0.0000000000e+00	0.0000000000e+00	0.0000000000e+00	0.0000000000e+00	0.0000000000e+00	0.0000000000e+00	0.0000000000e+00	0.0000000000e+00	0.0000000000e+00	0.0000000000e+00	0.0000000000e+00	0.0000000000e+00	0.0000000000e+00	0.0000000000e+00	0.0000000000e+00
1.0402116226e+05	2.9640579279e-14	0.0000000000e+00	0.0000000000e+00	0.0000000000e+00	0.0000000000e+00	0.0000000000e+00	0.0000000000e+00	0.0000000000e+00	0.0000000000e+00	0.0000000000e+00	0.0000000000e+00	0.0000000000e+00	0.0000000000e+00	0.0000000000e+00	0.0000000000e+00	0.0000000000e+00	0.0000000000e+00	0.0000000000e+00	0.0000000000e+00	0.0000000000e+00	0.0000000000e+00	0.0000000000e+00	0.0000000000e+00	0.0000000000e+00	0.0000000000e+00
1.0402119575e+05	2.9527745682e-14	0.0000000000e+00	0.0000000000e+00	0.0000000000e+00	0.0000000000e+00	0.0000000000e+00	0.0000000000e+00	0.0000000000e+00	0.0000000000e+00	0.0000000000e+00	0.0000000000e+00	0.0000000000e+00	0.0000000000e+00	0.0000000000e+00	0.0000000000e+00	0.0000000000e+00	0.0000000000e+00	0.0000000000e+00	0.0000000000e+00	0.0000000000e+00	0.0000000000e+00	0.0000000000e+00	0.0000000000e+00	0.0000000000e+00	0.0000000000e+00
1.0402122963e+05	2.9414380822e-14	0.0000000000e+00	0.0000000000e+00	0.0000000000e+00	0.0000000000e+00	0.0000000000e+00	0.0000000000e+00	0.0000000000e+00	0.0000000000e+00	0.0000000000e+00	0.0000000000e+00	0.0000000000e+00	0.0000000000e+00	0.0000000000e+00	0.0000000000e+00	0.0000000000e+00	0.0000000000e+00	0.0000000000e+00	0.0000000000e+00	0.0000000000e+00	0.0000000000e+00	0.0000000000e+00	0.0000000000e+00	0.0000000000e+00	0.0000000000e+00
1.0402126390e+05	2.9300956907e-14	0.0000000000e+00	0.0000000000e+00	0.0000000000e+00	0.0000000000e+00	0.0000000000e+00	0.0000000000e+00	0.0000000000e+00	0.0000000000e+00	0.0000000000e+00	0.0000000000e+00	0.0000000000e+00	0.0000000000e+00	0.0000000000e+00	0.0000000000e+00	0.0000000000e+00	0.0000000000e+00	0.0000000000e+00	0.0000000000e+00	0.0000000000e+00	0.0000000000e+00	0.0000000000e+00	0.0000000000e+00	0.0000000000e+00	0.0000000000e+00
1.0402129857e+05	2.9187943662e-14	0.0000000000e+00	0.0000000000e+00	0.0000000000e+00	0.0000000000e+00	0.0000000000e+00	0.0000000000e+00	0.0000000000e+00	0.0000000000e+00	0.0000000000e+00	0.0000000000e+00	0.0000000000e+00	0.0000000000e+00	0.0000000000e+00	0.0000000000e+00	0.0000000000e+00	0.0000000000e+00	0.0000000000e+00	0.0000000000e+00	0.0000000000e+00	0.0000000000e+00	0.0000000000e+00	0.0000000000e+00	0.0000000000e+00	0.0000000000e+00
1.0402133364e+05	2.9075805369e-14	0.0000000000e+00	0.0000000000e+00	0.0000000000e+00	0.0000000000e+00	0.0000000000e+00	0.0000000000e+00	0.0000000000e+00	0.0000000000e+00	0.0000000000e+00	0.0000000000e+00	0.0000000000e+00	0.0000000000e+00	0.0000000000e+00	0.0000000000e+00	0.0000000000e+00	0.0000000000e+00	0.0000000000e+00	0.0000000000e+00	0.0000000000e+00	0.0000000000e+00	0.0000000000e+00	0.0000000000e+00	0.0000000000e+00	0.0000000000e+00
1.0402136911e+05	2.8964998039e-14	0.0000000000e+00	0.0000000000e+00	0.0000000000e+00	0.0000000000e+00	0.0000000000e+00	0.0000000000e+00	0.0000000000e+00	0.0000000000e+00	0.0000000000e+00	0.0000000000e+00	0.0000000000e+00	0.0000000000e+00	0.0000000000e+00	0.0000000000e+00	0.0000000000e+00	0.0000000000e+00	0.0000000000e+00	0.0000000000e+00	0.0000000000e+00	0.0000000000e+00	0.0000000000e+00	0.0000000000e+00	0.0000000000e+00	0.0000000000e+00
1.0402140500e+05	2.8855966741e-14	0.0000000000e+00	0.0000000000e+00	0.0000000000e+00	0.0000000000e+00	0.0000000000e+00	0.0000000000e+00	0.0000000000e+00	0.0000000000e+00	0.0000000000e+00	0.0000000000e+00	0.0000000000e+00	0.0000000000e+00	0.0000000000e+00	0.0000000000e+00	0.0000000000e+00	0.0000000000e+00	0.0000000000e+00	0.0000000000e+00	0.0000000000e+00	0.0000000000e+00	0.0000000000e+00	0.0000000000e+00	0.0000000000e+00	0.0000000000e+00
1.0402144130e+05	2.8749143088e-14	0.0000000000e+00	0.0000000000e+00	0.0000000000e+00	0.0000000000e+00	0.0000000000e+00	0.0000000000e+00	0.0000000000e+00	0.0000000000e+00	0.0000000000e+00	0.0000000000e+00	0.0000000000e+00	0.0000000000e+00	0.0000000000e+00	0.0000000000e+00	0.0000000000e+00	0.0000000000e+00	0.0000000000e+00	0.0000000000e+00	0.0000000000e+00	0.0000000000e+00	0.0000000000e+00	0.0000000000e+00	0.0000000000e+00	0.0000000000e+00
1.0402147802e+05	2.8644942879e-14	0.0000000000e+00	0.0000000000e+00	0.0000000000e+00	0.0000000000e+00	0.0000000000e+00	0.0000000000e+00	0.0000000000e+00	0.0000000000e+00	0.0000000000e+00	0.0000000000e+00	0.0000000000e+00	0.0000000000e+00	0.0000000000e+00	0.0000000000e+00	0.0000000000e+00	0.0000000000e+00	0.0000000000e+00	0.0000000000e+00	0.0000000000e+00	0.0000000000e+00	0.0000000000e+00	0.0000000000e+00	0.0000000000e+00	0.0000000000e+00
1.0402151517e+05	2.8543763889e-14	0.0000000000e+00	0.0000000000e+00	0.0000000000e+00	0.0000000000e+00	0.0000000000e+00	0.0000000000e+00	0.0000000000e+00	0.0000000000e+00	0.0000000000e+00	0.0000000000e+00	0.0000000000e+00	0.0000000000e+00	0.0000000000e+00	0.0000000000e+00	0.0000000000e+00	0.0000000000e+00	0.0000000000e+00	0.0000000000e+00	0.0000000000e+00	0.0000000000e+00	0.0000000000e+00	0.0000000000e+00	0.0000000000e+00	0.0000000000e+00
1.0402155274e+05	2.8445983819e-14	0.0000000000e+00	0.0000000000e+00	0.0000000000e+00	0.0000000000e+00	0.0000000000e+00	0.0000000000e+00	0.0000000000e+00	0.0000000000e+00	0.0000000000e+00	0.0000000000e+00	0.0000000000e+00	0.0000000000e+00	0.0000000000e+00	0.0000000000e+00	0.0000000000e+00	0.0000000000e+00	0.0000000000e+00	0.0000000000e+00	0.0000000000e+00	0.0000000000e+00	0.0000000000e+00	0.0000000000e+00	0.0000000000e+00	0.0000000000e+00
1.0402159076e+05	2.8351958387e-14	0.0000000000e+00	0.0000000000e+00	0.0000000000e+00	0.0000000000e+00	0.0000000000e+00	0.0000000000e+00	0.0000000000e+00	0.0000000000e+00	0.0000000000e+00	0.0000000000e+00	0.0000000000e+00	0.0000000000e+00	0.0000000000e+00	0.0000000000e+00	0.0000000000e+00	0.0000000000e+00	0.0000000000e+00	0.0000000000e+00	0.0000000000e+00	0.0000000000e+00	0.0000000000e+00	0.0000000000e+00	0.0000000000e+00	0.0000000000e+00
1.0402162921e+05	2.8262019567e-14	0.0000000000e+00	0.0000000000e+00	0.0000000000e+00	0.0000000000e+00	0.0000000000e+00	0.0000000000e+00	0.0000000000e+00	0.0000000000e+00	0.0000000000e+00	0.0000000000e+00	0.0000000000e+00	0.0000000000e+00	0.0000000000e+00	0.0000000000e+00	0.0000000000e+00	0.0000000000e+00	0.0000000000e+00	0.0000000000e+00	0.0000000000e+00	0.0000000000e+00	0.0000000000e+00	0.0000000000e+00	0.0000000000e+00	0.0000000000e+00
1.0402166811e+05	2.8176473962e-14	0.0000000000e+00	0.0000000000e+00	0.0000000000e+00	0.0000000000e+00	0.0000000000e+00	0.0000000000e+00	0.0000000000e+00	0.0000000000e+00	0.0000000000e+00	0.0000000000e+00	0.0000000000e+00	0.0000000000e+00	0.0000000000e+00	0.0000000000e+00	0.0000000000e+00	0.0000000000e+00	0.0000000000e+00	0.0000000000e+00	0.0000000000e+00	0.0000000000e+00	0.0000000000e+00	0.0000000000e+00	0.0000000000e+00	0.0000000000e+00
1.0402170746e+05	2.8095601312e-14	0.0000000000e+00	0.0000000000e+00	0.0000000000e+00	0.0000000000e+00	0.0000000000e+00	0.0000000000e+00	0.0000000000e+00	0.0000000000e+00	0.0000000000e+00	0.0000000000e+00	0.0000000000e+00	0.0000000000e+00	0.0000000000e+00	0.0000000000e+00	0.0000000000e+00	0.0000000000e+00	0.0000000000e+00	0.0000000000e+00	0.0000000000e+00	0.0000000000e+00	0.0000000000e+00	0.0000000000e+00	0.0000000000e+00	0.0000000000e+00
1.0402174726e+05	3.1575786230e-14	0.0000000000e+00	0.0000000000e+00	0.0000000000e+00	0.0000000000e+00	0.0000000000e+00	0.0000000000e+00	0.0000000000e+00	0.0000000000e+00	0.0000000000e+00	0.0000000000e+00	0.0000000000e+00	0.0000000000e+00	0.0000000000e+00	0.0000000000e+00	0.0000000000e+00	0.0000000000e+00	0.0000000000e+00	0.0000000000e+00	0.0000000000e+00	0.0000000000e+00	0.0000000000e+00	0.0000000000e+00	0.0000000000e+00	0.0000000000e+00
1.0402178752e+05	3.1456039981e-14	0.0000000000e+00	0.0000000000e+00	0.0000000000e+00	0.0000000000e+00	0.0000000000e+00	0.0000000000e+00	0.0000000000e+00	0.0000000000e+00	0.0000000000e+00	0.0000000000e+00	0.0000000000e+00	0.0000000000e+00	0.0000000000e+00	0.0000000000e+00	0.0000000000e+00	0.0000000000e+00	0.0000000000e+00	0.0000000000e+00	0.0000000000e+00	0.0000000000e+00	0.0000000000e+00	0.0000000000e+00	0.0000000000e+00	0.0000000000e+00
1.0402182826e+05	3.1331898569e-14	0.0000000000e+00	0.0000000000e+00	0.0000000000e+00	0.0000000000e+00	0.0000000000e+00	0.0000000000e+00	0.0000000000e+00	0.0000000000e+00	0.0000000000e+00	0.0000000000e+00	0.0000000000e+00	0.0000000000e+00	0.0000000000e+00	0.0000000000e+00	0.0000000000e+00	0.0000000000e+00	0.0000000000e+00	0.0000000000e+00	0.0000000000e+00	0.0000000000e+00	0.0000000000e+00	0.0000000000e+00	0.0000000000e+00	0.0000000000e+00
1.0402186946e+05	3.1203866266e-14	0.0000000000e+00	0.0000000000e+00	0.0000000000e+00	0.0000000000e+00	0.0000000000e+00	0.0000000000e+00	0.0000000000e+00	0.0000000000e+00	0.0000000000e+00	0.0000000000e+00	0.0000000000e+00	0.0000000000e+00	0.0000000000e+00	0.0000000000e+00	0.0000000000e+00	0.0000000000e+00	0.0000000000e+00	0.0000000000e+00	0.0000000000e+00	0.0000000000e+00	0.0000000000e+00	0.0000000000e+00	0.0000000000e+00	0.0000000000e+00
1.0402191114e+05	3.1072473576e-14	0.0000000000e+00	0.0000000000e+00	0.0000000000e+00	0.0000000000e+00	0.0000000000e+00	0.0000000000e+00	0.0000000000e+00	0.0000000000e+00	0.0000000000e+00	0.0000000000e+00	0.0000000000e+00	0.0000000000e+00	0.0000000000e+00	0.0000000000e+00	0.0000000000e+00	0.0000000000e+00	0.0000000000e+00	0.0000000000e+00	0.0000000000e+00	0.0000000000e+00	0.0000000000e+00	0.0000000000e+00	0.0000000000e+00	0.0000000000e+00
1.0402195330e+05	3.0938272098e-14	0.0000000000e+00	0.0000000000e+00	0.0000000000e+00	0.0000000000e+00	0.0000000000e+00	0.0000000000e+00	0.0000000000e+00	0.0000000000e+00	0.0000000000e+00	0.0000000000e+00	0.0000000000e+00	0.0000000000e+00	0.0000000000e+00	0.0000000000e+00	0.0000000000e+00	0.0000000000e+00	0.0000000000e+00	0.0000000000e+00	0.0000000000e+00	0.0000000000e+00	0.0000000000e+00	0.0000000000e+00	0.0000000000e+00	0.0000000000e+00
1.0402199595e+05	3.0801829406e-14	0.0000000000e+00	0.0000000000e+00	0.0000000000e+00	0.0000000000e+00	0.0000000000e+00	0.0000000000e+00	0.0000000000e+00	0.0000000000e+00	0.0000000000e+00	0.0000000000e+00	0.0000000000e+00	0.0000000000e+00	0.0000000000e+00	0.0000000000e+00	0.0000000000e+00	0.0000000000e+00	0.0000000000e+00	0.0000000000e+00	0.0000000000e+00	0.0000000000e+00	0.0000000000e+00	0.0000000000e+00	0.0000000000e+00	0.0000000000e+00
1.0402203910e+05	3.0663724020e-14	0.0000000000e+00	0.0000000000e+00	0.0000000000e+00	0.0000000000e+00	0.0000000000e+00	0.0000000000e+00	0.0000000000e+00	0.0000000000e+00	0.0000000000e+00	0.0000000000e+00	0.0000000000e+00	0.0000000000e+00	0.0000000000e+00	0.0000000000e+00	0.0000000000e+00	0.0000000000e+00	0.0000000000e+00	0.0000000000e+00	0.0000000000e+00	0.0000000000e+00	0.0000000000e+00	0.0000000000e+00	0.0000000000e+00	0.0000000000e+00
1.0402208274e+05	3.0524540525e-14	0.0000000000e+00	0.0000000000e+00	0.0000000000e+00	0.0000000000e+00	0.0000000000e+00	0.0000000000e+00	0.0000000000e+00	0.0000000000e+00	0.0000000000e+00	0.0000000000e+00	0.0000000000e+00	0.0000000000e+00	0.0000000000e+00	0.0000000000e+00	0.0000000000e+00	0.0000000000e+00	0.0000000000e+00	0.0000000000e+00	0.0000000000e+00	0.0000000000e+00	0.0000000000e+00	0.0000000000e+00	0.0000000000e+00	0.0000000000e+00
1.0402212689e+05	3.0384864887e-14	0.0000000000e+00	0.0000000000e+00	0.0000000000e+00	0.0000000000e+00	0.0000000000e+00	0.0000000000e+00	0.0000000000e+00	0.0000000000e+00	0.0000000000e+00	0.0000000000e+00	0.0000000000e+00	0.0000000000e+00	0.0000000000e+00	0.0000000000e+00	0.0000000000e+00	0.0000000000e+00	0.0000000000e+00	0.0000000000e+00	0.0000000000e+00	0.0000000000e+00	0.0000000000e+00	0.0000000000e+00	0.0000000000e+00	0.0000000000e+00
1.0402217155e+05	3.0245279990e-14	0.0000000000e+00	0.0000000000e+00	0.0000000000e+00	0.0000000000e+00	0.0000000000e+00	0.0000000000e+00	0.0000000000e+00	0.0000000000e+00	0.0000000000e+00	0.0000000000e+00	0.0000000000e+00	0.0000000000e+00	0.0000000000e+00	0.0000000000e+00	0.0000000000e+00	0.0000000000e+00	0.0000000000e+00	0.0000000000e+00	0.0000000000e+00	0.0000000000e+00	0.0000000000e+00	0.0000000000e+00	0.0000000000e+00	0.0000000000e+00
1.0402221673e+05	3.0106361429e-14	0.0000000000e+00	0.0000000000e+00	0.0000000000e+00	0.0000000000e+00	0.0000000000e+00	0.0000000000e+00	0.0000000000e+00	0.0000000000e+00	0.0000000000e+00	0.0000000000e+00	0.0000000000e+00	0.0000000000e+00	0.0000000000e+00	0.0000000000e+00	0.0000000000e+00	0.0000000000e+00	0.0000000000e+00	0.0000000000e+00	0.0000000000e+00	0.0000000000e+00	0.0000000000e+00	0.0000000000e+00	0.0000000000e+00	0.0000000000e+00
1.0402226243e+05	2.9968673568e-14	0.0000000000e+00	0.0000000000e+00	0.0000000000e+00	0.0000000000e+00	0.0000000000e+00	0.0000000000e+00	0.0000000000e+00	0.0000000000e+00	0.0000000000e+00	0.0000000000e+00	0.0000000000e+00	0.0000000000e+00	0.0000000000e+00	0.0000000000e+00	0.0000000000e+00	0.0000000000e+00	0.0000000000e+00	0.0000000000e+00	0.0000000000e+00	0.0000000000e+00	0.0000000000e+00	0.0000000000e+00	0.0000000000e+00	0.0000000000e+00
1.0402230866e+05	2.9832765869e-14	0.0000000000e+00	0.0000000000e+00	0.0000000000e+00	0.0000000000e+00	0.0000000000e+00	0.0000000000e+00	0.0000000000e+00	0.0000000000e+00	0.0000000000e+00	0.0000000000e+00	0.0000000000e+00	0.0000000000e+00	0.0000000000e+00	0.0000000000e+00	0.0000000000e+00	0.0000000000e+00	0.0000000000e+00	0.0000000000e+00	0.0000000000e+00	0.0000000000e+00	0.0000000000e+00	0.0000000000e+00	0.0000000000e+00	0.0000000000e+00
1.0402235542e+05	2.9699169501e-14	0.0000000000e+00	0.0000000000e+00	0.0000000000e+00	0.0000000000e+00	0.0000000000e+00	0.0000000000e+00	0.0000000000e+00	0.0000000000e+00	0.0000000000e+00	0.0000000000e+00	0.0000000000e+00	0.0000000000e+00	0.0000000000e+00	0.0000000000e+00	0.0000000000e+00	0.0000000000e+00	0.0000000000e+00	0.0000000000e+00	0.0000000000e+00	0.0000000000e+00	0.0000000000e+00	0.0000000000e+00	0.0000000000e+00	0.0000000000e+00
1.0402240273e+05	2.9568394213e-14	0.0000000000e+00	0.0000000000e+00	0.0000000000e+00	0.0000000000e+00	0.0000000000e+00	0.0000000000e+00	0.0000000000e+00	0.0000000000e+00	0.0000000000e+00	0.0000000000e+00	0.0000000000e+00	0.0000000000e+00	0.0000000000e+00	0.0000000000e+00	0.0000000000e+00	0.0000000000e+00	0.0000000000e+00	0.0000000000e+00	0.0000000000e+00	0.0000000000e+00	0.0000000000e+00	0.0000000000e+00	0.0000000000e+00	0.0000000000e+00
1.0402245059e+05	2.9440925482e-14	0.0000000000e+00	0.0000000000e+00	0.0000000000e+00	0.0000000000e+00	0.0000000000e+00	0.0000000000e+00	0.0000000000e+00	0.0000000000e+00	0.0000000000e+00	0.0000000000e+00	0.0000000000e+00	0.0000000000e+00	0.0000000000e+00	0.0000000000e+00	0.0000000000e+00	0.0000000000e+00	0.0000000000e+00	0.0000000000e+00	0.0000000000e+00	0.0000000000e+00	0.0000000000e+00	0.0000000000e+00	0.0000000000e+00	0.0000000000e+00
1.0402249899e+05	2.9317221906e-14	0.0000000000e+00	0.0000000000e+00	0.0000000000e+00	0.0000000000e+00	0.0000000000e+00	0.0000000000e+00	0.0000000000e+00	0.0000000000e+00	0.0000000000e+00	0.0000000000e+00	0.0000000000e+00	0.0000000000e+00	0.0000000000e+00	0.0000000000e+00	0.0000000000e+00	0.0000000000e+00	0.0000000000e+00	0.0000000000e+00	0.0000000000e+00	0.0000000000e+00	0.0000000000e+00	0.0000000000e+00	0.0000000000e+00	0.0000000000e+00
1.0402254796e+05	2.9197712857e-14	0.0000000000e+00	0.0000000000e+00	0.0000000000e+00	0.0000000000e+00	0.0000000000e+00	0.0000000000e+00	0.0000000000e+00	0.0000000000e+00	0.0000000000e+00	0.0000000000e+00	0.0000000000e+00	0.0000000000e+00	0.0000000000e+00	0.0000000000e+00	0.0000000000e+00	0.0000000000e+00	0.0000000000e+00	0.0000000000e+00	0.0000000000e+00	0.0000000000e+00	0.0000000000e+00	0.0000000000e+00	0.0000000000e+00	0.0000000000e+00
1.0402259750e+05	2.9082796357e-14	0.0000000000e+00	0.0000000000e+00	0.0000000000e+00	0.0000000000e+00	0.0000000000e+00	0.0000000000e+00	0.0000000000e+00	0.0000000000e+00	0.0000000000e+00	0.0000000000e+00	0.0000000000e+00	0.0000000000e+00	0.0000000000e+00	0.0000000000e+00	0.0000000000e+00	0.0000000000e+00	0.0000000000e+00	0.0000000000e+00	0.0000000000e+00	0.0000000000e+00	0.0000000000e+00	0.0000000000e+00	0.0000000000e+00	0.0000000000e+00
1.0402264761e+05	2.8972837188e-14	0.0000000000e+00	0.0000000000e+00	0.0000000000e+00	0.0000000000e+00	0.0000000000e+00	0.0000000000e+00	0.0000000000e+00	0.0000000000e+00	0.0000000000e+00	0.0000000000e+00	0.0000000000e+00	0.0000000000e+00	0.0000000000e+00	0.0000000000e+00	0.0000000000e+00	0.0000000000e+00	0.0000000000e+00	0.0000000000e+00	0.0000000000e+00	0.0000000000e+00	0.0000000000e+00	0.0000000000e+00	0.0000000000e+00	0.0000000000e+00
1.0402269830e+05	2.8868165212e-14	0.0000000000e+00	0.0000000000e+00	0.0000000000e+00	0.0000000000e+00	0.0000000000e+00	0.0000000000e+00	0.0000000000e+00	0.0000000000e+00	0.0000000000e+00	0.0000000000e+00	0.0000000000e+00	0.0000000000e+00	0.0000000000e+00	0.0000000000e+00	0.0000000000e+00	0.0000000000e+00	0.0000000000e+00	0.0000000000e+00	0.0000000000e+00	0.0000000000e+00	0.0000000000e+00	0.0000000000e+00	0.0000000000e+00	0.0000000000e+00
1.0402274958e+05	2.8769073902e-14	0.0000000000e+00	0.0000000000e+00	0.0000000000e+00	0.0000000000e+00	0.0000000000e+00	0.0000000000e+00	0.0000000000e+00	0.0000000000e+00	0.0000000000e+00	0.0000000000e+00	0.0000000000e+00	0.0000000000e+00	0.0000000000e+00	0.0000000000e+00	0.0000000000e+00	0.0000000000e+00	0.0000000000e+00	0.0000000000e+00	0.0000000000e+00	0.0000000000e+00	0.0000000000e+00	0.0000000000e+00	0.0000000000e+00	0.0000000000e+00
1.0402280145e+05	2.8675819068e-14	0.0000000000e+00	0.0000000000e+00	0.0000000000e+00	0.0000000000e+00	0.0000000000e+00	0.0000000000e+00	0.0000000000e+00	0.0000000000e+00	0.0000000000e+00	0.0000000000e+00	0.0000000000e+00	0.0000000000e+00	0.0000000000e+00	0.0000000000e+00	0.0000000000e+00	0.0000000000e+00	0.0000000000e+00	0.0000000000e+00	0.0000000000e+00	0.0000000000e+00	0.0000000000e+00	0.0000000000e+00	0.0000000000e+00	0.0000000000e+00
1.0402285392e+05	2.8588617776e-14	0.0000000000e+00	0.0000000000e+00	0.0000000000e+00	0.0000000000e+00	0.0000000000e+00	0.0000000000e+00	0.0000000000e+00	0.0000000000e+00	0.0000000000e+00	0.0000000000e+00	0.0000000000e+00	0.0000000000e+00	0.0000000000e+00	0.0000000000e+00	0.0000000000e+00	0.0000000000e+00	0.0000000000e+00	0.0000000000e+00	0.0000000000e+00	0.0000000000e+00	0.0000000000e+00	0.0000000000e+00	0.0000000000e+00	0.0000000000e+00
1.0402290700e+05	2.8507647456e-14	0.0000000000e+00	0.0000000000e+00	0.0000000000e+00	0.0000000000e+00	0.0000000000e+00	0.0000000000e+00	0.0000000000e+00	0.0000000000e+00	0.0000000000e+00	0.0000000000e+00	0.0000000000e+00	0.0000000000e+00	0.0000000000e+00	0.0000000000e+00	0.0000000000e+00	0.0000000000e+00	0.0000000000e+00	0.0000000000e+00	0.0000000000e+00	0.0000000000e+00	0.0000000000e+00	0.0000000000e+00	0.0000000000e+00	0.0000000000e+00
1.0402296069e+05	2.8433045188e-14	0.0000000000e+00	0.0000000000e+00	0.0000000000e+00	0.0000000000e+00	0.0000000000e+00	0.0000000000e+00	0.0000000000e+00	0.0000000000e+00	0.0000000000e+00	0.0000000000e+00	0.0000000000e+00	0.0000000000e+00	0.0000000000e+00	0.0000000000e+00	0.0000000000e+00	0.0000000000e+00	0.0000000000e+00	0.0000000000e+00	0.0000000000e+00	0.0000000000e+00	0.0000000000e+00	0.0000000000e+00	0.0000000000e+00	0.0000000000e+00
1.0402301501e+05	2.8364907171e-14	0.0000000000e+00	0.0000000000e+00	0.0000000000e+00	0.0000000000e+00	0.0000000000e+00	0.0000000000e+00	0.0000000000e+00	0.0000000000e+00	0.0000000000e+00	0.0000000000e+00	0.0000000000e+00	0.0000000000e+00	0.0000000000e+00	0.0000000000e+00	0.0000000000e+00	0.0000000000e+00	0.0000000000e+00	0.0000000000e+00	0.0000000000e+00	0.0000000000e+00	0.0000000000e+00	0.0000000000e+00	0.0000000000e+00	0.0000000000e+00
1.0402306995e+05	2.8303288374e-14	0.0000000000e+00	0.0000000000e+00	0.0000000000e+00	0.0000000000e+00	0.0000000000e+00	0.0000000000e+00	0.0000000000e+00	0.0000000000e+00	0.0000000000e+00	0.0000000000e+00	0.0000000000e+00	0.0000000000e+00	0.0000000000e+00	0.0000000000e+00	0.0000000000e+00	0.0000000000e+00	0.0000000000e+00	0.0000000000e+00	0.0000000000e+00	0.0000000000e+00	0.0000000000e+00	0.0000000000e+00	0.0000000000e+00	0.0000000000e+00
1.0402312554e+05	2.8248202357e-14	0.0000000000e+00	0.0000000000e+00	0.0000000000e+00	0.0000000000e+00	0.0000000000e+00	0.0000000000e+00	0.0000000000e+00	0.0000000000e+00	0.0000000000e+00	0.0000000000e+00	0.0000000000e+00	0.0000000000e+00	0.0000000000e+00	0.0000000000e+00	0.0000000000e+00	0.0000000000e+00	0.0000000000e+00	0.0000000000e+00	0.0000000000e+00	0.0000000000e+00	0.0000000000e+00	0.0000000000e+00	0.0000000000e+00	0.0000000000e+00
1.0402318176e+05	2.8199621277e-14	0.0000000000e+00	0.0000000000e+00	0.0000000000e+00	0.0000000000e+00	0.0000000000e+00	0.0000000000e+00	0.0000000000e+00	0.0000000000e+00	0.0000000000e+00	0.0000000000e+00	0.0000000000e+00	0.0000000000e+00	0.0000000000e+00	0.0000000000e+00	0.0000000000e+00	0.0000000000e+00	0.0000000000e+00	0.0000000000e+00	0.0000000000e+00	0.0000000000e+00	0.0000000000e+00	0.0000000000e+00	0.0000000000e+00	0.0000000000e+00
1.0402323864e+05	2.8157476065e-14	0.0000000000e+00	0.0000000000e+00	0.0000000000e+00	0.0000000000e+00	0.0000000000e+00	0.0000000000e+00	0.0000000000e+00	0.0000000000e+00	0.0000000000e+00	0.0000000000e+00	0.0000000000e+00	0.0000000000e+00	0.0000000000e+00	0.0000000000e+00	0.0000000000e+00	0.0000000000e+00	0.0000000000e+00	0.0000000000e+00	0.0000000000e+00	0.0000000000e+00	0.0000000000e+00	0.0000000000e+00	0.0000000000e+00	0.0000000000e+00
1.0402329617e+05	2.8121656791e-14	0.0000000000e+00	0.0000000000e+00	0.0000000000e+00	0.0000000000e+00	0.0000000000e+00	0.0000000000e+00	0.0000000000e+00	0.0000000000e+00	0.0000000000e+00	0.0000000000e+00	0.0000000000e+00	0.0000000000e+00	0.0000000000e+00	0.0000000000e+00	0.0000000000e+00	0.0000000000e+00	0.0000000000e+00	0.0000000000e+00	0.0000000000e+00	0.0000000000e+00	0.0000000000e+00	0.0000000000e+00	0.0000000000e+00	0.0000000000e+00
1.0402335437e+05	3.0488516074e-14	0.0000000000e+00	0.0000000000e+00	0.0000000000e+00	0.0000000000e+00	0.0000000000e+00	0.0000000000e+00	0.0000000000e+00	0.0000000000e+00	0.0000000000e+00	0.0000000000e+00	0.0000000000e+00	0.0000000000e+00	0.0000000000e+00	0.0000000000e+00	0.0000000000e+00	0.0000000000e+00	0.0000000000e+00	0.0000000000e+00	0.0000000000e+00	0.0000000000e+00	0.0000000000e+00	0.0000000000e+00	0.0000000000e+00	0.0000000000e+00
1.0402341324e+05	3.0331765734e-14	0.0000000000e+00	0.0000000000e+00	0.0000000000e+00	0.0000000000e+00	0.0000000000e+00	0.0000000000e+00	0.0000000000e+00	0.0000000000e+00	0.0000000000e+00	0.0000000000e+00	0.0000000000e+00	0.0000000000e+00	0.0000000000e+00	0.0000000000e+00	0.0000000000e+00	0.0000000000e+00	0.0000000000e+00	0.0000000000e+00	0.0000000000e+00	0.0000000000e+00	0.0000000000e+00	0.0000000000e+00	0.0000000000e+00	0.0000000000e+00
1.0402347280e+05	3.0178248963e-14	0.0000000000e+00	0.0000000000e+00	0.0000000000e+00	0.0000000000e+00	0.0000000000e+00	0.0000000000e+00	0.0000000000e+00	0.0000000000e+00	0.0000000000e+00	0.0000000000e+00	0.0000000000e+00	0.0000000000e+00	0.0000000000e+00	0.0000000000e+00	0.0000000000e+00	0.0000000000e+00	0.0000000000e+00	0.0000000000e+00	0.0000000000e+00	0.0000000000e+00	0.0000000000e+00	0.0000000000e+00	0.0000000000e+00	0.0000000000e+00
1.0402353305e+05	3.0028506115e-14	0.0000000000e+00	0.0000000000e+00	0.0000000000e+00	0.0000000000e+00	0.0000000000e+00	0.0000000000e+00	0.0000000000e+00	0.0000000000e+00	0.0000000000e+00	0.0000000000e+00	0.0000000000e+00	0.0000000000e+00	0.0000000000e+00	0.0000000000e+00	0.0000000000e+00	0.0000000000e+00	0.0000000000e+00	0.0000000000e+00	0.0000000000e+00	0.0000000000e+00	0.0000000000e+00	0.0000000000e+00	0.0000000000e+00	0.0000000000e+00
1.0402359399e+05	2.9883042278e-14	0.0000000000e+00	0.0000000000e+00	0.0000000000e+00	0.0000000000e+00	0.0000000000e+00	0.0000000000e+00	0.0000000000e+00	0.0000000000e+00	0.0000000000e+00	0.0000000000e+00	0.0000000000e+00	0.0000000000e+00	0.0000000000e+00	0.0000000000e+00	0.0000000000e+00	0.0000000000e+00	0.0000000000e+00	0.0000000000e+00	0.0000000000e+00	0.0000000000e+00	0.0000000000e+00	0.0000000000e+00	0.0000000000e+00	0.0000000000e+00
1.0402365564e+05	2.9742324780e-14	0.0000000000e+00	0.0000000000e+00	0.0000000000e+00	0.0000000000e+00	0.0000000000e+00	0.0000000000e+00	0.0000000000e+00	0.0000000000e+00	0.0000000000e+00	0.0000000000e+00	0.0000000000e+00	0.0000000000e+00	0.0000000000e+00	0.0000000000e+00	0.0000000000e+00	0.0000000000e+00	0.0000000000e+00	0.0000000000e+00	0.0000000000e+00	0.0000000000e+00	0.0000000000e+00	0.0000000000e+00	0.0000000000e+00	0.0000000000e+00
1.0402371800e+05	2.9606781024e-14	0.0000000000e+00	0.0000000000e+00	0.0000000000e+00	0.0000000000e+00	0.0000000000e+00	0.0000000000e+00	0.0000000000e+00	0.0000000000e+00	0.0000000000e+00	0.0000000000e+00	0.0000000000e+00	0.0000000000e+00	0.0000000000e+00	0.0000000000e+00	0.0000000000e+00	0.0000000000e+00	0.0000000000e+00	0.0000000000e+00	0.0000000000e+00	0.0000000000e+00	0.0000000000e+00	0.0000000000e+00	0.0000000000e+00	0.0000000000e+00
1.0402378108e+05	2.9476796656e-14	0.0000000000e+00	0.0000000000e+00	0.0000000000e+00	0.0000000000e+00	0.0000000000e+00	0.0000000000e+00	0.0000000000e+00	0.0000000000e+00	0.0000000000e+00	0.0000000000e+00	0.0000000000e+00	0.0000000000e+00	0.0000000000e+00	0.0000000000e+00	0.0000000000e+00	0.0000000000e+00	0.0000000000e+00	0.0000000000e+00	0.0000000000e+00	0.0000000000e+00	0.0000000000e+00	0.0000000000e+00	0.0000000000e+00	0.0000000000e+00
1.0402384490e+05	2.9352714028e-14	0.0000000000e+00	0.0000000000e+00	0.0000000000e+00	0.0000000000e+00	0.0000000000e+00	0.0000000000e+00	0.0000000000e+00	0.0000000000e+00	0.0000000000e+00	0.0000000000e+00	0.0000000000e+00	0.0000000000e+00	0.0000000000e+00	0.0000000000e+00	0.0000000000e+00	0.0000000000e+00	0.0000000000e+00	0.0000000000e+00	0.0000000000e+00	0.0000000000e+00	0.0000000000e+00	0.0000000000e+00	0.0000000000e+00	0.0000000000e+00
1.0402390945e+05	2.9234830952e-14	0.0000000000e+00	0.0000000000e+00	0.0000000000e+00	0.0000000000e+00	0.0000000000e+00	0.0000000000e+00	0.0000000000e+00	0.0000000000e+00	0.0000000000e+00	0.0000000000e+00	0.0000000000e+00	0.0000000000e+00	0.0000000000e+00	0.0000000000e+00	0.0000000000e+00	0.0000000000e+00	0.0000000000e+00	0.0000000000e+00	0.0000000000e+00	0.0000000000e+00	0.0000000000e+00	0.0000000000e+00	0.0000000000e+00	0.0000000000e+00
1.0402397476e+05	2.9123399737e-14	0.0000000000e+00	0.0000000000e+00	0.0000000000e+00	0.0000000000e+00	0.0000000000e+00	0.0000000000e+00	0.0000000000e+00	0.0000000000e+00	0.0000000000e+00	0.0000000000e+00	0.0000000000e+00	0.0000000000e+00	0.0000000000e+00	0.0000000000e+00	0.0000000000e+00	0.0000000000e+00	0.0000000000e+00	0.0000000000e+00	0.0000000000e+00	0.0000000000e+00	0.0000000000e+00	0.0000000000e+00	0.0000000000e+00	0.0000000000e+00
1.0402404081e+05	2.9018626484e-14	0.0000000000e+00	0.0000000000e+00	0.0000000000e+00	0.0000000000e+00	0.0000000000e+00	0.0000000000e+00	0.0000000000e+00	0.0000000000e+00	0.0000000000e+00	0.0000000000e+00	0.0000000000e+00	0.0000000000e+00	0.0000000000e+00	0.0000000000e+00	0.0000000000e+00	0.0000000000e+00	0.0000000000e+00	0.0000000000e+00	0.0000000000e+00	0.0000000000e+00	0.0000000000e+00	0.0000000000e+00	0.0000000000e+00	0.0000000000e+00
1.0402410764e+05	2.8920670645e-14	0.0000000000e+00	0.0000000000e+00	0.0000000000e+00	0.0000000000e+00	0.0000000000e+00	0.0000000000e+00	0.0000000000e+00	0.0000000000e+00	0.0000000000e+00	0.0000000000e+00	0.0000000000e+00	0.0000000000e+00	0.0000000000e+00	0.0000000000e+00	0.0000000000e+00	0.0000000000e+00	0.0000000000e+00	0.0000000000e+00	0.0000000000e+00	0.0000000000e+00	0.0000000000e+00	0.0000000000e+00	0.0000000000e+00	0.0000000000e+00
1.0402417523e+05	2.8829644824e-14	0.0000000000e+00	0.0000000000e+00	0.0000000000e+00	0.0000000000e+00	0.0000000000e+00	0.0000000000e+00	0.0000000000e+00	0.0000000000e+00	0.0000000000e+00	0.0000000000e+00	0.0000000000e+00	0.0000000000e+00	0.0000000000e+00	0.0000000000e+00	0.0000000000e+00	0.0000000000e+00	0.0000000000e+00	0.0000000000e+00	0.0000000000e+00	0.0000000000e+00	0.0000000000e+00	0.0000000000e+00	0.0000000000e+00	0.0000000000e+00
1.0402424361e+05	2.8745614833e-14	0.0000000000e+00	0.0000000000e+00	0.0000000000e+00	0.0000000000e+00	0.0000000000e+00	0.0000000000e+00	0.0000000000e+00	0.0000000000e+00	0.0000000000e+00	0.0000000000e+00	0.0000000000e+00	0.0000000000e+00	0.0000000000e+00	0.0000000000e+00	0.0000000000e+00	0.0000000000e+00	0.0000000000e+00	0.0000000000e+00	0.0000000000e+00	0.0000000000e+00	0.0000000000e+00	0.0000000000e+00	0.0000000000e+00	0.0000000000e+00
1.0402431278e+05	3.1406021114e-14	0.0000000000e+00	0.0000000000e+00	0.0000000000e+00	0.0000000000e+00	0.0000000000e+00	0.0000000000e+00	0.0000000000e+00	0.0000000000e+00	0.0000000000e+00	0.0000000000e+00	0.0000000000e+00	0.0000000000e+00	0.0000000000e+00	0.0000000000e+00	0.0000000000e+00	0.0000000000e+00	0.0000000000e+00	0.0000000000e+00	0.0000000000e+00	0.0000000000e+00	0.0000000000e+00	0.0000000000e+00	0.0000000000e+00	0.0000000000e+00
1.0402438276e+05	3.1221812953e-14	0.0000000000e+00	0.0000000000e+00	0.0000000000e+00	0.0000000000e+00	0.0000000000e+00	0.0000000000e+00	0.0000000000e+00	0.0000000000e+00	0.0000000000e+00	0.0000000000e+00	0.0000000000e+00	0.0000000000e+00	0.0000000000e+00	0.0000000000e+00	0.0000000000e+00	0.0000000000e+00	0.0000000000e+00	0.0000000000e+00	0.0000000000e+00	0.0000000000e+00	0.0000000000e+00	0.0000000000e+00	0.0000000000e+00	0.0000000000e+00
1.0402445354e+05	3.1039405665e-14	0.0000000000e+00	0.0000000000e+00	0.0000000000e+00	0.0000000000e+00	0.0000000000e+00	0.0000000000e+00	0.0000000000e+00	0.0000000000e+00	0.0000000000e+00	0.0000000000e+00	0.0000000000e+00	0.0000000000e+00	0.0000000000e+00	0.0000000000e+00	0.0000000000e+00	0.0000000000e+00	0.0000000000e+00	0.0000000000e+00	0.0000000000e+00	0.0000000000e+00	0.0000000000e+00	0.0000000000e+00	0.0000000000e+00	0.0000000000e+00
1.0402452514e+05	3.0859483888e-14	0.0000000000e+00	0.0000000000e+00	0.0000000000e+00	0.0000000000e+00	0.0000000000e+00	0.0000000000e+00	0.0000000000e+00	0.0000000000e+00	0.0000000000e+00	0.0000000000e+00	0.0000000000e+00	0.0000000000e+00	0.0000000000e+00	0.0000000000e+00	0.0000000000e+00	0.0000000000e+00	0.0000000000e+00	0.0000000000e+00	0.0000000000e+00	0.0000000000e+00	0.0000000000e+00	0.0000000000e+00	0.0000000000e+00	0.0000000000e+00
1.0402459757e+05	3.0682698234e-14	0.0000000000e+00	0.0000000000e+00	0.0000000000e+00	0.0000000000e+00	0.0000000000e+00	0.0000000000e+00	0.0000000000e+00	0.0000000000e+00	0.0000000000e+00	0.0000000000e+00	0.0000000000e+00	0.0000000000e+00	0.0000000000e+00	0.0000000000e+00	0.0000000000e+00	0.0000000000e+00	0.0000000000e+00	0.0000000000e+00	0.0000000000e+00	0.0000000000e+00	0.0000000000e+00	0.0000000000e+00	0.0000000000e+00	0.0000000000e+00
1.0402467084e+05	3.0509661381e-14	0.0000000000e+00	0.0000000000e+00	0.0000000000e+00	0.0000000000e+00	0.0000000000e+00	0.0000000000e+00	0.0000000000e+00	0.0000000000e+00	0.0000000000e+00	0.0000000000e+00	0.0000000000e+00	0.0000000000e+00	0.0000000000e+00	0.0000000000e+00	0.0000000000e+00	0.0000000000e+00	0.0000000000e+00	0.0000000000e+00	0.0000000000e+00	0.0000000000e+00	0.0000000000e+00	0.0000000000e+00	0.0000000000e+00	0.0000000000e+00
1.0402474496e+05	3.0340944707e-14	0.0000000000e+00	0.0000000000e+00	0.0000000000e+00	0.0000000000e+00	0.0000000000e+00	0.0000000000e+00	0.0000000000e+00	0.0000000000e+00	0.0000000000e+00	0.0000000000e+00	0.0000000000e+00	0.0000000000e+00	0.0000000000e+00	0.0000000000e+00	0.0000000000e+00	0.0000000000e+00	0.0000000000e+00	0.0000000000e+00	0.0000000000e+00	0.0000000000e+00	0.0000000000e+00	0.0000000000e+00	0.0000000000e+00	0.0000000000e+00
1.0402481994e+05	3.0177075425e-14	0.0000000000e+00	0.0000000000e+00	0.0000000000e+00	0.0000000000e+00	0.0000000000e+00	0.0000000000e+00	0.0000000000e+00	0.0000000000e+00	0.0000000000e+00	0.0000000000e+00	0.0000000000e+00	0.0000000000e+00	0.0000000000e+00	0.0000000000e+00	0.0000000000e+00	0.0000000000e+00	0.0000000000e+00	0.0000000000e+00	0.0000000000e+00	0.0000000000e+00	0.0000000000e+00	0.0000000000e+00	0.0000000000e+00	0.0000000000e+00
1.0402489578e+05	3.0018534213e-14	0.0000000000e+00	0.0000000000e+00	0.0000000000e+00	0.0000000000e+00	0.0000000000e+00	0.0000000000e+00	0.0000000000e+00	0.0000000000e+00	0.0000000000e+00	0.0000000000e+00	0.0000000000e+00	0.0000000000e+00	0.0000000000e+00	0.0000000000e+00	0.0000000000e+00	0.0000000000e+00	0.0000000000e+00	0.0000000000e+00	0.0000000000e+00	0.0000000000e+00	0.0000000000e+00	0.0000000000e+00	0.0000000000e+00	0.0000000000e+00
1.0402497250e+05	2.9865753283e-14	0.0000000000e+00	0.0000000000e+00	0.0000000000e+00	0.0000000000e+00	0.0000000000e+00	0.0000000000e+00	0.0000000000e+00	0.0000000000e+00	0.0000000000e+00	0.0000000000e+00	0.0000000000e+00	0.0000000000e+00	0.0000000000e+00	0.0000000000e+00	0.0000000000e+00	0.0000000000e+00	0.0000000000e+00	0.0000000000e+00	0.0000000000e+00	0.0000000000e+00	0.0000000000e+00	0.0000000000e+00	0.0000000000e+00	0.0000000000e+00
1.0402505012e+05	2.9719114893e-14	0.0000000000e+00	0.0000000000e+00	0.0000000000e+00	0.0000000000e+00	0.0000000000e+00	0.0000000000e+00	0.0000000000e+00	0.0000000000e+00	0.0000000000e+00	0.0000000000e+00	0.0000000000e+00	0.0000000000e+00	0.0000000000e+00	0.0000000000e+00	0.0000000000e+00	0.0000000000e+00	0.0000000000e+00	0.0000000000e+00	0.0000000000e+00	0.0000000000e+00	0.0000000000e+00	0.0000000000e+00	0.0000000000e+00	0.0000000000e+00
1.0402512863e+05	2.9578950252e-14	0.0000000000e+00	0.0000000000e+00	0.0000000000e+00	0.0000000000e+00	0.0000000000e+00	0.0000000000e+00	0.0000000000e+00	0.0000000000e+00	0.0000000000e+00	0.0000000000e+00	0.0000000000e+00	0.0000000000e+00	0.0000000000e+00	0.0000000000e+00	0.0000000000e+00	0.0000000000e+00	0.0000000000e+00	0.0000000000e+00	0.0000000000e+00	0.0000000000e+00	0.0000000000e+00	0.0000000000e+00	0.0000000000e+00	0.0000000000e+00
1.0402520804e+05	2.9445538824e-14	0.0000000000e+00	0.0000000000e+00	0.0000000000e+00	0.0000000000e+00	0.0000000000e+00	0.0000000000e+00	0.0000000000e+00	0.0000000000e+00	0.0000000000e+00	0.0000000000e+00	0.0000000000e+00	0.0000000000e+00	0.0000000000e+00	0.0000000000e+00	0.0000000000e+00	0.0000000000e+00	0.0000000000e+00	0.0000000000e+00	0.0000000000e+00	0.0000000000e+00	0.0000000000e+00	0.0000000000e+00	0.0000000000e+00	0.0000000000e+00
1.0402528838e+05	3.2256811247e-14	0.0000000000e+00	0.0000000000e+00	0.0000000000e+00	0.0000000000e+00	0.0000000000e+00	0.0000000000e+00	0.0000000000e+00	0.0000000000e+00	0.0000000000e+00	0.0000000000e+00	0.0000000000e+00	0.0000000000e+00	0.0000000000e+00	0.0000000000e+00	0.0000000000e+00	0.0000000000e+00	0.0000000000e+00	0.0000000000e+00	0.0000000000e+00	0.0000000000e+00	0.0000000000e+00	0.0000000000e+00	0.0000000000e+00	0.0000000000e+00
1.0402536965e+05	3.2053612310e-14	0.0000000000e+00	0.0000000000e+00	0.0000000000e+00	0.0000000000e+00	0.0000000000e+00	0.0000000000e+00	0.0000000000e+00	0.0000000000e+00	0.0000000000e+00	0.0000000000e+00	0.0000000000e+00	0.0000000000e+00	0.0000000000e+00	0.0000000000e+00	0.0000000000e+00	0.0000000000e+00	0.0000000000e+00	0.0000000000e+00	0.0000000000e+00	0.0000000000e+00	0.0000000000e+00	0.0000000000e+00	0.0000000000e+00	0.0000000000e+00
1.0402545186e+05	3.1850143798e-14	0.0000000000e+00	0.0000000000e+00	0.0000000000e+00	0.0000000000e+00	0.0000000000e+00	0.0000000000e+00	0.0000000000e+00	0.0000000000e+00	0.0000000000e+00	0.0000000000e+00	0.0000000000e+00	0.0000000000e+00	0.0000000000e+00	0.0000000000e+00	0.0000000000e+00	0.0000000000e+00	0.0000000000e+00	0.0000000000e+00	0.0000000000e+00	0.0000000000e+00	0.0000000000e+00	0.0000000000e+00	0.0000000000e+00	0.0000000000e+00
1.0402553502e+05	3.1647228150e-14	0.0000000000e+00	0.0000000000e+00	0.0000000000e+00	0.0000000000e+00	0.0000000000e+00	0.0000000000e+00	0.0000000000e+00	0.0000000000e+00	0.0000000000e+00	0.0000000000e+00	0.0000000000e+00	0.0000000000e+00	0.0000000000e+00	0.0000000000e+00	0.0000000000e+00	0.0000000000e+00	0.0000000000e+00	0.0000000000e+00	0.0000000000e+00	0.0000000000e+00	0.0000000000e+00	0.0000000000e+00	0.0000000000e+00	0.0000000000e+00
1.0402561915e+05	3.1445662620e-14	0.0000000000e+00	0.0000000000e+00	0.0000000000e+00	0.0000000000e+00	0.0000000000e+00	0.0000000000e+00	0.0000000000e+00	0.0000000000e+00	0.0000000000e+00	0.0000000000e+00	0.0000000000e+00	0.0000000000e+00	0.0000000000e+00	0.0000000000e+00	0.0000000000e+00	0.0000000000e+00	0.0000000000e+00	0.0000000000e+00	0.0000000000e+00	0.0000000000e+00	0.0000000000e+00	0.0000000000e+00	0.0000000000e+00	0.0000000000e+00
1.0402570425e+05	3.1246212872e-14	0.0000000000e+00	0.0000000000e+00	0.0000000000e+00	0.0000000000e+00	0.0000000000e+00	0.0000000000e+00	0.0000000000e+00	0.0000000000e+00	0.0000000000e+00	0.0000000000e+00	0.0000000000e+00	0.0000000000e+00	0.0000000000e+00	0.0000000000e+00	0.0000000000e+00	0.0000000000e+00	0.0000000000e+00	0.0000000000e+00	0.0000000000e+00	0.0000000000e+00	0.0000000000e+00	0.0000000000e+00	0.0000000000e+00	0.0000000000e+00
1.0402579033e+05	3.1049607376e-14	0.0000000000e+00	0.0000000000e+00	0.0000000000e+00	0.0000000000e+00	0.0000000000e+00	0.0000000000e+00	0.0000000000e+00	0.0000000000e+00	0.0000000000e+00	0.0000000000e+00	0.0000000000e+00	0.0000000000e+00	0.0000000000e+00	0.0000000000e+00	0.0000000000e+00	0.0000000000e+00	0.0000000000e+00	0.0000000000e+00	0.0000000000e+00	0.0000000000e+00	0.0000000000e+00	0.0000000000e+00	0.0000000000e+00	0.0000000000e+00
1.0402587741e+05	3.0856532581e-14	0.0000000000e+00	0.0000000000e+00	0.0000000000e+00	0.0000000000e+00	0.0000000000e+00	0.0000000000e+00	0.0000000000e+00	0.0000000000e+00	0.0000000000e+00	0.0000000000e+00	0.0000000000e+00	0.0000000000e+00	0.0000000000e+00	0.0000000000e+00	0.0000000000e+00	0.0000000000e+00	0.0000000000e+00	0.0000000000e+00	0.0000000000e+00	0.0000000000e+00	0.0000000000e+00	0.0000000000e+00	0.0000000000e+00	0.0000000000e+00
1.0402596550e+05	3.0667628827e-14	0.0000000000e+00	0.0000000000e+00	0.0000000000e+00	0.0000000000e+00	0.0000000000e+00	0.0000000000e+00	0.0000000000e+00	0.0000000000e+00	0.0000000000e+00	0.0000000000e+00	0.0000000000e+00	0.0000000000e+00	0.0000000000e+00	0.0000000000e+00	0.0000000000e+00	0.0000000000e+00	0.0000000000e+00	0.0000000000e+00	0.0000000000e+00	0.0000000000e+00	0.0000000000e+00	0.0000000000e+00	0.0000000000e+00	0.0000000000e+00
1.0402605461e+05	3.0483486973e-14	0.0000000000e+00	0.0000000000e+00	0.0000000000e+00	0.0000000000e+00	0.0000000000e+00	0.0000000000e+00	0.0000000000e+00	0.0000000000e+00	0.0000000000e+00	0.0000000000e+00	0.0000000000e+00	0.0000000000e+00	0.0000000000e+00	0.0000000000e+00	0.0000000000e+00	0.0000000000e+00	0.0000000000e+00	0.0000000000e+00	0.0000000000e+00	0.0000000000e+00	0.0000000000e+00	0.0000000000e+00	0.0000000000e+00	0.0000000000e+00
1.0402614476e+05	3.0304645685e-14	0.0000000000e+00	0.0000000000e+00	0.0000000000e+00	0.0000000000e+00	0.0000000000e+00	0.0000000000e+00	0.0000000000e+00	0.0000000000e+00	0.0000000000e+00	0.0000000000e+00	0.0000000000e+00	0.0000000000e+00	0.0000000000e+00	0.0000000000e+00	0.0000000000e+00	0.0000000000e+00	0.0000000000e+00	0.0000000000e+00	0.0000000000e+00	0.0000000000e+00	0.0000000000e+00	0.0000000000e+00	0.0000000000e+00	0.0000000000e+00
1.0402623594e+05	3.0131589359e-14	0.0000000000e+00	0.0000000000e+00	0.0000000000e+00	0.0000000000e+00	0.0000000000e+00	0.0000000000e+00	0.0000000000e+00	0.0000000000e+00	0.0000000000e+00	0.0000000000e+00	0.0000000000e+00	0.0000000000e+00	0.0000000000e+00	0.0000000000e+00	0.0000000000e+00	0.0000000000e+00	0.0000000000e+00	0.0000000000e+00	0.0000000000e+00	0.0000000000e+00	0.0000000000e+00	0.0000000000e+00	0.0000000000e+00	0.0000000000e+00
1.0402632818e+05	3.2907348858e-14	0.0000000000e+00	0.0000000000e+00	0.0000000000e+00	0.0000000000e+00	0.0000000000e+00	0.0000000000e+00	0.0000000000e+00	0.0000000000e+00	0.0000000000e+00	0.0000000000e+00	0.0000000000e+00	0.0000000000e+00	0.0000000000e+00	0.0000000000e+00	0.0000000000e+00	0.0000000000e+00	0.0000000000e+00	0.0000000000e+00	0.0000000000e+00	0.0000000000e+00	0.0000000000e+00	0.0000000000e+00	0.0000000000e+00	0.0000000000e+00
1.0402642149e+05	3.2695663056e-14	0.0000000000e+00	0.0000000000e+00	0.0000000000e+00	0.0000000000e+00	0.0000000000e+00	0.0000000000e+00	0.0000000000e+00	0.0000000000e+00	0.0000000000e+00	0.0000000000e+00	0.0000000000e+00	0.0000000000e+00	0.0000000000e+00	0.0000000000e+00	0.0000000000e+00	0.0000000000e+00	0.0000000000e+00	0.0000000000e+00	0.0000000000e+00	0.0000000000e+00	0.0000000000e+00	0.0000000000e+00	0.0000000000e+00	0.0000000000e+00
1.0402651588e+05	3.2481690606e-14	0.0000000000e+00	0.0000000000e+00	0.0000000000e+00	0.0000000000e+00	0.0000000000e+00	0.0000000000e+00	0.0000000000e+00	0.0000000000e+00	0.0000000000e+00	0.0000000000e+00	0.0000000000e+00	0.0000000000e+00	0.0000000000e+00	0.0000000000e+00	0.0000000000e+00	0.0000000000e+00	0.0000000000e+00	0.0000000000e+00	0.0000000000e+00	0.0000000000e+00	0.0000000000e+00	0.0000000000e+00	0.0000000000e+00	0.0000000000e+00
1.0402661136e+05	3.2266343992e-14	0.0000000000e+00	0.0000000000e+00	0.0000000000e+00	0.0000000000e+00	0.0000000000e+00	0.0000000000e+00	0.0000000000e+00	0.0000000000e+00	0.0000000000e+00	0.0000000000e+00	0.0000000000e+00	0.0000000000e+00	0.0000000000e+00	0.0000000000e+00	0.0000000000e+00	0.0000000000e+00	0.0000000000e+00	0.0000000000e+00	0.0000000000e+00	0.0000000000e+00	0.0000000000e+00	0.0000000000e+00	0.0000000000e+00	0.0000000000e+00
1.0402670795e+05	3.2050526248e-14	0.0000000000e+00	0.0000000000e+00	0.0000000000e+00	0.0000000000e+00	0.0000000000e+00	0.0000000000e+00	0.0000000000e+00	0.0000000000e+00	0.0000000000e+00	0.0000000000e+00	0.0000000000e+00	0.0000000000e+00	0.0000000000e+00	0.0000000000e+00	0.0000000000e+00	0.0000000000e+00	0.0000000000e+00	0.0000000000e+00	0.0000000000e+00	0.0000000000e+00	0.0000000000e+00	0.0000000000e+00	0.0000000000e+00	0.0000000000e+00
1.0402680566e+05	3.1835121352e-14	0.0000000000e+00	0.0000000000e+00	0.0000000000e+00	0.0000000000e+00	0.0000000000e+00	0.0000000000e+00	0.0000000000e+00	0.0000000000e+00	0.0000000000e+00	0.0000000000e+00	0.0000000000e+00	0.0000000000e+00	0.0000000000e+00	0.0000000000e+00	0.0000000000e+00	0.0000000000e+00	0.0000000000e+00	0.0000000000e+00	0.0000000000e+00	0.0000000000e+00	0.0000000000e+00	0.0000000000e+00	0.0000000000e+00	0.0000000000e+00
1.0402690450e+05	3.1620985632e-14	0.0000000000e+00	0.0000000000e+00	0.0000000000e+00	0.0000000000e+00	0.0000000000e+00	0.0000000000e+00	0.0000000000e+00	0.0000000000e+00	0.0000000000e+00	0.0000000000e+00	0.0000000000e+00	0.0000000000e+00	0.0000000000e+00	0.0000000000e+00	0.0000000000e+00	0.0000000000e+00	0.0000000000e+00	0.0000000000e+00	0.0000000000e+00	0.0000000000e+00	0.0000000000e+00	0.0000000000e+00	0.0000000000e+00	0.0000000000e+00
1.0402700448e+05	3.1408940116e-14	0.0000000000e+00	0.0000000000e+00	0.0000000000e+00	0.0000000000e+00	0.0000000000e+00	0.0000000000e+00	0.0000000000e+00	0.0000000000e+00	0.0000000000e+00	0.0000000000e+00	0.0000000000e+00	0.0000000000e+00	0.0000000000e+00	0.0000000000e+00	0.0000000000e+00	0.0000000000e+00	0.0000000000e+00	0.0000000000e+00	0.0000000000e+00	0.0000000000e+00	0.0000000000e+00	0.0000000000e+00	0.0000000000e+00	0.0000000000e+00
1.0402710562e+05	3.1199764256e-14	0.0000000000e+00	0.0000000000e+00	0.0000000000e+00	0.0000000000e+00	0.0000000000e+00	0.0000000000e+00	0.0000000000e+00	0.0000000000e+00	0.0000000000e+00	0.0000000000e+00	0.0000000000e+00	0.0000000000e+00	0.0000000000e+00	0.0000000000e+00	0.0000000000e+00	0.0000000000e+00	0.0000000000e+00	0.0000000000e+00	0.0000000000e+00	0.0000000000e+00	0.0000000000e+00	0.0000000000e+00	0.0000000000e+00	0.0000000000e+00
1.0402720793e+05	3.0994190000e-14	0.0000000000e+00	0.0000000000e+00	0.0000000000e+00	0.0000000000e+00	0.0000000000e+00	0.0000000000e+00	0.0000000000e+00	0.0000000000e+00	0.0000000000e+00	0.0000000000e+00	0.0000000000e+00	0.0000000000e+00	0.0000000000e+00	0.0000000000e+00	0.0000000000e+00	0.0000000000e+00	0.0000000000e+00	0.0000000000e+00	0.0000000000e+00	0.0000000000e+00	0.0000000000e+00	0.0000000000e+00	0.0000000000e+00	0.0000000000e+00
1.0402731143e+05	3.0792896829e-14	0.0000000000e+00	0.0000000000e+00	0.0000000000e+00	0.0000000000e+00	0.0000000000e+00	0.0000000000e+00	0.0000000000e+00	0.0000000000e+00	0.0000000000e+00	0.0000000000e+00	0.0000000000e+00	0.0000000000e+00	0.0000000000e+00	0.0000000000e+00	0.0000000000e+00	0.0000000000e+00	0.0000000000e+00	0.0000000000e+00	0.0000000000e+00	0.0000000000e+00	0.0000000000e+00	0.0000000000e+00	0.0000000000e+00	0.0000000000e+00
1.0402741612e+05	3.0596509653e-14	0.0000000000e+00	0.0000000000e+00	0.0000000000e+00	0.0000000000e+00	0.0000000000e+00	0.0000000000e+00	0.0000000000e+00	0.0000000000e+00	0.0000000000e+00	0.0000000000e+00	0.0000000000e+00	0.0000000000e+00	0.0000000000e+00	0.0000000000e+00	0.0000000000e+00	0.0000000000e+00	0.0000000000e+00	0.0000000000e+00	0.0000000000e+00	0.0000000000e+00	0.0000000000e+00	0.0000000000e+00	0.0000000000e+00	0.0000000000e+00
1.0402752203e+05	3.0405594070e-14	0.0000000000e+00	0.0000000000e+00	0.0000000000e+00	0.0000000000e+00	0.0000000000e+00	0.0000000000e+00	0.0000000000e+00	0.0000000000e+00	0.0000000000e+00	0.0000000000e+00	0.0000000000e+00	0.0000000000e+00	0.0000000000e+00	0.0000000000e+00	0.0000000000e+00	0.0000000000e+00	0.0000000000e+00	0.0000000000e+00	0.0000000000e+00	0.0000000000e+00	0.0000000000e+00	0.0000000000e+00	0.0000000000e+00	0.0000000000e+00
1.0402762916e+05	3.0220655378e-14	0.0000000000e+00	0.0000000000e+00	0.0000000000e+00	0.0000000000e+00	0.0000000000e+00	0.0000000000e+00	0.0000000000e+00	0.0000000000e+00	0.0000000000e+00	0.0000000000e+00	0.0000000000e+00	0.0000000000e+00	0.0000000000e+00	0.0000000000e+00	0.0000000000e+00	0.0000000000e+00	0.0000000000e+00	0.0000000000e+00	0.0000000000e+00	0.0000000000e+00	0.0000000000e+00	0.0000000000e+00	0.0000000000e+00	0.0000000000e+00
1.0402773754e+05	3.0042135898e-14	0.0000000000e+00	0.0000000000e+00	0.0000000000e+00	0.0000000000e+00	0.0000000000e+00	0.0000000000e+00	0.0000000000e+00	0.0000000000e+00	0.0000000000e+00	0.0000000000e+00	0.0000000000e+00	0.0000000000e+00	0.0000000000e+00	0.0000000000e+00	0.0000000000e+00	0.0000000000e+00	0.0000000000e+00	0.0000000000e+00	0.0000000000e+00	0.0000000000e+00	0.0000000000e+00	0.0000000000e+00	0.0000000000e+00	0.0000000000e+00
1.0402784717e+05	2.9870422170e-14	0.0000000000e+00	0.0000000000e+00	0.0000000000e+00	0.0000000000e+00	0.0000000000e+00	0.0000000000e+00	0.0000000000e+00	0.0000000000e+00	0.0000000000e+00	0.0000000000e+00	0.0000000000e+00	0.0000000000e+00	0.0000000000e+00	0.0000000000e+00	0.0000000000e+00	0.0000000000e+00	0.0000000000e+00	0.0000000000e+00	0.0000000000e+00	0.0000000000e+00	0.0000000000e+00	0.0000000000e+00	0.0000000000e+00	0.0000000000e+00
1.0402795807e+05	2.9705826994e-14	0.0000000000e+00	0.0000000000e+00	0.0000000000e+00	0.0000000000e+00	0.0000000000e+00	0.0000000000e+00	0.0000000000e+00	0.0000000000e+00	0.0000000000e+00	0.0000000000e+00	0.0000000000e+00	0.0000000000e+00	0.0000000000e+00	0.0000000000e+00	0.0000000000e+00	0.0000000000e+00	0.0000000000e+00	0.0000000000e+00	0.0000000000e+00	0.0000000000e+00	0.0000000000e+00	0.0000000000e+00	0.0000000000e+00	0.0000000000e+00
1.0402807025e+05	2.9548610899e-14	0.0000000000e+00	0.0000000000e+00	0.0000000000e+00	0.0000000000e+00	0.0000000000e+00	0.0000000000e+00	0.0000000000e+00	0.0000000000e+00	0.0000000000e+00	0.0000000000e+00	0.0000000000e+00	0.0000000000e+00	0.0000000000e+00	0.0000000000e+00	0.0000000000e+00	0.0000000000e+00	0.0000000000e+00	0.0000000000e+00	0.0000000000e+00	0.0000000000e+00	0.0000000000e+00	0.0000000000e+00	0.0000000000e+00	0.0000000000e+00
1.0402818373e+05	2.9398971446e-14	0.0000000000e+00	0.0000000000e+00	0.0000000000e+00	0.0000000000e+00	0.0000000000e+00	0.0000000000e+00	0.0000000000e+00	0.0000000000e+00	0.0000000000e+00	0.0000000000e+00	0.0000000000e+00	0.0000000000e+00	0.0000000000e+00	0.0000000000e+00	0.0000000000e+00	0.0000000000e+00	0.0000000000e+00	0.0000000000e+00	0.0000000000e+00	0.0000000000e+00	0.0000000000e+00	0.0000000000e+00	0.0000000000e+00	0.0000000000e+00
1.0402829853e+05	2.9257048110e-14	0.0000000000e+00	0.0000000000e+00	0.0000000000e+00	0.0000000000e+00	0.0000000000e+00	0.0000000000e+00	0.0000000000e+00	0.0000000000e+00	0.0000000000e+00	0.0000000000e+00	0.0000000000e+00	0.0000000000e+00	0.0000000000e+00	0.0000000000e+00	0.0000000000e+00	0.0000000000e+00	0.0000000000e+00	0.0000000000e+00	0.0000000000e+00	0.0000000000e+00	0.0000000000e+00	0.0000000000e+00	0.0000000000e+00	0.0000000000e+00
1.0402841465e+05	2.9122924589e-14	0.0000000000e+00	0.0000000000e+00	0.0000000000e+00	0.0000000000e+00	0.0000000000e+00	0.0000000000e+00	0.0000000000e+00	0.0000000000e+00	0.0000000000e+00	0.0000000000e+00	0.0000000000e+00	0.0000000000e+00	0.0000000000e+00	0.0000000000e+00	0.0000000000e+00	0.0000000000e+00	0.0000000000e+00	0.0000000000e+00	0.0000000000e+00	0.0000000000e+00	0.0000000000e+00	0.0000000000e+00	0.0000000000e+00	0.0000000000e+00
1.0402853212e+05	2.8996632333e-14	0.0000000000e+00	0.0000000000e+00	0.0000000000e+00	0.0000000000e+00	0.0000000000e+00	0.0000000000e+00	0.0000000000e+00	0.0000000000e+00	0.0000000000e+00	0.0000000000e+00	0.0000000000e+00	0.0000000000e+00	0.0000000000e+00	0.0000000000e+00	0.0000000000e+00	0.0000000000e+00	0.0000000000e+00	0.0000000000e+00	0.0000000000e+00	0.0000000000e+00	0.0000000000e+00	0.0000000000e+00	0.0000000000e+00	0.0000000000e+00
1.0402865095e+05	2.8878141778e-14	0.0000000000e+00	0.0000000000e+00	0.0000000000e+00	0.0000000000e+00	0.0000000000e+00	0.0000000000e+00	0.0000000000e+00	0.0000000000e+00	0.0000000000e+00	0.0000000000e+00	0.0000000000e+00	0.0000000000e+00	0.0000000000e+00	0.0000000000e+00	0.0000000000e+00	0.0000000000e+00	0.0000000000e+00	0.0000000000e+00	0.0000000000e+00	0.0000000000e+00	0.0000000000e+00	0.0000000000e+00	0.0000000000e+00	0.0000000000e+00
1.0402877116e+05	3.0817304635e-14	0.0000000000e+00	0.0000000000e+00	0.0000000000e+00	0.0000000000e+00	0.0000000000e+00	0.0000000000e+00	0.0000000000e+00	0.0000000000e+00	0.0000000000e+00	0.0000000000e+00	0.0000000000e+00	0.0000000000e+00	0.0000000000e+00	0.0000000000e+00	0.0000000000e+00	0.0000000000e+00	0.0000000000e+00	0.0000000000e+00	0.0000000000e+00	0.0000000000e+00	0.0000000000e+00	0.0000000000e+00	0.0000000000e+00	0.0000000000e+00
1.0402889275e+05	3.0616566879e-14	0.0000000000e+00	0.0000000000e+00	0.0000000000e+00	0.0000000000e+00	0.0000000000e+00	0.0000000000e+00	0.0000000000e+00	0.0000000000e+00	0.0000000000e+00	0.0000000000e+00	0.0000000000e+00	0.0000000000e+00	0.0000000000e+00	0.0000000000e+00	0.0000000000e+00	0.0000000000e+00	0.0000000000e+00	0.0000000000e+00	0.0000000000e+00	0.0000000000e+00	0.0000000000e+00	0.0000000000e+00	0.0000000000e+00	0.0000000000e+00
1.0402901576e+05	3.0421580057e-14	0.0000000000e+00	0.0000000000e+00	0.0000000000e+00	0.0000000000e+00	0.0000000000e+00	0.0000000000e+00	0.0000000000e+00	0.0000000000e+00	0.0000000000e+00	0.0000000000e+00	0.0000000000e+00	0.0000000000e+00	0.0000000000e+00	0.0000000000e+00	0.0000000000e+00	0.0000000000e+00	0.0000000000e+00	0.0000000000e+00	0.0000000000e+00	0.0000000000e+00	0.0000000000e+00	0.0000000000e+00	0.0000000000e+00	0.0000000000e+00
1.0402914019e+05	3.0232841341e-14	0.0000000000e+00	0.0000000000e+00	0.0000000000e+00	0.0000000000e+00	0.0000000000e+00	0.0000000000e+00	0.0000000000e+00	0.0000000000e+00	0.0000000000e+00	0.0000000000e+00	0.0000000000e+00	0.0000000000e+00	0.0000000000e+00	0.0000000000e+00	0.0000000000e+00	0.0000000000e+00	0.0000000000e+00	0.0000000000e+00	0.0000000000e+00	0.0000000000e+00	0.0000000000e+00	0.0000000000e+00	0.0000000000e+00	0.0000000000e+00
1.0402926606e+05	3.0050779338e-14	0.0000000000e+00	0.0000000000e+00	0.0000000000e+00	0.0000000000e+00	0.0000000000e+00	0.0000000000e+00	0.0000000000e+00	0.0000000000e+00	0.0000000000e+00	0.0000000000e+00	0.0000000000e+00	0.0000000000e+00	0.0000000000e+00	0.0000000000e+00	0.0000000000e+00	0.0000000000e+00	0.0000000000e+00	0.0000000000e+00	0.0000000000e+00	0.0000000000e+00	0.0000000000e+00	0.0000000000e+00	0.0000000000e+00	0.0000000000e+00
1.0402939339e+05	2.9875754302e-14	0.0000000000e+00	0.0000000000e+00	0.0000000000e+00	0.0000000000e+00	0.0000000000e+00	0.0000000000e+00	0.0000000000e+00	0.0000000000e+00	0.0000000000e+00	0.0000000000e+00	0.0000000000e+00	0.0000000000e+00	0.0000000000e+00	0.0000000000e+00	0.0000000000e+00	0.0000000000e+00	0.0000000000e+00	0.0000000000e+00	0.0000000000e+00	0.0000000000e+00	0.0000000000e+00	0.0000000000e+00	0.0000000000e+00	0.0000000000e+00
1.0402952219e+05	2.9708059001e-14	0.0000000000e+00	0.0000000000e+00	0.0000000000e+00	0.0000000000e+00	0.0000000000e+00	0.0000000000e+00	0.0000000000e+00	0.0000000000e+00	0.0000000000e+00	0.0000000000e+00	0.0000000000e+00	0.0000000000e+00	0.0000000000e+00	0.0000000000e+00	0.0000000000e+00	0.0000000000e+00	0.0000000000e+00	0.0000000000e+00	0.0000000000e+00	0.0000000000e+00	0.0000000000e+00	0.0000000000e+00	0.0000000000e+00	0.0000000000e+00
1.0402965249e+05	2.9547919657e-14	0.0000000000e+00	0.0000000000e+00	0.0000000000e+00	0.0000000000e+00	0.0000000000e+00	0.0000000000e+00	0.0000000000e+00	0.0000000000e+00	0.0000000000e+00	0.0000000000e+00	0.0000000000e+00	0.0000000000e+00	0.0000000000e+00	0.0000000000e+00	0.0000000000e+00	0.0000000000e+00	0.0000000000e+00	0.0000000000e+00	0.0000000000e+00	0.0000000000e+00	0.0000000000e+00	0.0000000000e+00	0.0000000000e+00	0.0000000000e+00
1.0402978429e+05	2.9395529747e-14	0.0000000000e+00	0.0000000000e+00	0.0000000000e+00	0.0000000000e+00	0.0000000000e+00	0.0000000000e+00	0.0000000000e+00	0.0000000000e+00	0.0000000000e+00	0.0000000000e+00	0.0000000000e+00	0.0000000000e+00	0.0000000000e+00	0.0000000000e+00	0.0000000000e+00	0.0000000000e+00	0.0000000000e+00	0.0000000000e+00	0.0000000000e+00	0.0000000000e+00	0.0000000000e+00	0.0000000000e+00	0.0000000000e+00	0.0000000000e+00
1.0402991762e+05	2.9250919674e-14	0.0000000000e+00	0.0000000000e+00	0.0000000000e+00	0.0000000000e+00	0.0000000000e+00	0.0000000000e+00	0.0000000000e+00	0.0000000000e+00	0.0000000000e+00	0.0000000000e+00	0.0000000000e+00	0.0000000000e+00	0.0000000000e+00	0.0000000000e+00	0.0000000000e+00	0.0000000000e+00	0.0000000000e+00	0.0000000000e+00	0.0000000000e+00	0.0000000000e+00	0.0000000000e+00	0.0000000000e+00	0.0000000000e+00	0.0000000000e+00
1.0403005249e+05	3.1254798144e-14	0.0000000000e+00	0.0000000000e+00	0.0000000000e+00	0.0000000000e+00	0.0000000000e+00	0.0000000000e+00	0.0000000000e+00	0.0000000000e+00	0.0000000000e+00	0.0000000000e+00	0.0000000000e+00	0.0000000000e+00	0.0000000000e+00	0.0000000000e+00	0.0000000000e+00	0.0000000000e+00	0.0000000000e+00	0.0000000000e+00	0.0000000000e+00	0.0000000000e+00	0.0000000000e+00	0.0000000000e+00	0.0000000000e+00	0.0000000000e+00
1.0403018893e+05	3.1046203766e-14	0.0000000000e+00	0.0000000000e+00	0.0000000000e+00	0.0000000000e+00	0.0000000000e+00	0.0000000000e+00	0.0000000000e+00	0.0000000000e+00	0.0000000000e+00	0.0000000000e+00	0.0000000000e+00	0.0000000000e+00	0.0000000000e+00	0.0000000000e+00	0.0000000000e+00	0.0000000000e+00	0.0000000000e+00	0.0000000000e+00	0.0000000000e+00	0.0000000000e+00	0.0000000000e+00	0.0000000000e+00	0.0000000000e+00	0.0000000000e+00
1.0403032694e+05	3.0842398499e-14	0.0000000000e+00	0.0000000000e+00	0.0000000000e+00	0.0000000000e+00	0.0000000000e+00	0.0000000000e+00	0.0000000000e+00	0.0000000000e+00	0.0000000000e+00	0.0000000000e+00	0.0000000000e+00	0.0000000000e+00	0.0000000000e+00	0.0000000000e+00	0.0000000000e+00	0.0000000000e+00	0.0000000000e+00	0.0000000000e+00	0.0000000000e+00	0.0000000000e+00	0.0000000000e+00	0.0000000000e+00	0.0000000000e+00	0.0000000000e+00
1.0403046655e+05	3.0643993805e-14	0.0000000000e+00	0.0000000000e+00	0.0000000000e+00	0.0000000000e+00	0.0000000000e+00	0.0000000000e+00	0.0000000000e+00	0.0000000000e+00	0.0000000000e+00	0.0000000000e+00	0.0000000000e+00	0.0000000000e+00	0.0000000000e+00	0.0000000000e+00	0.0000000000e+00	0.0000000000e+00	0.0000000000e+00	0.0000000000e+00	0.0000000000e+00	0.0000000000e+00	0.0000000000e+00	0.0000000000e+00	0.0000000000e+00	0.0000000000e+00
1.0403060778e+05	3.0451527550e-14	0.0000000000e+00	0.0000000000e+00	0.0000000000e+00	0.0000000000e+00	0.0000000000e+00	0.0000000000e+00	0.0000000000e+00	0.0000000000e+00	0.0000000000e+00	0.0000000000e+00	0.0000000000e+00	0.0000000000e+00	0.0000000000e+00	0.0000000000e+00	0.0000000000e+00	0.0000000000e+00	0.0000000000e+00	0.0000000000e+00	0.0000000000e+00	0.0000000000e+00	0.0000000000e+00	0.0000000000e+00	0.0000000000e+00	0.0000000000e+00
1.0403075065e+05	3.0265462679e-14	0.0000000000e+00	0.0000000000e+00	0.0000000000e+00	0.0000000000e+00	0.0000000000e+00	0.0000000000e+00	0.0000000000e+00	0.0000000000e+00	0.0000000000e+00	0.0000000000e+00	0.0000000000e+00	0.0000000000e+00	0.0000000000e+00	0.0000000000e+00	0.0000000000e+00	0.0000000000e+00	0.0000000000e+00	0.0000000000e+00	0.0000000000e+00	0.0000000000e+00	0.0000000000e+00	0.0000000000e+00	0.0000000000e+00	0.0000000000e+00
1.0403089517e+05	3.0086187017e-14	0.0000000000e+00	0.0000000000e+00	0.0000000000e+00	0.0000000000e+00	0.0000000000e+00	0.0000000000e+00	0.0000000000e+00	0.0000000000e+00	0.0000000000e+00	0.0000000000e+00	0.0000000000e+00	0.0000000000e+00	0.0000000000e+00	0.0000000000e+00	0.0000000000e+00	0.0000000000e+00	0.0000000000e+00	0.0000000000e+00	0.0000000000e+00	0.0000000000e+00	0.0000000000e+00	0.0000000000e+00	0.0000000000e+00	0.0000000000e+00
1.0403104136e+05	2.9914013716e-14	0.0000000000e+00	0.0000000000e+00	0.0000000000e+00	0.0000000000e+00	0.0000000000e+00	0.0000000000e+00	0.0000000000e+00	0.0000000000e+00	0.0000000000e+00	0.0000000000e+00	0.0000000000e+00	0.0000000000e+00	0.0000000000e+00	0.0000000000e+00	0.0000000000e+00	0.0000000000e+00	0.0000000000e+00	0.0000000000e+00	0.0000000000e+00	0.0000000000e+00	0.0000000000e+00	0.0000000000e+00	0.0000000000e+00	0.0000000000e+00
1.0403118924e+05	2.9749171377e-14	0.0000000000e+00	0.0000000000e+00	0.0000000000e+00	0.0000000000e+00	0.0000000000e+00	0.0000000000e+00	0.0000000000e+00	0.0000000000e+00	0.0000000000e+00	0.0000000000e+00	0.0000000000e+00	0.0000000000e+00	0.0000000000e+00	0.0000000000e+00	0.0000000000e+00	0.0000000000e+00	0.0000000000e+00	0.0000000000e+00	0.0000000000e+00	0.0000000000e+00	0.0000000000e+00	0.0000000000e+00	0.0000000000e+00	0.0000000000e+00
1.0403133884e+05	2.9591895127e-14	0.0000000000e+00	0.0000000000e+00	0.0000000000e+00	0.0000000000e+00	0.0000000000e+00	0.0000000000e+00	0.0000000000e+00	0.0000000000e+00	0.0000000000e+00	0.0000000000e+00	0.0000000000e+00	0.0000000000e+00	0.0000000000e+00	0.0000000000e+00	0.0000000000e+00	0.0000000000e+00	0.0000000000e+00	0.0000000000e+00	0.0000000000e+00	0.0000000000e+00	0.0000000000e+00	0.0000000000e+00	0.0000000000e+00	0.0000000000e+00
1.0403149017e+05	3.1548797885e-14	0.0000000000e+00	0.0000000000e+00	0.0000000000e+00	0.0000000000e+00	0.0000000000e+00	0.0000000000e+00	0.0000000000e+00	0.0000000000e+00	0.0000000000e+00	0.0000000000e+00	0.0000000000e+00	0.0000000000e+00	0.0000000000e+00	0.0000000000e+00	0.0000000000e+00	0.0000000000e+00	0.0000000000e+00	0.0000000000e+00	0.0000000000e+00	0.0000000000e+00	0.0000000000e+00	0.0000000000e+00	0.0000000000e+00	0.0000000000e+00
1.0403164325e+05	3.1342421003e-14	0.0000000000e+00	0.0000000000e+00	0.0000000000e+00	0.0000000000e+00	0.0000000000e+00	0.0000000000e+00	0.0000000000e+00	0.0000000000e+00	0.0000000000e+00	0.0000000000e+00	0.0000000000e+00	0.0000000000e+00	0.0000000000e+00	0.0000000000e+00	0.0000000000e+00	0.0000000000e+00	0.0000000000e+00	0.0000000000e+00	0.0000000000e+00	0.0000000000e+00	0.0000000000e+00	0.0000000000e+00	0.0000000000e+00	0.0000000000e+00
1.0403179811e+05	3.1140151512e-14	0.0000000000e+00	0.0000000000e+00	0.0000000000e+00	0.0000000000e+00	0.0000000000e+00	0.0000000000e+00	0.0000000000e+00	0.0000000000e+00	0.0000000000e+00	0.0000000000e+00	0.0000000000e+00	0.0000000000e+00	0.0000000000e+00	0.0000000000e+00	0.0000000000e+00	0.0000000000e+00	0.0000000000e+00	0.0000000000e+00	0.0000000000e+00	0.0000000000e+00	0.0000000000e+00	0.0000000000e+00	0.0000000000e+00	0.0000000000e+00
1.0403195476e+05	3.0942649157e-14	0.0000000000e+00	0.0000000000e+00	0.0000000000e+00	0.0000000000e+00	0.0000000000e+00	0.0000000000e+00	0.0000000000e+00	0.0000000000e+00	0.0000000000e+00	0.0000000000e+00	0.0000000000e+00	0.0000000000e+00	0.0000000000e+00	0.0000000000e+00	0.0000000000e+00	0.0000000000e+00	0.0000000000e+00	0.0000000000e+00	0.0000000000e+00	0.0000000000e+00	0.0000000000e+00	0.0000000000e+00	0.0000000000e+00	0.0000000000e+00
1.0403211322e+05	3.0750495001e-14	0.0000000000e+00	0.0000000000e+00	0.0000000000e+00	0.0000000000e+00	0.0000000000e+00	0.0000000000e+00	0.0000000000e+00	0.0000000000e+00	0.0000000000e+00	0.0000000000e+00	0.0000000000e+00	0.0000000000e+00	0.0000000000e+00	0.0000000000e+00	0.0000000000e+00	0.0000000000e+00	0.0000000000e+00	0.0000000000e+00	0.0000000000e+00	0.0000000000e+00	0.0000000000e+00	0.0000000000e+00	0.0000000000e+00	0.0000000000e+00
1.0403227352e+05	3.0564188822e-14	0.0000000000e+00	0.0000000000e+00	0.0000000000e+00	0.0000000000e+00	0.0000000000e+00	0.0000000000e+00	0.0000000000e+00	0.0000000000e+00	0.0000000000e+00	0.0000000000e+00	0.0000000000e+00	0.0000000000e+00	0.0000000000e+00	0.0000000000e+00	0.0000000000e+00	0.0000000000e+00	0.0000000000e+00	0.0000000000e+00	0.0000000000e+00	0.0000000000e+00	0.0000000000e+00	0.0000000000e+00	0.0000000000e+00	0.0000000000e+00
1.0403243567e+05	3.0384148201e-14	0.0000000000e+00	0.0000000000e+00	0.0000000000e+00	0.0000000000e+00	0.0000000000e+00	0.0000000000e+00	0.0000000000e+00	0.0000000000e+00	0.0000000000e+00	0.0000000000e+00	0.0000000000e+00	0.0000000000e+00	0.0000000000e+00	0.0000000000e+00	0.0000000000e+00	0.0000000000e+00	0.0000000000e+00	0.0000000000e+00	0.0000000000e+00	0.0000000000e+00	0.0000000000e+00	0.0000000000e+00	0.0000000000e+00	0.0000000000e+00
1.0403259970e+05	3.0210709049e-14	0.0000000000e+00	0.0000000000e+00	0.0000000000e+00	0.0000000000e+00	0.0000000000e+00	0.0000000000e+00	0.0000000000e+00	0.0000000000e+00	0.0000000000e+00	0.0000000000e+00	0.0000000000e+00	0.0000000000e+00	0.0000000000e+00	0.0000000000e+00	0.0000000000e+00	0.0000000000e+00	0.0000000000e+00	0.0000000000e+00	0.0000000000e+00	0.0000000000e+00	0.0000000000e+00	0.0000000000e+00	0.0000000000e+00	0.0000000000e+00
1.0403276563e+05	3.0044127451e-14	0.0000000000e+00	0.0000000000e+00	0.0000000000e+00	0.0000000000e+00	0.0000000000e+00	0.0000000000e+00	0.0000000000e+00	0.0000000000e+00	0.0000000000e+00	0.0000000000e+00	0.0000000000e+00	0.0000000000e+00	0.0000000000e+00	0.0000000000e+00	0.0000000000e+00	0.0000000000e+00	0.0000000000e+00	0.0000000000e+00	0.0000000000e+00	0.0000000000e+00	0.0000000000e+00	0.0000000000e+00	0.0000000000e+00	0.0000000000e+00
1.0403293348e+05	3.1936746785e-14	0.0000000000e+00	0.0000000000e+00	0.0000000000e+00	0.0000000000e+00	0.0000000000e+00	0.0000000000e+00	0.0000000000e+00	0.0000000000e+00	0.0000000000e+00	0.0000000000e+00	0.0000000000e+00	0.0000000000e+00	0.0000000000e+00	0.0000000000e+00	0.0000000000e+00	0.0000000000e+00	0.0000000000e+00	0.0000000000e+00	0.0000000000e+00	0.0000000000e+00	0.0000000000e+00	0.0000000000e+00	0.0000000000e+00	0.0000000000e+00
1.0403310328e+05	3.1735448700e-14	0.0000000000e+00	0.0000000000e+00	0.0000000000e+00	0.0000000000e+00	0.0000000000e+00	0.0000000000e+00	0.0000000000e+00	0.0000000000e+00	0.0000000000e+00	0.0000000000e+00	0.0000000000e+00	0.0000000000e+00	0.0000000000e+00	0.0000000000e+00	0.0000000000e+00	0.0000000000e+00	0.0000000000e+00	0.0000000000e+00	0.0000000000e+00	0.0000000000e+00	0.0000000000e+00	0.0000000000e+00	0.0000000000e+00	0.0000000000e+00
1.0403327504e+05	3.1537132078e-14	0.0000000000e+00	0.0000000000e+00	0.0000000000e+00	0.0000000000e+00	0.0000000000e+00	0.0000000000e+00	0.0000000000e+00	0.0000000000e+00	0.0000000000e+00	0.0000000000e+00	0.0000000000e+00	0.0000000000e+00	0.0000000000e+00	0.0000000000e+00	0.0000000000e+00	0.0000000000e+00	0.0000000000e+00	0.0000000000e+00	0.0000000000e+00	0.0000000000e+00	0.0000000000e+00	0.0000000000e+00	0.0000000000e+00	0.0000000000e+00
1.0403344879e+05	3.1342516384e-14	0.0000000000e+00	0.0000000000e+00	0.0000000000e+00	0.0000000000e+00	0.0000000000e+00	0.0000000000e+00	0.0000000000e+00	0.0000000000e+00	0.0000000000e+00	0.0000000000e+00	0.0000000000e+00	0.0000000000e+00	0.0000000000e+00	0.0000000000e+00	0.0000000000e+00	0.0000000000e+00	0.0000000000e+00	0.0000000000e+00	0.0000000000e+00	0.0000000000e+00	0.0000000000e+00	0.0000000000e+00	0.0000000000e+00	0.0000000000e+00
1.0403362455e+05	3.1152242850e-14	0.0000000000e+00	0.0000000000e+00	0.0000000000e+00	0.0000000000e+00	0.0000000000e+00	0.0000000000e+00	0.0000000000e+00	0.0000000000e+00	0.0000000000e+00	0.0000000000e+00	0.0000000000e+00	0.0000000000e+00	0.0000000000e+00	0.0000000000e+00	0.0000000000e+00	0.0000000000e+00	0.0000000000e+00	0.0000000000e+00	0.0000000000e+00	0.0000000000e+00	0.0000000000e+00	0.0000000000e+00	0.0000000000e+00	0.0000000000e+00
1.0403380235e+05	3.0966865923e-14	0.0000000000e+00	0.0000000000e+00	0.0000000000e+00	0.0000000000e+00	0.0000000000e+00	0.0000000000e+00	0.0000000000e+00	0.0000000000e+00	0.0000000000e+00	0.0000000000e+00	0.0000000000e+00	0.0000000000e+00	0.0000000000e+00	0.0000000000e+00	0.0000000000e+00	0.0000000000e+00	0.0000000000e+00	0.0000000000e+00	0.0000000000e+00	0.0000000000e+00	0.0000000000e+00	0.0000000000e+00	0.0000000000e+00	0.0000000000e+00
1.0403398220e+05	3.0786850975e-14	0.0000000000e+00	0.0000000000e+00	0.0000000000e+00	0.0000000000e+00	0.0000000000e+00	0.0000000000e+00	0.0000000000e+00	0.0000000000e+00	0.0000000000e+00	0.0000000000e+00	0.0000000000e+00	0.0000000000e+00	0.0000000000e+00	0.0000000000e+00	0.0000000000e+00	0.0000000000e+00	0.0000000000e+00	0.0000000000e+00	0.0000000000e+00	0.0000000000e+00	0.0000000000e+00	0.0000000000e+00	0.0000000000e+00	0.0000000000e+00
1.0403416414e+05	3.0612573558e-14	0.0000000000e+00	0.0000000000e+00	0.0000000000e+00	0.0000000000e+00	0.0000000000e+00	0.0000000000e+00	0.0000000000e+00	0.0000000000e+00	0.0000000000e+00	0.0000000000e+00	0.0000000000e+00	0.0000000000e+00	0.0000000000e+00	0.0000000000e+00	0.0000000000e+00	0.0000000000e+00	0.0000000000e+00	0.0000000000e+00	0.0000000000e+00	0.0000000000e+00	0.0000000000e+00	0.0000000000e+00	0.0000000000e+00	0.0000000000e+00
1.0403434819e+05	3.0444320351e-14	0.0000000000e+00	0.0000000000e+00	0.0000000000e+00	0.0000000000e+00	0.0000000000e+00	0.0000000000e+00	0.0000000000e+00	0.0000000000e+00	0.0000000000e+00	0.0000000000e+00	0.0000000000e+00	0.0000000000e+00	0.0000000000e+00	0.0000000000e+00	0.0000000000e+00	0.0000000000e+00	0.0000000000e+00	0.0000000000e+00	0.0000000000e+00	0.0000000000e+00	0.0000000000e+00	0.0000000000e+00	0.0000000000e+00	0.0000000000e+00
1.0403453436e+05	3.0282291694e-14	0.0000000000e+00	0.0000000000e+00	0.0000000000e+00	0.0000000000e+00	0.0000000000e+00	0.0000000000e+00	0.0000000000e+00	0.0000000000e+00	0.0000000000e+00	0.0000000000e+00	0.0000000000e+00	0.0000000000e+00	0.0000000000e+00	0.0000000000e+00	0.0000000000e+00	0.0000000000e+00	0.0000000000e+00	0.0000000000e+00	0.0000000000e+00	0.0000000000e+00	0.0000000000e+00	0.0000000000e+00	0.0000000000e+00	0.0000000000e+00
1.0403472270e+05	3.0126605657e-14	0.0000000000e+00	0.0000000000e+00	0.0000000000e+00	0.0000000000e+00	0.0000000000e+00	0.0000000000e+00	0.0000000000e+00	0.0000000000e+00	0.0000000000e+00	0.0000000000e+00	0.0000000000e+00	0.0000000000e+00	0.0000000000e+00	0.0000000000e+00	0.0000000000e+00	0.0000000000e+00	0.0000000000e+00	0.0000000000e+00	0.0000000000e+00	0.0000000000e+00	0.0000000000e+00	0.0000000000e+00	0.0000000000e+00	0.0000000000e+00
1.0403491321e+05	2.9977304039e-14	0.0000000000e+00	0.0000000000e+00	0.0000000000e+00	0.0000000000e+00	0.0000000000e+00	0.0000000000e+00	0.0000000000e+00	0.0000000000e+00	0.0000000000e+00	0.0000000000e+00	0.0000000000e+00	0.0000000000e+00	0.0000000000e+00	0.0000000000e+00	0.0000000000e+00	0.0000000000e+00	0.0000000000e+00	0.0000000000e+00	0.0000000000e+00	0.0000000000e+00	0.0000000000e+00	0.0000000000e+00	0.0000000000e+00	0.0000000000e+00
1.0403510593e+05	2.9834238594e-14	0.0000000000e+00	0.0000000000e+00	0.0000000000e+00	0.0000000000e+00	0.0000000000e+00	0.0000000000e+00	0.0000000000e+00	0.0000000000e+00	0.0000000000e+00	0.0000000000e+00	0.0000000000e+00	0.0000000000e+00	0.0000000000e+00	0.0000000000e+00	0.0000000000e+00	0.0000000000e+00	0.0000000000e+00	0.0000000000e+00	0.0000000000e+00	0.0000000000e+00	0.0000000000e+00	0.0000000000e+00	0.0000000000e+00	0.0000000000e+00
1.0403530088e+05	2.9697654168e-14	0.0000000000e+00	0.0000000000e+00	0.0000000000e+00	0.0000000000e+00	0.0000000000e+00	0.0000000000e+00	0.0000000000e+00	0.0000000000e+00	0.0000000000e+00	0.0000000000e+00	0.0000000000e+00	0.0000000000e+00	0.0000000000e+00	0.0000000000e+00	0.0000000000e+00	0.0000000000e+00	0.0000000000e+00	0.0000000000e+00	0.0000000000e+00	0.0000000000e+00	0.0000000000e+00	0.0000000000e+00	0.0000000000e+00	0.0000000000e+00
1.0403549809e+05	2.9567076537e-14	0.0000000000e+00	0.0000000000e+00	0.0000000000e+00	0.0000000000e+00	0.0000000000e+00	0.0000000000e+00	0.0000000000e+00	0.0000000000e+00	0.0000000000e+00	0.0000000000e+00	0.0000000000e+00	0.0000000000e+00	0.0000000000e+00	0.0000000000e+00	0.0000000000e+00	0.0000000000e+00	0.0000000000e+00	0.0000000000e+00	0.0000000000e+00	0.0000000000e+00	0.0000000000e+00	0.0000000000e+00	0.0000000000e+00	0.0000000000e+00
1.0403569758e+05	2.9442415006e-14	0.0000000000e+00	0.0000000000e+00	0.0000000000e+00	0.0000000000e+00	0.0000000000e+00	0.0000000000e+00	0.0000000000e+00	0.0000000000e+00	0.0000000000e+00	0.0000000000e+00	0.0000000000e+00	0.0000000000e+00	0.0000000000e+00	0.0000000000e+00	0.0000000000e+00	0.0000000000e+00	0.0000000000e+00	0.0000000000e+00	0.0000000000e+00	0.0000000000e+00	0.0000000000e+00	0.0000000000e+00	0.0000000000e+00	0.0000000000e+00
1.0403589938e+05	2.9323439971e-14	0.0000000000e+00	0.0000000000e+00	0.0000000000e+00	0.0000000000e+00	0.0000000000e+00	0.0000000000e+00	0.0000000000e+00	0.0000000000e+00	0.0000000000e+00	0.0000000000e+00	0.0000000000e+00	0.0000000000e+00	0.0000000000e+00	0.0000000000e+00	0.0000000000e+00	0.0000000000e+00	0.0000000000e+00	0.0000000000e+00	0.0000000000e+00	0.0000000000e+00	0.0000000000e+00	0.0000000000e+00	0.0000000000e+00	0.0000000000e+00
1.0403610352e+05	3.0773218756e-14	0.0000000000e+00	0.0000000000e+00	0.0000000000e+00	0.0000000000e+00	0.0000000000e+00	0.0000000000e+00	0.0000000000e+00	0.0000000000e+00	0.0000000000e+00	0.0000000000e+00	0.0000000000e+00	0.0000000000e+00	0.0000000000e+00	0.0000000000e+00	0.0000000000e+00	0.0000000000e+00	0.0000000000e+00	0.0000000000e+00	0.0000000000e+00	0.0000000000e+00	0.0000000000e+00	0.0000000000e+00	0.0000000000e+00	0.0000000000e+00
1.0403631002e+05	3.0611649212e-14	0.0000000000e+00	0.0000000000e+00	0.0000000000e+00	0.0000000000e+00	0.0000000000e+00	0.0000000000e+00	0.0000000000e+00	0.0000000000e+00	0.0000000000e+00	0.0000000000e+00	0.0000000000e+00	0.0000000000e+00	0.0000000000e+00	0.0000000000e+00	0.0000000000e+00	0.0000000000e+00	0.0000000000e+00	0.0000000000e+00	0.0000000000e+00	0.0000000000e+00	0.0000000000e+00	0.0000000000e+00	0.0000000000e+00	0.0000000000e+00
1.0403651892e+05	3.0455408650e-14	0.0000000000e+00	0.0000000000e+00	0.0000000000e+00	0.0000000000e+00	0.0000000000e+00	0.0000000000e+00	0.0000000000e+00	0.0000000000e+00	0.0000000000e+00	0.0000000000e+00	0.0000000000e+00	0.0000000000e+00	0.0000000000e+00	0.0000000000e+00	0.0000000000e+00	0.0000000000e+00	0.0000000000e+00	0.0000000000e+00	0.0000000000e+00	0.0000000000e+00	0.0000000000e+00	0.0000000000e+00	0.0000000000e+00	0.0000000000e+00
1.0403673023e+05	3.0304502536e-14	0.0000000000e+00	0.0000000000e+00	0.0000000000e+00	0.0000000000e+00	0.0000000000e+00	0.0000000000e+00	0.0000000000e+00	0.0000000000e+00	0.0000000000e+00	0.0000000000e+00	0.0000000000e+00	0.0000000000e+00	0.0000000000e+00	0.0000000000e+00	0.0000000000e+00	0.0000000000e+00	0.0000000000e+00	0.0000000000e+00	0.0000000000e+00	0.0000000000e+00	0.0000000000e+00	0.0000000000e+00	0.0000000000e+00	0.0000000000e+00
1.0403694399e+05	3.0158862024e-14	0.0000000000e+00	0.0000000000e+00	0.0000000000e+00	0.0000000000e+00	0.0000000000e+00	0.0000000000e+00	0.0000000000e+00	0.0000000000e+00	0.0000000000e+00	0.0000000000e+00	0.0000000000e+00	0.0000000000e+00	0.0000000000e+00	0.0000000000e+00	0.0000000000e+00	0.0000000000e+00	0.0000000000e+00	0.0000000000e+00	0.0000000000e+00	0.0000000000e+00	0.0000000000e+00	0.0000000000e+00	0.0000000000e+00	0.0000000000e+00
1.0403716022e+05	3.0018352972e-14	0.0000000000e+00	0.0000000000e+00	0.0000000000e+00	0.0000000000e+00	0.0000000000e+00	0.0000000000e+00	0.0000000000e+00	0.0000000000e+00	0.0000000000e+00	0.0000000000e+00	0.0000000000e+00	0.0000000000e+00	0.0000000000e+00	0.0000000000e+00	0.0000000000e+00	0.0000000000e+00	0.0000000000e+00	0.0000000000e+00	0.0000000000e+00	0.0000000000e+00	0.0000000000e+00	0.0000000000e+00	0.0000000000e+00	0.0000000000e+00
1.0403737896e+05	2.9882787541e-14	0.0000000000e+00	0.0000000000e+00	0.0000000000e+00	0.0000000000e+00	0.0000000000e+00	0.0000000000e+00	0.0000000000e+00	0.0000000000e+00	0.0000000000e+00	0.0000000000e+00	0.0000000000e+00	0.0000000000e+00	0.0000000000e+00	0.0000000000e+00	0.0000000000e+00	0.0000000000e+00	0.0000000000e+00	0.0000000000e+00	0.0000000000e+00	0.0000000000e+00	0.0000000000e+00	0.0000000000e+00	0.0000000000e+00	0.0000000000e+00
1.0403760023e+05	2.9751915232e-14	0.0000000000e+00	0.0000000000e+00	0.0000000000e+00	0.0000000000e+00	0.0000000000e+00	0.0000000000e+00	0.0000000000e+00	0.0000000000e+00	0.0000000000e+00	0.0000000000e+00	0.0000000000e+00	0.0000000000e+00	0.0000000000e+00	0.0000000000e+00	0.0000000000e+00	0.0000000000e+00	0.0000000000e+00	0.0000000000e+00	0.0000000000e+00	0.0000000000e+00	0.0000000000e+00	0.0000000000e+00	0.0000000000e+00	0.0000000000e+00
1.0403782407e+05	3.1170353865e-14	0.0000000000e+00	0.0000000000e+00	0.0000000000e+00	0.0000000000e+00	0.0000000000e+00	0.0000000000e+00	0.0000000000e+00	0.0000000000e+00	0.0000000000e+00	0.0000000000e+00	0.0000000000e+00	0.0000000000e+00	0.0000000000e+00	0.0000000000e+00	0.0000000000e+00	0.0000000000e+00	0.0000000000e+00	0.0000000000e+00	0.0000000000e+00	0.0000000000e+00	0.0000000000e+00	0.0000000000e+00	0.0000000000e+00	0.0000000000e+00
1.0403805049e+05	3.1004165950e-14	0.0000000000e+00	0.0000000000e+00	0.0000000000e+00	0.0000000000e+00	0.0000000000e+00	0.0000000000e+00	0.0000000000e+00	0.0000000000e+00	0.0000000000e+00	0.0000000000e+00	0.0000000000e+00	0.0000000000e+00	0.0000000000e+00	0.0000000000e+00	0.0000000000e+00	0.0000000000e+00	0.0000000000e+00	0.0000000000e+00	0.0000000000e+00	0.0000000000e+00	0.0000000000e+00	0.0000000000e+00	0.0000000000e+00	0.0000000000e+00
1.0403827954e+05	3.0842189441e-14	0.0000000000e+00	0.0000000000e+00	0.0000000000e+00	0.0000000000e+00	0.0000000000e+00	0.0000000000e+00	0.0000000000e+00	0.0000000000e+00	0.0000000000e+00	0.0000000000e+00	0.0000000000e+00	0.0000000000e+00	0.0000000000e+00	0.0000000000e+00	0.0000000000e+00	0.0000000000e+00	0.0000000000e+00	0.0000000000e+00	0.0000000000e+00	0.0000000000e+00	0.0000000000e+00	0.0000000000e+00	0.0000000000e+00	0.0000000000e+00
1.0403851124e+05	3.0684460834e-14	0.0000000000e+00	0.0000000000e+00	0.0000000000e+00	0.0000000000e+00	0.0000000000e+00	0.0000000000e+00	0.0000000000e+00	0.0000000000e+00	0.0000000000e+00	0.0000000000e+00	0.0000000000e+00	0.0000000000e+00	0.0000000000e+00	0.0000000000e+00	0.0000000000e+00	0.0000000000e+00	0.0000000000e+00	0.0000000000e+00	0.0000000000e+00	0.0000000000e+00	0.0000000000e+00	0.0000000000e+00	0.0000000000e+00	0.0000000000e+00
1.0403874562e+05	3.0530935329e-14	0.0000000000e+00	0.0000000000e+00	0.0000000000e+00	0.0000000000e+00	0.0000000000e+00	0.0000000000e+00	0.0000000000e+00	0.0000000000e+00	0.0000000000e+00	0.0000000000e+00	0.0000000000e+00	0.0000000000e+00	0.0000000000e+00	0.0000000000e+00	0.0000000000e+00	0.0000000000e+00	0.0000000000e+00	0.0000000000e+00	0.0000000000e+00	0.0000000000e+00	0.0000000000e+00	0.0000000000e+00	0.0000000000e+00	0.0000000000e+00
1.0403898272e+05	3.0381496352e-14	0.0000000000e+00	0.0000000000e+00	0.0000000000e+00	0.0000000000e+00	0.0000000000e+00	0.0000000000e+00	0.0000000000e+00	0.0000000000e+00	0.0000000000e+00	0.0000000000e+00	0.0000000000e+00	0.0000000000e+00	0.0000000000e+00	0.0000000000e+00	0.0000000000e+00	0.0000000000e+00	0.0000000000e+00	0.0000000000e+00	0.0000000000e+00	0.0000000000e+00	0.0000000000e+00	0.0000000000e+00	0.0000000000e+00	0.0000000000e+00
1.0403922256e+05	3.0235966398e-14	0.0000000000e+00	0.0000000000e+00	0.0000000000e+00	0.0000000000e+00	0.0000000000e+00	0.0000000000e+00	0.0000000000e+00	0.0000000000e+00	0.0000000000e+00	0.0000000000e+00	0.0000000000e+00	0.0000000000e+00	0.0000000000e+00	0.0000000000e+00	0.0000000000e+00	0.0000000000e+00	0.0000000000e+00	0.0000000000e+00	0.0000000000e+00	0.0000000000e+00	0.0000000000e+00	0.0000000000e+00	0.0000000000e+00	0.0000000000e+00
1.0403946518e+05	3.1618501380e-14	0.0000000000e+00	0.0000000000e+00	0.0000000000e+00	0.0000000000e+00	0.0000000000e+00	0.0000000000e+00	0.0000000000e+00	0.0000000000e+00	0.0000000000e+00	0.0000000000e+00	0.0000000000e+00	0.0000000000e+00	0.0000000000e+00	0.0000000000e+00	0.0000000000e+00	0.0000000000e+00	0.0000000000e+00	0.0000000000e+00	0.0000000000e+00	0.0000000000e+00	0.0000000000e+00	0.0000000000e+00	0.0000000000e+00	0.0000000000e+00
1.0403971061e+05	3.1444085593e-14	0.0000000000e+00	0.0000000000e+00	0.0000000000e+00	0.0000000000e+00	0.0000000000e+00	0.0000000000e+00	0.0000000000e+00	0.0000000000e+00	0.0000000000e+00	0.0000000000e+00	0.0000000000e+00	0.0000000000e+00	0.0000000000e+00	0.0000000000e+00	0.0000000000e+00	0.0000000000e+00	0.0000000000e+00	0.0000000000e+00	0.0000000000e+00	0.0000000000e+00	0.0000000000e+00	0.0000000000e+00	0.0000000000e+00	0.0000000000e+00
1.0403995888e+05	3.1272826982e-14	0.0000000000e+00	0.0000000000e+00	0.0000000000e+00	0.0000000000e+00	0.0000000000e+00	0.0000000000e+00	0.0000000000e+00	0.0000000000e+00	0.0000000000e+00	0.0000000000e+00	0.0000000000e+00	0.0000000000e+00	0.0000000000e+00	0.0000000000e+00	0.0000000000e+00	0.0000000000e+00	0.0000000000e+00	0.0000000000e+00	0.0000000000e+00	0.0000000000e+00	0.0000000000e+00	0.0000000000e+00	0.0000000000e+00	0.0000000000e+00
1.0404021002e+05	3.1104913432e-14	0.0000000000e+00	0.0000000000e+00	0.0000000000e+00	0.0000000000e+00	0.0000000000e+00	0.0000000000e+00	0.0000000000e+00	0.0000000000e+00	0.0000000000e+00	0.0000000000e+00	0.0000000000e+00	0.0000000000e+00	0.0000000000e+00	0.0000000000e+00	0.0000000000e+00	0.0000000000e+00	0.0000000000e+00	0.0000000000e+00	0.0000000000e+00	0.0000000000e+00	0.0000000000e+00	0.0000000000e+00	0.0000000000e+00	0.0000000000e+00
1.0404046408e+05	3.0940320353e-14	0.0000000000e+00	0.0000000000e+00	0.0000000000e+00	0.0000000000e+00	0.0000000000e+00	0.0000000000e+00	0.0000000000e+00	0.0000000000e+00	0.0000000000e+00	0.0000000000e+00	0.0000000000e+00	0.0000000000e+00	0.0000000000e+00	0.0000000000e+00	0.0000000000e+00	0.0000000000e+00	0.0000000000e+00	0.0000000000e+00	0.0000000000e+00	0.0000000000e+00	0.0000000000e+00	0.0000000000e+00	0.0000000000e+00	0.0000000000e+00
1.0404072107e+05	3.0779120229e-14	0.0000000000e+00	0.0000000000e+00	0.0000000000e+00	0.0000000000e+00	0.0000000000e+00	0.0000000000e+00	0.0000000000e+00	0.0000000000e+00	0.0000000000e+00	0.0000000000e+00	0.0000000000e+00	0.0000000000e+00	0.0000000000e+00	0.0000000000e+00	0.0000000000e+00	0.0000000000e+00	0.0000000000e+00	0.0000000000e+00	0.0000000000e+00	0.0000000000e+00	0.0000000000e+00	0.0000000000e+00	0.0000000000e+00	0.0000000000e+00
1.0404098104e+05	3.0621186344e-14	0.0000000000e+00	0.0000000000e+00	0.0000000000e+00	0.0000000000e+00	0.0000000000e+00	0.0000000000e+00	0.0000000000e+00	0.0000000000e+00	0.0000000000e+00	0.0000000000e+00	0.0000000000e+00	0.0000000000e+00	0.0000000000e+00	0.0000000000e+00	0.0000000000e+00	0.0000000000e+00	0.0000000000e+00	0.0000000000e+00	0.0000000000e+00	0.0000000000e+00	0.0000000000e+00	0.0000000000e+00	0.0000000000e+00	0.0000000000e+00
1.0404124403e+05	3.0466360142e-14	0.0000000000e+00	0.0000000000e+00	0.0000000000e+00	0.0000000000e+00	0.0000000000e+00	0.0000000000e+00	0.0000000000e+00	0.0000000000e+00	0.0000000000e+00	0.0000000000e+00	0.0000000000e+00	0.0000000000e+00	0.0000000000e+00	0.0000000000e+00	0.0000000000e+00	0.0000000000e+00	0.0000000000e+00	0.0000000000e+00	0.0000000000e+00	0.0000000000e+00	0.0000000000e+00	0.0000000000e+00	0.0000000000e+00	0.0000000000e+00
1.0404151005e+05	3.1755595992e-14	0.0000000000e+00	0.0000000000e+00	0.0000000000e+00	0.0000000000e+00	0.0000000000e+00	0.0000000000e+00	0.0000000000e+00	0.0000000000e+00	0.0000000000e+00	0.0000000000e+00	0.0000000000e+00	0.0000000000e+00	0.0000000000e+00	0.0000000000e+00	0.0000000000e+00	0.0000000000e+00	0.0000000000e+00	0.0000000000e+00	0.0000000000e+00	0.0000000000e+00	0.0000000000e+00	0.0000000000e+00	0.0000000000e+00	0.0000000000e+00
1.0404177916e+05	3.1576817964e-14	0.0000000000e+00	0.0000000000e+00	0.0000000000e+00	0.0000000000e+00	0.0000000000e+00	0.0000000000e+00	0.0000000000e+00	0.0000000000e+00	0.0000000000e+00	0.0000000000e+00	0.0000000000e+00	0.0000000000e+00	0.0000000000e+00	0.0000000000e+00	0.0000000000e+00	0.0000000000e+00	0.0000000000e+00	0.0000000000e+00	0.0000000000e+00	0.0000000000e+00	0.0000000000e+00	0.0000000000e+00	0.0000000000e+00	0.0000000000e+00
1.0404205138e+05	3.1400749687e-14	0.0000000000e+00	0.0000000000e+00	0.0000000000e+00	0.0000000000e+00	0.0000000000e+00	0.0000000000e+00	0.0000000000e+00	0.0000000000e+00	0.0000000000e+00	0.0000000000e+00	0.0000000000e+00	0.0000000000e+00	0.0000000000e+00	0.0000000000e+00	0.0000000000e+00	0.0000000000e+00	0.0000000000e+00	0.0000000000e+00	0.0000000000e+00	0.0000000000e+00	0.0000000000e+00	0.0000000000e+00	0.0000000000e+00	0.0000000000e+00
1.0404232676e+05	3.1227567485e-14	0.0000000000e+00	0.0000000000e+00	0.0000000000e+00	0.0000000000e+00	0.0000000000e+00	0.0000000000e+00	0.0000000000e+00	0.0000000000e+00	0.0000000000e+00	0.0000000000e+00	0.0000000000e+00	0.0000000000e+00	0.0000000000e+00	0.0000000000e+00	0.0000000000e+00	0.0000000000e+00	0.0000000000e+00	0.0000000000e+00	0.0000000000e+00	0.0000000000e+00	0.0000000000e+00	0.0000000000e+00	0.0000000000e+00	0.0000000000e+00
1.0404260532e+05	3.1057349698e-14	0.0000000000e+00	0.0000000000e+00	0.0000000000e+00	0.0000000000e+00	0.0000000000e+00	0.0000000000e+00	0.0000000000e+00	0.0000000000e+00	0.0000000000e+00	0.0000000000e+00	0.0000000000e+00	0.0000000000e+00	0.0000000000e+00	0.0000000000e+00	0.0000000000e+00	0.0000000000e+00	0.0000000000e+00	0.0000000000e+00	0.0000000000e+00	0.0000000000e+00	0.0000000000e+00	0.0000000000e+00	0.0000000000e+00	0.0000000000e+00
1.0404288711e+05	3.0890085328e-14	0.0000000000e+00	0.0000000000e+00	0.0000000000e+00	0.0000000000e+00	0.0000000000e+00	0.0000000000e+00	0.0000000000e+00	0.0000000000e+00	0.0000000000e+00	0.0000000000e+00	0.0000000000e+00	0.0000000000e+00	0.0000000000e+00	0.0000000000e+00	0.0000000000e+00	0.0000000000e+00	0.0000000000e+00	0.0000000000e+00	0.0000000000e+00	0.0000000000e+00	0.0000000000e+00	0.0000000000e+00	0.0000000000e+00	0.0000000000e+00
1.0404317216e+05	3.0725684956e-14	0.0000000000e+00	0.0000000000e+00	0.0000000000e+00	0.0000000000e+00	0.0000000000e+00	0.0000000000e+00	0.0000000000e+00	0.0000000000e+00	0.0000000000e+00	0.0000000000e+00	0.0000000000e+00	0.0000000000e+00	0.0000000000e+00	0.0000000000e+00	0.0000000000e+00	0.0000000000e+00	0.0000000000e+00	0.0000000000e+00	0.0000000000e+00	0.0000000000e+00	0.0000000000e+00	0.0000000000e+00	0.0000000000e+00	0.0000000000e+00
1.0404346052e+05	3.0563993748e-14	0.0000000000e+00	0.0000000000e+00	0.0000000000e+00	0.0000000000e+00	0.0000000000e+00	0.0000000000e+00	0.0000000000e+00	0.0000000000e+00	0.0000000000e+00	0.0000000000e+00	0.0000000000e+00	0.0000000000e+00	0.0000000000e+00	0.0000000000e+00	0.0000000000e+00	0.0000000000e+00	0.0000000000e+00	0.0000000000e+00	0.0000000000e+00	0.0000000000e+00	0.0000000000e+00	0.0000000000e+00	0.0000000000e+00	0.0000000000e+00
1.0404375221e+05	3.0404806299e-14	0.0000000000e+00	0.0000000000e+00	0.0000000000e+00	0.0000000000e+00	0.0000000000e+00	0.0000000000e+00	0.0000000000e+00	0.0000000000e+00	0.0000000000e+00	0.0000000000e+00	0.0000000000e+00	0.0000000000e+00	0.0000000000e+00	0.0000000000e+00	0.0000000000e+00	0.0000000000e+00	0.0000000000e+00	0.0000000000e+00	0.0000000000e+00	0.0000000000e+00	0.0000000000e+00	0.0000000000e+00	0.0000000000e+00	0.0000000000e+00
1.0404404728e+05	3.0247883077e-14	0.0000000000e+00	0.0000000000e+00	0.0000000000e+00	0.0000000000e+00	0.0000000000e+00	0.0000000000e+00	0.0000000000e+00	0.0000000000e+00	0.0000000000e+00	0.0000000000e+00	0.0000000000e+00	0.0000000000e+00	0.0000000000e+00	0.0000000000e+00	0.0000000000e+00	0.0000000000e+00	0.0000000000e+00	0.0000000000e+00	0.0000000000e+00	0.0000000000e+00	0.0000000000e+00	0.0000000000e+00	0.0000000000e+00	0.0000000000e+00
1.0404434577e+05	3.0092968206e-14	0.0000000000e+00	0.0000000000e+00	0.0000000000e+00	0.0000000000e+00	0.0000000000e+00	0.0000000000e+00	0.0000000000e+00	0.0000000000e+00	0.0000000000e+00	0.0000000000e+00	0.0000000000e+00	0.0000000000e+00	0.0000000000e+00	0.0000000000e+00	0.0000000000e+00	0.0000000000e+00	0.0000000000e+00	0.0000000000e+00	0.0000000000e+00	0.0000000000e+00	0.0000000000e+00	0.0000000000e+00	0.0000000000e+00	0.0000000000e+00
1.0404464771e+05	2.9939808302e-14	0.0000000000e+00	0.0000000000e+00	0.0000000000e+00	0.0000000000e+00	0.0000000000e+00	0.0000000000e+00	0.0000000000e+00	0.0000000000e+00	0.0000000000e+00	0.0000000000e+00	0.0000000000e+00	0.0000000000e+00	0.0000000000e+00	0.0000000000e+00	0.0000000000e+00	0.0000000000e+00	0.0000000000e+00	0.0000000000e+00	0.0000000000e+00	0.0000000000e+00	0.0000000000e+00	0.0000000000e+00	0.0000000000e+00	0.0000000000e+00
1.0404495315e+05	2.9788171987e-14	0.0000000000e+00	0.0000000000e+00	0.0000000000e+00	0.0000000000e+00	0.0000000000e+00	0.0000000000e+00	0.0000000000e+00	0.0000000000e+00	0.0000000000e+00	0.0000000000e+00	0.0000000000e+00	0.0000000000e+00	0.0000000000e+00	0.0000000000e+00	0.0000000000e+00	0.0000000000e+00	0.0000000000e+00	0.0000000000e+00	0.0000000000e+00	0.0000000000e+00	0.0000000000e+00	0.0000000000e+00	0.0000000000e+00	0.0000000000e+00
1.0404526213e+05	3.0880164983e-14	0.0000000000e+00	0.0000000000e+00	0.0000000000e+00	0.0000000000e+00	0.0000000000e+00	0.0000000000e+00	0.0000000000e+00	0.0000000000e+00	0.0000000000e+00	0.0000000000e+00	0.0000000000e+00	0.0000000000e+00	0.0000000000e+00	0.0000000000e+00	0.0000000000e+00	0.0000000000e+00	0.0000000000e+00	0.0000000000e+00	0.0000000000e+00	0.0000000000e+00	0.0000000000e+00	0.0000000000e+00	0.0000000000e+00	0.0000000000e+00
1.0404557468e+05	3.0713872290e-14	0.0000000000e+00	0.0000000000e+00	0.0000000000e+00	0.0000000000e+00	0.0000000000e+00	0.0000000000e+00	0.0000000000e+00	0.0000000000e+00	0.0000000000e+00	0.0000000000e+00	0.0000000000e+00	0.0000000000e+00	0.0000000000e+00	0.0000000000e+00	0.0000000000e+00	0.0000000000e+00	0.0000000000e+00	0.0000000000e+00	0.0000000000e+00	0.0000000000e+00	0.0000000000e+00	0.0000000000e+00	0.0000000000e+00	0.0000000000e+00
1.0404589085e+05	3.0550203220e-14	0.0000000000e+00	0.0000000000e+00	0.0000000000e+00	0.0000000000e+00	0.0000000000e+00	0.0000000000e+00	0.0000000000e+00	0.0000000000e+00	0.0000000000e+00	0.0000000000e+00	0.0000000000e+00	0.0000000000e+00	0.0000000000e+00	0.0000000000e+00	0.0000000000e+00	0.0000000000e+00	0.0000000000e+00	0.0000000000e+00	0.0000000000e+00	0.0000000000e+00	0.0000000000e+00	0.0000000000e+00	0.0000000000e+00	0.0000000000e+00
1.0404621069e+05	3.0388915619e-14	0.0000000000e+00	0.0000000000e+00	0.0000000000e+00	0.0000000000e+00	0.0000000000e+00	0.0000000000e+00	0.0000000000e+00	0.0000000000e+00	0.0000000000e+00	0.0000000000e+00	0.0000000000e+00	0.0000000000e+00	0.0000000000e+00	0.0000000000e+00	0.0000000000e+00	0.0000000000e+00	0.0000000000e+00	0.0000000000e+00	0.0000000000e+00	0.0000000000e+00	0.0000000000e+00	0.0000000000e+00	0.0000000000e+00	0.0000000000e+00
1.0404653423e+05	3.0229739736e-14	0.0000000000e+00	0.0000000000e+00	0.0000000000e+00	0.0000000000e+00	0.0000000000e+00	0.0000000000e+00	0.0000000000e+00	0.0000000000e+00	0.0000000000e+00	0.0000000000e+00	0.0000000000e+00	0.0000000000e+00	0.0000000000e+00	0.0000000000e+00	0.0000000000e+00	0.0000000000e+00	0.0000000000e+00	0.0000000000e+00	0.0000000000e+00	0.0000000000e+00	0.0000000000e+00	0.0000000000e+00	0.0000000000e+00	0.0000000000e+00
1.0404686151e+05	3.0072399195e-14	0.0000000000e+00	0.0000000000e+00	0.0000000000e+00	0.0000000000e+00	0.0000000000e+00	0.0000000000e+00	0.0000000000e+00	0.0000000000e+00	0.0000000000e+00	0.0000000000e+00	0.0000000000e+00	0.0000000000e+00	0.0000000000e+00	0.0000000000e+00	0.0000000000e+00	0.0000000000e+00	0.0000000000e+00	0.0000000000e+00	0.0000000000e+00	0.0000000000e+00	0.0000000000e+00	0.0000000000e+00	0.0000000000e+00	0.0000000000e+00
1.0404719258e+05	2.9916633101e-14	0.0000000000e+00	0.0000000000e+00	0.0000000000e+00	0.0000000000e+00	0.0000000000e+00	0.0000000000e+00	0.0000000000e+00	0.0000000000e+00	0.0000000000e+00	0.0000000000e+00	0.0000000000e+00	0.0000000000e+00	0.0000000000e+00	0.0000000000e+00	0.0000000000e+00	0.0000000000e+00	0.0000000000e+00	0.0000000000e+00	0.0000000000e+00	0.0000000000e+00	0.0000000000e+00	0.0000000000e+00	0.0000000000e+00	0.0000000000e+00
1.0404752749e+05	3.0957064295e-14	0.0000000000e+00	0.0000000000e+00	0.0000000000e+00	0.0000000000e+00	0.0000000000e+00	0.0000000000e+00	0.0000000000e+00	0.0000000000e+00	0.0000000000e+00	0.0000000000e+00	0.0000000000e+00	0.0000000000e+00	0.0000000000e+00	0.0000000000e+00	0.0000000000e+00	0.0000000000e+00	0.0000000000e+00	0.0000000000e+00	0.0000000000e+00	0.0000000000e+00	0.0000000000e+00	0.0000000000e+00	0.0000000000e+00	0.0000000000e+00
1.0404786628e+05	3.0792057139e-14	0.0000000000e+00	0.0000000000e+00	0.0000000000e+00	0.0000000000e+00	0.0000000000e+00	0.0000000000e+00	0.0000000000e+00	0.0000000000e+00	0.0000000000e+00	0.0000000000e+00	0.0000000000e+00	0.0000000000e+00	0.0000000000e+00	0.0000000000e+00	0.0000000000e+00	0.0000000000e+00	0.0000000000e+00	0.0000000000e+00	0.0000000000e+00	0.0000000000e+00	0.0000000000e+00	0.0000000000e+00	0.0000000000e+00	0.0000000000e+00
1.0404820899e+05	3.0629844020e-14	0.0000000000e+00	0.0000000000e+00	0.0000000000e+00	0.0000000000e+00	0.0000000000e+00	0.0000000000e+00	0.0000000000e+00	0.0000000000e+00	0.0000000000e+00	0.0000000000e+00	0.0000000000e+00	0.0000000000e+00	0.0000000000e+00	0.0000000000e+00	0.0000000000e+00	0.0000000000e+00	0.0000000000e+00	0.0000000000e+00	0.0000000000e+00	0.0000000000e+00	0.0000000000e+00	0.0000000000e+00	0.0000000000e+00	0.0000000000e+00
1.0404855566e+05	3.0470129348e-14	0.0000000000e+00	0.0000000000e+00	0.0000000000e+00	0.0000000000e+00	0.0000000000e+00	0.0000000000e+00	0.0000000000e+00	0.0000000000e+00	0.0000000000e+00	0.0000000000e+00	0.0000000000e+00	0.0000000000e+00	0.0000000000e+00	0.0000000000e+00	0.0000000000e+00	0.0000000000e+00	0.0000000000e+00	0.0000000000e+00	0.0000000000e+00	0.0000000000e+00	0.0000000000e+00	0.0000000000e+00	0.0000000000e+00	0.0000000000e+00
1.0404890636e+05	3.0312581889e-14	0.0000000000e+00	0.0000000000e+00	0.0000000000e+00	0.0000000000e+00	0.0000000000e+00	0.0000000000e+00	0.0000000000e+00	0.0000000000e+00	0.0000000000e+00	0.0000000000e+00	0.0000000000e+00	0.0000000000e+00	0.0000000000e+00	0.0000000000e+00	0.0000000000e+00	0.0000000000e+00	0.0000000000e+00	0.0000000000e+00	0.0000000000e+00	0.0000000000e+00	0.0000000000e+00	0.0000000000e+00	0.0000000000e+00	0.0000000000e+00
1.0404926111e+05	3.0156858486e-14	0.0000000000e+00	0.0000000000e+00	0.0000000000e+00	0.0000000000e+00	0.0000000000e+00	0.0000000000e+00	0.0000000000e+00	0.0000000000e+00	0.0000000000e+00	0.0000000000e+00	0.0000000000e+00	0.0000000000e+00	0.0000000000e+00	0.0000000000e+00	0.0000000000e+00	0.0000000000e+00	0.0000000000e+00	0.0000000000e+00	0.0000000000e+00	0.0000000000e+00	0.0000000000e+00	0.0000000000e+00	0.0000000000e+00	0.0000000000e+00
1.0404961997e+05	3.1153307962e-14	0.0000000000e+00	0.0000000000e+00	0.0000000000e+00	0.0000000000e+00	0.0000000000e+00	0.0000000000e+00	0.0000000000e+00	0.0000000000e+00	0.0000000000e+00	0.0000000000e+00	0.0000000000e+00	0.0000000000e+00	0.0000000000e+00	0.0000000000e+00	0.0000000000e+00	0.0000000000e+00	0.0000000000e+00	0.0000000000e+00	0.0000000000e+00	0.0000000000e+00	0.0000000000e+00	0.0000000000e+00	0.0000000000e+00	0.0000000000e+00
1.0404998298e+05	3.0991528495e-14	0.0000000000e+00	0.0000000000e+00	0.0000000000e+00	0.0000000000e+00	0.0000000000e+00	0.0000000000e+00	0.0000000000e+00	0.0000000000e+00	0.0000000000e+00	0.0000000000e+00	0.0000000000e+00	0.0000000000e+00	0.0000000000e+00	0.0000000000e+00	0.0000000000e+00	0.0000000000e+00	0.0000000000e+00	0.0000000000e+00	0.0000000000e+00	0.0000000000e+00	0.0000000000e+00	0.0000000000e+00	0.0000000000e+00	0.0000000000e+00
1.0405035020e+05	3.0832766311e-14	0.0000000000e+00	0.0000000000e+00	0.0000000000e+00	0.0000000000e+00	0.0000000000e+00	0.0000000000e+00	0.0000000000e+00	0.0000000000e+00	0.0000000000e+00	0.0000000000e+00	0.0000000000e+00	0.0000000000e+00	0.0000000000e+00	0.0000000000e+00	0.0000000000e+00	0.0000000000e+00	0.0000000000e+00	0.0000000000e+00	0.0000000000e+00	0.0000000000e+00	0.0000000000e+00	0.0000000000e+00	0.0000000000e+00	0.0000000000e+00
1.0405072167e+05	3.0676670366e-14	0.0000000000e+00	0.0000000000e+00	0.0000000000e+00	0.0000000000e+00	0.0000000000e+00	0.0000000000e+00	0.0000000000e+00	0.0000000000e+00	0.0000000000e+00	0.0000000000e+00	0.0000000000e+00	0.0000000000e+00	0.0000000000e+00	0.0000000000e+00	0.0000000000e+00	0.0000000000e+00	0.0000000000e+00	0.0000000000e+00	0.0000000000e+00	0.0000000000e+00	0.0000000000e+00	0.0000000000e+00	0.0000000000e+00	0.0000000000e+00
1.0405109745e+05	3.0522827686e-14	0.0000000000e+00	0.0000000000e+00	0.0000000000e+00	0.0000000000e+00	0.0000000000e+00	0.0000000000e+00	0.0000000000e+00	0.0000000000e+00	0.0000000000e+00	0.0000000000e+00	0.0000000000e+00	0.0000000000e+00	0.0000000000e+00	0.0000000000e+00	0.0000000000e+00	0.0000000000e+00	0.0000000000e+00	0.0000000000e+00	0.0000000000e+00	0.0000000000e+00	0.0000000000e+00	0.0000000000e+00	0.0000000000e+00	0.0000000000e+00
1.0405147757e+05	3.0370789965e-14	0.0000000000e+00	0.0000000000e+00	0.0000000000e+00	0.0000000000e+00	0.0000000000e+00	0.0000000000e+00	0.0000000000e+00	0.0000000000e+00	0.0000000000e+00	0.0000000000e+00	0.0000000000e+00	0.0000000000e+00	0.0000000000e+00	0.0000000000e+00	0.0000000000e+00	0.0000000000e+00	0.0000000000e+00	0.0000000000e+00	0.0000000000e+00	0.0000000000e+00	0.0000000000e+00	0.0000000000e+00	0.0000000000e+00	0.0000000000e+00
1.0405186210e+05	3.1319608971e-14	0.0000000000e+00	0.0000000000e+00	0.0000000000e+00	0.0000000000e+00	0.0000000000e+00	0.0000000000e+00	0.0000000000e+00	0.0000000000e+00	0.0000000000e+00	0.0000000000e+00	0.0000000000e+00	0.0000000000e+00	0.0000000000e+00	0.0000000000e+00	0.0000000000e+00	0.0000000000e+00	0.0000000000e+00	0.0000000000e+00	0.0000000000e+00	0.0000000000e+00	0.0000000000e+00	0.0000000000e+00	0.0000000000e+00	0.0000000000e+00
1.0405225107e+05	3.1163595692e-14	0.0000000000e+00	0.0000000000e+00	0.0000000000e+00	0.0000000000e+00	0.0000000000e+00	0.0000000000e+00	0.0000000000e+00	0.0000000000e+00	0.0000000000e+00	0.0000000000e+00	0.0000000000e+00	0.0000000000e+00	0.0000000000e+00	0.0000000000e+00	0.0000000000e+00	0.0000000000e+00	0.0000000000e+00	0.0000000000e+00	0.0000000000e+00	0.0000000000e+00	0.0000000000e+00	0.0000000000e+00	0.0000000000e+00	0.0000000000e+00
1.0405264456e+05	3.1010406753e-14	0.0000000000e+00	0.0000000000e+00	0.0000000000e+00	0.0000000000e+00	0.0000000000e+00	0.0000000000e+00	0.0000000000e+00	0.0000000000e+00	0.0000000000e+00	0.0000000000e+00	0.0000000000e+00	0.0000000000e+00	0.0000000000e+00	0.0000000000e+00	0.0000000000e+00	0.0000000000e+00	0.0000000000e+00	0.0000000000e+00	0.0000000000e+00	0.0000000000e+00	0.0000000000e+00	0.0000000000e+00	0.0000000000e+00	0.0000000000e+00
1.0405304259e+05	3.0859606344e-14	0.0000000000e+00	0.0000000000e+00	0.0000000000e+00	0.0000000000e+00	0.0000000000e+00	0.0000000000e+00	0.0000000000e+00	0.0000000000e+00	0.0000000000e+00	0.0000000000e+00	0.0000000000e+00	0.0000000000e+00	0.0000000000e+00	0.0000000000e+00	0.0000000000e+00	0.0000000000e+00	0.0000000000e+00	0.0000000000e+00	0.0000000000e+00	0.0000000000e+00	0.0000000000e+00	0.0000000000e+00	0.0000000000e+00	0.0000000000e+00
1.0405344524e+05	3.0710658376e-14	0.0000000000e+00	0.0000000000e+00	0.0000000000e+00	0.0000000000e+00	0.0000000000e+00	0.0000000000e+00	0.0000000000e+00	0.0000000000e+00	0.0000000000e+00	0.0000000000e+00	0.0000000000e+00	0.0000000000e+00	0.0000000000e+00	0.0000000000e+00	0.0000000000e+00	0.0000000000e+00	0.0000000000e+00	0.0000000000e+00	0.0000000000e+00	0.0000000000e+00	0.0000000000e+00	0.0000000000e+00	0.0000000000e+00	0.0000000000e+00
1.0405385255e+05	3.0563067272e-14	0.0000000000e+00	0.0000000000e+00	0.0000000000e+00	0.0000000000e+00	0.0000000000e+00	0.0000000000e+00	0.0000000000e+00	0.0000000000e+00	0.0000000000e+00	0.0000000000e+00	0.0000000000e+00	0.0000000000e+00	0.0000000000e+00	0.0000000000e+00	0.0000000000e+00	0.0000000000e+00	0.0000000000e+00	0.0000000000e+00	0.0000000000e+00	0.0000000000e+00	0.0000000000e+00	0.0000000000e+00	0.0000000000e+00	0.0000000000e+00
1.0405426458e+05	3.0416183243e-14	0.0000000000e+00	0.0000000000e+00	0.0000000000e+00	0.0000000000e+00	0.0000000000e+00	0.0000000000e+00	0.0000000000e+00	0.0000000000e+00	0.0000000000e+00	0.0000000000e+00	0.0000000000e+00	0.0000000000e+00	0.0000000000e+00	0.0000000000e+00	0.0000000000e+00	0.0000000000e+00	0.0000000000e+00	0.0000000000e+00	0.0000000000e+00	0.0000000000e+00	0.0000000000e+00	0.0000000000e+00	0.0000000000e+00	0.0000000000e+00
1.0405468138e+05	3.0269465824e-14	0.0000000000e+00	0.0000000000e+00	0.0000000000e+00	0.0000000000e+00	0.0000000000e+00	0.0000000000e+00	0.0000000000e+00	0.0000000000e+00	0.0000000000e+00	0.0000000000e+00	0.0000000000e+00	0.0000000000e+00	0.0000000000e+00	0.0000000000e+00	0.0000000000e+00	0.0000000000e+00	0.0000000000e+00	0.0000000000e+00	0.0000000000e+00	0.0000000000e+00	0.0000000000e+00	0.0000000000e+00	0.0000000000e+00	0.0000000000e+00
1.0405510300e+05	3.0122404624e-14	0.0000000000e+00	0.0000000000e+00	0.0000000000e+00	0.0000000000e+00	0.0000000000e+00	0.0000000000e+00	0.0000000000e+00	0.0000000000e+00	0.0000000000e+00	0.0000000000e+00	0.0000000000e+00	0.0000000000e+00	0.0000000000e+00	0.0000000000e+00	0.0000000000e+00	0.0000000000e+00	0.0000000000e+00	0.0000000000e+00	0.0000000000e+00	0.0000000000e+00	0.0000000000e+00	0.0000000000e+00	0.0000000000e+00	0.0000000000e+00
1.0405552951e+05	2.9974573273e-14	0.0000000000e+00	0.0000000000e+00	0.0000000000e+00	0.0000000000e+00	0.0000000000e+00	0.0000000000e+00	0.0000000000e+00	0.0000000000e+00	0.0000000000e+00	0.0000000000e+00	0.0000000000e+00	0.0000000000e+00	0.0000000000e+00	0.0000000000e+00	0.0000000000e+00	0.0000000000e+00	0.0000000000e+00	0.0000000000e+00	0.0000000000e+00	0.0000000000e+00	0.0000000000e+00	0.0000000000e+00	0.0000000000e+00	0.0000000000e+00
1.0405596095e+05	2.9825687211e-14	0.0000000000e+00	0.0000000000e+00	0.0000000000e+00	0.0000000000e+00	0.0000000000e+00	0.0000000000e+00	0.0000000000e+00	0.0000000000e+00	0.0000000000e+00	0.0000000000e+00	0.0000000000e+00	0.0000000000e+00	0.0000000000e+00	0.0000000000e+00	0.0000000000e+00	0.0000000000e+00	0.0000000000e+00	0.0000000000e+00	0.0000000000e+00	0.0000000000e+00	0.0000000000e+00	0.0000000000e+00	0.0000000000e+00	0.0000000000e+00
1.0405639739e+05	3.0724576344e-14	0.0000000000e+00	0.0000000000e+00	0.0000000000e+00	0.0000000000e+00	0.0000000000e+00	0.0000000000e+00	0.0000000000e+00	0.0000000000e+00	0.0000000000e+00	0.0000000000e+00	0.0000000000e+00	0.0000000000e+00	0.0000000000e+00	0.0000000000e+00	0.0000000000e+00	0.0000000000e+00	0.0000000000e+00	0.0000000000e+00	0.0000000000e+00	0.0000000000e+00	0.0000000000e+00	0.0000000000e+00	0.0000000000e+00	0.0000000000e+00
1.0405683889e+05	3.0578834348e-14	0.0000000000e+00	0.0000000000e+00	0.0000000000e+00	0.0000000000e+00	0.0000000000e+00	0.0000000000e+00	0.0000000000e+00	0.0000000000e+00	0.0000000000e+00	0.0000000000e+00	0.0000000000e+00	0.0000000000e+00	0.0000000000e+00	0.0000000000e+00	0.0000000000e+00	0.0000000000e+00	0.0000000000e+00	0.0000000000e+00	0.0000000000e+00	0.0000000000e+00	0.0000000000e+00	0.0000000000e+00	0.0000000000e+00	0.0000000000e+00
1.0405728549e+05	3.0432187419e-14	0.0000000000e+00	0.0000000000e+00	0.0000000000e+00	0.0000000000e+00	0.0000000000e+00	0.0000000000e+00	0.0000000000e+00	0.0000000000e+00	0.0000000000e+00	0.0000000000e+00	0.0000000000e+00	0.0000000000e+00	0.0000000000e+00	0.0000000000e+00	0.0000000000e+00	0.0000000000e+00	0.0000000000e+00	0.0000000000e+00	0.0000000000e+00	0.0000000000e+00	0.0000000000e+00	0.0000000000e+00	0.0000000000e+00	0.0000000000e+00
1.0405773727e+05	3.0284069048e-14	0.0000000000e+00	0.0000000000e+00	0.0000000000e+00	0.0000000000e+00	0.0000000000e+00	0.0000000000e+00	0.0000000000e+00	0.0000000000e+00	0.0000000000e+00	0.0000000000e+00	0.0000000000e+00	0.0000000000e+00	0.0000000000e+00	0.0000000000e+00	0.0000000000e+00	0.0000000000e+00	0.0000000000e+00	0.0000000000e+00	0.0000000000e+00	0.0000000000e+00	0.0000000000e+00	0.0000000000e+00	0.0000000000e+00	0.0000000000e+00
1.0405819428e+05	3.0134018633e-14	0.0000000000e+00	0.0000000000e+00	0.0000000000e+00	0.0000000000e+00	0.0000000000e+00	0.0000000000e+00	0.0000000000e+00	0.0000000000e+00	0.0000000000e+00	0.0000000000e+00	0.0000000000e+00	0.0000000000e+00	0.0000000000e+00	0.0000000000e+00	0.0000000000e+00	0.0000000000e+00	0.0000000000e+00	0.0000000000e+00	0.0000000000e+00	0.0000000000e+00	0.0000000000e+00	0.0000000000e+00	0.0000000000e+00	0.0000000000e+00
1.0405865658e+05	2.9981725346e-14	0.0000000000e+00	0.0000000000e+00	0.0000000000e+00	0.0000000000e+00	0.0000000000e+00	0.0000000000e+00	0.0000000000e+00	0.0000000000e+00	0.0000000000e+00	0.0000000000e+00	0.0000000000e+00	0.0000000000e+00	0.0000000000e+00	0.0000000000e+00	0.0000000000e+00	0.0000000000e+00	0.0000000000e+00	0.0000000000e+00	0.0000000000e+00	0.0000000000e+00	0.0000000000e+00	0.0000000000e+00	0.0000000000e+00	0.0000000000e+00
1.0405912424e+05	3.0835758368e-14	0.0000000000e+00	0.0000000000e+00	0.0000000000e+00	0.0000000000e+00	0.0000000000e+00	0.0000000000e+00	0.0000000000e+00	0.0000000000e+00	0.0000000000e+00	0.0000000000e+00	0.0000000000e+00	0.0000000000e+00	0.0000000000e+00	0.0000000000e+00	0.0000000000e+00	0.0000000000e+00	0.0000000000e+00	0.0000000000e+00	0.0000000000e+00	0.0000000000e+00	0.0000000000e+00	0.0000000000e+00	0.0000000000e+00	0.0000000000e+00
1.0405959731e+05	3.0687326309e-14	0.0000000000e+00	0.0000000000e+00	0.0000000000e+00	0.0000000000e+00	0.0000000000e+00	0.0000000000e+00	0.0000000000e+00	0.0000000000e+00	0.0000000000e+00	0.0000000000e+00	0.0000000000e+00	0.0000000000e+00	0.0000000000e+00	0.0000000000e+00	0.0000000000e+00	0.0000000000e+00	0.0000000000e+00	0.0000000000e+00	0.0000000000e+00	0.0000000000e+00	0.0000000000e+00	0.0000000000e+00	0.0000000000e+00	0.0000000000e+00
1.0406007585e+05	3.0536964424e-14	0.0000000000e+00	0.0000000000e+00	0.0000000000e+00	0.0000000000e+00	0.0000000000e+00	0.0000000000e+00	0.0000000000e+00	0.0000000000e+00	0.0000000000e+00	0.0000000000e+00	0.0000000000e+00	0.0000000000e+00	0.0000000000e+00	0.0000000000e+00	0.0000000000e+00	0.0000000000e+00	0.0000000000e+00	0.0000000000e+00	0.0000000000e+00	0.0000000000e+00	0.0000000000e+00	0.0000000000e+00	0.0000000000e+00	0.0000000000e+00
1.0406055994e+05	3.0384145968e-14	0.0000000000e+00	0.0000000000e+00	0.0000000000e+00	0.0000000000e+00	0.0000000000e+00	0.0000000000e+00	0.0000000000e+00	0.0000000000e+00	0.0000000000e+00	0.0000000000e+00	0.0000000000e+00	0.0000000000e+00	0.0000000000e+00	0.0000000000e+00	0.0000000000e+00	0.0000000000e+00	0.0000000000e+00	0.0000000000e+00	0.0000000000e+00	0.0000000000e+00	0.0000000000e+00	0.0000000000e+00	0.0000000000e+00	0.0000000000e+00
1.0406104964e+05	3.0228467710e-14	0.0000000000e+00	0.0000000000e+00	0.0000000000e+00	0.0000000000e+00	0.0000000000e+00	0.0000000000e+00	0.0000000000e+00	0.0000000000e+00	0.0000000000e+00	0.0000000000e+00	0.0000000000e+00	0.0000000000e+00	0.0000000000e+00	0.0000000000e+00	0.0000000000e+00	0.0000000000e+00	0.0000000000e+00	0.0000000000e+00	0.0000000000e+00	0.0000000000e+00	0.0000000000e+00	0.0000000000e+00	0.0000000000e+00	0.0000000000e+00
1.0406154500e+05	3.1030296110e-14	0.0000000000e+00	0.0000000000e+00	0.0000000000e+00	0.0000000000e+00	0.0000000000e+00	0.0000000000e+00	0.0000000000e+00	0.0000000000e+00	0.0000000000e+00	0.0000000000e+00	0.0000000000e+00	0.0000000000e+00	0.0000000000e+00	0.0000000000e+00	0.0000000000e+00	0.0000000000e+00	0.0000000000e+00	0.0000000000e+00	0.0000000000e+00	0.0000000000e+00	0.0000000000e+00	0.0000000000e+00	0.0000000000e+00	0.0000000000e+00
1.0406204610e+05	3.0878703949e-14	0.0000000000e+00	0.0000000000e+00	0.0000000000e+00	0.0000000000e+00	0.0000000000e+00	0.0000000000e+00	0.0000000000e+00	0.0000000000e+00	0.0000000000e+00	0.0000000000e+00	0.0000000000e+00	0.0000000000e+00	0.0000000000e+00	0.0000000000e+00	0.0000000000e+00	0.0000000000e+00	0.0000000000e+00	0.0000000000e+00	0.0000000000e+00	0.0000000000e+00	0.0000000000e+00	0.0000000000e+00	0.0000000000e+00	0.0000000000e+00
1.0406255301e+05	3.0725124429e-14	0.0000000000e+00	0.0000000000e+00	0.0000000000e+00	0.0000000000e+00	0.0000000000e+00	0.0000000000e+00	0.0000000000e+00	0.0000000000e+00	0.0000000000e+00	0.0000000000e+00	0.0000000000e+00	0.0000000000e+00	0.0000000000e+00	0.0000000000e+00	0.0000000000e+00	0.0000000000e+00	0.0000000000e+00	0.0000000000e+00	0.0000000000e+00	0.0000000000e+00	0.0000000000e+00	0.0000000000e+00	0.0000000000e+00	0.0000000000e+00
1.0406306578e+05	3.0569026910e-14	0.0000000000e+00	0.0000000000e+00	0.0000000000e+00	0.0000000000e+00	0.0000000000e+00	0.0000000000e+00	0.0000000000e+00	0.0000000000e+00	0.0000000000e+00	0.0000000000e+00	0.0000000000e+00	0.0000000000e+00	0.0000000000e+00	0.0000000000e+00	0.0000000000e+00	0.0000000000e+00	0.0000000000e+00	0.0000000000e+00	0.0000000000e+00	0.0000000000e+00	0.0000000000e+00	0.0000000000e+00	0.0000000000e+00	0.0000000000e+00
1.0406358449e+05	3.0409990681e-14	0.0000000000e+00	0.0000000000e+00	0.0000000000e+00	0.0000000000e+00	0.0000000000e+00	0.0000000000e+00	0.0000000000e+00	0.0000000000e+00	0.0000000000e+00	0.0000000000e+00	0.0000000000e+00	0.0000000000e+00	0.0000000000e+00	0.0000000000e+00	0.0000000000e+00	0.0000000000e+00	0.0000000000e+00	0.0000000000e+00	0.0000000000e+00	0.0000000000e+00	0.0000000000e+00	0.0000000000e+00	0.0000000000e+00	0.0000000000e+00
1.0406410921e+05	3.1160970424e-14	0.0000000000e+00	0.0000000000e+00	0.0000000000e+00	0.0000000000e+00	0.0000000000e+00	0.0000000000e+00	0.0000000000e+00	0.0000000000e+00	0.0000000000e+00	0.0000000000e+00	0.0000000000e+00	0.0000000000e+00	0.0000000000e+00	0.0000000000e+00	0.0000000000e+00	0.0000000000e+00	0.0000000000e+00	0.0000000000e+00	0.0000000000e+00	0.0000000000e+00	0.0000000000e+00	0.0000000000e+00	0.0000000000e+00	0.0000000000e+00
1.0406464000e+05	3.1006776940e-14	0.0000000000e+00	0.0000000000e+00	0.0000000000e+00	0.0000000000e+00	0.0000000000e+00	0.0000000000e+00	0.0000000000e+00	0.0000000000e+00	0.0000000000e+00	0.0000000000e+00	0.0000000000e+00	0.0000000000e+00	0.0000000000e+00	0.0000000000e+00	0.0000000000e+00	0.0000000000e+00	0.0000000000e+00	0.0000000000e+00	0.0000000000e+00	0.0000000000e+00	0.0000000000e+00	0.0000000000e+00	0.0000000000e+00	0.0000000000e+00
1.0406517694e+05	3.0850995328e-14	0.0000000000e+00	0.0000000000e+00	0.0000000000e+00	0.0000000000e+00	0.0000000000e+00	0.0000000000e+00	0.0000000000e+00	0.0000000000e+00	0.0000000000e+00	0.0000000000e+00	0.0000000000e+00	0.0000000000e+00	0.0000000000e+00	0.0000000000e+00	0.0000000000e+00	0.0000000000e+00	0.0000000000e+00	0.0000000000e+00	0.0000000000e+00	0.0000000000e+00	0.0000000000e+00	0.0000000000e+00	0.0000000000e+00	0.0000000000e+00
1.0406572010e+05	3.0693116960e-14	0.0000000000e+00	0.0000000000e+00	0.0000000000e+00	0.0000000000e+00	0.0000000000e+00	0.0000000000e+00	0.0000000000e+00	0.0000000000e+00	0.0000000000e+00	0.0000000000e+00	0.0000000000e+00	0.0000000000e+00	0.0000000000e+00	0.0000000000e+00	0.0000000000e+00	0.0000000000e+00	0.0000000000e+00	0.0000000000e+00	0.0000000000e+00	0.0000000000e+00	0.0000000000e+00	0.0000000000e+00	0.0000000000e+00	0.0000000000e+00
1.0406626954e+05	3.0532721290e-14	0.0000000000e+00	0.0000000000e+00	0.0000000000e+00	0.0000000000e+00	0.0000000000e+00	0.0000000000e+00	0.0000000000e+00	0.0000000000e+00	0.0000000000e+00	0.0000000000e+00	0.0000000000e+00	0.0000000000e+00	0.0000000000e+00	0.0000000000e+00	0.0000000000e+00	0.0000000000e+00	0.0000000000e+00	0.0000000000e+00	0.0000000000e+00	0.0000000000e+00	0.0000000000e+00	0.0000000000e+00	0.0000000000e+00	0.0000000000e+00
1.0406682535e+05	3.0369521685e-14	0.0000000000e+00	0.0000000000e+00	0.0000000000e+00	0.0000000000e+00	0.0000000000e+00	0.0000000000e+00	0.0000000000e+00	0.0000000000e+00	0.0000000000e+00	0.0000000000e+00	0.0000000000e+00	0.0000000000e+00	0.0000000000e+00	0.0000000000e+00	0.0000000000e+00	0.0000000000e+00	0.0000000000e+00	0.0000000000e+00	0.0000000000e+00	0.0000000000e+00	0.0000000000e+00	0.0000000000e+00	0.0000000000e+00	0.0000000000e+00
1.0406738760e+05	3.0203419725e-14	0.0000000000e+00	0.0000000000e+00	0.0000000000e+00	0.0000000000e+00	0.0000000000e+00	0.0000000000e+00	0.0000000000e+00	0.0000000000e+00	0.0000000000e+00	0.0000000000e+00	0.0000000000e+00	0.0000000000e+00	0.0000000000e+00	0.0000000000e+00	0.0000000000e+00	0.0000000000e+00	0.0000000000e+00	0.0000000000e+00	0.0000000000e+00	0.0000000000e+00	0.0000000000e+00	0.0000000000e+00	0.0000000000e+00	0.0000000000e+00
1.0406795635e+05	3.0034536006e-14	0.0000000000e+00	0.0000000000e+00	0.0000000000e+00	0.0000000000e+00	0.0000000000e+00	0.0000000000e+00	0.0000000000e+00	0.0000000000e+00	0.0000000000e+00	0.0000000000e+00	0.0000000000e+00	0.0000000000e+00	0.0000000000e+00	0.0000000000e+00	0.0000000000e+00	0.0000000000e+00	0.0000000000e+00	0.0000000000e+00	0.0000000000e+00	0.0000000000e+00	0.0000000000e+00	0.0000000000e+00	0.0000000000e+00	0.0000000000e+00
1.0406853169e+05	2.9863236971e-14	0.0000000000e+00	0.0000000000e+00	0.0000000000e+00	0.0000000000e+00	0.0000000000e+00	0.0000000000e+00	0.0000000000e+00	0.0000000000e+00	0.0000000000e+00	0.0000000000e+00	0.0000000000e+00	0.0000000000e+00	0.0000000000e+00	0.0000000000e+00	0.0000000000e+00	0.0000000000e+00	0.0000000000e+00	0.0000000000e+00	0.0000000000e+00	0.0000000000e+00	0.0000000000e+00	0.0000000000e+00	0.0000000000e+00	0.0000000000e+00
1.0406911369e+05	2.9690136852e-14	0.0000000000e+00	0.0000000000e+00	0.0000000000e+00	0.0000000000e+00	0.0000000000e+00	0.0000000000e+00	0.0000000000e+00	0.0000000000e+00	0.0000000000e+00	0.0000000000e+00	0.0000000000e+00	0.0000000000e+00	0.0000000000e+00	0.0000000000e+00	0.0000000000e+00	0.0000000000e+00	0.0000000000e+00	0.0000000000e+00	0.0000000000e+00	0.0000000000e+00	0.0000000000e+00	0.0000000000e+00	0.0000000000e+00	0.0000000000e+00
1.0406970244e+05	3.0453339710e-14	0.0000000000e+00	0.0000000000e+00	0.0000000000e+00	0.0000000000e+00	0.0000000000e+00	0.0000000000e+00	0.0000000000e+00	0.0000000000e+00	0.0000000000e+00	0.0000000000e+00	0.0000000000e+00	0.0000000000e+00	0.0000000000e+00	0.0000000000e+00	0.0000000000e+00	0.0000000000e+00	0.0000000000e+00	0.0000000000e+00	0.0000000000e+00	0.0000000000e+00	0.0000000000e+00	0.0000000000e+00	0.0000000000e+00	0.0000000000e+00
1.0407029800e+05	3.0290273234e-14	0.0000000000e+00	0.0000000000e+00	0.0000000000e+00	0.0000000000e+00	0.0000000000e+00	0.0000000000e+00	0.0000000000e+00	0.0000000000e+00	0.0000000000e+00	0.0000000000e+00	0.0000000000e+00	0.0000000000e+00	0.0000000000e+00	0.0000000000e+00	0.0000000000e+00	0.0000000000e+00	0.0000000000e+00	0.0000000000e+00	0.0000000000e+00	0.0000000000e+00	0.0000000000e+00	0.0000000000e+00	0.0000000000e+00	0.0000000000e+00
1.0407090045e+05	3.0124740289e-14	0.0000000000e+00	0.0000000000e+00	0.0000000000e+00	0.0000000000e+00	0.0000000000e+00	0.0000000000e+00	0.0000000000e+00	0.0000000000e+00	0.0000000000e+00	0.0000000000e+00	0.0000000000e+00	0.0000000000e+00	0.0000000000e+00	0.0000000000e+00	0.0000000000e+00	0.0000000000e+00	0.0000000000e+00	0.0000000000e+00	0.0000000000e+00	0.0000000000e+00	0.0000000000e+00	0.0000000000e+00	0.0000000000e+00	0.0000000000e+00
1.0407150988e+05	2.9956956787e-14	0.0000000000e+00	0.0000000000e+00	0.0000000000e+00	0.0000000000e+00	0.0000000000e+00	0.0000000000e+00	0.0000000000e+00	0.0000000000e+00	0.0000000000e+00	0.0000000000e+00	0.0000000000e+00	0.0000000000e+00	0.0000000000e+00	0.0000000000e+00	0.0000000000e+00	0.0000000000e+00	0.0000000000e+00	0.0000000000e+00	0.0000000000e+00	0.0000000000e+00	0.0000000000e+00	0.0000000000e+00	0.0000000000e+00	0.0000000000e+00
1.0407212637e+05	2.9787408655e-14	0.0000000000e+00	0.0000000000e+00	0.0000000000e+00	0.0000000000e+00	0.0000000000e+00	0.0000000000e+00	0.0000000000e+00	0.0000000000e+00	0.0000000000e+00	0.0000000000e+00	0.0000000000e+00	0.0000000000e+00	0.0000000000e+00	0.0000000000e+00	0.0000000000e+00	0.0000000000e+00	0.0000000000e+00	0.0000000000e+00	0.0000000000e+00	0.0000000000e+00	0.0000000000e+00	0.0000000000e+00	0.0000000000e+00	0.0000000000e+00
1.0407275000e+05	3.0518379625e-14	0.0000000000e+00	0.0000000000e+00	0.0000000000e+00	0.0000000000e+00	0.0000000000e+00	0.0000000000e+00	0.0000000000e+00	0.0000000000e+00	0.0000000000e+00	0.0000000000e+00	0.0000000000e+00	0.0000000000e+00	0.0000000000e+00	0.0000000000e+00	0.0000000000e+00	0.0000000000e+00	0.0000000000e+00	0.0000000000e+00	0.0000000000e+00	0.0000000000e+00	0.0000000000e+00	0.0000000000e+00	0.0000000000e+00	0.0000000000e+00
1.0407338085e+05	3.0360516907e-14	0.0000000000e+00	0.0000000000e+00	0.0000000000e+00	0.0000000000e+00	0.0000000000e+00	0.0000000000e+00	0.0000000000e+00	0.0000000000e+00	0.0000000000e+00	0.0000000000e+00	0.0000000000e+00	0.0000000000e+00	0.0000000000e+00	0.0000000000e+00	0.0000000000e+00	0.0000000000e+00	0.0000000000e+00	0.0000000000e+00	0.0000000000e+00	0.0000000000e+00	0.0000000000e+00	0.0000000000e+00	0.0000000000e+00	0.0000000000e+00
1.0407401900e+05	3.0200000213e-14	0.0000000000e+00	0.0000000000e+00	0.0000000000e+00	0.0000000000e+00	0.0000000000e+00	0.0000000000e+00	0.0000000000e+00	0.0000000000e+00	0.0000000000e+00	0.0000000000e+00	0.0000000000e+00	0.0000000000e+00	0.0000000000e+00	0.0000000000e+00	0.0000000000e+00	0.0000000000e+00	0.0000000000e+00	0.0000000000e+00	0.0000000000e+00	0.0000000000e+00	0.0000000000e+00	0.0000000000e+00	0.0000000000e+00	0.0000000000e+00
1.0407466454e+05	3.0036909072e-14	0.0000000000e+00	0.0000000000e+00	0.0000000000e+00	0.0000000000e+00	0.0000000000e+00	0.0000000000e+00	0.0000000000e+00	0.0000000000e+00	0.0000000000e+00	0.0000000000e+00	0.0000000000e+00	0.0000000000e+00	0.0000000000e+00	0.0000000000e+00	0.0000000000e+00	0.0000000000e+00	0.0000000000e+00	0.0000000000e+00	0.0000000000e+00	0.0000000000e+00	0.0000000000e+00	0.0000000000e+00	0.0000000000e+00	0.0000000000e+00
1.0407531756e+05	3.0723714128e-14	0.0000000000e+00	0.0000000000e+00	0.0000000000e+00	0.0000000000e+00	0.0000000000e+00	0.0000000000e+00	0.0000000000e+00	0.0000000000e+00	0.0000000000e+00	0.0000000000e+00	0.0000000000e+00	0.0000000000e+00	0.0000000000e+00	0.0000000000e+00	0.0000000000e+00	0.0000000000e+00	0.0000000000e+00	0.0000000000e+00	0.0000000000e+00	0.0000000000e+00	0.0000000000e+00	0.0000000000e+00	0.0000000000e+00	0.0000000000e+00
1.0407597814e+05	3.0573121870e-14	0.0000000000e+00	0.0000000000e+00	0.0000000000e+00	0.0000000000e+00	0.0000000000e+00	0.0000000000e+00	0.0000000000e+00	0.0000000000e+00	0.0000000000e+00	0.0000000000e+00	0.0000000000e+00	0.0000000000e+00	0.0000000000e+00	0.0000000000e+00	0.0000000000e+00	0.0000000000e+00	0.0000000000e+00	0.0000000000e+00	0.0000000000e+00	0.0000000000e+00	0.0000000000e+00	0.0000000000e+00	0.0000000000e+00	0.0000000000e+00
1.0407664637e+05	3.0419347646e-14	0.0000000000e+00	0.0000000000e+00	0.0000000000e+00	0.0000000000e+00	0.0000000000e+00	0.0000000000e+00	0.0000000000e+00	0.0000000000e+00	0.0000000000e+00	0.0000000000e+00	0.0000000000e+00	0.0000000000e+00	0.0000000000e+00	0.0000000000e+00	0.0000000000e+00	0.0000000000e+00	0.0000000000e+00	0.0000000000e+00	0.0000000000e+00	0.0000000000e+00	0.0000000000e+00	0.0000000000e+00	0.0000000000e+00	0.0000000000e+00
1.0407732234e+05	3.0262104848e-14	0.0000000000e+00	0.0000000000e+00	0.0000000000e+00	0.0000000000e+00	0.0000000000e+00	0.0000000000e+00	0.0000000000e+00	0.0000000000e+00	0.0000000000e+00	0.0000000000e+00	0.0000000000e+00	0.0000000000e+00	0.0000000000e+00	0.0000000000e+00	0.0000000000e+00	0.0000000000e+00	0.0000000000e+00	0.0000000000e+00	0.0000000000e+00	0.0000000000e+00	0.0000000000e+00	0.0000000000e+00	0.0000000000e+00	0.0000000000e+00
1.0407800613e+05	3.0101379746e-14	0.0000000000e+00	0.0000000000e+00	0.0000000000e+00	0.0000000000e+00	0.0000000000e+00	0.0000000000e+00	0.0000000000e+00	0.0000000000e+00	0.0000000000e+00	0.0000000000e+00	0.0000000000e+00	0.0000000000e+00	0.0000000000e+00	0.0000000000e+00	0.0000000000e+00	0.0000000000e+00	0.0000000000e+00	0.0000000000e+00	0.0000000000e+00	0.0000000000e+00	0.0000000000e+00	0.0000000000e+00	0.0000000000e+00	0.0000000000e+00
1.0407869784e+05	3.0759202434e-14	0.0000000000e+00	0.0000000000e+00	0.0000000000e+00	0.0000000000e+00	0.0000000000e+00	0.0000000000e+00	0.0000000000e+00	0.0000000000e+00	0.0000000000e+00	0.0000000000e+00	0.0000000000e+00	0.0000000000e+00	0.0000000000e+00	0.0000000000e+00	0.0000000000e+00	0.0000000000e+00	0.0000000000e+00	0.0000000000e+00	0.0000000000e+00	0.0000000000e+00	0.0000000000e+00	0.0000000000e+00	0.0000000000e+00	0.0000000000e+00
1.0407939756e+05	3.0609710919e-14	0.0000000000e+00	0.0000000000e+00	0.0000000000e+00	0.0000000000e+00	0.0000000000e+00	0.0000000000e+00	0.0000000000e+00	0.0000000000e+00	0.0000000000e+00	0.0000000000e+00	0.0000000000e+00	0.0000000000e+00	0.0000000000e+00	0.0000000000e+00	0.0000000000e+00	0.0000000000e+00	0.0000000000e+00	0.0000000000e+00	0.0000000000e+00	0.0000000000e+00	0.0000000000e+00	0.0000000000e+00	0.0000000000e+00	0.0000000000e+00
1.0408010539e+05	3.0455877569e-14	0.0000000000e+00	0.0000000000e+00	0.0000000000e+00	0.0000000000e+00	0.0000000000e+00	0.0000000000e+00	0.0000000000e+00	0.0000000000e+00	0.0000000000e+00	0.0000000000e+00	0.0000000000e+00	0.0000000000e+00	0.0000000000e+00	0.0000000000e+00	0.0000000000e+00	0.0000000000e+00	0.0000000000e+00	0.0000000000e+00	0.0000000000e+00	0.0000000000e+00	0.0000000000e+00	0.0000000000e+00	0.0000000000e+00	0.0000000000e+00
1.0408082141e+05	3.0297447794e-14	0.0000000000e+00	0.0000000000e+00	0.0000000000e+00	0.0000000000e+00	0.0000000000e+00	0.0000000000e+00	0.0000000000e+00	0.0000000000e+00	0.0000000000e+00	0.0000000000e+00	0.0000000000e+00	0.0000000000e+00	0.0000000000e+00	0.0000000000e+00	0.0000000000e+00	0.0000000000e+00	0.0000000000e+00	0.0000000000e+00	0.0000000000e+00	0.0000000000e+00	0.0000000000e+00	0.0000000000e+00	0.0000000000e+00	0.0000000000e+00
1.0408154572e+05	3.0134492161e-14	0.0000000000e+00	0.0000000000e+00	0.0000000000e+00	0.0000000000e+00	0.0000000000e+00	0.0000000000e+00	0.0000000000e+00	0.0000000000e+00	0.0000000000e+00	0.0000000000e+00	0.0000000000e+00	0.0000000000e+00	0.0000000000e+00	0.0000000000e+00	0.0000000000e+00	0.0000000000e+00	0.0000000000e+00	0.0000000000e+00	0.0000000000e+00	0.0000000000e+00	0.0000000000e+00	0.0000000000e+00	0.0000000000e+00	0.0000000000e+00
1.0408227842e+05	2.9967421773e-14	0.0000000000e+00	0.0000000000e+00	0.0000000000e+00	0.0000000000e+00	0.0000000000e+00	0.0000000000e+00	0.0000000000e+00	0.0000000000e+00	0.0000000000e+00	0.0000000000e+00	0.0000000000e+00	0.0000000000e+00	0.0000000000e+00	0.0000000000e+00	0.0000000000e+00	0.0000000000e+00	0.0000000000e+00	0.0000000000e+00	0.0000000000e+00	0.0000000000e+00	0.0000000000e+00	0.0000000000e+00	0.0000000000e+00	0.0000000000e+00
1.0408301960e+05	2.9796968433e-14	0.0000000000e+00	0.0000000000e+00	0.0000000000e+00	0.0000000000e+00	0.0000000000e+00	0.0000000000e+00	0.0000000000e+00	0.0000000000e+00	0.0000000000e+00	0.0000000000e+00	0.0000000000e+00	0.0000000000e+00	0.0000000000e+00	0.0000000000e+00	0.0000000000e+00	0.0000000000e+00	0.0000000000e+00	0.0000000000e+00	0.0000000000e+00	0.0000000000e+00	0.0000000000e+00	0.0000000000e+00	0.0000000000e+00	0.0000000000e+00
1.0408376937e+05	2.9624124156e-14	0.0000000000e+00	0.0000000000e+00	0.0000000000e+00	0.0000000000e+00	0.0000000000e+00	0.0000000000e+00	0.0000000000e+00	0.0000000000e+00	0.0000000000e+00	0.0000000000e+00	0.0000000000e+00	0.0000000000e+00	0.0000000000e+00	0.0000000000e+00	0.0000000000e+00	0.0000000000e+00	0.0000000000e+00	0.0000000000e+00	0.0000000000e+00	0.0000000000e+00	0.0000000000e+00	0.0000000000e+00	0.0000000000e+00	0.0000000000e+00
1.0408452781e+05	3.0287287893e-14	0.0000000000e+00	0.0000000000e+00	0.0000000000e+00	0.0000000000e+00	0.0000000000e+00	0.0000000000e+00	0.0000000000e+00	0.0000000000e+00	0.0000000000e+00	0.0000000000e+00	0.0000000000e+00	0.0000000000e+00	0.0000000000e+00	0.0000000000e+00	0.0000000000e+00	0.0000000000e+00	0.0000000000e+00	0.0000000000e+00	0.0000000000e+00	0.0000000000e+00	0.0000000000e+00	0.0000000000e+00	0.0000000000e+00	0.0000000000e+00
1.0408529504e+05	3.0118571416e-14	0.0000000000e+00	0.0000000000e+00	0.0000000000e+00	0.0000000000e+00	0.0000000000e+00	0.0000000000e+00	0.0000000000e+00	0.0000000000e+00	0.0000000000e+00	0.0000000000e+00	0.0000000000e+00	0.0000000000e+00	0.0000000000e+00	0.0000000000e+00	0.0000000000e+00	0.0000000000e+00	0.0000000000e+00	0.0000000000e+00	0.0000000000e+00	0.0000000000e+00	0.0000000000e+00	0.0000000000e+00	0.0000000000e+00	0.0000000000e+00
1.0408607116e+05	2.9945664590e-14	0.0000000000e+00	0.0000000000e+00	0.0000000000e+00	0.0000000000e+00	0.0000000000e+00	0.0000000000e+00	0.0000000000e+00	0.0000000000e+00	0.0000000000e+00	0.0000000000e+00	0.0000000000e+00	0.0000000000e+00	0.0000000000e+00	0.0000000000e+00	0.0000000000e+00	0.0000000000e+00	0.0000000000e+00	0.0000000000e+00	0.0000000000e+00	0.0000000000e+00	0.0000000000e+00	0.0000000000e+00	0.0000000000e+00	0.0000000000e+00
1.0408685626e+05	2.9769622641e-14	0.0000000000e+00	0.0000000000e+00	0.0000000000e+00	0.0000000000e+00	0.0000000000e+00	0.0000000000e+00	0.0000000000e+00	0.0000000000e+00	0.0000000000e+00	0.0000000000e+00	0.0000000000e+00	0.0000000000e+00	0.0000000000e+00	0.0000000000e+00	0.0000000000e+00	0.0000000000e+00	0.0000000000e+00	0.0000000000e+00	0.0000000000e+00	0.0000000000e+00	0.0000000000e+00	0.0000000000e+00	0.0000000000e+00	0.0000000000e+00
1.0408765045e+05	3.0394791355e-14	0.0000000000e+00	0.0000000000e+00	0.0000000000e+00	0.0000000000e+00	0.0000000000e+00	0.0000000000e+00	0.0000000000e+00	0.0000000000e+00	0.0000000000e+00	0.0000000000e+00	0.0000000000e+00	0.0000000000e+00	0.0000000000e+00	0.0000000000e+00	0.0000000000e+00	0.0000000000e+00	0.0000000000e+00	0.0000000000e+00	0.0000000000e+00	0.0000000000e+00	0.0000000000e+00	0.0000000000e+00	0.0000000000e+00	0.0000000000e+00
1.0408845384e+05	3.0225327809e-14	0.0000000000e+00	0.0000000000e+00	0.0000000000e+00	0.0000000000e+00	0.0000000000e+00	0.0000000000e+00	0.0000000000e+00	0.0000000000e+00	0.0000000000e+00	0.0000000000e+00	0.0000000000e+00	0.0000000000e+00	0.0000000000e+00	0.0000000000e+00	0.0000000000e+00	0.0000000000e+00	0.0000000000e+00	0.0000000000e+00	0.0000000000e+00	0.0000000000e+00	0.0000000000e+00	0.0000000000e+00	0.0000000000e+00	0.0000000000e+00
1.0408926653e+05	3.0051697027e-14	0.0000000000e+00	0.0000000000e+00	0.0000000000e+00	0.0000000000e+00	0.0000000000e+00	0.0000000000e+00	0.0000000000e+00	0.0000000000e+00	0.0000000000e+00	0.0000000000e+00	0.0000000000e+00	0.0000000000e+00	0.0000000000e+00	0.0000000000e+00	0.0000000000e+00	0.0000000000e+00	0.0000000000e+00	0.0000000000e+00	0.0000000000e+00	0.0000000000e+00	0.0000000000e+00	0.0000000000e+00	0.0000000000e+00	0.0000000000e+00
1.0409008863e+05	2.9874972573e-14	0.0000000000e+00	0.0000000000e+00	0.0000000000e+00	0.0000000000e+00	0.0000000000e+00	0.0000000000e+00	0.0000000000e+00	0.0000000000e+00	0.0000000000e+00	0.0000000000e+00	0.0000000000e+00	0.0000000000e+00	0.0000000000e+00	0.0000000000e+00	0.0000000000e+00	0.0000000000e+00	0.0000000000e+00	0.0000000000e+00	0.0000000000e+00	0.0000000000e+00	0.0000000000e+00	0.0000000000e+00	0.0000000000e+00	0.0000000000e+00
1.0409092025e+05	3.0466010254e-14	0.0000000000e+00	0.0000000000e+00	0.0000000000e+00	0.0000000000e+00	0.0000000000e+00	0.0000000000e+00	0.0000000000e+00	0.0000000000e+00	0.0000000000e+00	0.0000000000e+00	0.0000000000e+00	0.0000000000e+00	0.0000000000e+00	0.0000000000e+00	0.0000000000e+00	0.0000000000e+00	0.0000000000e+00	0.0000000000e+00	0.0000000000e+00	0.0000000000e+00	0.0000000000e+00	0.0000000000e+00	0.0000000000e+00	0.0000000000e+00
1.0409176150e+05	3.0298671196e-14	0.0000000000e+00	0.0000000000e+00	0.0000000000e+00	0.0000000000e+00	0.0000000000e+00	0.0000000000e+00	0.0000000000e+00	0.0000000000e+00	0.0000000000e+00	0.0000000000e+00	0.0000000000e+00	0.0000000000e+00	0.0000000000e+00	0.0000000000e+00	0.0000000000e+00	0.0000000000e+00	0.0000000000e+00	0.0000000000e+00	0.0000000000e+00	0.0000000000e+00	0.0000000000e+00	0.0000000000e+00	0.0000000000e+00	0.0000000000e+00
1.0409261249e+05	3.0127655603e-14	0.0000000000e+00	0.0000000000e+00	0.0000000000e+00	0.0000000000e+00	0.0000000000e+00	0.0000000000e+00	0.0000000000e+00	0.0000000000e+00	0.0000000000e+00	0.0000000000e+00	0.0000000000e+00	0.0000000000e+00	0.0000000000e+00	0.0000000000e+00	0.0000000000e+00	0.0000000000e+00	0.0000000000e+00	0.0000000000e+00	0.0000000000e+00	0.0000000000e+00	0.0000000000e+00	0.0000000000e+00	0.0000000000e+00	0.0000000000e+00
1.0409347333e+05	2.9953937391e-14	0.0000000000e+00	0.0000000000e+00	0.0000000000e+00	0.0000000000e+00	0.0000000000e+00	0.0000000000e+00	0.0000000000e+00	0.0000000000e+00	0.0000000000e+00	0.0000000000e+00	0.0000000000e+00	0.0000000000e+00	0.0000000000e+00	0.0000000000e+00	0.0000000000e+00	0.0000000000e+00	0.0000000000e+00	0.0000000000e+00	0.0000000000e+00	0.0000000000e+00	0.0000000000e+00	0.0000000000e+00	0.0000000000e+00	0.0000000000e+00
1.0409434415e+05	3.0516488240e-14	0.0000000000e+00	0.0000000000e+00	0.0000000000e+00	0.0000000000e+00	0.0000000000e+00	0.0000000000e+00	0.0000000000e+00	0.0000000000e+00	0.0000000000e+00	0.0000000000e+00	0.0000000000e+00	0.0000000000e+00	0.0000000000e+00	0.0000000000e+00	0.0000000000e+00	0.0000000000e+00	0.0000000000e+00	0.0000000000e+00	0.0000000000e+00	0.0000000000e+00	0.0000000000e+00	0.0000000000e+00	0.0000000000e+00	0.0000000000e+00
1.0409522504e+05	3.0354404150e-14	0.0000000000e+00	0.0000000000e+00	0.0000000000e+00	0.0000000000e+00	0.0000000000e+00	0.0000000000e+00	0.0000000000e+00	0.0000000000e+00	0.0000000000e+00	0.0000000000e+00	0.0000000000e+00	0.0000000000e+00	0.0000000000e+00	0.0000000000e+00	0.0000000000e+00	0.0000000000e+00	0.0000000000e+00	0.0000000000e+00	0.0000000000e+00	0.0000000000e+00	0.0000000000e+00	0.0000000000e+00	0.0000000000e+00	0.0000000000e+00
1.0409611614e+05	3.0188968929e-14	0.0000000000e+00	0.0000000000e+00	0.0000000000e+00	0.0000000000e+00	0.0000000000e+00	0.0000000000e+00	0.0000000000e+00	0.0000000000e+00	0.0000000000e+00	0.0000000000e+00	0.0000000000e+00	0.0000000000e+00	0.0000000000e+00	0.0000000000e+00	0.0000000000e+00	0.0000000000e+00	0.0000000000e+00	0.0000000000e+00	0.0000000000e+00	0.0000000000e+00	0.0000000000e+00	0.0000000000e+00	0.0000000000e+00	0.0000000000e+00
1.0409701756e+05	3.0020926082e-14	0.0000000000e+00	0.0000000000e+00	0.0000000000e+00	0.0000000000e+00	0.0000000000e+00	0.0000000000e+00	0.0000000000e+00	0.0000000000e+00	0.0000000000e+00	0.0000000000e+00	0.0000000000e+00	0.0000000000e+00	0.0000000000e+00	0.0000000000e+00	0.0000000000e+00	0.0000000000e+00	0.0000000000e+00	0.0000000000e+00	0.0000000000e+00	0.0000000000e+00	0.0000000000e+00	0.0000000000e+00	0.0000000000e+00	0.0000000000e+00
1.0409792941e+05	2.9851283427e-14	0.0000000000e+00	0.0000000000e+00	0.0000000000e+00	0.0000000000e+00	0.0000000000e+00	0.0000000000e+00	0.0000000000e+00	0.0000000000e+00	0.0000000000e+00	0.0000000000e+00	0.0000000000e+00	0.0000000000e+00	0.0000000000e+00	0.0000000000e+00	0.0000000000e+00	0.0000000000e+00	0.0000000000e+00	0.0000000000e+00	0.0000000000e+00	0.0000000000e+00	0.0000000000e+00	0.0000000000e+00	0.0000000000e+00	0.0000000000e+00
1.0409885182e+05	2.9681219935e-14	0.0000000000e+00	0.0000000000e+00	0.0000000000e+00	0.0000000000e+00	0.0000000000e+00	0.0000000000e+00	0.0000000000e+00	0.0000000000e+00	0.0000000000e+00	0.0000000000e+00	0.0000000000e+00	0.0000000000e+00	0.0000000000e+00	0.0000000000e+00	0.0000000000e+00	0.0000000000e+00	0.0000000000e+00	0.0000000000e+00	0.0000000000e+00	0.0000000000e+00	0.0000000000e+00	0.0000000000e+00	0.0000000000e+00	0.0000000000e+00
1.0409978492e+05	2.9511955932e-14	0.0000000000e+00	0.0000000000e+00	0.0000000000e+00	0.0000000000e+00	0.0000000000e+00	0.0000000000e+00	0.0000000000e+00	0.0000000000e+00	0.0000000000e+00	0.0000000000e+00	0.0000000000e+00	0.0000000000e+00	0.0000000000e+00	0.0000000000e+00	0.0000000000e+00	0.0000000000e+00	0.0000000000e+00	0.0000000000e+00	0.0000000000e+00	0.0000000000e+00	0.0000000000e+00	0.0000000000e+00	0.0000000000e+00	0.0000000000e+00
1.0410072882e+05	2.9344607572e-14	0.0000000000e+00	0.0000000000e+00	0.0000000000e+00	0.0000000000e+00	0.0000000000e+00	0.0000000000e+00	0.0000000000e+00	0.0000000000e+00	0.0000000000e+00	0.0000000000e+00	0.0000000000e+00	0.0000000000e+00	0.0000000000e+00	0.0000000000e+00	0.0000000000e+00	0.0000000000e+00	0.0000000000e+00	0.0000000000e+00	0.0000000000e+00	0.0000000000e+00	0.0000000000e+00	0.0000000000e+00	0.0000000000e+00	0.0000000000e+00
1.0410168364e+05	2.9916498247e-14	0.0000000000e+00	0.0000000000e+00	0.0000000000e+00	0.0000000000e+00	0.0000000000e+00	0.0000000000e+00	0.0000000000e+00	0.0000000000e+00	0.0000000000e+00	0.0000000000e+00	0.0000000000e+00	0.0000000000e+00	0.0000000000e+00	0.0000000000e+00	0.0000000000e+00	0.0000000000e+00	0.0000000000e+00	0.0000000000e+00	0.0000000000e+00	0.0000000000e+00	0.0000000000e+00	0.0000000000e+00	0.0000000000e+00	0.0000000000e+00
1.0410264953e+05	2.9749863366e-14	0.0000000000e+00	0.0000000000e+00	0.0000000000e+00	0.0000000000e+00	0.0000000000e+00	0.0000000000e+00	0.0000000000e+00	0.0000000000e+00	0.0000000000e+00	0.0000000000e+00	0.0000000000e+00	0.0000000000e+00	0.0000000000e+00	0.0000000000e+00	0.0000000000e+00	0.0000000000e+00	0.0000000000e+00	0.0000000000e+00	0.0000000000e+00	0.0000000000e+00	0.0000000000e+00	0.0000000000e+00	0.0000000000e+00	0.0000000000e+00
1.0410362660e+05	2.9582862538e-14	0.0000000000e+00	0.0000000000e+00	0.0000000000e+00	0.0000000000e+00	0.0000000000e+00	0.0000000000e+00	0.0000000000e+00	0.0000000000e+00	0.0000000000e+00	0.0000000000e+00	0.0000000000e+00	0.0000000000e+00	0.0000000000e+00	0.0000000000e+00	0.0000000000e+00	0.0000000000e+00	0.0000000000e+00	0.0000000000e+00	0.0000000000e+00	0.0000000000e+00	0.0000000000e+00	0.0000000000e+00	0.0000000000e+00	0.0000000000e+00
1.0410461498e+05	2.9416549785e-14	0.0000000000e+00	0.0000000000e+00	0.0000000000e+00	0.0000000000e+00	0.0000000000e+00	0.0000000000e+00	0.0000000000e+00	0.0000000000e+00	0.0000000000e+00	0.0000000000e+00	0.0000000000e+00	0.0000000000e+00	0.0000000000e+00	0.0000000000e+00	0.0000000000e+00	0.0000000000e+00	0.0000000000e+00	0.0000000000e+00	0.0000000000e+00	0.0000000000e+00	0.0000000000e+00	0.0000000000e+00	0.0000000000e+00	0.0000000000e+00
1.0410561481e+05	2.9964389577e-14	0.0000000000e+00	0.0000000000e+00	0.0000000000e+00	0.0000000000e+00	0.0000000000e+00	0.0000000000e+00	0.0000000000e+00	0.0000000000e+00	0.0000000000e+00	0.0000000000e+00	0.0000000000e+00	0.0000000000e+00	0.0000000000e+00	0.0000000000e+00	0.0000000000e+00	0.0000000000e+00	0.0000000000e+00	0.0000000000e+00	0.0000000000e+00	0.0000000000e+00	0.0000000000e+00	0.0000000000e+00	0.0000000000e+00	0.0000000000e+00
1.0410662621e+05	2.9797162999e-14	0.0000000000e+00	0.0000000000e+00	0.0000000000e+00	0.0000000000e+00	0.0000000000e+00	0.0000000000e+00	0.0000000000e+00	0.0000000000e+00	0.0000000000e+00	0.0000000000e+00	0.0000000000e+00	0.0000000000e+00	0.0000000000e+00	0.0000000000e+00	0.0000000000e+00	0.0000000000e+00	0.0000000000e+00	0.0000000000e+00	0.0000000000e+00	0.0000000000e+00	0.0000000000e+00	0.0000000000e+00	0.0000000000e+00	0.0000000000e+00
1.0410764933e+05	2.9628510629e-14	0.0000000000e+00	0.0000000000e+00	0.0000000000e+00	0.0000000000e+00	0.0000000000e+00	0.0000000000e+00	0.0000000000e+00	0.0000000000e+00	0.0000000000e+00	0.0000000000e+00	0.0000000000e+00	0.0000000000e+00	0.0000000000e+00	0.0000000000e+00	0.0000000000e+00	0.0000000000e+00	0.0000000000e+00	0.0000000000e+00	0.0000000000e+00	0.0000000000e+00	0.0000000000e+00	0.0000000000e+00	0.0000000000e+00	0.0000000000e+00
1.0410868429e+05	3.0148632348e-14	0.0000000000e+00	0.0000000000e+00	0.0000000000e+00	0.0000000000e+00	0.0000000000e+00	0.0000000000e+00	0.0000000000e+00	0.0000000000e+00	0.0000000000e+00	0.0000000000e+00	0.0000000000e+00	0.0000000000e+00	0.0000000000e+00	0.0000000000e+00	0.0000000000e+00	0.0000000000e+00	0.0000000000e+00	0.0000000000e+00	0.0000000000e+00	0.0000000000e+00	0.0000000000e+00	0.0000000000e+00	0.0000000000e+00	0.0000000000e+00
1.0410973124e+05	2.9980980705e-14	0.0000000000e+00	0.0000000000e+00	0.0000000000e+00	0.0000000000e+00	0.0000000000e+00	0.0000000000e+00	0.0000000000e+00	0.0000000000e+00	0.0000000000e+00	0.0000000000e+00	0.0000000000e+00	0.0000000000e+00	0.0000000000e+00	0.0000000000e+00	0.0000000000e+00	0.0000000000e+00	0.0000000000e+00	0.0000000000e+00	0.0000000000e+00	0.0000000000e+00	0.0000000000e+00	0.0000000000e+00	0.0000000000e+00	0.0000000000e+00
1.0411079031e+05	2.9810341572e-14	0.0000000000e+00	0.0000000000e+00	0.0000000000e+00	0.0000000000e+00	0.0000000000e+00	0.0000000000e+00	0.0000000000e+00	0.0000000000e+00	0.0000000000e+00	0.0000000000e+00	0.0000000000e+00	0.0000000000e+00	0.0000000000e+00	0.0000000000e+00	0.0000000000e+00	0.0000000000e+00	0.0000000000e+00	0.0000000000e+00	0.0000000000e+00	0.0000000000e+00	0.0000000000e+00	0.0000000000e+00	0.0000000000e+00	0.0000000000e+00
1.0411186165e+05	2.9638210732e-14	0.0000000000e+00	0.0000000000e+00	0.0000000000e+00	0.0000000000e+00	0.0000000000e+00	0.0000000000e+00	0.0000000000e+00	0.0000000000e+00	0.0000000000e+00	0.0000000000e+00	0.0000000000e+00	0.0000000000e+00	0.0000000000e+00	0.0000000000e+00	0.0000000000e+00	0.0000000000e+00	0.0000000000e+00	0.0000000000e+00	0.0000000000e+00	0.0000000000e+00	0.0000000000e+00	0.0000000000e+00	0.0000000000e+00	0.0000000000e+00
1.0411294539e+05	3.0132833314e-14	0.0000000000e+00	0.0000000000e+00	0.0000000000e+00	0.0000000000e+00	0.0000000000e+00	0.0000000000e+00	0.0000000000e+00	0.0000000000e+00	0.0000000000e+00	0.0000000000e+00	0.0000000000e+00	0.0000000000e+00	0.0000000000e+00	0.0000000000e+00	0.0000000000e+00	0.0000000000e+00	0.0000000000e+00	0.0000000000e+00	0.0000000000e+00	0.0000000000e+00	0.0000000000e+00	0.0000000000e+00	0.0000000000e+00	0.0000000000e+00
1.0411404168e+05	2.9962073732e-14	0.0000000000e+00	0.0000000000e+00	0.0000000000e+00	0.0000000000e+00	0.0000000000e+00	0.0000000000e+00	0.0000000000e+00	0.0000000000e+00	0.0000000000e+00	0.0000000000e+00	0.0000000000e+00	0.0000000000e+00	0.0000000000e+00	0.0000000000e+00	0.0000000000e+00	0.0000000000e+00	0.0000000000e+00	0.0000000000e+00	0.0000000000e+00	0.0000000000e+00	0.0000000000e+00	0.0000000000e+00	0.0000000000e+00	0.0000000000e+00
1.0411515066e+05	2.9789200020e-14	0.0000000000e+00	0.0000000000e+00	0.0000000000e+00	0.0000000000e+00	0.0000000000e+00	0.0000000000e+00	0.0000000000e+00	0.0000000000e+00	0.0000000000e+00	0.0000000000e+00	0.0000000000e+00	0.0000000000e+00	0.0000000000e+00	0.0000000000e+00	0.0000000000e+00	0.0000000000e+00	0.0000000000e+00	0.0000000000e+00	0.0000000000e+00	0.0000000000e+00	0.0000000000e+00	0.0000000000e+00	0.0000000000e+00	0.0000000000e+00
1.0411627249e+05	2.9615944583e-14	0.0000000000e+00	0.0000000000e+00	0.0000000000e+00	0.0000000000e+00	0.0000000000e+00	0.0000000000e+00	0.0000000000e+00	0.0000000000e+00	0.0000000000e+00	0.0000000000e+00	0.0000000000e+00	0.0000000000e+00	0.0000000000e+00	0.0000000000e+00	0.0000000000e+00	0.0000000000e+00	0.0000000000e+00	0.0000000000e+00	0.0000000000e+00	0.0000000000e+00	0.0000000000e+00	0.0000000000e+00	0.0000000000e+00	0.0000000000e+00
1.0411740730e+05	2.9443951510e-14	0.0000000000e+00	0.0000000000e+00	0.0000000000e+00	0.0000000000e+00	0.0000000000e+00	0.0000000000e+00	0.0000000000e+00	0.0000000000e+00	0.0000000000e+00	0.0000000000e+00	0.0000000000e+00	0.0000000000e+00	0.0000000000e+00	0.0000000000e+00	0.0000000000e+00	0.0000000000e+00	0.0000000000e+00	0.0000000000e+00	0.0000000000e+00	0.0000000000e+00	0.0000000000e+00	0.0000000000e+00	0.0000000000e+00	0.0000000000e+00
1.0411855526e+05	2.9274606138e-14	0.0000000000e+00	0.0000000000e+00	0.0000000000e+00	0.0000000000e+00	0.0000000000e+00	0.0000000000e+00	0.0000000000e+00	0.0000000000e+00	0.0000000000e+00	0.0000000000e+00	0.0000000000e+00	0.0000000000e+00	0.0000000000e+00	0.0000000000e+00	0.0000000000e+00	0.0000000000e+00	0.0000000000e+00	0.0000000000e+00	0.0000000000e+00	0.0000000000e+00	0.0000000000e+00	0.0000000000e+00	0.0000000000e+00	0.0000000000e+00
1.0411971651e+05	2.9108891038e-14	0.0000000000e+00	0.0000000000e+00	0.0000000000e+00	0.0000000000e+00	0.0000000000e+00	0.0000000000e+00	0.0000000000e+00	0.0000000000e+00	0.0000000000e+00	0.0000000000e+00	0.0000000000e+00	0.0000000000e+00	0.0000000000e+00	0.0000000000e+00	0.0000000000e+00	0.0000000000e+00	0.0000000000e+00	0.0000000000e+00	0.0000000000e+00	0.0000000000e+00	0.0000000000e+00	0.0000000000e+00	0.0000000000e+00	0.0000000000e+00
1.0412089120e+05	2.9579011875e-14	0.0000000000e+00	0.0000000000e+00	0.0000000000e+00	0.0000000000e+00	0.0000000000e+00	0.0000000000e+00	0.0000000000e+00	0.0000000000e+00	0.0000000000e+00	0.0000000000e+00	0.0000000000e+00	0.0000000000e+00	0.0000000000e+00	0.0000000000e+00	0.0000000000e+00	0.0000000000e+00	0.0000000000e+00	0.0000000000e+00	0.0000000000e+00	0.0000000000e+00	0.0000000000e+00	0.0000000000e+00	0.0000000000e+00	0.0000000000e+00
1.0412207950e+05	2.9411810425e-14	0.0000000000e+00	0.0000000000e+00	0.0000000000e+00	0.0000000000e+00	0.0000000000e+00	0.0000000000e+00	0.0000000000e+00	0.0000000000e+00	0.0000000000e+00	0.0000000000e+00	0.0000000000e+00	0.0000000000e+00	0.0000000000e+00	0.0000000000e+00	0.0000000000e+00	0.0000000000e+00	0.0000000000e+00	0.0000000000e+00	0.0000000000e+00	0.0000000000e+00	0.0000000000e+00	0.0000000000e+00	0.0000000000e+00	0.0000000000e+00
1.0412328156e+05	2.9248127920e-14	0.0000000000e+00	0.0000000000e+00	0.0000000000e+00	0.0000000000e+00	0.0000000000e+00	0.0000000000e+00	0.0000000000e+00	0.0000000000e+00	0.0000000000e+00	0.0000000000e+00	0.0000000000e+00	0.0000000000e+00	0.0000000000e+00	0.0000000000e+00	0.0000000000e+00	0.0000000000e+00	0.0000000000e+00	0.0000000000e+00	0.0000000000e+00	0.0000000000e+00	0.0000000000e+00	0.0000000000e+00	0.0000000000e+00	0.0000000000e+00
1.0412449753e+05	2.9706106142e-14	0.0000000000e+00	0.0000000000e+00	0.0000000000e+00	0.0000000000e+00	0.0000000000e+00	0.0000000000e+00	0.0000000000e+00	0.0000000000e+00	0.0000000000e+00	0.0000000000e+00	0.0000000000e+00	0.0000000000e+00	0.0000000000e+00	0.0000000000e+00	0.0000000000e+00	0.0000000000e+00	0.0000000000e+00	0.0000000000e+00	0.0000000000e+00	0.0000000000e+00	0.0000000000e+00	0.0000000000e+00	0.0000000000e+00	0.0000000000e+00
1.0412572759e+05	2.9542283316e-14	0.0000000000e+00	0.0000000000e+00	0.0000000000e+00	0.0000000000e+00	0.0000000000e+00	0.0000000000e+00	0.0000000000e+00	0.0000000000e+00	0.0000000000e+00	0.0000000000e+00	0.0000000000e+00	0.0000000000e+00	0.0000000000e+00	0.0000000000e+00	0.0000000000e+00	0.0000000000e+00	0.0000000000e+00	0.0000000000e+00	0.0000000000e+00	0.0000000000e+00	0.0000000000e+00	0.0000000000e+00	0.0000000000e+00	0.0000000000e+00
1.0412697189e+05	2.9380962446e-14	0.0000000000e+00	0.0000000000e+00	0.0000000000e+00	0.0000000000e+00	0.0000000000e+00	0.0000000000e+00	0.0000000000e+00	0.0000000000e+00	0.0000000000e+00	0.0000000000e+00	0.0000000000e+00	0.0000000000e+00	0.0000000000e+00	0.0000000000e+00	0.0000000000e+00	0.0000000000e+00	0.0000000000e+00	0.0000000000e+00	0.0000000000e+00	0.0000000000e+00	0.0000000000e+00	0.0000000000e+00	0.0000000000e+00	0.0000000000e+00
1.0412823060e+05	2.9824750263e-14	0.0000000000e+00	0.0000000000e+00	0.0000000000e+00	0.0000000000e+00	0.0000000000e+00	0.0000000000e+00	0.0000000000e+00	0.0000000000e+00	0.0000000000e+00	0.0000000000e+00	0.0000000000e+00	0.0000000000e+00	0.0000000000e+00	0.0000000000e+00	0.0000000000e+00	0.0000000000e+00	0.0000000000e+00	0.0000000000e+00	0.0000000000e+00	0.0000000000e+00	0.0000000000e+00	0.0000000000e+00	0.0000000000e+00	0.0000000000e+00
1.0412950388e+05	2.9663061089e-14	0.0000000000e+00	0.0000000000e+00	0.0000000000e+00	0.0000000000e+00	0.0000000000e+00	0.0000000000e+00	0.0000000000e+00	0.0000000000e+00	0.0000000000e+00	0.0000000000e+00	0.0000000000e+00	0.0000000000e+00	0.0000000000e+00	0.0000000000e+00	0.0000000000e+00	0.0000000000e+00	0.0000000000e+00	0.0000000000e+00	0.0000000000e+00	0.0000000000e+00	0.0000000000e+00	0.0000000000e+00	0.0000000000e+00	0.0000000000e+00
1.0413079191e+05	2.9502215110e-14	0.0000000000e+00	0.0000000000e+00	0.0000000000e+00	0.0000000000e+00	0.0000000000e+00	0.0000000000e+00	0.0000000000e+00	0.0000000000e+00	0.0000000000e+00	0.0000000000e+00	0.0000000000e+00	0.0000000000e+00	0.0000000000e+00	0.0000000000e+00	0.0000000000e+00	0.0000000000e+00	0.0000000000e+00	0.0000000000e+00	0.0000000000e+00	0.0000000000e+00	0.0000000000e+00	0.0000000000e+00	0.0000000000e+00	0.0000000000e+00
1.0413209485e+05	2.9342901327e-14	0.0000000000e+00	0.0000000000e+00	0.0000000000e+00	0.0000000000e+00	0.0000000000e+00	0.0000000000e+00	0.0000000000e+00	0.0000000000e+00	0.0000000000e+00	0.0000000000e+00	0.0000000000e+00	0.0000000000e+00	0.0000000000e+00	0.0000000000e+00	0.0000000000e+00	0.0000000000e+00	0.0000000000e+00	0.0000000000e+00	0.0000000000e+00	0.0000000000e+00	0.0000000000e+00	0.0000000000e+00	0.0000000000e+00	0.0000000000e+00
1.0413341288e+05	2.9766306477e-14	0.0000000000e+00	0.0000000000e+00	0.0000000000e+00	0.0000000000e+00	0.0000000000e+00	0.0000000000e+00	0.0000000000e+00	0.0000000000e+00	0.0000000000e+00	0.0000000000e+00	0.0000000000e+00	0.0000000000e+00	0.0000000000e+00	0.0000000000e+00	0.0000000000e+00	0.0000000000e+00	0.0000000000e+00	0.0000000000e+00	0.0000000000e+00	0.0000000000e+00	0.0000000000e+00	0.0000000000e+00	0.0000000000e+00	0.0000000000e+00
1.0413474617e+05	2.9603461912e-14	0.0000000000e+00	0.0000000000e+00	0.0000000000e+00	0.0000000000e+00	0.0000000000e+00	0.0000000000e+00	0.0000000000e+00	0.0000000000e+00	0.0000000000e+00	0.0000000000e+00	0.0000000000e+00	0.0000000000e+00	0.0000000000e+00	0.0000000000e+00	0.0000000000e+00	0.0000000000e+00	0.0000000000e+00	0.0000000000e+00	0.0000000000e+00	0.0000000000e+00	0.0000000000e+00	0.0000000000e+00	0.0000000000e+00	0.0000000000e+00
1.0413609490e+05	2.9440966637e-14	0.0000000000e+00	0.0000000000e+00	0.0000000000e+00	0.0000000000e+00	0.0000000000e+00	0.0000000000e+00	0.0000000000e+00	0.0000000000e+00	0.0000000000e+00	0.0000000000e+00	0.0000000000e+00	0.0000000000e+00	0.0000000000e+00	0.0000000000e+00	0.0000000000e+00	0.0000000000e+00	0.0000000000e+00	0.0000000000e+00	0.0000000000e+00	0.0000000000e+00	0.0000000000e+00	0.0000000000e+00	0.0000000000e+00	0.0000000000e+00
1.0413745925e+05	2.9279586969e-14	0.0000000000e+00	0.0000000000e+00	0.0000000000e+00	0.0000000000e+00	0.0000000000e+00	0.0000000000e+00	0.0000000000e+00	0.0000000000e+00	0.0000000000e+00	0.0000000000e+00	0.0000000000e+00	0.0000000000e+00	0.0000000000e+00	0.0000000000e+00	0.0000000000e+00	0.0000000000e+00	0.0000000000e+00	0.0000000000e+00	0.0000000000e+00	0.0000000000e+00	0.0000000000e+00	0.0000000000e+00	0.0000000000e+00	0.0000000000e+00
1.0413883940e+05	2.9119721450e-14	0.0000000000e+00	0.0000000000e+00	0.0000000000e+00	0.0000000000e+00	0.0000000000e+00	0.0000000000e+00	0.0000000000e+00	0.0000000000e+00	0.0000000000e+00	0.0000000000e+00	0.0000000000e+00	0.0000000000e+00	0.0000000000e+00	0.0000000000e+00	0.0000000000e+00	0.0000000000e+00	0.0000000000e+00	0.0000000000e+00	0.0000000000e+00	0.0000000000e+00	0.0000000000e+00	0.0000000000e+00	0.0000000000e+00	0.0000000000e+00
1.0414023553e+05	2.8961380218e-14	0.0000000000e+00	0.0000000000e+00	0.0000000000e+00	0.0000000000e+00	0.0000000000e+00	0.0000000000e+00	0.0000000000e+00	0.0000000000e+00	0.0000000000e+00	0.0000000000e+00	0.0000000000e+00	0.0000000000e+00	0.0000000000e+00	0.0000000000e+00	0.0000000000e+00	0.0000000000e+00	0.0000000000e+00	0.0000000000e+00	0.0000000000e+00	0.0000000000e+00	0.0000000000e+00	0.0000000000e+00	0.0000000000e+00	0.0000000000e+00
1.0414164782e+05	2.9349659354e-14	0.0000000000e+00	0.0000000000e+00	0.0000000000e+00	0.0000000000e+00	0.0000000000e+00	0.0000000000e+00	0.0000000000e+00	0.0000000000e+00	0.0000000000e+00	0.0000000000e+00	0.0000000000e+00	0.0000000000e+00	0.0000000000e+00	0.0000000000e+00	0.0000000000e+00	0.0000000000e+00	0.0000000000e+00	0.0000000000e+00	0.0000000000e+00	0.0000000000e+00	0.0000000000e+00	0.0000000000e+00	0.0000000000e+00	0.0000000000e+00
1.0414307647e+05	2.9187675692e-14	0.0000000000e+00	0.0000000000e+00	0.0000000000e+00	0.0000000000e+00	0.0000000000e+00	0.0000000000e+00	0.0000000000e+00	0.0000000000e+00	0.0000000000e+00	0.0000000000e+00	0.0000000000e+00	0.0000000000e+00	0.0000000000e+00	0.0000000000e+00	0.0000000000e+00	0.0000000000e+00	0.0000000000e+00	0.0000000000e+00	0.0000000000e+00	0.0000000000e+00	0.0000000000e+00	0.0000000000e+00	0.0000000000e+00	0.0000000000e+00
1.0414452166e+05	2.9028293463e-14	0.0000000000e+00	0.0000000000e+00	0.0000000000e+00	0.0000000000e+00	0.0000000000e+00	0.0000000000e+00	0.0000000000e+00	0.0000000000e+00	0.0000000000e+00	0.0000000000e+00	0.0000000000e+00	0.0000000000e+00	0.0000000000e+00	0.0000000000e+00	0.0000000000e+00	0.0000000000e+00	0.0000000000e+00	0.0000000000e+00	0.0000000000e+00	0.0000000000e+00	0.0000000000e+00	0.0000000000e+00	0.0000000000e+00	0.0000000000e+00
1.0414598358e+05	2.9403423887e-14	0.0000000000e+00	0.0000000000e+00	0.0000000000e+00	0.0000000000e+00	0.0000000000e+00	0.0000000000e+00	0.0000000000e+00	0.0000000000e+00	0.0000000000e+00	0.0000000000e+00	0.0000000000e+00	0.0000000000e+00	0.0000000000e+00	0.0000000000e+00	0.0000000000e+00	0.0000000000e+00	0.0000000000e+00	0.0000000000e+00	0.0000000000e+00	0.0000000000e+00	0.0000000000e+00	0.0000000000e+00	0.0000000000e+00	0.0000000000e+00
1.0414746244e+05	2.9242968816e-14	0.0000000000e+00	0.0000000000e+00	0.0000000000e+00	0.0000000000e+00	0.0000000000e+00	0.0000000000e+00	0.0000000000e+00	0.0000000000e+00	0.0000000000e+00	0.0000000000e+00	0.0000000000e+00	0.0000000000e+00	0.0000000000e+00	0.0000000000e+00	0.0000000000e+00	0.0000000000e+00	0.0000000000e+00	0.0000000000e+00	0.0000000000e+00	0.0000000000e+00	0.0000000000e+00	0.0000000000e+00	0.0000000000e+00	0.0000000000e+00
1.0414895842e+05	2.9086083552e-14	0.0000000000e+00	0.0000000000e+00	0.0000000000e+00	0.0000000000e+00	0.0000000000e+00	0.0000000000e+00	0.0000000000e+00	0.0000000000e+00	0.0000000000e+00	0.0000000000e+00	0.0000000000e+00	0.0000000000e+00	0.0000000000e+00	0.0000000000e+00	0.0000000000e+00	0.0000000000e+00	0.0000000000e+00	0.0000000000e+00	0.0000000000e+00	0.0000000000e+00	0.0000000000e+00	0.0000000000e+00	0.0000000000e+00	0.0000000000e+00
1.0415047172e+05	2.9451047723e-14	0.0000000000e+00	0.0000000000e+00	0.0000000000e+00	0.0000000000e+00	0.0000000000e+00	0.0000000000e+00	0.0000000000e+00	0.0000000000e+00	0.0000000000e+00	0.0000000000e+00	0.0000000000e+00	0.0000000000e+00	0.0000000000e+00	0.0000000000e+00	0.0000000000e+00	0.0000000000e+00	0.0000000000e+00	0.0000000000e+00	0.0000000000e+00	0.0000000000e+00	0.0000000000e+00	0.0000000000e+00	0.0000000000e+00	0.0000000000e+00
1.0415200254e+05	2.9294496975e-14	0.0000000000e+00	0.0000000000e+00	0.0000000000e+00	0.0000000000e+00	0.0000000000e+00	0.0000000000e+00	0.0000000000e+00	0.0000000000e+00	0.0000000000e+00	0.0000000000e+00	0.0000000000e+00	0.0000000000e+00	0.0000000000e+00	0.0000000000e+00	0.0000000000e+00	0.0000000000e+00	0.0000000000e+00	0.0000000000e+00	0.0000000000e+00	0.0000000000e+00	0.0000000000e+00	0.0000000000e+00	0.0000000000e+00	0.0000000000e+00
1.0415355109e+05	2.9141453032e-14	0.0000000000e+00	0.0000000000e+00	0.0000000000e+00	0.0000000000e+00	0.0000000000e+00	0.0000000000e+00	0.0000000000e+00	0.0000000000e+00	0.0000000000e+00	0.0000000000e+00	0.0000000000e+00	0.0000000000e+00	0.0000000000e+00	0.0000000000e+00	0.0000000000e+00	0.0000000000e+00	0.0000000000e+00	0.0000000000e+00	0.0000000000e+00	0.0000000000e+00	0.0000000000e+00	0.0000000000e+00	0.0000000000e+00	0.0000000000e+00
1.0415511757e+05	2.9496394966e-14	0.0000000000e+00	0.0000000000e+00	0.0000000000e+00	0.0000000000e+00	0.0000000000e+00	0.0000000000e+00	0.0000000000e+00	0.0000000000e+00	0.0000000000e+00	0.0000000000e+00	0.0000000000e+00	0.0000000000e+00	0.0000000000e+00	0.0000000000e+00	0.0000000000e+00	0.0000000000e+00	0.0000000000e+00	0.0000000000e+00	0.0000000000e+00	0.0000000000e+00	0.0000000000e+00	0.0000000000e+00	0.0000000000e+00	0.0000000000e+00
1.0415670219e+05	2.9342751655e-14	0.0000000000e+00	0.0000000000e+00	0.0000000000e+00	0.0000000000e+00	0.0000000000e+00	0.0000000000e+00	0.0000000000e+00	0.0000000000e+00	0.0000000000e+00	0.0000000000e+00	0.0000000000e+00	0.0000000000e+00	0.0000000000e+00	0.0000000000e+00	0.0000000000e+00	0.0000000000e+00	0.0000000000e+00	0.0000000000e+00	0.0000000000e+00	0.0000000000e+00	0.0000000000e+00	0.0000000000e+00	0.0000000000e+00	0.0000000000e+00
1.0415830516e+05	2.9191464824e-14	0.0000000000e+00	0.0000000000e+00	0.0000000000e+00	0.0000000000e+00	0.0000000000e+00	0.0000000000e+00	0.0000000000e+00	0.0000000000e+00	0.0000000000e+00	0.0000000000e+00	0.0000000000e+00	0.0000000000e+00	0.0000000000e+00	0.0000000000e+00	0.0000000000e+00	0.0000000000e+00	0.0000000000e+00	0.0000000000e+00	0.0000000000e+00	0.0000000000e+00	0.0000000000e+00	0.0000000000e+00	0.0000000000e+00	0.0000000000e+00
1.0415992669e+05	2.9041837164e-14	0.0000000000e+00	0.0000000000e+00	0.0000000000e+00	0.0000000000e+00	0.0000000000e+00	0.0000000000e+00	0.0000000000e+00	0.0000000000e+00	0.0000000000e+00	0.0000000000e+00	0.0000000000e+00	0.0000000000e+00	0.0000000000e+00	0.0000000000e+00	0.0000000000e+00	0.0000000000e+00	0.0000000000e+00	0.0000000000e+00	0.0000000000e+00	0.0000000000e+00	0.0000000000e+00	0.0000000000e+00	0.0000000000e+00	0.0000000000e+00
1.0416156700e+05	2.8892696624e-14	0.0000000000e+00	0.0000000000e+00	0.0000000000e+00	0.0000000000e+00	0.0000000000e+00	0.0000000000e+00	0.0000000000e+00	0.0000000000e+00	0.0000000000e+00	0.0000000000e+00	0.0000000000e+00	0.0000000000e+00	0.0000000000e+00	0.0000000000e+00	0.0000000000e+00	0.0000000000e+00	0.0000000000e+00	0.0000000000e+00	0.0000000000e+00	0.0000000000e+00	0.0000000000e+00	0.0000000000e+00	0.0000000000e+00	0.0000000000e+00
1.0416322630e+05	2.9226457020e-14	0.0000000000e+00	0.0000000000e+00	0.0000000000e+00	0.0000000000e+00	0.0000000000e+00	0.0000000000e+00	0.0000000000e+00	0.0000000000e+00	0.0000000000e+00	0.0000000000e+00	0.0000000000e+00	0.0000000000e+00	0.0000000000e+00	0.0000000000e+00	0.0000000000e+00	0.0000000000e+00	0.0000000000e+00	0.0000000000e+00	0.0000000000e+00	0.0000000000e+00	0.0000000000e+00	0.0000000000e+00	0.0000000000e+00	0.0000000000e+00
1.0416490482e+05	2.9074307801e-14	0.0000000000e+00	0.0000000000e+00	0.0000000000e+00	0.0000000000e+00	0.0000000000e+00	0.0000000000e+00	0.0000000000e+00	0.0000000000e+00	0.0000000000e+00	0.0000000000e+00	0.0000000000e+00	0.0000000000e+00	0.0000000000e+00	0.0000000000e+00	0.0000000000e+00	0.0000000000e+00	0.0000000000e+00	0.0000000000e+00	0.0000000000e+00	0.0000000000e+00	0.0000000000e+00	0.0000000000e+00	0.0000000000e+00	0.0000000000e+00
1.0416660277e+05	2.8922217843e-14	0.0000000000e+00	0.0000000000e+00	0.0000000000e+00	0.0000000000e+00	0.0000000000e+00	0.0000000000e+00	0.0000000000e+00	0.0000000000e+00	0.0000000000e+00	0.0000000000e+00	0.0000000000e+00	0.0000000000e+00	0.0000000000e+00	0.0000000000e+00	0.0000000000e+00	0.0000000000e+00	0.0000000000e+00	0.0000000000e+00	0.0000000000e+00	0.0000000000e+00	0.0000000000e+00	0.0000000000e+00	0.0000000000e+00	0.0000000000e+00
1.0416832038e+05	2.9240373308e-14	0.0000000000e+00	0.0000000000e+00	0.0000000000e+00	0.0000000000e+00	0.0000000000e+00	0.0000000000e+00	0.0000000000e+00	0.0000000000e+00	0.0000000000e+00	0.0000000000e+00	0.0000000000e+00	0.0000000000e+00	0.0000000000e+00	0.0000000000e+00	0.0000000000e+00	0.0000000000e+00	0.0000000000e+00	0.0000000000e+00	0.0000000000e+00	0.0000000000e+00	0.0000000000e+00	0.0000000000e+00	0.0000000000e+00	0.0000000000e+00
1.0417005788e+05	2.9086079597e-14	0.0000000000e+00	0.0000000000e+00	0.0000000000e+00	0.0000000000e+00	0.0000000000e+00	0.0000000000e+00	0.0000000000e+00	0.0000000000e+00	0.0000000000e+00	0.0000000000e+00	0.0000000000e+00	0.0000000000e+00	0.0000000000e+00	0.0000000000e+00	0.0000000000e+00	0.0000000000e+00	0.0000000000e+00	0.0000000000e+00	0.0000000000e+00	0.0000000000e+00	0.0000000000e+00	0.0000000000e+00	0.0000000000e+00	0.0000000000e+00
1.0417181550e+05	2.8932746010e-14	0.0000000000e+00	0.0000000000e+00	0.0000000000e+00	0.0000000000e+00	0.0000000000e+00	0.0000000000e+00	0.0000000000e+00	0.0000000000e+00	0.0000000000e+00	0.0000000000e+00	0.0000000000e+00	0.0000000000e+00	0.0000000000e+00	0.0000000000e+00	0.0000000000e+00	0.0000000000e+00	0.0000000000e+00	0.0000000000e+00	0.0000000000e+00	0.0000000000e+00	0.0000000000e+00	0.0000000000e+00	0.0000000000e+00	0.0000000000e+00
1.0417359347e+05	2.9238476776e-14	0.0000000000e+00	0.0000000000e+00	0.0000000000e+00	0.0000000000e+00	0.0000000000e+00	0.0000000000e+00	0.0000000000e+00	0.0000000000e+00	0.0000000000e+00	0.0000000000e+00	0.0000000000e+00	0.0000000000e+00	0.0000000000e+00	0.0000000000e+00	0.0000000000e+00	0.0000000000e+00	0.0000000000e+00	0.0000000000e+00	0.0000000000e+00	0.0000000000e+00	0.0000000000e+00	0.0000000000e+00	0.0000000000e+00	0.0000000000e+00
1.0417539204e+05	2.9085756708e-14	0.0000000000e+00	0.0000000000e+00	0.0000000000e+00	0.0000000000e+00	0.0000000000e+00	0.0000000000e+00	0.0000000000e+00	0.0000000000e+00	0.0000000000e+00	0.0000000000e+00	0.0000000000e+00	0.0000000000e+00	0.0000000000e+00	0.0000000000e+00	0.0000000000e+00	0.0000000000e+00	0.0000000000e+00	0.0000000000e+00	0.0000000000e+00	0.0000000000e+00	0.0000000000e+00	0.0000000000e+00	0.0000000000e+00	0.0000000000e+00
1.0417721142e+05	2.8935144184e-14	0.0000000000e+00	0.0000000000e+00	0.0000000000e+00	0.0000000000e+00	0.0000000000e+00	0.0000000000e+00	0.0000000000e+00	0.0000000000e+00	0.0000000000e+00	0.0000000000e+00	0.0000000000e+00	0.0000000000e+00	0.0000000000e+00	0.0000000000e+00	0.0000000000e+00	0.0000000000e+00	0.0000000000e+00	0.0000000000e+00	0.0000000000e+00	0.0000000000e+00	0.0000000000e+00	0.0000000000e+00	0.0000000000e+00	0.0000000000e+00
1.0417905188e+05	2.9232491066e-14	0.0000000000e+00	0.0000000000e+00	0.0000000000e+00	0.0000000000e+00	0.0000000000e+00	0.0000000000e+00	0.0000000000e+00	0.0000000000e+00	0.0000000000e+00	0.0000000000e+00	0.0000000000e+00	0.0000000000e+00	0.0000000000e+00	0.0000000000e+00	0.0000000000e+00	0.0000000000e+00	0.0000000000e+00	0.0000000000e+00	0.0000000000e+00	0.0000000000e+00	0.0000000000e+00	0.0000000000e+00	0.0000000000e+00	0.0000000000e+00
1.0418091364e+05	2.9084221080e-14	0.0000000000e+00	0.0000000000e+00	0.0000000000e+00	0.0000000000e+00	0.0000000000e+00	0.0000000000e+00	0.0000000000e+00	0.0000000000e+00	0.0000000000e+00	0.0000000000e+00	0.0000000000e+00	0.0000000000e+00	0.0000000000e+00	0.0000000000e+00	0.0000000000e+00	0.0000000000e+00	0.0000000000e+00	0.0000000000e+00	0.0000000000e+00	0.0000000000e+00	0.0000000000e+00	0.0000000000e+00	0.0000000000e+00	0.0000000000e+00
1.0418279697e+05	2.8937850941e-14	0.0000000000e+00	0.0000000000e+00	0.0000000000e+00	0.0000000000e+00	0.0000000000e+00	0.0000000000e+00	0.0000000000e+00	0.0000000000e+00	0.0000000000e+00	0.0000000000e+00	0.0000000000e+00	0.0000000000e+00	0.0000000000e+00	0.0000000000e+00	0.0000000000e+00	0.0000000000e+00	0.0000000000e+00	0.0000000000e+00	0.0000000000e+00	0.0000000000e+00	0.0000000000e+00	0.0000000000e+00	0.0000000000e+00	0.0000000000e+00
1.0418470210e+05	2.8791743911e-14	0.0000000000e+00	0.0000000000e+00	0.0000000000e+00	0.0000000000e+00	0.0000000000e+00	0.0000000000e+00	0.0000000000e+00	0.0000000000e+00	0.0000000000e+00	0.0000000000e+00	0.0000000000e+00	0.0000000000e+00	0.0000000000e+00	0.0000000000e+00	0.0000000000e+00	0.0000000000e+00	0.0000000000e+00	0.0000000000e+00	0.0000000000e+00	0.0000000000e+00	0.0000000000e+00	0.0000000000e+00	0.0000000000e+00	0.0000000000e+00
1.0418662929e+05	2.8644052244e-14	0.0000000000e+00	0.0000000000e+00	0.0000000000e+00	0.0000000000e+00	0.0000000000e+00	0.0000000000e+00	0.0000000000e+00	0.0000000000e+00	0.0000000000e+00	0.0000000000e+00	0.0000000000e+00	0.0000000000e+00	0.0000000000e+00	0.0000000000e+00	0.0000000000e+00	0.0000000000e+00	0.0000000000e+00	0.0000000000e+00	0.0000000000e+00	0.0000000000e+00	0.0000000000e+00	0.0000000000e+00	0.0000000000e+00	0.0000000000e+00
1.0418857880e+05	2.8936452678e-14	0.0000000000e+00	0.0000000000e+00	0.0000000000e+00	0.0000000000e+00	0.0000000000e+00	0.0000000000e+00	0.0000000000e+00	0.0000000000e+00	0.0000000000e+00	0.0000000000e+00	0.0000000000e+00	0.0000000000e+00	0.0000000000e+00	0.0000000000e+00	0.0000000000e+00	0.0000000000e+00	0.0000000000e+00	0.0000000000e+00	0.0000000000e+00	0.0000000000e+00	0.0000000000e+00	0.0000000000e+00	0.0000000000e+00	0.0000000000e+00
1.0419055089e+05	2.8789644921e-14	0.0000000000e+00	0.0000000000e+00	0.0000000000e+00	0.0000000000e+00	0.0000000000e+00	0.0000000000e+00	0.0000000000e+00	0.0000000000e+00	0.0000000000e+00	0.0000000000e+00	0.0000000000e+00	0.0000000000e+00	0.0000000000e+00	0.0000000000e+00	0.0000000000e+00	0.0000000000e+00	0.0000000000e+00	0.0000000000e+00	0.0000000000e+00	0.0000000000e+00	0.0000000000e+00	0.0000000000e+00	0.0000000000e+00	0.0000000000e+00
1.0419254580e+05	2.8639599797e-14	0.0000000000e+00	0.0000000000e+00	0.0000000000e+00	0.0000000000e+00	0.0000000000e+00	0.0000000000e+00	0.0000000000e+00	0.0000000000e+00	0.0000000000e+00	0.0000000000e+00	0.0000000000e+00	0.0000000000e+00	0.0000000000e+00	0.0000000000e+00	0.0000000000e+00	0.0000000000e+00	0.0000000000e+00	0.0000000000e+00	0.0000000000e+00	0.0000000000e+00	0.0000000000e+00	0.0000000000e+00	0.0000000000e+00	0.0000000000e+00
1.0419456382e+05	2.8919455005e-14	0.0000000000e+00	0.0000000000e+00	0.0000000000e+00	0.0000000000e+00	0.0000000000e+00	0.0000000000e+00	0.0000000000e+00	0.0000000000e+00	0.0000000000e+00	0.0000000000e+00	0.0000000000e+00	0.0000000000e+00	0.0000000000e+00	0.0000000000e+00	0.0000000000e+00	0.0000000000e+00	0.0000000000e+00	0.0000000000e+00	0.0000000000e+00	0.0000000000e+00	0.0000000000e+00	0.0000000000e+00	0.0000000000e+00	0.0000000000e+00
1.0419660521e+05	2.8769703600e-14	0.0000000000e+00	0.0000000000e+00	0.0000000000e+00	0.0000000000e+00	0.0000000000e+00	0.0000000000e+00	0.0000000000e+00	0.0000000000e+00	0.0000000000e+00	0.0000000000e+00	0.0000000000e+00	0.0000000000e+00	0.0000000000e+00	0.0000000000e+00	0.0000000000e+00	0.0000000000e+00	0.0000000000e+00	0.0000000000e+00	0.0000000000e+00	0.0000000000e+00	0.0000000000e+00	0.0000000000e+00	0.0000000000e+00	0.0000000000e+00
1.0419867023e+05	2.9035052014e-14	0.0000000000e+00	0.0000000000e+00	0.0000000000e+00	0.0000000000e+00	0.0000000000e+00	0.0000000000e+00	0.0000000000e+00	0.0000000000e+00	0.0000000000e+00	0.0000000000e+00	0.0000000000e+00	0.0000000000e+00	0.0000000000e+00	0.0000000000e+00	0.0000000000e+00	0.0000000000e+00	0.0000000000e+00	0.0000000000e+00	0.0000000000e+00	0.0000000000e+00	0.0000000000e+00	0.0000000000e+00	0.0000000000e+00	0.0000000000e+00
1.0420075917e+05	2.8880546085e-14	0.0000000000e+00	0.0000000000e+00	0.0000000000e+00	0.0000000000e+00	0.0000000000e+00	0.0000000000e+00	0.0000000000e+00	0.0000000000e+00	0.0000000000e+00	0.0000000000e+00	0.0000000000e+00	0.0000000000e+00	0.0000000000e+00	0.0000000000e+00	0.0000000000e+00	0.0000000000e+00	0.0000000000e+00	0.0000000000e+00	0.0000000000e+00	0.0000000000e+00	0.0000000000e+00	0.0000000000e+00	0.0000000000e+00	0.0000000000e+00
1.0420287229e+05	2.8726210234e-14	0.0000000000e+00	0.0000000000e+00	0.0000000000e+00	0.0000000000e+00	0.0000000000e+00	0.0000000000e+00	0.0000000000e+00	0.0000000000e+00	0.0000000000e+00	0.0000000000e+00	0.0000000000e+00	0.0000000000e+00	0.0000000000e+00	0.0000000000e+00	0.0000000000e+00	0.0000000000e+00	0.0000000000e+00	0.0000000000e+00	0.0000000000e+00	0.0000000000e+00	0.0000000000e+00	0.0000000000e+00	0.0000000000e+00	0.0000000000e+00
1.0420500989e+05	2.9007767574e-14	0.0000000000e+00	0.0000000000e+00	0.0000000000e+00	0.0000000000e+00	0.0000000000e+00	0.0000000000e+00	0.0000000000e+00	0.0000000000e+00	0.0000000000e+00	0.0000000000e+00	0.0000000000e+00	0.0000000000e+00	0.0000000000e+00	0.0000000000e+00	0.0000000000e+00	0.0000000000e+00	0.0000000000e+00	0.0000000000e+00	0.0000000000e+00	0.0000000000e+00	0.0000000000e+00	0.0000000000e+00	0.0000000000e+00	0.0000000000e+00
1.0420717223e+05	2.8887591232e-14	0.0000000000e+00	0.0000000000e+00	0.0000000000e+00	0.0000000000e+00	0.0000000000e+00	0.0000000000e+00	0.0000000000e+00	0.0000000000e+00	0.0000000000e+00	0.0000000000e+00	0.0000000000e+00	0.0000000000e+00	0.0000000000e+00	0.0000000000e+00	0.0000000000e+00	0.0000000000e+00	0.0000000000e+00	0.0000000000e+00	0.0000000000e+00	0.0000000000e+00	0.0000000000e+00	0.0000000000e+00	0.0000000000e+00	0.0000000000e+00
1.0420935962e+05	2.8712172318e-14	0.0000000000e+00	0.0000000000e+00	0.0000000000e+00	0.0000000000e+00	0.0000000000e+00	0.0000000000e+00	0.0000000000e+00	0.0000000000e+00	0.0000000000e+00	0.0000000000e+00	0.0000000000e+00	0.0000000000e+00	0.0000000000e+00	0.0000000000e+00	0.0000000000e+00	0.0000000000e+00	0.0000000000e+00	0.0000000000e+00	0.0000000000e+00	0.0000000000e+00	0.0000000000e+00	0.0000000000e+00	0.0000000000e+00	0.0000000000e+00
1.0421157233e+05	2.8488734843e-14	0.0000000000e+00	0.0000000000e+00	0.0000000000e+00	0.0000000000e+00	0.0000000000e+00	0.0000000000e+00	0.0000000000e+00	0.0000000000e+00	0.0000000000e+00	0.0000000000e+00	0.0000000000e+00	0.0000000000e+00	0.0000000000e+00	0.0000000000e+00	0.0000000000e+00	0.0000000000e+00	0.0000000000e+00	0.0000000000e+00	0.0000000000e+00	0.0000000000e+00	0.0000000000e+00	0.0000000000e+00	0.0000000000e+00	0.0000000000e+00
1.0421381067e+05	2.8287156971e-14	0.0000000000e+00	0.0000000000e+00	0.0000000000e+00	0.0000000000e+00	0.0000000000e+00	0.0000000000e+00	0.0000000000e+00	0.0000000000e+00	0.0000000000e+00	0.0000000000e+00	0.0000000000e+00	0.0000000000e+00	0.0000000000e+00	0.0000000000e+00	0.0000000000e+00	0.0000000000e+00	0.0000000000e+00	0.0000000000e+00	0.0000000000e+00	0.0000000000e+00	0.0000000000e+00	0.0000000000e+00	0.0000000000e+00	0.0000000000e+00
1.0421607492e+05	2.8584186474e-14	0.0000000000e+00	0.0000000000e+00	0.0000000000e+00	0.0000000000e+00	0.0000000000e+00	0.0000000000e+00	0.0000000000e+00	0.0000000000e+00	0.0000000000e+00	0.0000000000e+00	0.0000000000e+00	0.0000000000e+00	0.0000000000e+00	0.0000000000e+00	0.0000000000e+00	0.0000000000e+00	0.0000000000e+00	0.0000000000e+00	0.0000000000e+00	0.0000000000e+00	0.0000000000e+00	0.0000000000e+00	0.0000000000e+00	0.0000000000e+00
1.0421836540e+05	2.8533520261e-14	0.0000000000e+00	0.0000000000e+00	0.0000000000e+00	0.0000000000e+00	0.0000000000e+00	0.0000000000e+00	0.0000000000e+00	0.0000000000e+00	0.0000000000e+00	0.0000000000e+00	0.0000000000e+00	0.0000000000e+00	0.0000000000e+00	0.0000000000e+00	0.0000000000e+00	0.0000000000e+00	0.0000000000e+00	0.0000000000e+00	0.0000000000e+00	0.0000000000e+00	0.0000000000e+00	0.0000000000e+00	0.0000000000e+00	0.0000000000e+00
1.0422068239e+05	2.8896573506e-14	0.0000000000e+00	0.0000000000e+00	0.0000000000e+00	0.0000000000e+00	0.0000000000e+00	0.0000000000e+00	0.0000000000e+00	0.0000000000e+00	0.0000000000e+00	0.0000000000e+00	0.0000000000e+00	0.0000000000e+00	0.0000000000e+00	0.0000000000e+00	0.0000000000e+00	0.0000000000e+00	0.0000000000e+00	0.0000000000e+00	0.0000000000e+00	0.0000000000e+00	0.0000000000e+00	0.0000000000e+00	0.0000000000e+00	0.0000000000e+00
1.0422302622e+05	2.8805996955e-14	0.0000000000e+00	0.0000000000e+00	0.0000000000e+00	0.0000000000e+00	0.0000000000e+00	0.0000000000e+00	0.0000000000e+00	0.0000000000e+00	0.0000000000e+00	0.0000000000e+00	0.0000000000e+00	0.0000000000e+00	0.0000000000e+00	0.0000000000e+00	0.0000000000e+00	0.0000000000e+00	0.0000000000e+00	0.0000000000e+00	0.0000000000e+00	0.0000000000e+00	0.0000000000e+00	0.0000000000e+00	0.0000000000e+00	0.0000000000e+00
1.0422539718e+05	2.9017763350e-14	0.0000000000e+00	0.0000000000e+00	0.0000000000e+00	0.0000000000e+00	0.0000000000e+00	0.0000000000e+00	0.0000000000e+00	0.0000000000e+00	0.0000000000e+00	0.0000000000e+00	0.0000000000e+00	0.0000000000e+00	0.0000000000e+00	0.0000000000e+00	0.0000000000e+00	0.0000000000e+00	0.0000000000e+00	0.0000000000e+00	0.0000000000e+00	0.0000000000e+00	0.0000000000e+00	0.0000000000e+00	0.0000000000e+00	0.0000000000e+00
1.0422779560e+05	2.8765142939e-14	0.0000000000e+00	0.0000000000e+00	0.0000000000e+00	0.0000000000e+00	0.0000000000e+00	0.0000000000e+00	0.0000000000e+00	0.0000000000e+00	0.0000000000e+00	0.0000000000e+00	0.0000000000e+00	0.0000000000e+00	0.0000000000e+00	0.0000000000e+00	0.0000000000e+00	0.0000000000e+00	0.0000000000e+00	0.0000000000e+00	0.0000000000e+00	0.0000000000e+00	0.0000000000e+00	0.0000000000e+00	0.0000000000e+00	0.0000000000e+00
1.0423022179e+05	2.8469062100e-14	0.0000000000e+00	0.0000000000e+00	0.0000000000e+00	0.0000000000e+00	0.0000000000e+00	0.0000000000e+00	0.0000000000e+00	0.0000000000e+00	0.0000000000e+00	0.0000000000e+00	0.0000000000e+00	0.0000000000e+00	0.0000000000e+00	0.0000000000e+00	0.0000000000e+00	0.0000000000e+00	0.0000000000e+00	0.0000000000e+00	0.0000000000e+00	0.0000000000e+00	0.0000000000e+00	0.0000000000e+00	0.0000000000e+00	0.0000000000e+00
1.0423267608e+05	2.8568042934e-14	0.0000000000e+00	0.0000000000e+00	0.0000000000e+00	0.0000000000e+00	0.0000000000e+00	0.0000000000e+00	0.0000000000e+00	0.0000000000e+00	0.0000000000e+00	0.0000000000e+00	0.0000000000e+00	0.0000000000e+00	0.0000000000e+00	0.0000000000e+00	0.0000000000e+00	0.0000000000e+00	0.0000000000e+00	0.0000000000e+00	0.0000000000e+00	0.0000000000e+00	0.0000000000e+00	0.0000000000e+00	0.0000000000e+00	0.0000000000e+00
1.0423515879e+05	2.8339002465e-14	0.0000000000e+00	0.0000000000e+00	0.0000000000e+00	0.0000000000e+00	0.0000000000e+00	0.0000000000e+00	0.0000000000e+00	0.0000000000e+00	0.0000000000e+00	0.0000000000e+00	0.0000000000e+00	0.0000000000e+00	0.0000000000e+00	0.0000000000e+00	0.0000000000e+00	0.0000000000e+00	0.0000000000e+00	0.0000000000e+00	0.0000000000e+00	0.0000000000e+00	0.0000000000e+00	0.0000000000e+00	0.0000000000e+00	0.0000000000e+00
1.0423767024e+05	2.8183510249e-14	0.0000000000e+00	0.0000000000e+00	0.0000000000e+00	0.0000000000e+00	0.0000000000e+00	0.0000000000e+00	0.0000000000e+00	0.0000000000e+00	0.0000000000e+00	0.0000000000e+00	0.0000000000e+00	0.0000000000e+00	0.0000000000e+00	0.0000000000e+00	0.0000000000e+00	0.0000000000e+00	0.0000000000e+00	0.0000000000e+00	0.0000000000e+00	0.0000000000e+00	0.0000000000e+00	0.0000000000e+00	0.0000000000e+00	0.0000000000e+00
1.0424021077e+05	2.8101632765e-14	0.0000000000e+00	0.0000000000e+00	0.0000000000e+00	0.0000000000e+00	0.0000000000e+00	0.0000000000e+00	0.0000000000e+00	0.0000000000e+00	0.0000000000e+00	0.0000000000e+00	0.0000000000e+00	0.0000000000e+00	0.0000000000e+00	0.0000000000e+00	0.0000000000e+00	0.0000000000e+00	0.0000000000e+00	0.0000000000e+00	0.0000000000e+00	0.0000000000e+00	0.0000000000e+00	0.0000000000e+00	0.0000000000e+00	0.0000000000e+00
1.0424278073e+05	2.8471477303e-14	0.0000000000e+00	0.0000000000e+00	0.0000000000e+00	0.0000000000e+00	0.0000000000e+00	0.0000000000e+00	0.0000000000e+00	0.0000000000e+00	0.0000000000e+00	0.0000000000e+00	0.0000000000e+00	0.0000000000e+00	0.0000000000e+00	0.0000000000e+00	0.0000000000e+00	0.0000000000e+00	0.0000000000e+00	0.0000000000e+00	0.0000000000e+00	0.0000000000e+00	0.0000000000e+00	0.0000000000e+00	0.0000000000e+00	0.0000000000e+00
1.0424538044e+05	2.8479320541e-14	0.0000000000e+00	0.0000000000e+00	0.0000000000e+00	0.0000000000e+00	0.0000000000e+00	0.0000000000e+00	0.0000000000e+00	0.0000000000e+00	0.0000000000e+00	0.0000000000e+00	0.0000000000e+00	0.0000000000e+00	0.0000000000e+00	0.0000000000e+00	0.0000000000e+00	0.0000000000e+00	0.0000000000e+00	0.0000000000e+00	0.0000000000e+00	0.0000000000e+00	0.0000000000e+00	0.0000000000e+00	0.0000000000e+00	0.0000000000e+00
1.0424801025e+05	2.8476862812e-14	0.0000000000e+00	0.0000000000e+00	0.0000000000e+00	0.0000000000e+00	0.0000000000e+00	0.0000000000e+00	0.0000000000e+00	0.0000000000e+00	0.0000000000e+00	0.0000000000e+00	0.0000000000e+00	0.0000000000e+00	0.0000000000e+00	0.0000000000e+00	0.0000000000e+00	0.0000000000e+00	0.0000000000e+00	0.0000000000e+00	0.0000000000e+00	0.0000000000e+00	0.0000000000e+00	0.0000000000e+00	0.0000000000e+00	0.0000000000e+00
1.0425067052e+05	2.8828290805e-14	0.0000000000e+00	0.0000000000e+00	0.0000000000e+00	0.0000000000e+00	0.0000000000e+00	0.0000000000e+00	0.0000000000e+00	0.0000000000e+00	0.0000000000e+00	0.0000000000e+00	0.0000000000e+00	0.0000000000e+00	0.0000000000e+00	0.0000000000e+00	0.0000000000e+00	0.0000000000e+00	0.0000000000e+00	0.0000000000e+00	0.0000000000e+00	0.0000000000e+00	0.0000000000e+00	0.0000000000e+00	0.0000000000e+00	0.0000000000e+00
1.0425336159e+05	2.8735447293e-14	0.0000000000e+00	0.0000000000e+00	0.0000000000e+00	0.0000000000e+00	0.0000000000e+00	0.0000000000e+00	0.0000000000e+00	0.0000000000e+00	0.0000000000e+00	0.0000000000e+00	0.0000000000e+00	0.0000000000e+00	0.0000000000e+00	0.0000000000e+00	0.0000000000e+00	0.0000000000e+00	0.0000000000e+00	0.0000000000e+00	0.0000000000e+00	0.0000000000e+00	0.0000000000e+00	0.0000000000e+00	0.0000000000e+00	0.0000000000e+00
1.0425608382e+05	2.8954526975e-14	0.0000000000e+00	0.0000000000e+00	0.0000000000e+00	0.0000000000e+00	0.0000000000e+00	0.0000000000e+00	0.0000000000e+00	0.0000000000e+00	0.0000000000e+00	0.0000000000e+00	0.0000000000e+00	0.0000000000e+00	0.0000000000e+00	0.0000000000e+00	0.0000000000e+00	0.0000000000e+00	0.0000000000e+00	0.0000000000e+00	0.0000000000e+00	0.0000000000e+00	0.0000000000e+00	0.0000000000e+00	0.0000000000e+00	0.0000000000e+00
1.0425883758e+05	2.8734944102e-14	0.0000000000e+00	0.0000000000e+00	0.0000000000e+00	0.0000000000e+00	0.0000000000e+00	0.0000000000e+00	0.0000000000e+00	0.0000000000e+00	0.0000000000e+00	0.0000000000e+00	0.0000000000e+00	0.0000000000e+00	0.0000000000e+00	0.0000000000e+00	0.0000000000e+00	0.0000000000e+00	0.0000000000e+00	0.0000000000e+00	0.0000000000e+00	0.0000000000e+00	0.0000000000e+00	0.0000000000e+00	0.0000000000e+00	0.0000000000e+00
1.0426162322e+05	2.8829574550e-14	0.0000000000e+00	0.0000000000e+00	0.0000000000e+00	0.0000000000e+00	0.0000000000e+00	0.0000000000e+00	0.0000000000e+00	0.0000000000e+00	0.0000000000e+00	0.0000000000e+00	0.0000000000e+00	0.0000000000e+00	0.0000000000e+00	0.0000000000e+00	0.0000000000e+00	0.0000000000e+00	0.0000000000e+00	0.0000000000e+00	0.0000000000e+00	0.0000000000e+00	0.0000000000e+00	0.0000000000e+00	0.0000000000e+00	0.0000000000e+00
1.0426444112e+05	2.8526484624e-14	0.0000000000e+00	0.0000000000e+00	0.0000000000e+00	0.0000000000e+00	0.0000000000e+00	0.0000000000e+00	0.0000000000e+00	0.0000000000e+00	0.0000000000e+00	0.0000000000e+00	0.0000000000e+00	0.0000000000e+00	0.0000000000e+00	0.0000000000e+00	0.0000000000e+00	0.0000000000e+00	0.0000000000e+00	0.0000000000e+00	0.0000000000e+00	0.0000000000e+00	0.0000000000e+00	0.0000000000e+00	0.0000000000e+00	0.0000000000e+00
1.0426729164e+05	2.8205641545e-14	0.0000000000e+00	0.0000000000e+00	0.0000000000e+00	0.0000000000e+00	0.0000000000e+00	0.0000000000e+00	0.0000000000e+00	0.0000000000e+00	0.0000000000e+00	0.0000000000e+00	0.0000000000e+00	0.0000000000e+00	0.0000000000e+00	0.0000000000e+00	0.0000000000e+00	0.0000000000e+00	0.0000000000e+00	0.0000000000e+00	0.0000000000e+00	0.0000000000e+00	0.0000000000e+00	0.0000000000e+00	0.0000000000e+00	0.0000000000e+00
1.0427017518e+05	2.7888272315e-14	0.0000000000e+00	0.0000000000e+00	0.0000000000e+00	0.0000000000e+00	0.0000000000e+00	0.0000000000e+00	0.0000000000e+00	0.0000000000e+00	0.0000000000e+00	0.0000000000e+00	0.0000000000e+00	0.0000000000e+00	0.0000000000e+00	0.0000000000e+00	0.0000000000e+00	0.0000000000e+00	0.0000000000e+00	0.0000000000e+00	0.0000000000e+00	0.0000000000e+00	0.0000000000e+00	0.0000000000e+00	0.0000000000e+00	0.0000000000e+00
1.0427309210e+05	2.7967336494e-14	0.0000000000e+00	0.0000000000e+00	0.0000000000e+00	0.0000000000e+00	0.0000000000e+00	0.0000000000e+00	0.0000000000e+00	0.0000000000e+00	0.0000000000e+00	0.0000000000e+00	0.0000000000e+00	0.0000000000e+00	0.0000000000e+00	0.0000000000e+00	0.0000000000e+00	0.0000000000e+00	0.0000000000e+00	0.0000000000e+00	0.0000000000e+00	0.0000000000e+00	0.0000000000e+00	0.0000000000e+00	0.0000000000e+00	0.0000000000e+00
1.0427604280e+05	2.7711898582e-14	0.0000000000e+00	0.0000000000e+00	0.0000000000e+00	0.0000000000e+00	0.0000000000e+00	0.0000000000e+00	0.0000000000e+00	0.0000000000e+00	0.0000000000e+00	0.0000000000e+00	0.0000000000e+00	0.0000000000e+00	0.0000000000e+00	0.0000000000e+00	0.0000000000e+00	0.0000000000e+00	0.0000000000e+00	0.0000000000e+00	0.0000000000e+00	0.0000000000e+00	0.0000000000e+00	0.0000000000e+00	0.0000000000e+00	0.0000000000e+00
1.0427902767e+05	2.7500775741e-14	0.0000000000e+00	0.0000000000e+00	0.0000000000e+00	0.0000000000e+00	0.0000000000e+00	0.0000000000e+00	0.0000000000e+00	0.0000000000e+00	0.0000000000e+00	0.0000000000e+00	0.0000000000e+00	0.0000000000e+00	0.0000000000e+00	0.0000000000e+00	0.0000000000e+00	0.0000000000e+00	0.0000000000e+00	0.0000000000e+00	0.0000000000e+00	0.0000000000e+00	0.0000000000e+00	0.0000000000e+00	0.0000000000e+00	0.0000000000e+00
1.0428204710e+05	2.7707909226e-14	0.0000000000e+00	0.0000000000e+00	0.0000000000e+00	0.0000000000e+00	0.0000000000e+00	0.0000000000e+00	0.0000000000e+00	0.0000000000e+00	0.0000000000e+00	0.0000000000e+00	0.0000000000e+00	0.0000000000e+00	0.0000000000e+00	0.0000000000e+00	0.0000000000e+00	0.0000000000e+00	0.0000000000e+00	0.0000000000e+00	0.0000000000e+00	0.0000000000e+00	0.0000000000e+00	0.0000000000e+00	0.0000000000e+00	0.0000000000e+00
1.0428510150e+05	2.7596985047e-14	0.0000000000e+00	0.0000000000e+00	0.0000000000e+00	0.0000000000e+00	0.0000000000e+00	0.0000000000e+00	0.0000000000e+00	0.0000000000e+00	0.0000000000e+00	0.0000000000e+00	0.0000000000e+00	0.0000000000e+00	0.0000000000e+00	0.0000000000e+00	0.0000000000e+00	0.0000000000e+00	0.0000000000e+00	0.0000000000e+00	0.0000000000e+00	0.0000000000e+00	0.0000000000e+00	0.0000000000e+00	0.0000000000e+00	0.0000000000e+00
1.0428819126e+05	2.7890908115e-14	0.0000000000e+00	0.0000000000e+00	0.0000000000e+00	0.0000000000e+00	0.0000000000e+00	0.0000000000e+00	0.0000000000e+00	0.0000000000e+00	0.0000000000e+00	0.0000000000e+00	0.0000000000e+00	0.0000000000e+00	0.0000000000e+00	0.0000000000e+00	0.0000000000e+00	0.0000000000e+00	0.0000000000e+00	0.0000000000e+00	0.0000000000e+00	0.0000000000e+00	0.0000000000e+00	0.0000000000e+00	0.0000000000e+00	0.0000000000e+00
1.0429131680e+05	2.7861050877e-14	0.0000000000e+00	0.0000000000e+00	0.0000000000e+00	0.0000000000e+00	0.0000000000e+00	0.0000000000e+00	0.0000000000e+00	0.0000000000e+00	0.0000000000e+00	0.0000000000e+00	0.0000000000e+00	0.0000000000e+00	0.0000000000e+00	0.0000000000e+00	0.0000000000e+00	0.0000000000e+00	0.0000000000e+00	0.0000000000e+00	0.0000000000e+00	0.0000000000e+00	0.0000000000e+00	0.0000000000e+00	0.0000000000e+00	0.0000000000e+00
1.0429447854e+05	2.8207773182e-14	0.0000000000e+00	0.0000000000e+00	0.0000000000e+00	0.0000000000e+00	0.0000000000e+00	0.0000000000e+00	0.0000000000e+00	0.0000000000e+00	0.0000000000e+00	0.0000000000e+00	0.0000000000e+00	0.0000000000e+00	0.0000000000e+00	0.0000000000e+00	0.0000000000e+00	0.0000000000e+00	0.0000000000e+00	0.0000000000e+00	0.0000000000e+00	0.0000000000e+00	0.0000000000e+00	0.0000000000e+00	0.0000000000e+00	0.0000000000e+00
1.0429767688e+05	2.8214886839e-14	0.0000000000e+00	0.0000000000e+00	0.0000000000e+00	0.0000000000e+00	0.0000000000e+00	0.0000000000e+00	0.0000000000e+00	0.0000000000e+00	0.0000000000e+00	0.0000000000e+00	0.0000000000e+00	0.0000000000e+00	0.0000000000e+00	0.0000000000e+00	0.0000000000e+00	0.0000000000e+00	0.0000000000e+00	0.0000000000e+00	0.0000000000e+00	0.0000000000e+00	0.0000000000e+00	0.0000000000e+00	0.0000000000e+00	0.0000000000e+00
1.0430091226e+05	2.8220107416e-14	0.0000000000e+00	0.0000000000e+00	0.0000000000e+00	0.0000000000e+00	0.0000000000e+00	0.0000000000e+00	0.0000000000e+00	0.0000000000e+00	0.0000000000e+00	0.0000000000e+00	0.0000000000e+00	0.0000000000e+00	0.0000000000e+00	0.0000000000e+00	0.0000000000e+00	0.0000000000e+00	0.0000000000e+00	0.0000000000e+00	0.0000000000e+00	0.0000000000e+00	0.0000000000e+00	0.0000000000e+00	0.0000000000e+00	0.0000000000e+00
1.0430418510e+05	2.8214241267e-14	0.0000000000e+00	0.0000000000e+00	0.0000000000e+00	0.0000000000e+00	0.0000000000e+00	0.0000000000e+00	0.0000000000e+00	0.0000000000e+00	0.0000000000e+00	0.0000000000e+00	0.0000000000e+00	0.0000000000e+00	0.0000000000e+00	0.0000000000e+00	0.0000000000e+00	0.0000000000e+00	0.0000000000e+00	0.0000000000e+00	0.0000000000e+00	0.0000000000e+00	0.0000000000e+00	0.0000000000e+00	0.0000000000e+00	0.0000000000e+00
1.0430749584e+05	2.8533706747e-14	0.0000000000e+00	0.0000000000e+00	0.0000000000e+00	0.0000000000e+00	0.0000000000e+00	0.0000000000e+00	0.0000000000e+00	0.0000000000e+00	0.0000000000e+00	0.0000000000e+00	0.0000000000e+00	0.0000000000e+00	0.0000000000e+00	0.0000000000e+00	0.0000000000e+00	0.0000000000e+00	0.0000000000e+00	0.0000000000e+00	0.0000000000e+00	0.0000000000e+00	0.0000000000e+00	0.0000000000e+00	0.0000000000e+00	0.0000000000e+00
1.0431084492e+05	2.8477584203e-14	0.0000000000e+00	0.0000000000e+00	0.0000000000e+00	0.0000000000e+00	0.0000000000e+00	0.0000000000e+00	0.0000000000e+00	0.0000000000e+00	0.0000000000e+00	0.0000000000e+00	0.0000000000e+00	0.0000000000e+00	0.0000000000e+00	0.0000000000e+00	0.0000000000e+00	0.0000000000e+00	0.0000000000e+00	0.0000000000e+00	0.0000000000e+00	0.0000000000e+00	0.0000000000e+00	0.0000000000e+00	0.0000000000e+00	0.0000000000e+00
1.0431423278e+05	2.8727699269e-14	0.0000000000e+00	0.0000000000e+00	0.0000000000e+00	0.0000000000e+00	0.0000000000e+00	0.0000000000e+00	0.0000000000e+00	0.0000000000e+00	0.0000000000e+00	0.0000000000e+00	0.0000000000e+00	0.0000000000e+00	0.0000000000e+00	0.0000000000e+00	0.0000000000e+00	0.0000000000e+00	0.0000000000e+00	0.0000000000e+00	0.0000000000e+00	0.0000000000e+00	0.0000000000e+00	0.0000000000e+00	0.0000000000e+00	0.0000000000e+00
1.0431765987e+05	2.8599689472e-14	0.0000000000e+00	0.0000000000e+00	0.0000000000e+00	0.0000000000e+00	0.0000000000e+00	0.0000000000e+00	0.0000000000e+00	0.0000000000e+00	0.0000000000e+00	0.0000000000e+00	0.0000000000e+00	0.0000000000e+00	0.0000000000e+00	0.0000000000e+00	0.0000000000e+00	0.0000000000e+00	0.0000000000e+00	0.0000000000e+00	0.0000000000e+00	0.0000000000e+00	0.0000000000e+00	0.0000000000e+00	0.0000000000e+00	0.0000000000e+00
1.0432112664e+05	2.8768116728e-14	0.0000000000e+00	0.0000000000e+00	0.0000000000e+00	0.0000000000e+00	0.0000000000e+00	0.0000000000e+00	0.0000000000e+00	0.0000000000e+00	0.0000000000e+00	0.0000000000e+00	0.0000000000e+00	0.0000000000e+00	0.0000000000e+00	0.0000000000e+00	0.0000000000e+00	0.0000000000e+00	0.0000000000e+00	0.0000000000e+00	0.0000000000e+00	0.0000000000e+00	0.0000000000e+00	0.0000000000e+00	0.0000000000e+00	0.0000000000e+00
1.0432463355e+05	2.8565600413e-14	0.0000000000e+00	0.0000000000e+00	0.0000000000e+00	0.0000000000e+00	0.0000000000e+00	0.0000000000e+00	0.0000000000e+00	0.0000000000e+00	0.0000000000e+00	0.0000000000e+00	0.0000000000e+00	0.0000000000e+00	0.0000000000e+00	0.0000000000e+00	0.0000000000e+00	0.0000000000e+00	0.0000000000e+00	0.0000000000e+00	0.0000000000e+00	0.0000000000e+00	0.0000000000e+00	0.0000000000e+00	0.0000000000e+00	0.0000000000e+00
1.0432818107e+05	2.8658847852e-14	0.0000000000e+00	0.0000000000e+00	0.0000000000e+00	0.0000000000e+00	0.0000000000e+00	0.0000000000e+00	0.0000000000e+00	0.0000000000e+00	0.0000000000e+00	0.0000000000e+00	0.0000000000e+00	0.0000000000e+00	0.0000000000e+00	0.0000000000e+00	0.0000000000e+00	0.0000000000e+00	0.0000000000e+00	0.0000000000e+00	0.0000000000e+00	0.0000000000e+00	0.0000000000e+00	0.0000000000e+00	0.0000000000e+00	0.0000000000e+00
1.0433176968e+05	2.8395770543e-14	0.0000000000e+00	0.0000000000e+00	0.0000000000e+00	0.0000000000e+00	0.0000000000e+00	0.0000000000e+00	0.0000000000e+00	0.0000000000e+00	0.0000000000e+00	0.0000000000e+00	0.0000000000e+00	0.0000000000e+00	0.0000000000e+00	0.0000000000e+00	0.0000000000e+00	0.0000000000e+00	0.0000000000e+00	0.0000000000e+00	0.0000000000e+00	0.0000000000e+00	0.0000000000e+00	0.0000000000e+00	0.0000000000e+00	0.0000000000e+00
1.0433539983e+05	2.8111930899e-14	0.0000000000e+00	0.0000000000e+00	0.0000000000e+00	0.0000000000e+00	0.0000000000e+00	0.0000000000e+00	0.0000000000e+00	0.0000000000e+00	0.0000000000e+00	0.0000000000e+00	0.0000000000e+00	0.0000000000e+00	0.0000000000e+00	0.0000000000e+00	0.0000000000e+00	0.0000000000e+00	0.0000000000e+00	0.0000000000e+00	0.0000000000e+00	0.0000000000e+00	0.0000000000e+00	0.0000000000e+00	0.0000000000e+00	0.0000000000e+00
1.0433907202e+05	2.7814442188e-14	0.0000000000e+00	0.0000000000e+00	0.0000000000e+00	0.0000000000e+00	0.0000000000e+00	0.0000000000e+00	0.0000000000e+00	0.0000000000e+00	0.0000000000e+00	0.0000000000e+00	0.0000000000e+00	0.0000000000e+00	0.0000000000e+00	0.0000000000e+00	0.0000000000e+00	0.0000000000e+00	0.0000000000e+00	0.0000000000e+00	0.0000000000e+00	0.0000000000e+00	0.0000000000e+00	0.0000000000e+00	0.0000000000e+00	0.0000000000e+00
1.0434278673e+05	2.7823442844e-14	0.0000000000e+00	0.0000000000e+00	0.0000000000e+00	0.0000000000e+00	0.0000000000e+00	0.0000000000e+00	0.0000000000e+00	0.0000000000e+00	0.0000000000e+00	0.0000000000e+00	0.0000000000e+00	0.0000000000e+00	0.0000000000e+00	0.0000000000e+00	0.0000000000e+00	0.0000000000e+00	0.0000000000e+00	0.0000000000e+00	0.0000000000e+00	0.0000000000e+00	0.0000000000e+00	0.0000000000e+00	0.0000000000e+00	0.0000000000e+00
1.0434654446e+05	2.7826898908e-14	0.0000000000e+00	0.0000000000e+00	0.0000000000e+00	0.0000000000e+00	0.0000000000e+00	0.0000000000e+00	0.0000000000e+00	0.0000000000e+00	0.0000000000e+00	0.0000000000e+00	0.0000000000e+00	0.0000000000e+00	0.0000000000e+00	0.0000000000e+00	0.0000000000e+00	0.0000000000e+00	0.0000000000e+00	0.0000000000e+00	0.0000000000e+00	0.0000000000e+00	0.0000000000e+00	0.0000000000e+00	0.0000000000e+00	0.0000000000e+00
1.0435034570e+05	2.7520600002e-14	0.0000000000e+00	0.0000000000e+00	0.0000000000e+00	0.0000000000e+00	0.0000000000e+00	0.0000000000e+00	0.0000000000e+00	0.0000000000e+00	0.0000000000e+00	0.0000000000e+00	0.0000000000e+00	0.0000000000e+00	0.0000000000e+00	0.0000000000e+00	0.0000000000e+00	0.0000000000e+00	0.0000000000e+00	0.0000000000e+00	0.0000000000e+00	0.0000000000e+00	0.0000000000e+00	0.0000000000e+00	0.0000000000e+00	0.0000000000e+00
1.0435419095e+05	2.7534478058e-14	0.0000000000e+00	0.0000000000e+00	0.0000000000e+00	0.0000000000e+00	0.0000000000e+00	0.0000000000e+00	0.0000000000e+00	0.0000000000e+00	0.0000000000e+00	0.0000000000e+00	0.0000000000e+00	0.0000000000e+00	0.0000000000e+00	0.0000000000e+00	0.0000000000e+00	0.0000000000e+00	0.0000000000e+00	0.0000000000e+00	0.0000000000e+00	0.0000000000e+00	0.0000000000e+00	0.0000000000e+00	0.0000000000e+00	0.0000000000e+00
1.0435808074e+05	2.7255906208e-14	0.0000000000e+00	0.0000000000e+00	0.0000000000e+00	0.0000000000e+00	0.0000000000e+00	0.0000000000e+00	0.0000000000e+00	0.0000000000e+00	0.0000000000e+00	0.0000000000e+00	0.0000000000e+00	0.0000000000e+00	0.0000000000e+00	0.0000000000e+00	0.0000000000e+00	0.0000000000e+00	0.0000000000e+00	0.0000000000e+00	0.0000000000e+00	0.0000000000e+00	0.0000000000e+00	0.0000000000e+00	0.0000000000e+00	0.0000000000e+00
1.0436201556e+05	2.7301609148e-14	0.0000000000e+00	0.0000000000e+00	0.0000000000e+00	0.0000000000e+00	0.0000000000e+00	0.0000000000e+00	0.0000000000e+00	0.0000000000e+00	0.0000000000e+00	0.0000000000e+00	0.0000000000e+00	0.0000000000e+00	0.0000000000e+00	0.0000000000e+00	0.0000000000e+00	0.0000000000e+00	0.0000000000e+00	0.0000000000e+00	0.0000000000e+00	0.0000000000e+00	0.0000000000e+00	0.0000000000e+00	0.0000000000e+00	0.0000000000e+00
1.0436599594e+05	2.7067627921e-14	0.0000000000e+00	0.0000000000e+00	0.0000000000e+00	0.0000000000e+00	0.0000000000e+00	0.0000000000e+00	0.0000000000e+00	0.0000000000e+00	0.0000000000e+00	0.0000000000e+00	0.0000000000e+00	0.0000000000e+00	0.0000000000e+00	0.0000000000e+00	0.0000000000e+00	0.0000000000e+00	0.0000000000e+00	0.0000000000e+00	0.0000000000e+00	0.0000000000e+00	0.0000000000e+00	0.0000000000e+00	0.0000000000e+00	0.0000000000e+00
1.0437002242e+05	2.6861736539e-14	0.0000000000e+00	0.0000000000e+00	0.0000000000e+00	0.0000000000e+00	0.0000000000e+00	0.0000000000e+00	0.0000000000e+00	0.0000000000e+00	0.0000000000e+00	0.0000000000e+00	0.0000000000e+00	0.0000000000e+00	0.0000000000e+00	0.0000000000e+00	0.0000000000e+00	0.0000000000e+00	0.0000000000e+00	0.0000000000e+00	0.0000000000e+00	0.0000000000e+00	0.0000000000e+00	0.0000000000e+00	0.0000000000e+00	0.0000000000e+00
1.0437409552e+05	2.6685083062e-14	0.0000000000e+00	0.0000000000e+00	0.0000000000e+00	0.0000000000e+00	0.0000000000e+00	0.0000000000e+00	0.0000000000e+00	0.0000000000e+00	0.0000000000e+00	0.0000000000e+00	0.0000000000e+00	0.0000000000e+00	0.0000000000e+00	0.0000000000e+00	0.0000000000e+00	0.0000000000e+00	0.0000000000e+00	0.0000000000e+00	0.0000000000e+00	0.0000000000e+00	0.0000000000e+00	0.0000000000e+00	0.0000000000e+00	0.0000000000e+00
1.0437821579e+05	2.6828133215e-14	0.0000000000e+00	0.0000000000e+00	0.0000000000e+00	0.0000000000e+00	0.0000000000e+00	0.0000000000e+00	0.0000000000e+00	0.0000000000e+00	0.0000000000e+00	0.0000000000e+00	0.0000000000e+00	0.0000000000e+00	0.0000000000e+00	0.0000000000e+00	0.0000000000e+00	0.0000000000e+00	0.0000000000e+00	0.0000000000e+00	0.0000000000e+00	0.0000000000e+00	0.0000000000e+00	0.0000000000e+00	0.0000000000e+00	0.0000000000e+00
1.0438238376e+05	2.6707867357e-14	0.0000000000e+00	0.0000000000e+00	0.0000000000e+00	0.0000000000e+00	0.0000000000e+00	0.0000000000e+00	0.0000000000e+00	0.0000000000e+00	0.0000000000e+00	0.0000000000e+00	0.0000000000e+00	0.0000000000e+00	0.0000000000e+00	0.0000000000e+00	0.0000000000e+00	0.0000000000e+00	0.0000000000e+00	0.0000000000e+00	0.0000000000e+00	0.0000000000e+00	0.0000000000e+00	0.0000000000e+00	0.0000000000e+00	0.0000000000e+00
1.0438660000e+05	2.6900389269e-14	0.0000000000e+00	0.0000000000e+00	0.0000000000e+00	0.0000000000e+00	0.0000000000e+00	0.0000000000e+00	0.0000000000e+00	0.0000000000e+00	0.0000000000e+00	0.0000000000e+00	0.0000000000e+00	0.0000000000e+00	0.0000000000e+00	0.0000000000e+00	0.0000000000e+00	0.0000000000e+00	0.0000000000e+00	0.0000000000e+00	0.0000000000e+00	0.0000000000e+00	0.0000000000e+00	0.0000000000e+00	0.0000000000e+00	0.0000000000e+00
1.0439086506e+05	2.7113196598e-14	0.0000000000e+00	0.0000000000e+00	0.0000000000e+00	0.0000000000e+00	0.0000000000e+00	0.0000000000e+00	0.0000000000e+00	0.0000000000e+00	0.0000000000e+00	0.0000000000e+00	0.0000000000e+00	0.0000000000e+00	0.0000000000e+00	0.0000000000e+00	0.0000000000e+00	0.0000000000e+00	0.0000000000e+00	0.0000000000e+00	0.0000000000e+00	0.0000000000e+00	0.0000000000e+00	0.0000000000e+00	0.0000000000e+00	0.0000000000e+00
1.0439517951e+05	2.7063298305e-14	0.0000000000e+00	0.0000000000e+00	0.0000000000e+00	0.0000000000e+00	0.0000000000e+00	0.0000000000e+00	0.0000000000e+00	0.0000000000e+00	0.0000000000e+00	0.0000000000e+00	0.0000000000e+00	0.0000000000e+00	0.0000000000e+00	0.0000000000e+00	0.0000000000e+00	0.0000000000e+00	0.0000000000e+00	0.0000000000e+00	0.0000000000e+00	0.0000000000e+00	0.0000000000e+00	0.0000000000e+00	0.0000000000e+00	0.0000000000e+00
1.0439954392e+05	2.7310265260e-14	0.0000000000e+00	0.0000000000e+00	0.0000000000e+00	0.0000000000e+00	0.0000000000e+00	0.0000000000e+00	0.0000000000e+00	0.0000000000e+00	0.0000000000e+00	0.0000000000e+00	0.0000000000e+00	0.0000000000e+00	0.0000000000e+00	0.0000000000e+00	0.0000000000e+00	0.0000000000e+00	0.0000000000e+00	0.0000000000e+00	0.0000000000e+00	0.0000000000e+00	0.0000000000e+00	0.0000000000e+00	0.0000000000e+00	0.0000000000e+00
1.0440395886e+05	2.7293368512e-14	0.0000000000e+00	0.0000000000e+00	0.0000000000e+00	0.0000000000e+00	0.0000000000e+00	0.0000000000e+00	0.0000000000e+00	0.0000000000e+00	0.0000000000e+00	0.0000000000e+00	0.0000000000e+00	0.0000000000e+00	0.0000000000e+00	0.0000000000e+00	0.0000000000e+00	0.0000000000e+00	0.0000000000e+00	0.0000000000e+00	0.0000000000e+00	0.0000000000e+00	0.0000000000e+00	0.0000000000e+00	0.0000000000e+00	0.0000000000e+00
1.0440842493e+05	2.7288652900e-14	0.0000000000e+00	0.0000000000e+00	0.0000000000e+00	0.0000000000e+00	0.0000000000e+00	0.0000000000e+00	0.0000000000e+00	0.0000000000e+00	0.0000000000e+00	0.0000000000e+00	0.0000000000e+00	0.0000000000e+00	0.0000000000e+00	0.0000000000e+00	0.0000000000e+00	0.0000000000e+00	0.0000000000e+00	0.0000000000e+00	0.0000000000e+00	0.0000000000e+00	0.0000000000e+00	0.0000000000e+00	0.0000000000e+00	0.0000000000e+00
1.0441294271e+05	2.7290194081e-14	0.0000000000e+00	0.0000000000e+00	0.0000000000e+00	0.0000000000e+00	0.0000000000e+00	0.0000000000e+00	0.0000000000e+00	0.0000000000e+00	0.0000000000e+00	0.0000000000e+00	0.0000000000e+00	0.0000000000e+00	0.0000000000e+00	0.0000000000e+00	0.0000000000e+00	0.0000000000e+00	0.0000000000e+00	0.0000000000e+00	0.0000000000e+00	0.0000000000e+00	0.0000000000e+00	0.0000000000e+00	0.0000000000e+00	0.0000000000e+00
1.0441751280e+05	2.7569074586e-14	0.0000000000e+00	0.0000000000e+00	0.0000000000e+00	0.0000000000e+00	0.0000000000e+00	0.0000000000e+00	0.0000000000e+00	0.0000000000e+00	0.0000000000e+00	0.0000000000e+00	0.0000000000e+00	0.0000000000e+00	0.0000000000e+00	0.0000000000e+00	0.0000000000e+00	0.0000000000e+00	0.0000000000e+00	0.0000000000e+00	0.0000000000e+00	0.0000000000e+00	0.0000000000e+00	0.0000000000e+00	0.0000000000e+00	0.0000000000e+00
1.0442213582e+05	2.7841609448e-14	0.0000000000e+00	0.0000000000e+00	0.0000000000e+00	0.0000000000e+00	0.0000000000e+00	0.0000000000e+00	0.0000000000e+00	0.0000000000e+00	0.0000000000e+00	0.0000000000e+00	0.0000000000e+00	0.0000000000e+00	0.0000000000e+00	0.0000000000e+00	0.0000000000e+00	0.0000000000e+00	0.0000000000e+00	0.0000000000e+00	0.0000000000e+00	0.0000000000e+00	0.0000000000e+00	0.0000000000e+00	0.0000000000e+00	0.0000000000e+00
1.0442681236e+05	2.7841539906e-14	0.0000000000e+00	0.0000000000e+00	0.0000000000e+00	0.0000000000e+00	0.0000000000e+00	0.0000000000e+00	0.0000000000e+00	0.0000000000e+00	0.0000000000e+00	0.0000000000e+00	0.0000000000e+00	0.0000000000e+00	0.0000000000e+00	0.0000000000e+00	0.0000000000e+00	0.0000000000e+00	0.0000000000e+00	0.0000000000e+00	0.0000000000e+00	0.0000000000e+00	0.0000000000e+00	0.0000000000e+00	0.0000000000e+00	0.0000000000e+00
1.0443154306e+05	2.8097845357e-14	0.0000000000e+00	0.0000000000e+00	0.0000000000e+00	0.0000000000e+00	0.0000000000e+00	0.0000000000e+00	0.0000000000e+00	0.0000000000e+00	0.0000000000e+00	0.0000000000e+00	0.0000000000e+00	0.0000000000e+00	0.0000000000e+00	0.0000000000e+00	0.0000000000e+00	0.0000000000e+00	0.0000000000e+00	0.0000000000e+00	0.0000000000e+00	0.0000000000e+00	0.0000000000e+00	0.0000000000e+00	0.0000000000e+00	0.0000000000e+00
1.0443632854e+05	2.8079854007e-14	0.0000000000e+00	0.0000000000e+00	0.0000000000e+00	0.0000000000e+00	0.0000000000e+00	0.0000000000e+00	0.0000000000e+00	0.0000000000e+00	0.0000000000e+00	0.0000000000e+00	0.0000000000e+00	0.0000000000e+00	0.0000000000e+00	0.0000000000e+00	0.0000000000e+00	0.0000000000e+00	0.0000000000e+00	0.0000000000e+00	0.0000000000e+00	0.0000000000e+00	0.0000000000e+00	0.0000000000e+00	0.0000000000e+00	0.0000000000e+00
1.0444116943e+05	2.8309136795e-14	0.0000000000e+00	0.0000000000e+00	0.0000000000e+00	0.0000000000e+00	0.0000000000e+00	0.0000000000e+00	0.0000000000e+00	0.0000000000e+00	0.0000000000e+00	0.0000000000e+00	0.0000000000e+00	0.0000000000e+00	0.0000000000e+00	0.0000000000e+00	0.0000000000e+00	0.0000000000e+00	0.0000000000e+00	0.0000000000e+00	0.0000000000e+00	0.0000000000e+00	0.0000000000e+00	0.0000000000e+00	0.0000000000e+00	0.0000000000e+00
1.0444606637e+05	2.8262588469e-14	0.0000000000e+00	0.0000000000e+00	0.0000000000e+00	0.0000000000e+00	0.0000000000e+00	0.0000000000e+00	0.0000000000e+00	0.0000000000e+00	0.0000000000e+00	0.0000000000e+00	0.0000000000e+00	0.0000000000e+00	0.0000000000e+00	0.0000000000e+00	0.0000000000e+00	0.0000000000e+00	0.0000000000e+00	0.0000000000e+00	0.0000000000e+00	0.0000000000e+00	0.0000000000e+00	0.0000000000e+00	0.0000000000e+00	0.0000000000e+00
1.0445102002e+05	2.8195772346e-14	0.0000000000e+00	0.0000000000e+00	0.0000000000e+00	0.0000000000e+00	0.0000000000e+00	0.0000000000e+00	0.0000000000e+00	0.0000000000e+00	0.0000000000e+00	0.0000000000e+00	0.0000000000e+00	0.0000000000e+00	0.0000000000e+00	0.0000000000e+00	0.0000000000e+00	0.0000000000e+00	0.0000000000e+00	0.0000000000e+00	0.0000000000e+00	0.0000000000e+00	0.0000000000e+00	0.0000000000e+00	0.0000000000e+00	0.0000000000e+00
1.0445603103e+05	2.8371908354e-14	0.0000000000e+00	0.0000000000e+00	0.0000000000e+00	0.0000000000e+00	0.0000000000e+00	0.0000000000e+00	0.0000000000e+00	0.0000000000e+00	0.0000000000e+00	0.0000000000e+00	0.0000000000e+00	0.0000000000e+00	0.0000000000e+00	0.0000000000e+00	0.0000000000e+00	0.0000000000e+00	0.0000000000e+00	0.0000000000e+00	0.0000000000e+00	0.0000000000e+00	0.0000000000e+00	0.0000000000e+00	0.0000000000e+00	0.0000000000e+00
1.0446110006e+05	2.8265914383e-14	0.0000000000e+00	0.0000000000e+00	0.0000000000e+00	0.0000000000e+00	0.0000000000e+00	0.0000000000e+00	0.0000000000e+00	0.0000000000e+00	0.0000000000e+00	0.0000000000e+00	0.0000000000e+00	0.0000000000e+00	0.0000000000e+00	0.0000000000e+00	0.0000000000e+00	0.0000000000e+00	0.0000000000e+00	0.0000000000e+00	0.0000000000e+00	0.0000000000e+00	0.0000000000e+00	0.0000000000e+00	0.0000000000e+00	0.0000000000e+00
1.0446622779e+05	2.8399888516e-14	0.0000000000e+00	0.0000000000e+00	0.0000000000e+00	0.0000000000e+00	0.0000000000e+00	0.0000000000e+00	0.0000000000e+00	0.0000000000e+00	0.0000000000e+00	0.0000000000e+00	0.0000000000e+00	0.0000000000e+00	0.0000000000e+00	0.0000000000e+00	0.0000000000e+00	0.0000000000e+00	0.0000000000e+00	0.0000000000e+00	0.0000000000e+00	0.0000000000e+00	0.0000000000e+00	0.0000000000e+00	0.0000000000e+00	0.0000000000e+00
1.0447141490e+05	2.8508342666e-14	0.0000000000e+00	0.0000000000e+00	0.0000000000e+00	0.0000000000e+00	0.0000000000e+00	0.0000000000e+00	0.0000000000e+00	0.0000000000e+00	0.0000000000e+00	0.0000000000e+00	0.0000000000e+00	0.0000000000e+00	0.0000000000e+00	0.0000000000e+00	0.0000000000e+00	0.0000000000e+00	0.0000000000e+00	0.0000000000e+00	0.0000000000e+00	0.0000000000e+00	0.0000000000e+00	0.0000000000e+00	0.0000000000e+00	0.0000000000e+00
1.0447666207e+05	2.8345250077e-14	0.0000000000e+00	0.0000000000e+00	0.0000000000e+00	0.0000000000e+00	0.0000000000e+00	0.0000000000e+00	0.0000000000e+00	0.0000000000e+00	0.0000000000e+00	0.0000000000e+00	0.0000000000e+00	0.0000000000e+00	0.0000000000e+00	0.0000000000e+00	0.0000000000e+00	0.0000000000e+00	0.0000000000e+00	0.0000000000e+00	0.0000000000e+00	0.0000000000e+00	0.0000000000e+00	0.0000000000e+00	0.0000000000e+00	0.0000000000e+00
1.0448197000e+05	2.8411647925e-14	0.0000000000e+00	0.0000000000e+00	0.0000000000e+00	0.0000000000e+00	0.0000000000e+00	0.0000000000e+00	0.0000000000e+00	0.0000000000e+00	0.0000000000e+00	0.0000000000e+00	0.0000000000e+00	0.0000000000e+00	0.0000000000e+00	0.0000000000e+00	0.0000000000e+00	0.0000000000e+00	0.0000000000e+00	0.0000000000e+00	0.0000000000e+00	0.0000000000e+00	0.0000000000e+00	0.0000000000e+00	0.0000000000e+00	0.0000000000e+00
1.0448733939e+05	2.8209769012e-14	0.0000000000e+00	0.0000000000e+00	0.0000000000e+00	0.0000000000e+00	0.0000000000e+00	0.0000000000e+00	0.0000000000e+00	0.0000000000e+00	0.0000000000e+00	0.0000000000e+00	0.0000000000e+00	0.0000000000e+00	0.0000000000e+00	0.0000000000e+00	0.0000000000e+00	0.0000000000e+00	0.0000000000e+00	0.0000000000e+00	0.0000000000e+00	0.0000000000e+00	0.0000000000e+00	0.0000000000e+00	0.0000000000e+00	0.0000000000e+00
1.0449277096e+05	2.7986768284e-14	0.0000000000e+00	0.0000000000e+00	0.0000000000e+00	0.0000000000e+00	0.0000000000e+00	0.0000000000e+00	0.0000000000e+00	0.0000000000e+00	0.0000000000e+00	0.0000000000e+00	0.0000000000e+00	0.0000000000e+00	0.0000000000e+00	0.0000000000e+00	0.0000000000e+00	0.0000000000e+00	0.0000000000e+00	0.0000000000e+00	0.0000000000e+00	0.0000000000e+00	0.0000000000e+00	0.0000000000e+00	0.0000000000e+00	0.0000000000e+00
1.0449826542e+05	2.8003333065e-14	0.0000000000e+00	0.0000000000e+00	0.0000000000e+00	0.0000000000e+00	0.0000000000e+00	0.0000000000e+00	0.0000000000e+00	0.0000000000e+00	0.0000000000e+00	0.0000000000e+00	0.0000000000e+00	0.0000000000e+00	0.0000000000e+00	0.0000000000e+00	0.0000000000e+00	0.0000000000e+00	0.0000000000e+00	0.0000000000e+00	0.0000000000e+00	0.0000000000e+00	0.0000000000e+00	0.0000000000e+00	0.0000000000e+00	0.0000000000e+00
1.0450382351e+05	2.8000899474e-14	0.0000000000e+00	0.0000000000e+00	0.0000000000e+00	0.0000000000e+00	0.0000000000e+00	0.0000000000e+00	0.0000000000e+00	0.0000000000e+00	0.0000000000e+00	0.0000000000e+00	0.0000000000e+00	0.0000000000e+00	0.0000000000e+00	0.0000000000e+00	0.0000000000e+00	0.0000000000e+00	0.0000000000e+00	0.0000000000e+00	0.0000000000e+00	0.0000000000e+00	0.0000000000e+00	0.0000000000e+00	0.0000000000e+00	0.0000000000e+00
1.0450944595e+05	2.7739436036e-14	0.0000000000e+00	0.0000000000e+00	0.0000000000e+00	0.0000000000e+00	0.0000000000e+00	0.0000000000e+00	0.0000000000e+00	0.0000000000e+00	0.0000000000e+00	0.0000000000e+00	0.0000000000e+00	0.0000000000e+00	0.0000000000e+00	0.0000000000e+00	0.0000000000e+00	0.0000000000e+00	0.0000000000e+00	0.0000000000e+00	0.0000000000e+00	0.0000000000e+00	0.0000000000e+00	0.0000000000e+00	0.0000000000e+00	0.0000000000e+00
1.0451513350e+05	2.7712544136e-14	0.0000000000e+00	0.0000000000e+00	0.0000000000e+00	0.0000000000e+00	0.0000000000e+00	0.0000000000e+00	0.0000000000e+00	0.0000000000e+00	0.0000000000e+00	0.0000000000e+00	0.0000000000e+00	0.0000000000e+00	0.0000000000e+00	0.0000000000e+00	0.0000000000e+00	0.0000000000e+00	0.0000000000e+00	0.0000000000e+00	0.0000000000e+00	0.0000000000e+00	0.0000000000e+00	0.0000000000e+00	0.0000000000e+00	0.0000000000e+00
1.0452088691e+05	2.7672283197e-14	0.0000000000e+00	0.0000000000e+00	0.0000000000e+00	0.0000000000e+00	0.0000000000e+00	0.0000000000e+00	0.0000000000e+00	0.0000000000e+00	0.0000000000e+00	0.0000000000e+00	0.0000000000e+00	0.0000000000e+00	0.0000000000e+00	0.0000000000e+00	0.0000000000e+00	0.0000000000e+00	0.0000000000e+00	0.0000000000e+00	0.0000000000e+00	0.0000000000e+00	0.0000000000e+00	0.0000000000e+00	0.0000000000e+00	0.0000000000e+00
1.0452670694e+05	2.7388502517e-14	0.0000000000e+00	0.0000000000e+00	0.0000000000e+00	0.0000000000e+00	0.0000000000e+00	0.0000000000e+00	0.0000000000e+00	0.0000000000e+00	0.0000000000e+00	0.0000000000e+00	0.0000000000e+00	0.0000000000e+00	0.0000000000e+00	0.0000000000e+00	0.0000000000e+00	0.0000000000e+00	0.0000000000e+00	0.0000000000e+00	0.0000000000e+00	0.0000000000e+00	0.0000000000e+00	0.0000000000e+00	0.0000000000e+00	0.0000000000e+00
1.0453259436e+05	2.7097072672e-14	0.0000000000e+00	0.0000000000e+00	0.0000000000e+00	0.0000000000e+00	0.0000000000e+00	0.0000000000e+00	0.0000000000e+00	0.0000000000e+00	0.0000000000e+00	0.0000000000e+00	0.0000000000e+00	0.0000000000e+00	0.0000000000e+00	0.0000000000e+00	0.0000000000e+00	0.0000000000e+00	0.0000000000e+00	0.0000000000e+00	0.0000000000e+00	0.0000000000e+00	0.0000000000e+00	0.0000000000e+00	0.0000000000e+00	0.0000000000e+00
1.0453854996e+05	2.7047617047e-14	0.0000000000e+00	0.0000000000e+00	0.0000000000e+00	0.0000000000e+00	0.0000000000e+00	0.0000000000e+00	0.0000000000e+00	0.0000000000e+00	0.0000000000e+00	0.0000000000e+00	0.0000000000e+00	0.0000000000e+00	0.0000000000e+00	0.0000000000e+00	0.0000000000e+00	0.0000000000e+00	0.0000000000e+00	0.0000000000e+00	0.0000000000e+00	0.0000000000e+00	0.0000000000e+00	0.0000000000e+00	0.0000000000e+00	0.0000000000e+00
1.0454457452e+05	2.6754093344e-14	0.0000000000e+00	0.0000000000e+00	0.0000000000e+00	0.0000000000e+00	0.0000000000e+00	0.0000000000e+00	0.0000000000e+00	0.0000000000e+00	0.0000000000e+00	0.0000000000e+00	0.0000000000e+00	0.0000000000e+00	0.0000000000e+00	0.0000000000e+00	0.0000000000e+00	0.0000000000e+00	0.0000000000e+00	0.0000000000e+00	0.0000000000e+00	0.0000000000e+00	0.0000000000e+00	0.0000000000e+00	0.0000000000e+00	0.0000000000e+00
1.0455066883e+05	2.6704915929e-14	0.0000000000e+00	0.0000000000e+00	0.0000000000e+00	0.0000000000e+00	0.0000000000e+00	0.0000000000e+00	0.0000000000e+00	0.0000000000e+00	0.0000000000e+00	0.0000000000e+00	0.0000000000e+00	0.0000000000e+00	0.0000000000e+00	0.0000000000e+00	0.0000000000e+00	0.0000000000e+00	0.0000000000e+00	0.0000000000e+00	0.0000000000e+00	0.0000000000e+00	0.0000000000e+00	0.0000000000e+00	0.0000000000e+00	0.0000000000e+00
1.0455683372e+05	2.6655430238e-14	0.0000000000e+00	0.0000000000e+00	0.0000000000e+00	0.0000000000e+00	0.0000000000e+00	0.0000000000e+00	0.0000000000e+00	0.0000000000e+00	0.0000000000e+00	0.0000000000e+00	0.0000000000e+00	0.0000000000e+00	0.0000000000e+00	0.0000000000e+00	0.0000000000e+00	0.0000000000e+00	0.0000000000e+00	0.0000000000e+00	0.0000000000e+00	0.0000000000e+00	0.0000000000e+00	0.0000000000e+00	0.0000000000e+00	0.0000000000e+00
1.0456307000e+05	2.6375658760e-14	0.0000000000e+00	0.0000000000e+00	0.0000000000e+00	0.0000000000e+00	0.0000000000e+00	0.0000000000e+00	0.0000000000e+00	0.0000000000e+00	0.0000000000e+00	0.0000000000e+00	0.0000000000e+00	0.0000000000e+00	0.0000000000e+00	0.0000000000e+00	0.0000000000e+00	0.0000000000e+00	0.0000000000e+00	0.0000000000e+00	0.0000000000e+00	0.0000000000e+00	0.0000000000e+00	0.0000000000e+00	0.0000000000e+00	0.0000000000e+00
1.0456937848e+05	2.6338680656e-14	0.0000000000e+00	0.0000000000e+00	0.0000000000e+00	0.0000000000e+00	0.0000000000e+00	0.0000000000e+00	0.0000000000e+00	0.0000000000e+00	0.0000000000e+00	0.0000000000e+00	0.0000000000e+00	0.0000000000e+00	0.0000000000e+00	0.0000000000e+00	0.0000000000e+00	0.0000000000e+00	0.0000000000e+00	0.0000000000e+00	0.0000000000e+00	0.0000000000e+00	0.0000000000e+00	0.0000000000e+00	0.0000000000e+00	0.0000000000e+00
1.0457576002e+05	2.6075070919e-14	0.0000000000e+00	0.0000000000e+00	0.0000000000e+00	0.0000000000e+00	0.0000000000e+00	0.0000000000e+00	0.0000000000e+00	0.0000000000e+00	0.0000000000e+00	0.0000000000e+00	0.0000000000e+00	0.0000000000e+00	0.0000000000e+00	0.0000000000e+00	0.0000000000e+00	0.0000000000e+00	0.0000000000e+00	0.0000000000e+00	0.0000000000e+00	0.0000000000e+00	0.0000000000e+00	0.0000000000e+00	0.0000000000e+00	0.0000000000e+00
1.0458221545e+05	2.5820082767e-14	0.0000000000e+00	0.0000000000e+00	0.0000000000e+00	0.0000000000e+00	0.0000000000e+00	0.0000000000e+00	0.0000000000e+00	0.0000000000e+00	0.0000000000e+00	0.0000000000e+00	0.0000000000e+00	0.0000000000e+00	0.0000000000e+00	0.0000000000e+00	0.0000000000e+00	0.0000000000e+00	0.0000000000e+00	0.0000000000e+00	0.0000000000e+00	0.0000000000e+00	0.0000000000e+00	0.0000000000e+00	0.0000000000e+00	0.0000000000e+00
1.0458874563e+05	2.5812327013e-14	0.0000000000e+00	0.0000000000e+00	0.0000000000e+00	0.0000000000e+00	0.0000000000e+00	0.0000000000e+00	0.0000000000e+00	0.0000000000e+00	0.0000000000e+00	0.0000000000e+00	0.0000000000e+00	0.0000000000e+00	0.0000000000e+00	0.0000000000e+00	0.0000000000e+00	0.0000000000e+00	0.0000000000e+00	0.0000000000e+00	0.0000000000e+00	0.0000000000e+00	0.0000000000e+00	0.0000000000e+00	0.0000000000e+00	0.0000000000e+00
1.0459535143e+05	2.5813923318e-14	0.0000000000e+00	0.0000000000e+00	0.0000000000e+00	0.0000000000e+00	0.0000000000e+00	0.0000000000e+00	0.0000000000e+00	0.0000000000e+00	0.0000000000e+00	0.0000000000e+00	0.0000000000e+00	0.0000000000e+00	0.0000000000e+00	0.0000000000e+00	0.0000000000e+00	0.0000000000e+00	0.0000000000e+00	0.0000000000e+00	0.0000000000e+00	0.0000000000e+00	0.0000000000e+00	0.0000000000e+00	0.0000000000e+00	0.0000000000e+00
1.0460203371e+05	2.5596576819e-14	0.0000000000e+00	0.0000000000e+00	0.0000000000e+00	0.0000000000e+00	0.0000000000e+00	0.0000000000e+00	0.0000000000e+00	0.0000000000e+00	0.0000000000e+00	0.0000000000e+00	0.0000000000e+00	0.0000000000e+00	0.0000000000e+00	0.0000000000e+00	0.0000000000e+00	0.0000000000e+00	0.0000000000e+00	0.0000000000e+00	0.0000000000e+00	0.0000000000e+00	0.0000000000e+00	0.0000000000e+00	0.0000000000e+00	0.0000000000e+00
1.0460879338e+05	2.5623164344e-14	0.0000000000e+00	0.0000000000e+00	0.0000000000e+00	0.0000000000e+00	0.0000000000e+00	0.0000000000e+00	0.0000000000e+00	0.0000000000e+00	0.0000000000e+00	0.0000000000e+00	0.0000000000e+00	0.0000000000e+00	0.0000000000e+00	0.0000000000e+00	0.0000000000e+00	0.0000000000e+00	0.0000000000e+00	0.0000000000e+00	0.0000000000e+00	0.0000000000e+00	0.0000000000e+00	0.0000000000e+00	0.0000000000e+00	0.0000000000e+00
1.0461563132e+05	2.5660831036e-14	0.0000000000e+00	0.0000000000e+00	0.0000000000e+00	0.0000000000e+00	0.0000000000e+00	0.0000000000e+00	0.0000000000e+00	0.0000000000e+00	0.0000000000e+00	0.0000000000e+00	0.0000000000e+00	0.0000000000e+00	0.0000000000e+00	0.0000000000e+00	0.0000000000e+00	0.0000000000e+00	0.0000000000e+00	0.0000000000e+00	0.0000000000e+00	0.0000000000e+00	0.0000000000e+00	0.0000000000e+00	0.0000000000e+00	0.0000000000e+00
1.0462254844e+05	2.5486097911e-14	0.0000000000e+00	0.0000000000e+00	0.0000000000e+00	0.0000000000e+00	0.0000000000e+00	0.0000000000e+00	0.0000000000e+00	0.0000000000e+00	0.0000000000e+00	0.0000000000e+00	0.0000000000e+00	0.0000000000e+00	0.0000000000e+00	0.0000000000e+00	0.0000000000e+00	0.0000000000e+00	0.0000000000e+00	0.0000000000e+00	0.0000000000e+00	0.0000000000e+00	0.0000000000e+00	0.0000000000e+00	0.0000000000e+00	0.0000000000e+00
1.0462954565e+05	2.5326405388e-14	0.0000000000e+00	0.0000000000e+00	0.0000000000e+00	0.0000000000e+00	0.0000000000e+00	0.0000000000e+00	0.0000000000e+00	0.0000000000e+00	0.0000000000e+00	0.0000000000e+00	0.0000000000e+00	0.0000000000e+00	0.0000000000e+00	0.0000000000e+00	0.0000000000e+00	0.0000000000e+00	0.0000000000e+00	0.0000000000e+00	0.0000000000e+00	0.0000000000e+00	0.0000000000e+00	0.0000000000e+00	0.0000000000e+00	0.0000000000e+00
1.0463662389e+05	2.5403897246e-14	0.0000000000e+00	0.0000000000e+00	0.0000000000e+00	0.0000000000e+00	0.0000000000e+00	0.0000000000e+00	0.0000000000e+00	0.0000000000e+00	0.0000000000e+00	0.0000000000e+00	0.0000000000e+00	0.0000000000e+00	0.0000000000e+00	0.0000000000e+00	0.0000000000e+00	0.0000000000e+00	0.0000000000e+00	0.0000000000e+00	0.0000000000e+00	0.0000000000e+00	0.0000000000e+00	0.0000000000e+00	0.0000000000e+00	0.0000000000e+00
1.0464378409e+05	2.5493529556e-14	0.0000000000e+00	0.0000000000e+00	0.0000000000e+00	0.0000000000e+00	0.0000000000e+00	0.0000000000e+00	0.0000000000e+00	0.0000000000e+00	0.0000000000e+00	0.0000000000e+00	0.0000000000e+00	0.0000000000e+00	0.0000000000e+00	0.0000000000e+00	0.0000000000e+00	0.0000000000e+00	0.0000000000e+00	0.0000000000e+00	0.0000000000e+00	0.0000000000e+00	0.0000000000e+00	0.0000000000e+00	0.0000000000e+00	0.0000000000e+00
1.0465102720e+05	2.5377117360e-14	0.0000000000e+00	0.0000000000e+00	0.0000000000e+00	0.0000000000e+00	0.0000000000e+00	0.0000000000e+00	0.0000000000e+00	0.0000000000e+00	0.0000000000e+00	0.0000000000e+00	0.0000000000e+00	0.0000000000e+00	0.0000000000e+00	0.0000000000e+00	0.0000000000e+00	0.0000000000e+00	0.0000000000e+00	0.0000000000e+00	0.0000000000e+00	0.0000000000e+00	0.0000000000e+00	0.0000000000e+00	0.0000000000e+00	0.0000000000e+00
1.0465835418e+05	2.5490461172e-14	0.0000000000e+00	0.0000000000e+00	0.0000000000e+00	0.0000000000e+00	0.0000000000e+00	0.0000000000e+00	0.0000000000e+00	0.0000000000e+00	0.0000000000e+00	0.0000000000e+00	0.0000000000e+00	0.0000000000e+00	0.0000000000e+00	0.0000000000e+00	0.0000000000e+00	0.0000000000e+00	0.0000000000e+00	0.0000000000e+00	0.0000000000e+00	0.0000000000e+00	0.0000000000e+00	0.0000000000e+00	0.0000000000e+00	0.0000000000e+00
1.0466576601e+05	2.5613860536e-14	0.0000000000e+00	0.0000000000e+00	0.0000000000e+00	0.0000000000e+00	0.0000000000e+00	0.0000000000e+00	0.0000000000e+00	0.0000000000e+00	0.0000000000e+00	0.0000000000e+00	0.0000000000e+00	0.0000000000e+00	0.0000000000e+00	0.0000000000e+00	0.0000000000e+00	0.0000000000e+00	0.0000000000e+00	0.0000000000e+00	0.0000000000e+00	0.0000000000e+00	0.0000000000e+00	0.0000000000e+00	0.0000000000e+00	0.0000000000e+00
1.0467326366e+05	2.5535190031e-14	0.0000000000e+00	0.0000000000e+00	0.0000000000e+00	0.0000000000e+00	0.0000000000e+00	0.0000000000e+00	0.0000000000e+00	0.0000000000e+00	0.0000000000e+00	0.0000000000e+00	0.0000000000e+00	0.0000000000e+00	0.0000000000e+00	0.0000000000e+00	0.0000000000e+00	0.0000000000e+00	0.0000000000e+00	0.0000000000e+00	0.0000000000e+00	0.0000000000e+00	0.0000000000e+00	0.0000000000e+00	0.0000000000e+00	0.0000000000e+00
1.0468084813e+05	2.5469865064e-14	0.0000000000e+00	0.0000000000e+00	0.0000000000e+00	0.0000000000e+00	0.0000000000e+00	0.0000000000e+00	0.0000000000e+00	0.0000000000e+00	0.0000000000e+00	0.0000000000e+00	0.0000000000e+00	0.0000000000e+00	0.0000000000e+00	0.0000000000e+00	0.0000000000e+00	0.0000000000e+00	0.0000000000e+00	0.0000000000e+00	0.0000000000e+00	0.0000000000e+00	0.0000000000e+00	0.0000000000e+00	0.0000000000e+00	0.0000000000e+00
1.0468852042e+05	2.5623674133e-14	0.0000000000e+00	0.0000000000e+00	0.0000000000e+00	0.0000000000e+00	0.0000000000e+00	0.0000000000e+00	0.0000000000e+00	0.0000000000e+00	0.0000000000e+00	0.0000000000e+00	0.0000000000e+00	0.0000000000e+00	0.0000000000e+00	0.0000000000e+00	0.0000000000e+00	0.0000000000e+00	0.0000000000e+00	0.0000000000e+00	0.0000000000e+00	0.0000000000e+00	0.0000000000e+00	0.0000000000e+00	0.0000000000e+00	0.0000000000e+00
1.0469628156e+05	2.5784273516e-14	0.0000000000e+00	0.0000000000e+00	0.0000000000e+00	0.0000000000e+00	0.0000000000e+00	0.0000000000e+00	0.0000000000e+00	0.0000000000e+00	0.0000000000e+00	0.0000000000e+00	0.0000000000e+00	0.0000000000e+00	0.0000000000e+00	0.0000000000e+00	0.0000000000e+00	0.0000000000e+00	0.0000000000e+00	0.0000000000e+00	0.0000000000e+00	0.0000000000e+00	0.0000000000e+00	0.0000000000e+00	0.0000000000e+00	0.0000000000e+00
1.0470413256e+05	2.5950712458e-14	0.0000000000e+00	0.0000000000e+00	0.0000000000e+00	0.0000000000e+00	0.0000000000e+00	0.0000000000e+00	0.0000000000e+00	0.0000000000e+00	0.0000000000e+00	0.0000000000e+00	0.0000000000e+00	0.0000000000e+00	0.0000000000e+00	0.0000000000e+00	0.0000000000e+00	0.0000000000e+00	0.0000000000e+00	0.0000000000e+00	0.0000000000e+00	0.0000000000e+00	0.0000000000e+00	0.0000000000e+00	0.0000000000e+00	0.0000000000e+00
1.0471207447e+05	2.6122373130e-14	0.0000000000e+00	0.0000000000e+00	0.0000000000e+00	0.0000000000e+00	0.0000000000e+00	0.0000000000e+00	0.0000000000e+00	0.0000000000e+00	0.0000000000e+00	0.0000000000e+00	0.0000000000e+00	0.0000000000e+00	0.0000000000e+00	0.0000000000e+00	0.0000000000e+00	0.0000000000e+00	0.0000000000e+00	0.0000000000e+00	0.0000000000e+00	0.0000000000e+00	0.0000000000e+00	0.0000000000e+00	0.0000000000e+00	0.0000000000e+00
1.0472010835e+05	2.6097790442e-14	0.0000000000e+00	0.0000000000e+00	0.0000000000e+00	0.0000000000e+00	0.0000000000e+00	0.0000000000e+00	0.0000000000e+00	0.0000000000e+00	0.0000000000e+00	0.0000000000e+00	0.0000000000e+00	0.0000000000e+00	0.0000000000e+00	0.0000000000e+00	0.0000000000e+00	0.0000000000e+00	0.0000000000e+00	0.0000000000e+00	0.0000000000e+00	0.0000000000e+00	0.0000000000e+00	0.0000000000e+00	0.0000000000e+00	0.0000000000e+00
1.0472823526e+05	2.6079973061e-14	0.0000000000e+00	0.0000000000e+00	0.0000000000e+00	0.0000000000e+00	0.0000000000e+00	0.0000000000e+00	0.0000000000e+00	0.0000000000e+00	0.0000000000e+00	0.0000000000e+00	0.0000000000e+00	0.0000000000e+00	0.0000000000e+00	0.0000000000e+00	0.0000000000e+00	0.0000000000e+00	0.0000000000e+00	0.0000000000e+00	0.0000000000e+00	0.0000000000e+00	0.0000000000e+00	0.0000000000e+00	0.0000000000e+00	0.0000000000e+00
1.0473645627e+05	2.6264424174e-14	0.0000000000e+00	0.0000000000e+00	0.0000000000e+00	0.0000000000e+00	0.0000000000e+00	0.0000000000e+00	0.0000000000e+00	0.0000000000e+00	0.0000000000e+00	0.0000000000e+00	0.0000000000e+00	0.0000000000e+00	0.0000000000e+00	0.0000000000e+00	0.0000000000e+00	0.0000000000e+00	0.0000000000e+00	0.0000000000e+00	0.0000000000e+00	0.0000000000e+00	0.0000000000e+00	0.0000000000e+00	0.0000000000e+00	0.0000000000e+00
1.0474477247e+05	2.6449229018e-14	0.0000000000e+00	0.0000000000e+00	0.0000000000e+00	0.0000000000e+00	0.0000000000e+00	0.0000000000e+00	0.0000000000e+00	0.0000000000e+00	0.0000000000e+00	0.0000000000e+00	0.0000000000e+00	0.0000000000e+00	0.0000000000e+00	0.0000000000e+00	0.0000000000e+00	0.0000000000e+00	0.0000000000e+00	0.0000000000e+00	0.0000000000e+00	0.0000000000e+00	0.0000000000e+00	0.0000000000e+00	0.0000000000e+00	0.0000000000e+00
1.0475318497e+05	2.6439955519e-14	0.0000000000e+00	0.0000000000e+00	0.0000000000e+00	0.0000000000e+00	0.0000000000e+00	0.0000000000e+00	0.0000000000e+00	0.0000000000e+00	0.0000000000e+00	0.0000000000e+00	0.0000000000e+00	0.0000000000e+00	0.0000000000e+00	0.0000000000e+00	0.0000000000e+00	0.0000000000e+00	0.0000000000e+00	0.0000000000e+00	0.0000000000e+00	0.0000000000e+00	0.0000000000e+00	0.0000000000e+00	0.0000000000e+00	0.0000000000e+00
1.0476169489e+05	2.6625714019e-14	0.0000000000e+00	0.0000000000e+00	0.0000000000e+00	0.0000000000e+00	0.0000000000e+00	0.0000000000e+00	0.0000000000e+00	0.0000000000e+00	0.0000000000e+00	0.0000000000e+00	0.0000000000e+00	0.0000000000e+00	0.0000000000e+00	0.0000000000e+00	0.0000000000e+00	0.0000000000e+00	0.0000000000e+00	0.0000000000e+00	0.0000000000e+00	0.0000000000e+00	0.0000000000e+00	0.0000000000e+00	0.0000000000e+00	0.0000000000e+00
1.0477030334e+05	2.6809151678e-14	0.0000000000e+00	0.0000000000e+00	0.0000000000e+00	0.0000000000e+00	0.0000000000e+00	0.0000000000e+00	0.0000000000e+00	0.0000000000e+00	0.0000000000e+00	0.0000000000e+00	0.0000000000e+00	0.0000000000e+00	0.0000000000e+00	0.0000000000e+00	0.0000000000e+00	0.0000000000e+00	0.0000000000e+00	0.0000000000e+00	0.0000000000e+00	0.0000000000e+00	0.0000000000e+00	0.0000000000e+00	0.0000000000e+00	0.0000000000e+00
1.0477901148e+05	2.6799435650e-14	0.0000000000e+00	0.0000000000e+00	0.0000000000e+00	0.0000000000e+00	0.0000000000e+00	0.0000000000e+00	0.0000000000e+00	0.0000000000e+00	0.0000000000e+00	0.0000000000e+00	0.0000000000e+00	0.0000000000e+00	0.0000000000e+00	0.0000000000e+00	0.0000000000e+00	0.0000000000e+00	0.0000000000e+00	0.0000000000e+00	0.0000000000e+00	0.0000000000e+00	0.0000000000e+00	0.0000000000e+00	0.0000000000e+00	0.0000000000e+00
1.0478782045e+05	2.6977032346e-14	0.0000000000e+00	0.0000000000e+00	0.0000000000e+00	0.0000000000e+00	0.0000000000e+00	0.0000000000e+00	0.0000000000e+00	0.0000000000e+00	0.0000000000e+00	0.0000000000e+00	0.0000000000e+00	0.0000000000e+00	0.0000000000e+00	0.0000000000e+00	0.0000000000e+00	0.0000000000e+00	0.0000000000e+00	0.0000000000e+00	0.0000000000e+00	0.0000000000e+00	0.0000000000e+00	0.0000000000e+00	0.0000000000e+00	0.0000000000e+00
1.0479673142e+05	2.7149297882e-14	0.0000000000e+00	0.0000000000e+00	0.0000000000e+00	0.0000000000e+00	0.0000000000e+00	0.0000000000e+00	0.0000000000e+00	0.0000000000e+00	0.0000000000e+00	0.0000000000e+00	0.0000000000e+00	0.0000000000e+00	0.0000000000e+00	0.0000000000e+00	0.0000000000e+00	0.0000000000e+00	0.0000000000e+00	0.0000000000e+00	0.0000000000e+00	0.0000000000e+00	0.0000000000e+00	0.0000000000e+00	0.0000000000e+00	0.0000000000e+00
1.0480574558e+05	2.7129923218e-14	0.0000000000e+00	0.0000000000e+00	0.0000000000e+00	0.0000000000e+00	0.0000000000e+00	0.0000000000e+00	0.0000000000e+00	0.0000000000e+00	0.0000000000e+00	0.0000000000e+00	0.0000000000e+00	0.0000000000e+00	0.0000000000e+00	0.0000000000e+00	0.0000000000e+00	0.0000000000e+00	0.0000000000e+00	0.0000000000e+00	0.0000000000e+00	0.0000000000e+00	0.0000000000e+00	0.0000000000e+00	0.0000000000e+00	0.0000000000e+00
1.0481486412e+05	2.7292391417e-14	0.0000000000e+00	0.0000000000e+00	0.0000000000e+00	0.0000000000e+00	0.0000000000e+00	0.0000000000e+00	0.0000000000e+00	0.0000000000e+00	0.0000000000e+00	0.0000000000e+00	0.0000000000e+00	0.0000000000e+00	0.0000000000e+00	0.0000000000e+00	0.0000000000e+00	0.0000000000e+00	0.0000000000e+00	0.0000000000e+00	0.0000000000e+00	0.0000000000e+00	0.0000000000e+00	0.0000000000e+00	0.0000000000e+00	0.0000000000e+00
1.0482408824e+05	2.7446793298e-14	0.0000000000e+00	0.0000000000e+00	0.0000000000e+00	0.0000000000e+00	0.0000000000e+00	0.0000000000e+00	0.0000000000e+00	0.0000000000e+00	0.0000000000e+00	0.0000000000e+00	0.0000000000e+00	0.0000000000e+00	0.0000000000e+00	0.0000000000e+00	0.0000000000e+00	0.0000000000e+00	0.0000000000e+00	0.0000000000e+00	0.0000000000e+00	0.0000000000e+00	0.0000000000e+00	0.0000000000e+00	0.0000000000e+00	0.0000000000e+00
1.0483341918e+05	2.7409380625e-14	0.0000000000e+00	0.0000000000e+00	0.0000000000e+00	0.0000000000e+00	0.0000000000e+00	0.0000000000e+00	0.0000000000e+00	0.0000000000e+00	0.0000000000e+00	0.0000000000e+00	0.0000000000e+00	0.0000000000e+00	0.0000000000e+00	0.0000000000e+00	0.0000000000e+00	0.0000000000e+00	0.0000000000e+00	0.0000000000e+00	0.0000000000e+00	0.0000000000e+00	0.0000000000e+00	0.0000000000e+00	0.0000000000e+00	0.0000000000e+00
1.0484285816e+05	2.7549365734e-14	0.0000000000e+00	0.0000000000e+00	0.0000000000e+00	0.0000000000e+00	0.0000000000e+00	0.0000000000e+00	0.0000000000e+00	0.0000000000e+00	0.0000000000e+00	0.0000000000e+00	0.0000000000e+00	0.0000000000e+00	0.0000000000e+00	0.0000000000e+00	0.0000000000e+00	0.0000000000e+00	0.0000000000e+00	0.0000000000e+00	0.0000000000e+00	0.0000000000e+00	0.0000000000e+00	0.0000000000e+00	0.0000000000e+00	0.0000000000e+00
1.0485240644e+05	2.7680061990e-14	0.0000000000e+00	0.0000000000e+00	0.0000000000e+00	0.0000000000e+00	0.0000000000e+00	0.0000000000e+00	0.0000000000e+00	0.0000000000e+00	0.0000000000e+00	0.0000000000e+00	0.0000000000e+00	0.0000000000e+00	0.0000000000e+00	0.0000000000e+00	0.0000000000e+00	0.0000000000e+00	0.0000000000e+00	0.0000000000e+00	0.0000000000e+00	0.0000000000e+00	0.0000000000e+00	0.0000000000e+00	0.0000000000e+00	0.0000000000e+00
1.0486206529e+05	2.7619490335e-14	0.0000000000e+00	0.0000000000e+00	0.0000000000e+00	0.0000000000e+00	0.0000000000e+00	0.0000000000e+00	0.0000000000e+00	0.0000000000e+00	0.0000000000e+00	0.0000000000e+00	0.0000000000e+00	0.0000000000e+00	0.0000000000e+00	0.0000000000e+00	0.0000000000e+00	0.0000000000e+00	0.0000000000e+00	0.0000000000e+00	0.0000000000e+00	0.0000000000e+00	0.0000000000e+00	0.0000000000e+00	0.0000000000e+00	0.0000000000e+00
1.0487183598e+05	2.7732557308e-14	0.0000000000e+00	0.0000000000e+00	0.0000000000e+00	0.0000000000e+00	0.0000000000e+00	0.0000000000e+00	0.0000000000e+00	0.0000000000e+00	0.0000000000e+00	0.0000000000e+00	0.0000000000e+00	0.0000000000e+00	0.0000000000e+00	0.0000000000e+00	0.0000000000e+00	0.0000000000e+00	0.0000000000e+00	0.0000000000e+00	0.0000000000e+00	0.0000000000e+00	0.0000000000e+00	0.0000000000e+00	0.0000000000e+00	0.0000000000e+00
1.0488171981e+05	2.7834567299e-14	0.0000000000e+00	0.0000000000e+00	0.0000000000e+00	0.0000000000e+00	0.0000000000e+00	0.0000000000e+00	0.0000000000e+00	0.0000000000e+00	0.0000000000e+00	0.0000000000e+00	0.0000000000e+00	0.0000000000e+00	0.0000000000e+00	0.0000000000e+00	0.0000000000e+00	0.0000000000e+00	0.0000000000e+00	0.0000000000e+00	0.0000000000e+00	0.0000000000e+00	0.0000000000e+00	0.0000000000e+00	0.0000000000e+00	0.0000000000e+00
1.0489171808e+05	2.7745781782e-14	0.0000000000e+00	0.0000000000e+00	0.0000000000e+00	0.0000000000e+00	0.0000000000e+00	0.0000000000e+00	0.0000000000e+00	0.0000000000e+00	0.0000000000e+00	0.0000000000e+00	0.0000000000e+00	0.0000000000e+00	0.0000000000e+00	0.0000000000e+00	0.0000000000e+00	0.0000000000e+00	0.0000000000e+00	0.0000000000e+00	0.0000000000e+00	0.0000000000e+00	0.0000000000e+00	0.0000000000e+00	0.0000000000e+00	0.0000000000e+00
1.0490183213e+05	2.7829219678e-14	0.0000000000e+00	0.0000000000e+00	0.0000000000e+00	0.0000000000e+00	0.0000000000e+00	0.0000000000e+00	0.0000000000e+00	0.0000000000e+00	0.0000000000e+00	0.0000000000e+00	0.0000000000e+00	0.0000000000e+00	0.0000000000e+00	0.0000000000e+00	0.0000000000e+00	0.0000000000e+00	0.0000000000e+00	0.0000000000e+00	0.0000000000e+00	0.0000000000e+00	0.0000000000e+00	0.0000000000e+00	0.0000000000e+00	0.0000000000e+00
1.0491206330e+05	2.7900992108e-14	0.0000000000e+00	0.0000000000e+00	0.0000000000e+00	0.0000000000e+00	0.0000000000e+00	0.0000000000e+00	0.0000000000e+00	0.0000000000e+00	0.0000000000e+00	0.0000000000e+00	0.0000000000e+00	0.0000000000e+00	0.0000000000e+00	0.0000000000e+00	0.0000000000e+00	0.0000000000e+00	0.0000000000e+00	0.0000000000e+00	0.0000000000e+00	0.0000000000e+00	0.0000000000e+00	0.0000000000e+00	0.0000000000e+00	0.0000000000e+00
1.0492241294e+05	2.7960842366e-14	0.0000000000e+00	0.0000000000e+00	0.0000000000e+00	0.0000000000e+00	0.0000000000e+00	0.0000000000e+00	0.0000000000e+00	0.0000000000e+00	0.0000000000e+00	0.0000000000e+00	0.0000000000e+00	0.0000000000e+00	0.0000000000e+00	0.0000000000e+00	0.0000000000e+00	0.0000000000e+00	0.0000000000e+00	0.0000000000e+00	0.0000000000e+00	0.0000000000e+00	0.0000000000e+00	0.0000000000e+00	0.0000000000e+00	0.0000000000e+00
1.0493288242e+05	2.7833128277e-14	0.0000000000e+00	0.0000000000e+00	0.0000000000e+00	0.0000000000e+00	0.0000000000e+00	0.0000000000e+00	0.0000000000e+00	0.0000000000e+00	0.0000000000e+00	0.0000000000e+00	0.0000000000e+00	0.0000000000e+00	0.0000000000e+00	0.0000000000e+00	0.0000000000e+00	0.0000000000e+00	0.0000000000e+00	0.0000000000e+00	0.0000000000e+00	0.0000000000e+00	0.0000000000e+00	0.0000000000e+00	0.0000000000e+00	0.0000000000e+00
1.0494347314e+05	2.7873314119e-14	0.0000000000e+00	0.0000000000e+00	0.0000000000e+00	0.0000000000e+00	0.0000000000e+00	0.0000000000e+00	0.0000000000e+00	0.0000000000e+00	0.0000000000e+00	0.0000000000e+00	0.0000000000e+00	0.0000000000e+00	0.0000000000e+00	0.0000000000e+00	0.0000000000e+00	0.0000000000e+00	0.0000000000e+00	0.0000000000e+00	0.0000000000e+00	0.0000000000e+00	0.0000000000e+00	0.0000000000e+00	0.0000000000e+00	0.0000000000e+00
1.0495418648e+05	2.7724770893e-14	0.0000000000e+00	0.0000000000e+00	0.0000000000e+00	0.0000000000e+00	0.0000000000e+00	0.0000000000e+00	0.0000000000e+00	0.0000000000e+00	0.0000000000e+00	0.0000000000e+00	0.0000000000e+00	0.0000000000e+00	0.0000000000e+00	0.0000000000e+00	0.0000000000e+00	0.0000000000e+00	0.0000000000e+00	0.0000000000e+00	0.0000000000e+00	0.0000000000e+00	0.0000000000e+00	0.0000000000e+00	0.0000000000e+00	0.0000000000e+00
1.0496502388e+05	2.7744445793e-14	0.0000000000e+00	0.0000000000e+00	0.0000000000e+00	0.0000000000e+00	0.0000000000e+00	0.0000000000e+00	0.0000000000e+00	0.0000000000e+00	0.0000000000e+00	0.0000000000e+00	0.0000000000e+00	0.0000000000e+00	0.0000000000e+00	0.0000000000e+00	0.0000000000e+00	0.0000000000e+00	0.0000000000e+00	0.0000000000e+00	0.0000000000e+00	0.0000000000e+00	0.0000000000e+00	0.0000000000e+00	0.0000000000e+00	0.0000000000e+00
1.0497598678e+05	2.7752910804e-14	0.0000000000e+00	0.0000000000e+00	0.0000000000e+00	0.0000000000e+00	0.0000000000e+00	0.0000000000e+00	0.0000000000e+00	0.0000000000e+00	0.0000000000e+00	0.0000000000e+00	0.0000000000e+00	0.0000000000e+00	0.0000000000e+00	0.0000000000e+00	0.0000000000e+00	0.0000000000e+00	0.0000000000e+00	0.0000000000e+00	0.0000000000e+00	0.0000000000e+00	0.0000000000e+00	0.0000000000e+00	0.0000000000e+00	0.0000000000e+00
1.0498707662e+05	2.7750914676e-14	0.0000000000e+00	0.0000000000e+00	0.0000000000e+00	0.0000000000e+00	0.0000000000e+00	0.0000000000e+00	0.0000000000e+00	0.0000000000e+00	0.0000000000e+00	0.0000000000e+00	0.0000000000e+00	0.0000000000e+00	0.0000000000e+00	0.0000000000e+00	0.0000000000e+00	0.0000000000e+00	0.0000000000e+00	0.0000000000e+00	0.0000000000e+00	0.0000000000e+00	0.0000000000e+00	0.0000000000e+00	0.0000000000e+00	0.0000000000e+00
1.0499829487e+05	2.7738739090e-14	0.0000000000e+00	0.0000000000e+00	0.0000000000e+00	0.0000000000e+00	0.0000000000e+00	0.0000000000e+00	0.0000000000e+00	0.0000000000e+00	0.0000000000e+00	0.0000000000e+00	0.0000000000e+00	0.0000000000e+00	0.0000000000e+00	0.0000000000e+00	0.0000000000e+00	0.0000000000e+00	0.0000000000e+00	0.0000000000e+00	0.0000000000e+00	0.0000000000e+00	0.0000000000e+00	0.0000000000e+00	0.0000000000e+00	0.0000000000e+00
1.0500964302e+05	2.7545315372e-14	0.0000000000e+00	0.0000000000e+00	0.0000000000e+00	0.0000000000e+00	0.0000000000e+00	0.0000000000e+00	0.0000000000e+00	0.0000000000e+00	0.0000000000e+00	0.0000000000e+00	0.0000000000e+00	0.0000000000e+00	0.0000000000e+00	0.0000000000e+00	0.0000000000e+00	0.0000000000e+00	0.0000000000e+00	0.0000000000e+00	0.0000000000e+00	0.0000000000e+00	0.0000000000e+00	0.0000000000e+00	0.0000000000e+00	0.0000000000e+00
1.0502112258e+05	2.7514598236e-14	0.0000000000e+00	0.0000000000e+00	0.0000000000e+00	0.0000000000e+00	0.0000000000e+00	0.0000000000e+00	0.0000000000e+00	0.0000000000e+00	0.0000000000e+00	0.0000000000e+00	0.0000000000e+00	0.0000000000e+00	0.0000000000e+00	0.0000000000e+00	0.0000000000e+00	0.0000000000e+00	0.0000000000e+00	0.0000000000e+00	0.0000000000e+00	0.0000000000e+00	0.0000000000e+00	0.0000000000e+00	0.0000000000e+00	0.0000000000e+00
1.0503273507e+05	2.7474643918e-14	0.0000000000e+00	0.0000000000e+00	0.0000000000e+00	0.0000000000e+00	0.0000000000e+00	0.0000000000e+00	0.0000000000e+00	0.0000000000e+00	0.0000000000e+00	0.0000000000e+00	0.0000000000e+00	0.0000000000e+00	0.0000000000e+00	0.0000000000e+00	0.0000000000e+00	0.0000000000e+00	0.0000000000e+00	0.0000000000e+00	0.0000000000e+00	0.0000000000e+00	0.0000000000e+00	0.0000000000e+00	0.0000000000e+00	0.0000000000e+00
1.0504448202e+05	2.7426143985e-14	0.0000000000e+00	0.0000000000e+00	0.0000000000e+00	0.0000000000e+00	0.0000000000e+00	0.0000000000e+00	0.0000000000e+00	0.0000000000e+00	0.0000000000e+00	0.0000000000e+00	0.0000000000e+00	0.0000000000e+00	0.0000000000e+00	0.0000000000e+00	0.0000000000e+00	0.0000000000e+00	0.0000000000e+00	0.0000000000e+00	0.0000000000e+00	0.0000000000e+00	0.0000000000e+00	0.0000000000e+00	0.0000000000e+00	0.0000000000e+00
1.0505636499e+05	2.7369118937e-14	0.0000000000e+00	0.0000000000e+00	0.0000000000e+00	0.0000000000e+00	0.0000000000e+00	0.0000000000e+00	0.0000000000e+00	0.0000000000e+00	0.0000000000e+00	0.0000000000e+00	0.0000000000e+00	0.0000000000e+00	0.0000000000e+00	0.0000000000e+00	0.0000000000e+00	0.0000000000e+00	0.0000000000e+00	0.0000000000e+00	0.0000000000e+00	0.0000000000e+00	0.0000000000e+00	0.0000000000e+00	0.0000000000e+00	0.0000000000e+00
1.0506838557e+05	2.7139226275e-14	0.0000000000e+00	0.0000000000e+00	0.0000000000e+00	0.0000000000e+00	0.0000000000e+00	0.0000000000e+00	0.0000000000e+00	0.0000000000e+00	0.0000000000e+00	0.0000000000e+00	0.0000000000e+00	0.0000000000e+00	0.0000000000e+00	0.0000000000e+00	0.0000000000e+00	0.0000000000e+00	0.0000000000e+00	0.0000000000e+00	0.0000000000e+00	0.0000000000e+00	0.0000000000e+00	0.0000000000e+00	0.0000000000e+00	0.0000000000e+00
1.0508054533e+05	2.6904477450e-14	0.0000000000e+00	0.0000000000e+00	0.0000000000e+00	0.0000000000e+00	0.0000000000e+00	0.0000000000e+00	0.0000000000e+00	0.0000000000e+00	0.0000000000e+00	0.0000000000e+00	0.0000000000e+00	0.0000000000e+00	0.0000000000e+00	0.0000000000e+00	0.0000000000e+00	0.0000000000e+00	0.0000000000e+00	0.0000000000e+00	0.0000000000e+00	0.0000000000e+00	0.0000000000e+00	0.0000000000e+00	0.0000000000e+00	0.0000000000e+00
1.0509284590e+05	2.6827854328e-14	0.0000000000e+00	0.0000000000e+00	0.0000000000e+00	0.0000000000e+00	0.0000000000e+00	0.0000000000e+00	0.0000000000e+00	0.0000000000e+00	0.0000000000e+00	0.0000000000e+00	0.0000000000e+00	0.0000000000e+00	0.0000000000e+00	0.0000000000e+00	0.0000000000e+00	0.0000000000e+00	0.0000000000e+00	0.0000000000e+00	0.0000000000e+00	0.0000000000e+00	0.0000000000e+00	0.0000000000e+00	0.0000000000e+00	0.0000000000e+00
1.0510528890e+05	2.6744801702e-14	0.0000000000e+00	0.0000000000e+00	0.0000000000e+00	0.0000000000e+00	0.0000000000e+00	0.0000000000e+00	0.0000000000e+00	0.0000000000e+00	0.0000000000e+00	0.0000000000e+00	0.0000000000e+00	0.0000000000e+00	0.0000000000e+00	0.0000000000e+00	0.0000000000e+00	0.0000000000e+00	0.0000000000e+00	0.0000000000e+00	0.0000000000e+00	0.0000000000e+00	0.0000000000e+00	0.0000000000e+00	0.0000000000e+00	0.0000000000e+00
1.0511787599e+05	2.6655385866e-14	0.0000000000e+00	0.0000000000e+00	0.0000000000e+00	0.0000000000e+00	0.0000000000e+00	0.0000000000e+00	0.0000000000e+00	0.0000000000e+00	0.0000000000e+00	0.0000000000e+00	0.0000000000e+00	0.0000000000e+00	0.0000000000e+00	0.0000000000e+00	0.0000000000e+00	0.0000000000e+00	0.0000000000e+00	0.0000000000e+00	0.0000000000e+00	0.0000000000e+00	0.0000000000e+00	0.0000000000e+00	0.0000000000e+00	0.0000000000e+00
1.0513060882e+05	2.6560359540e-14	0.0000000000e+00	0.0000000000e+00	0.0000000000e+00	0.0000000000e+00	0.0000000000e+00	0.0000000000e+00	0.0000000000e+00	0.0000000000e+00	0.0000000000e+00	0.0000000000e+00	0.0000000000e+00	0.0000000000e+00	0.0000000000e+00	0.0000000000e+00	0.0000000000e+00	0.0000000000e+00	0.0000000000e+00	0.0000000000e+00	0.0000000000e+00	0.0000000000e+00	0.0000000000e+00	0.0000000000e+00	0.0000000000e+00	0.0000000000e+00
1.0514348910e+05	2.6304175920e-14	0.0000000000e+00	0.0000000000e+00	0.0000000000e+00	0.0000000000e+00	0.0000000000e+00	0.0000000000e+00	0.0000000000e+00	0.0000000000e+00	0.0000000000e+00	0.0000000000e+00	0.0000000000e+00	0.0000000000e+00	0.0000000000e+00	0.0000000000e+00	0.0000000000e+00	0.0000000000e+00	0.0000000000e+00	0.0000000000e+00	0.0000000000e+00	0.0000000000e+00	0.0000000000e+00	0.0000000000e+00	0.0000000000e+00	0.0000000000e+00
1.0515651852e+05	2.6201717187e-14	0.0000000000e+00	0.0000000000e+00	0.0000000000e+00	0.0000000000e+00	0.0000000000e+00	0.0000000000e+00	0.0000000000e+00	0.0000000000e+00	0.0000000000e+00	0.0000000000e+00	0.0000000000e+00	0.0000000000e+00	0.0000000000e+00	0.0000000000e+00	0.0000000000e+00	0.0000000000e+00	0.0000000000e+00	0.0000000000e+00	0.0000000000e+00	0.0000000000e+00	0.0000000000e+00	0.0000000000e+00	0.0000000000e+00	0.0000000000e+00
1.0516969882e+05	2.6095016596e-14	0.0000000000e+00	0.0000000000e+00	0.0000000000e+00	0.0000000000e+00	0.0000000000e+00	0.0000000000e+00	0.0000000000e+00	0.0000000000e+00	0.0000000000e+00	0.0000000000e+00	0.0000000000e+00	0.0000000000e+00	0.0000000000e+00	0.0000000000e+00	0.0000000000e+00	0.0000000000e+00	0.0000000000e+00	0.0000000000e+00	0.0000000000e+00	0.0000000000e+00	0.0000000000e+00	0.0000000000e+00	0.0000000000e+00	0.0000000000e+00
1.0518303174e+05	2.5984789553e-14	0.0000000000e+00	0.0000000000e+00	0.0000000000e+00	0.0000000000e+00	0.0000000000e+00	0.0000000000e+00	0.0000000000e+00	0.0000000000e+00	0.0000000000e+00	0.0000000000e+00	0.0000000000e+00	0.0000000000e+00	0.0000000000e+00	0.0000000000e+00	0.0000000000e+00	0.0000000000e+00	0.0000000000e+00	0.0000000000e+00	0.0000000000e+00	0.0000000000e+00	0.0000000000e+00	0.0000000000e+00	0.0000000000e+00	0.0000000000e+00
1.0519651904e+05	2.5872063580e-14	0.0000000000e+00	0.0000000000e+00	0.0000000000e+00	0.0000000000e+00	0.0000000000e+00	0.0000000000e+00	0.0000000000e+00	0.0000000000e+00	0.0000000000e+00	0.0000000000e+00	0.0000000000e+00	0.0000000000e+00	0.0000000000e+00	0.0000000000e+00	0.0000000000e+00	0.0000000000e+00	0.0000000000e+00	0.0000000000e+00	0.0000000000e+00	0.0000000000e+00	0.0000000000e+00	0.0000000000e+00	0.0000000000e+00	0.0000000000e+00
1.0521016252e+05	2.5605833748e-14	0.0000000000e+00	0.0000000000e+00	0.0000000000e+00	0.0000000000e+00	0.0000000000e+00	0.0000000000e+00	0.0000000000e+00	0.0000000000e+00	0.0000000000e+00	0.0000000000e+00	0.0000000000e+00	0.0000000000e+00	0.0000000000e+00	0.0000000000e+00	0.0000000000e+00	0.0000000000e+00	0.0000000000e+00	0.0000000000e+00	0.0000000000e+00	0.0000000000e+00	0.0000000000e+00	0.0000000000e+00	0.0000000000e+00	0.0000000000e+00
1.0522396399e+05	2.5490340372e-14	0.0000000000e+00	0.0000000000e+00	0.0000000000e+00	0.0000000000e+00	0.0000000000e+00	0.0000000000e+00	0.0000000000e+00	0.0000000000e+00	0.0000000000e+00	0.0000000000e+00	0.0000000000e+00	0.0000000000e+00	0.0000000000e+00	0.0000000000e+00	0.0000000000e+00	0.0000000000e+00	0.0000000000e+00	0.0000000000e+00	0.0000000000e+00	0.0000000000e+00	0.0000000000e+00	0.0000000000e+00	0.0000000000e+00	0.0000000000e+00
1.0523792527e+05	2.5373383163e-14	0.0000000000e+00	0.0000000000e+00	0.0000000000e+00	0.0000000000e+00	0.0000000000e+00	0.0000000000e+00	0.0000000000e+00	0.0000000000e+00	0.0000000000e+00	0.0000000000e+00	0.0000000000e+00	0.0000000000e+00	0.0000000000e+00	0.0000000000e+00	0.0000000000e+00	0.0000000000e+00	0.0000000000e+00	0.0000000000e+00	0.0000000000e+00	0.0000000000e+00	0.0000000000e+00	0.0000000000e+00	0.0000000000e+00	0.0000000000e+00
1.0524509000e+05	2.5386609103e-14	0.0000000000e+00	0.0000000000e+00	0.0000000000e+00	0.0000000000e+00	0.0000000000e+00	0.0000000000e+00	0.0000000000e+00	0.0000000000e+00	0.0000000000e+00	0.0000000000e+00	0.0000000000e+00	0.0000000000e+00	0.0000000000e+00	0.0000000000e+00	0.0000000000e+00	0.0000000000e+00	0.0000000000e+00	0.0000000000e+00	0.0000000000e+00	0.0000000000e+00	0.0000000000e+00	0.0000000000e+00	0.0000000000e+00	0.0000000000e+00
1.0525204821e+05	2.5255968704e-14	7.0943580549e-21	0.0000000000e+00	0.0000000000e+00	0.0000000000e+00	4.0010460855e-23	3.4483717400e-14	0.0000000000e+00	0.0000000000e+00	0.0000000000e+00	0.0000000000e+00	0.0000000000e+00	0.0000000000e+00	0.0000000000e+00	0.0000000000e+00	0.0000000000e+00	0.0000000000e+00	0.0000000000e+00	0.0000000000e+00	0.0000000000e+00	0.0000000000e+00	0.0000000000e+00	0.0000000000e+00	0.0000000000e+00	0.0000000000e+00
1.0525929591e+05	2.5268406181e-14	2.4103831296e-20	0.0000000000e+00	0.0000000000e+00	0.0000000000e+00	2.7591427525e-22	3.4038535511e-14	0.0000000000e+00	0.0000000000e+00	0.0000000000e+00	0.0000000000e+00	0.0000000000e+00	0.0000000000e+00	0.0000000000e+00	0.0000000000e+00	0.0000000000e+00	0.0000000000e+00	0.0000000000e+00	0.0000000000e+00	0.0000000000e+00	0.0000000000e+00	0.0000000000e+00	0.0000000000e+00	0.0000000000e+00	0.0000000000e+00
1.0526633469e+05	2.5138369225e-14	6.3615329459e-20	0.0000000000e+00	0.0000000000e+00	0.0000000000e+00	1.0828668383e-21	3.3975698917e-14	0.0000000000e+00	0.0000000000e+00	0.0000000000e+00	0.0000000000e+00	0.0000000000e+00	0.0000000000e+00	0.0000000000e+00	0.0000000000e+00	0.0000000000e+00	0.0000000000e+00	0.0000000000e+00	0.0000000000e+00	0.0000000000e+00	0.0000000000e+00	0.0000000000e+00	0.0000000000e+00	0.0000000000e+00	0.0000000000e+00
1.0527366631e+05	2.5003119119e-14	5.6187769557e-20	0.0000000000e+00	0.0000000000e+00	0.0000000000e+00	1.2789897834e-21	3.3753224077e-14	0.0000000000e+00	0.0000000000e+00	0.0000000000e+00	0.0000000000e+00	0.0000000000e+00	0.0000000000e+00	0.0000000000e+00	0.0000000000e+00	0.0000000000e+00	0.0000000000e+00	0.0000000000e+00	0.0000000000e+00	0.0000000000e+00	0.0000000000e+00	0.0000000000e+00	0.0000000000e+00	0.0000000000e+00	0.0000000000e+00
1.0528078660e+05	2.5020549828e-14	3.7023120176e-20	0.0000000000e+00	0.0000000000e+00	0.0000000000e+00	1.0467976324e-21	3.3507153299e-14	0.0000000000e+00	0.0000000000e+00	0.0000000000e+00	0.0000000000e+00	0.0000000000e+00	0.0000000000e+00	0.0000000000e+00	0.0000000000e+00	0.0000000000e+00	0.0000000000e+00	0.0000000000e+00	0.0000000000e+00	0.0000000000e+00	0.0000000000e+00	0.0000000000e+00	0.0000000000e+00	0.0000000000e+00	0.0000000000e+00
1.0528820311e+05	2.4886130982e-14	3.3920789101e-20	0.0000000000e+00	0.0000000000e+00	0.0000000000e+00	1.1515809739e-21	3.3450523494e-14	0.0000000000e+00	0.0000000000e+00	0.0000000000e+00	0.0000000000e+00	0.0000000000e+00	0.0000000000e+00	0.0000000000e+00	0.0000000000e+00	0.0000000000e+00	0.0000000000e+00	0.0000000000e+00	0.0000000000e+00	0.0000000000e+00	0.0000000000e+00	0.0000000000e+00	0.0000000000e+00	0.0000000000e+00	0.0000000000e+00
1.0529540585e+05	2.4903203214e-14	3.7686708078e-20	0.0000000000e+00	0.0000000000e+00	0.0000000000e+00	1.4847588384e-21	3.3265854310e-14	0.0000000000e+00	0.0000000000e+00	0.0000000000e+00	0.0000000000e+00	0.0000000000e+00	0.0000000000e+00	0.0000000000e+00	0.0000000000e+00	0.0000000000e+00	0.0000000000e+00	0.0000000000e+00	0.0000000000e+00	0.0000000000e+00	0.0000000000e+00	0.0000000000e+00	0.0000000000e+00	0.0000000000e+00	0.0000000000e+00
1.0530290825e+05	2.4770118678e-14	4.0107294278e-20	0.0000000000e+00	0.0000000000e+00	0.0000000000e+00	1.8051255971e-21	3.3117134391e-14	0.0000000000e+00	0.0000000000e+00	0.0000000000e+00	0.0000000000e+00	0.0000000000e+00	0.0000000000e+00	0.0000000000e+00	0.0000000000e+00	0.0000000000e+00	0.0000000000e+00	0.0000000000e+00	0.0000000000e+00	0.0000000000e+00	0.0000000000e+00	0.0000000000e+00	0.0000000000e+00	0.0000000000e+00	0.0000000000e+00
1.0531019439e+05	2.4787242485e-14	3.1513743732e-20	0.0000000000e+00	0.0000000000e+00	0.0000000000e+00	1.5880828284e-21	3.2991114175e-14	0.0000000000e+00	0.0000000000e+00	0.0000000000e+00	0.0000000000e+00	0.0000000000e+00	0.0000000000e+00	0.0000000000e+00	0.0000000000e+00	0.0000000000e+00	0.0000000000e+00	0.0000000000e+00	0.0000000000e+00	0.0000000000e+00	0.0000000000e+00	0.0000000000e+00	0.0000000000e+00	0.0000000000e+00	0.0000000000e+00
1.0531778366e+05	2.4655633288e-14	2.4716278799e-20	0.0000000000e+00	0.0000000000e+00	0.0000000000e+00	1.3826069775e-21	3.2769150168e-14	0.0000000000e+00	0.0000000000e+00	0.0000000000e+00	0.0000000000e+00	0.0000000000e+00	0.0000000000e+00	0.0000000000e+00	0.0000000000e+00	0.0000000000e+00	0.0000000000e+00	0.0000000000e+00	0.0000000000e+00	0.0000000000e+00	0.0000000000e+00	0.0000000000e+00	0.0000000000e+00	0.0000000000e+00	0.0000000000e+00
1.0532515417e+05	2.4672784873e-14	2.8415555274e-20	0.0000000000e+00	0.0000000000e+00	0.0000000000e+00	1.7408334824e-21	3.2579538392e-14	0.0000000000e+00	0.0000000000e+00	0.0000000000e+00	0.0000000000e+00	0.0000000000e+00	0.0000000000e+00	0.0000000000e+00	0.0000000000e+00	0.0000000000e+00	0.0000000000e+00	0.0000000000e+00	0.0000000000e+00	0.0000000000e+00	0.0000000000e+00	0.0000000000e+00	0.0000000000e+00	0.0000000000e+00	0.0000000000e+00
1.0533283131e+05	2.4542538120e-14	3.5597002413e-20	0.0000000000e+00	0.0000000000e+00	0.0000000000e+00	2.3759468156e-21	3.2404736249e-14	0.0000000000e+00	0.0000000000e+00	0.0000000000e+00	0.0000000000e+00	0.0000000000e+00	0.0000000000e+00	0.0000000000e+00	0.0000000000e+00	0.0000000000e+00	0.0000000000e+00	0.0000000000e+00	0.0000000000e+00	0.0000000000e+00	0.0000000000e+00	0.0000000000e+00	0.0000000000e+00	0.0000000000e+00	0.0000000000e+00
1.0534028717e+05	2.4416391779e-14	3.6534955152e-20	0.0000000000e+00	0.0000000000e+00	0.0000000000e+00	2.6308465859e-21	3.2199604311e-14	0.0000000000e+00	0.0000000000e+00	0.0000000000e+00	0.0000000000e+00	0.0000000000e+00	0.0000000000e+00	0.0000000000e+00	0.0000000000e+00	0.0000000000e+00	0.0000000000e+00	0.0000000000e+00	0.0000000000e+00	0.0000000000e+00	0.0000000000e+00	0.0000000000e+00	0.0000000000e+00	0.0000000000e+00	0.0000000000e+00
1.0534805322e+05	2.4285477961e-14	3.7060697358e-20	0.0000000000e+00	0.0000000000e+00	0.0000000000e+00	2.8695569051e-21	3.2025581109e-14	0.0000000000e+00	0.0000000000e+00	0.0000000000e+00	0.0000000000e+00	0.0000000000e+00	0.0000000000e+00	0.0000000000e+00	0.0000000000e+00	0.0000000000e+00	0.0000000000e+00	0.0000000000e+00	0.0000000000e+00	0.0000000000e+00	0.0000000000e+00	0.0000000000e+00	0.0000000000e+00	0.0000000000e+00	0.0000000000e+00
1.0535559541e+05	2.4306807301e-14	1.5625148751e-19	0.0000000000e+00	0.0000000000e+00	0.0000000000e+00	1.2911318572e-20	3.1910679810e-14	0.0000000000e+00	0.0000000000e+00	0.0000000000e+00	0.0000000000e+00	0.0000000000e+00	0.0000000000e+00	0.0000000000e+00	0.0000000000e+00	0.0000000000e+00	0.0000000000e+00	0.0000000000e+00	0.0000000000e+00	0.0000000000e+00	0.0000000000e+00	0.0000000000e+00	0.0000000000e+00	0.0000000000e+00	0.0000000000e+00
1.0536345138e+05	2.4177944078e-14	5.9189529066e-18	0.0000000000e+00	0.0000000000e+00	0.0000000000e+00	5.2080369815e-19	3.1571330635e-14	0.0000000000e+00	0.0000000000e+00	0.0000000000e+00	0.0000000000e+00	0.0000000000e+00	0.0000000000e+00	0.0000000000e+00	0.0000000000e+00	0.0000000000e+00	0.0000000000e+00	0.0000000000e+00	0.0000000000e+00	0.0000000000e+00	0.0000000000e+00	0.0000000000e+00	0.0000000000e+00	0.0000000000e+00	0.0000000000e+00
1.0537108091e+05	2.4199996774e-14	7.0687521218e-18	0.0000000000e+00	0.0000000000e+00	0.0000000000e+00	6.5833183535e-19	3.1406576869e-14	0.0000000000e+00	0.0000000000e+00	0.0000000000e+00	0.0000000000e+00	0.0000000000e+00	0.0000000000e+00	0.0000000000e+00	0.0000000000e+00	0.0000000000e+00	0.0000000000e+00	0.0000000000e+00	0.0000000000e+00	0.0000000000e+00	0.0000000000e+00	0.0000000000e+00	0.0000000000e+00	0.0000000000e+00	0.0000000000e+00
1.0537902785e+05	2.4072449347e-14	4.7665820810e-18	0.0000000000e+00	0.0000000000e+00	0.0000000000e+00	4.6916925174e-19	3.1925867795e-14	0.0000000000e+00	0.0000000000e+00	0.0000000000e+00	0.0000000000e+00	0.0000000000e+00	0.0000000000e+00	0.0000000000e+00	0.0000000000e+00	0.0000000000e+00	0.0000000000e+00	0.0000000000e+00	0.0000000000e+00	0.0000000000e+00	0.0000000000e+00	0.0000000000e+00	0.0000000000e+00	0.0000000000e+00	0.0000000000e+00
1.0538674572e+05	2.4096030437e-14	4.5964108904e-18	0.0000000000e+00	0.0000000000e+00	0.0000000000e+00	4.7579060264e-19	3.1636750871e-14	0.0000000000e+00	0.0000000000e+00	0.0000000000e+00	0.0000000000e+00	0.0000000000e+00	0.0000000000e+00	0.0000000000e+00	0.0000000000e+00	0.0000000000e+00	0.0000000000e+00	0.0000000000e+00	0.0000000000e+00	0.0000000000e+00	0.0000000000e+00	0.0000000000e+00	0.0000000000e+00	0.0000000000e+00	0.0000000000e+00
1.0539478468e+05	2.4112476955e-14	5.6685009166e-18	0.0000000000e+00	0.0000000000e+00	0.0000000000e+00	6.1644415687e-19	3.0663374177e-14	0.0000000000e+00	0.0000000000e+00	0.0000000000e+00	0.0000000000e+00	0.0000000000e+00	0.0000000000e+00	0.0000000000e+00	0.0000000000e+00	0.0000000000e+00	0.0000000000e+00	0.0000000000e+00	0.0000000000e+00	0.0000000000e+00	0.0000000000e+00	0.0000000000e+00	0.0000000000e+00	0.0000000000e+00	0.0000000000e+00
1.0540259192e+05	2.3994323147e-14	6.9978532579e-18	0.0000000000e+00	0.0000000000e+00	0.0000000000e+00	7.9618426213e-19	3.0993772244e-14	0.0000000000e+00	0.0000000000e+00	0.0000000000e+00	0.0000000000e+00	0.0000000000e+00	0.0000000000e+00	0.0000000000e+00	0.0000000000e+00	0.0000000000e+00	0.0000000000e+00	0.0000000000e+00	0.0000000000e+00	0.0000000000e+00	0.0000000000e+00	0.0000000000e+00	0.0000000000e+00	0.0000000000e+00	0.0000000000e+00
1.0541072397e+05	2.3871480106e-14	8.8675947743e-18	0.0000000000e+00	0.0000000000e+00	0.0000000000e+00	1.0548103921e-18	3.1858438995e-14	0.0000000000e+00	0.0000000000e+00	0.0000000000e+00	0.0000000000e+00	0.0000000000e+00	0.0000000000e+00	0.0000000000e+00	0.0000000000e+00	0.0000000000e+00	0.0000000000e+00	0.0000000000e+00	0.0000000000e+00	0.0000000000e+00	0.0000000000e+00	0.0000000000e+00	0.0000000000e+00	0.0000000000e+00	0.0000000000e+00
1.0541862161e+05	2.3753042109e-14	1.0977184257e-17	0.0000000000e+00	0.0000000000e+00	0.0000000000e+00	1.3602929937e-18	3.1929608715e-14	0.0000000000e+00	0.0000000000e+00	0.0000000000e+00	0.0000000000e+00	0.0000000000e+00	0.0000000000e+00	0.0000000000e+00	0.0000000000e+00	0.0000000000e+00	0.0000000000e+00	0.0000000000e+00	0.0000000000e+00	0.0000000000e+00	0.0000000000e+00	0.0000000000e+00	0.0000000000e+00	0.0000000000e+00	0.0000000000e+00
1.0542684783e+05	2.3775732339e-14	1.3172976450e-17	0.0000000000e+00	0.0000000000e+00	0.0000000000e+00	1.6997935907e-18	3.1144901875e-14	0.0000000000e+00	0.0000000000e+00	0.0000000000e+00	0.0000000000e+00	0.0000000000e+00	0.0000000000e+00	0.0000000000e+00	0.0000000000e+00	0.0000000000e+00	0.0000000000e+00	0.0000000000e+00	0.0000000000e+00	0.0000000000e+00	0.0000000000e+00	0.0000000000e+00	0.0000000000e+00	0.0000000000e+00	0.0000000000e+00
1.0543483692e+05	2.3660124805e-14	1.5252480949e-17	0.0000000000e+00	0.0000000000e+00	0.0000000000e+00	2.0430459332e-18	3.0159872271e-14	0.0000000000e+00	0.0000000000e+00	0.0000000000e+00	0.0000000000e+00	0.0000000000e+00	0.0000000000e+00	0.0000000000e+00	0.0000000000e+00	0.0000000000e+00	0.0000000000e+00	0.0000000000e+00	0.0000000000e+00	0.0000000000e+00	0.0000000000e+00	0.0000000000e+00	0.0000000000e+00	0.0000000000e+00	0.0000000000e+00
1.0544315839e+05	2.3683929113e-14	1.7774337017e-17	0.0000000000e+00	0.0000000000e+00	0.0000000000e+00	2.4707438961e-18	2.9457588265e-14	0.0000000000e+00	0.0000000000e+00	0.0000000000e+00	0.0000000000e+00	0.0000000000e+00	0.0000000000e+00	0.0000000000e+00	0.0000000000e+00	0.0000000000e+00	0.0000000000e+00	0.0000000000e+00	0.0000000000e+00	0.0000000000e+00	0.0000000000e+00	0.0000000000e+00	0.0000000000e+00	0.0000000000e+00	0.0000000000e+00
1.0545123999e+05	2.3570309700e-14	2.0499634654e-17	0.0000000000e+00	0.0000000000e+00	0.0000000000e+00	2.9491193427e-18	2.9356366206e-14	0.0000000000e+00	0.0000000000e+00	0.0000000000e+00	0.0000000000e+00	0.0000000000e+00	0.0000000000e+00	0.0000000000e+00	0.0000000000e+00	0.0000000000e+00	0.0000000000e+00	0.0000000000e+00	0.0000000000e+00	0.0000000000e+00	0.0000000000e+00	0.0000000000e+00	0.0000000000e+00	0.0000000000e+00	0.0000000000e+00
1.0545965782e+05	2.3595378840e-14	2.3574124263e-17	0.0000000000e+00	0.0000000000e+00	0.0000000000e+00	3.5092903854e-18	2.9812986873e-14	0.0000000000e+00	0.0000000000e+00	0.0000000000e+00	0.0000000000e+00	0.0000000000e+00	0.0000000000e+00	0.0000000000e+00	0.0000000000e+00	0.0000000000e+00	0.0000000000e+00	0.0000000000e+00	0.0000000000e+00	0.0000000000e+00	0.0000000000e+00	0.0000000000e+00	0.0000000000e+00	0.0000000000e+00	0.0000000000e+00
1.0546783300e+05	2.3484260467e-14	2.7015223330e-17	0.0000000000e+00	0.0000000000e+00	0.0000000000e+00	4.1512179519e-18	3.0568003216e-14	0.0000000000e+00	0.0000000000e+00	0.0000000000e+00	0.0000000000e+00	0.0000000000e+00	0.0000000000e+00	0.0000000000e+00	0.0000000000e+00	0.0000000000e+00	0.0000000000e+00	0.0000000000e+00	0.0000000000e+00	0.0000000000e+00	0.0000000000e+00	0.0000000000e+00	0.0000000000e+00	0.0000000000e+00	0.0000000000e+00
1.0547634830e+05	2.3510936990e-14	3.1085832184e-17	0.0000000000e+00	0.0000000000e+00	0.0000000000e+00	4.9303640105e-18	3.1353344419e-14	0.0000000000e+00	0.0000000000e+00	0.0000000000e+00	0.0000000000e+00	0.0000000000e+00	0.0000000000e+00	0.0000000000e+00	0.0000000000e+00	0.0000000000e+00	0.0000000000e+00	0.0000000000e+00	0.0000000000e+00	0.0000000000e+00	0.0000000000e+00	0.0000000000e+00	0.0000000000e+00	0.0000000000e+00	0.0000000000e+00
1.0548461815e+05	2.3402429654e-14	3.5503695561e-17	0.0000000000e+00	0.0000000000e+00	0.0000000000e+00	5.7995330415e-18	3.1899130718e-14	0.0000000000e+00	0.0000000000e+00	0.0000000000e+00	0.0000000000e+00	0.0000000000e+00	0.0000000000e+00	0.0000000000e+00	0.0000000000e+00	0.0000000000e+00	0.0000000000e+00	0.0000000000e+00	0.0000000000e+00	0.0000000000e+00	0.0000000000e+00	0.0000000000e+00	0.0000000000e+00	0.0000000000e+00	0.0000000000e+00
1.0549323205e+05	2.3291302904e-14	4.0615921023e-17	0.0000000000e+00	0.0000000000e+00	0.0000000000e+00	6.8330693861e-18	3.2150421007e-14	0.0000000000e+00	0.0000000000e+00	0.0000000000e+00	0.0000000000e+00	0.0000000000e+00	0.0000000000e+00	0.0000000000e+00	0.0000000000e+00	0.0000000000e+00	0.0000000000e+00	0.0000000000e+00	0.0000000000e+00	0.0000000000e+00	0.0000000000e+00	0.0000000000e+00	0.0000000000e+00	0.0000000000e+00	0.0000000000e+00
1.0550159766e+05	2.3324650041e-14	4.6207157626e-17	0.0000000000e+00	0.0000000000e+00	0.0000000000e+00	7.9904732365e-18	3.2048474562e-14	0.0000000000e+00	0.0000000000e+00	0.0000000000e+00	0.0000000000e+00	0.0000000000e+00	0.0000000000e+00	0.0000000000e+00	0.0000000000e+00	0.0000000000e+00	0.0000000000e+00	0.0000000000e+00	0.0000000000e+00	0.0000000000e+00	0.0000000000e+00	0.0000000000e+00	0.0000000000e+00	0.0000000000e+00	0.0000000000e+00
1.0551031131e+05	2.3215926954e-14	5.2886992591e-17	0.0000000000e+00	0.0000000000e+00	0.0000000000e+00	9.4010516552e-18	3.1639789301e-14	0.0000000000e+00	0.0000000000e+00	0.0000000000e+00	0.0000000000e+00	0.0000000000e+00	0.0000000000e+00	0.0000000000e+00	0.0000000000e+00	0.0000000000e+00	0.0000000000e+00	0.0000000000e+00	0.0000000000e+00	0.0000000000e+00	0.0000000000e+00	0.0000000000e+00	0.0000000000e+00	0.0000000000e+00	0.0000000000e+00
1.0551877379e+05	2.3250379354e-14	6.0322229297e-17	0.0000000000e+00	0.0000000000e+00	0.0000000000e+00	1.1002448848e-17	3.1034872785e-14	0.0000000000e+00	0.0000000000e+00	0.0000000000e+00	0.0000000000e+00	0.0000000000e+00	0.0000000000e+00	0.0000000000e+00	0.0000000000e+00	0.0000000000e+00	0.0000000000e+00	0.0000000000e+00	0.0000000000e+00	0.0000000000e+00	0.0000000000e+00	0.0000000000e+00	0.0000000000e+00	0.0000000000e+00	0.0000000000e+00
1.0552758833e+05	2.3144117455e-14	6.8981794203e-17	0.0000000000e+00	0.0000000000e+00	0.0000000000e+00	1.2911286815e-17	3.0278434314e-14	0.0000000000e+00	0.0000000000e+00	0.0000000000e+00	0.0000000000e+00	0.0000000000e+00	0.0000000000e+00	0.0000000000e+00	0.0000000000e+00	0.0000000000e+00	0.0000000000e+00	0.0000000000e+00	0.0000000000e+00	0.0000000000e+00	0.0000000000e+00	0.0000000000e+00	0.0000000000e+00	0.0000000000e+00	0.0000000000e+00
1.0553614880e+05	2.3180003572e-14	7.8163611108e-17	0.0000000000e+00	0.0000000000e+00	0.0000000000e+00	1.4988157809e-17	2.9520449113e-14	0.0000000000e+00	0.0000000000e+00	0.0000000000e+00	0.0000000000e+00	0.0000000000e+00	0.0000000000e+00	0.0000000000e+00	0.0000000000e+00	0.0000000000e+00	0.0000000000e+00	0.0000000000e+00	0.0000000000e+00	0.0000000000e+00	0.0000000000e+00	0.0000000000e+00	0.0000000000e+00	0.0000000000e+00	0.0000000000e+00
1.0554506542e+05	2.3212636929e-14	8.8644426251e-17	0.0000000000e+00	0.0000000000e+00	0.0000000000e+00	1.7416314172e-17	2.8783282823e-14	0.0000000000e+00	0.0000000000e+00	0.0000000000e+00	0.0000000000e+00	0.0000000000e+00	0.0000000000e+00	0.0000000000e+00	0.0000000000e+00	0.0000000000e+00	0.0000000000e+00	0.0000000000e+00	0.0000000000e+00	0.0000000000e+00	0.0000000000e+00	0.0000000000e+00	0.0000000000e+00	0.0000000000e+00	0.0000000000e+00
1.0555372501e+05	2.3113794935e-14	9.9823766132e-17	0.0000000000e+00	0.0000000000e+00	0.0000000000e+00	2.0065133060e-17	2.8171054266e-14	0.0000000000e+00	0.0000000000e+00	0.0000000000e+00	0.0000000000e+00	0.0000000000e+00	0.0000000000e+00	0.0000000000e+00	0.0000000000e+00	0.0000000000e+00	0.0000000000e+00	0.0000000000e+00	0.0000000000e+00	0.0000000000e+00	0.0000000000e+00	0.0000000000e+00	0.0000000000e+00	0.0000000000e+00	0.0000000000e+00
1.0556274487e+05	2.3012790559e-14	1.1238213316e-16	0.0000000000e+00	0.0000000000e+00	0.0000000000e+00	2.3113831712e-17	2.7677022655e-14	0.0000000000e+00	0.0000000000e+00	0.0000000000e+00	0.0000000000e+00	0.0000000000e+00	0.0000000000e+00	0.0000000000e+00	0.0000000000e+00	0.0000000000e+00	0.0000000000e+00	0.0000000000e+00	0.0000000000e+00	0.0000000000e+00	0.0000000000e+00	0.0000000000e+00	0.0000000000e+00	0.0000000000e+00	0.0000000000e+00
1.0557150474e+05	2.2916980165e-14	1.2513303757e-16	0.0000000000e+00	0.0000000000e+00	0.0000000000e+00	2.6296906069e-17	2.7353116842e-14	0.0000000000e+00	0.0000000000e+00	0.0000000000e+00	0.0000000000e+00	0.0000000000e+00	0.0000000000e+00	0.0000000000e+00	0.0000000000e+00	0.0000000000e+00	0.0000000000e+00	0.0000000000e+00	0.0000000000e+00	0.0000000000e+00	0.0000000000e+00	0.0000000000e+00	0.0000000000e+00	0.0000000000e+00	0.0000000000e+00
1.0558062905e+05	2.2952882707e-14	1.3854219702e-16	0.0000000000e+00	0.0000000000e+00	0.0000000000e+00	2.9753927023e-17	2.7178907998e-14	0.0000000000e+00	0.0000000000e+00	0.0000000000e+00	0.0000000000e+00	0.0000000000e+00	0.0000000000e+00	0.0000000000e+00	0.0000000000e+00	0.0000000000e+00	0.0000000000e+00	0.0000000000e+00	0.0000000000e+00	0.0000000000e+00	0.0000000000e+00	0.0000000000e+00	0.0000000000e+00	0.0000000000e+00	0.0000000000e+00
1.0558949035e+05	2.2859901927e-14	1.5122094543e-16	0.0000000000e+00	0.0000000000e+00	0.0000000000e+00	3.3146558197e-17	2.7160537153e-14	0.0000000000e+00	0.0000000000e+00	0.0000000000e+00	0.0000000000e+00	0.0000000000e+00	0.0000000000e+00	0.0000000000e+00	0.0000000000e+00	0.0000000000e+00	0.0000000000e+00	0.0000000000e+00	0.0000000000e+00	0.0000000000e+00	0.0000000000e+00	0.0000000000e+00	0.0000000000e+00	0.0000000000e+00	0.0000000000e+00
1.0559872032e+05	2.2898011784e-14	1.6314832462e-16	0.0000000000e+00	0.0000000000e+00	0.0000000000e+00	3.6504908051e-17	2.7277506223e-14	0.0000000000e+00	0.0000000000e+00	0.0000000000e+00	0.0000000000e+00	0.0000000000e+00	0.0000000000e+00	0.0000000000e+00	0.0000000000e+00	0.0000000000e+00	0.0000000000e+00	0.0000000000e+00	0.0000000000e+00	0.0000000000e+00	0.0000000000e+00	0.0000000000e+00	0.0000000000e+00	0.0000000000e+00	0.0000000000e+00
1.0560768423e+05	2.2941006755e-14	1.7167968925e-16	0.0000000000e+00	0.0000000000e+00	0.0000000000e+00	3.9165412674e-17	2.7501232695e-14	0.0000000000e+00	0.0000000000e+00	0.0000000000e+00	0.0000000000e+00	0.0000000000e+00	0.0000000000e+00	0.0000000000e+00	0.0000000000e+00	0.0000000000e+00	0.0000000000e+00	0.0000000000e+00	0.0000000000e+00	0.0000000000e+00	0.0000000000e+00	0.0000000000e+00	0.0000000000e+00	0.0000000000e+00	0.0000000000e+00
1.0561702107e+05	2.2851481779e-14	1.7381145325e-16	0.0000000000e+00	0.0000000000e+00	0.0000000000e+00	4.0435237616e-17	2.7829365934e-14	0.0000000000e+00	0.0000000000e+00	0.0000000000e+00	0.0000000000e+00	0.0000000000e+00	0.0000000000e+00	0.0000000000e+00	0.0000000000e+00	0.0000000000e+00	0.0000000000e+00	0.0000000000e+00	0.0000000000e+00	0.0000000000e+00	0.0000000000e+00	0.0000000000e+00	0.0000000000e+00	0.0000000000e+00	0.0000000000e+00
1.0562608878e+05	2.2900344283e-14	1.6533820916e-16	0.0000000000e+00	0.0000000000e+00	0.0000000000e+00	3.9179574340e-17	2.8218586385e-14	0.0000000000e+00	0.0000000000e+00	0.0000000000e+00	0.0000000000e+00	0.0000000000e+00	0.0000000000e+00	0.0000000000e+00	0.0000000000e+00	0.0000000000e+00	0.0000000000e+00	0.0000000000e+00	0.0000000000e+00	0.0000000000e+00	0.0000000000e+00	0.0000000000e+00	0.0000000000e+00	0.0000000000e+00	0.0000000000e+00
1.0563553373e+05	2.2816306867e-14	1.5758761221e-16	0.0000000000e+00	0.0000000000e+00	0.0000000000e+00	3.8045183484e-17	2.8660207568e-14	0.0000000000e+00	0.0000000000e+00	0.0000000000e+00	0.0000000000e+00	0.0000000000e+00	0.0000000000e+00	0.0000000000e+00	0.0000000000e+00	0.0000000000e+00	0.0000000000e+00	0.0000000000e+00	0.0000000000e+00	0.0000000000e+00	0.0000000000e+00	0.0000000000e+00	0.0000000000e+00	0.0000000000e+00	0.0000000000e+00
1.0564470644e+05	2.2732358692e-14	1.7093514018e-16	0.0000000000e+00	0.0000000000e+00	0.0000000000e+00	4.1998869705e-17	2.9074869739e-14	0.0000000000e+00	0.0000000000e+00	0.0000000000e+00	0.0000000000e+00	0.0000000000e+00	0.0000000000e+00	0.0000000000e+00	0.0000000000e+00	0.0000000000e+00	0.0000000000e+00	0.0000000000e+00	0.0000000000e+00	0.0000000000e+00	0.0000000000e+00	0.0000000000e+00	0.0000000000e+00	0.0000000000e+00	0.0000000000e+00
1.0565426076e+05	2.2772327275e-14	1.9574606609e-16	0.0000000000e+00	0.0000000000e+00	0.0000000000e+00	4.8957224630e-17	2.9537042607e-14	0.0000000000e+00	0.0000000000e+00	0.0000000000e+00	0.0000000000e+00	0.0000000000e+00	0.0000000000e+00	0.0000000000e+00	0.0000000000e+00	0.0000000000e+00	0.0000000000e+00	0.0000000000e+00	0.0000000000e+00	0.0000000000e+00	0.0000000000e+00	0.0000000000e+00	0.0000000000e+00	0.0000000000e+00	0.0000000000e+00
1.0566353969e+05	2.2690229292e-14	2.2060632129e-16	0.0000000000e+00	0.0000000000e+00	0.0000000000e+00	5.6107911451e-17	2.9873616080e-14	0.0000000000e+00	0.0000000000e+00	0.0000000000e+00	0.0000000000e+00	0.0000000000e+00	0.0000000000e+00	0.0000000000e+00	0.0000000000e+00	0.0000000000e+00	0.0000000000e+00	0.0000000000e+00	0.0000000000e+00	0.0000000000e+00	0.0000000000e+00	0.0000000000e+00	0.0000000000e+00	0.0000000000e+00	0.0000000000e+00
1.0567320464e+05	2.2729394429e-14	2.4386619807e-16	0.0000000000e+00	0.0000000000e+00	0.0000000000e+00	6.3085687933e-17	3.0185039053e-14	0.0000000000e+00	0.0000000000e+00	0.0000000000e+00	0.0000000000e+00	0.0000000000e+00	0.0000000000e+00	0.0000000000e+00	0.0000000000e+00	0.0000000000e+00	0.0000000000e+00	0.0000000000e+00	0.0000000000e+00	0.0000000000e+00	0.0000000000e+00	0.0000000000e+00	0.0000000000e+00	0.0000000000e+00	0.0000000000e+00
1.0568259101e+05	2.2652923816e-14	2.6240440389e-16	0.0000000000e+00	0.0000000000e+00	0.0000000000e+00	6.8978394927e-17	3.0750364590e-14	0.0000000000e+00	0.0000000000e+00	0.0000000000e+00	0.0000000000e+00	0.0000000000e+00	0.0000000000e+00	0.0000000000e+00	0.0000000000e+00	0.0000000000e+00	0.0000000000e+00	0.0000000000e+00	0.0000000000e+00	0.0000000000e+00	0.0000000000e+00	0.0000000000e+00	0.0000000000e+00	0.0000000000e+00	0.0000000000e+00
1.0569236788e+05	2.2703484064e-14	2.7600234364e-16	0.0000000000e+00	0.0000000000e+00	0.0000000000e+00	7.3741055018e-17	3.1120885455e-14	0.0000000000e+00	0.0000000000e+00	0.0000000000e+00	0.0000000000e+00	0.0000000000e+00	0.0000000000e+00	0.0000000000e+00	0.0000000000e+00	0.0000000000e+00	0.0000000000e+00	0.0000000000e+00	0.0000000000e+00	0.0000000000e+00	0.0000000000e+00	0.0000000000e+00	0.0000000000e+00	0.0000000000e+00	0.0000000000e+00
1.0570186294e+05	2.2747667112e-14	2.8161766071e-16	0.0000000000e+00	0.0000000000e+00	0.0000000000e+00	7.6405242489e-17	3.1043335788e-14	0.0000000000e+00	0.0000000000e+00	0.0000000000e+00	0.0000000000e+00	0.0000000000e+00	0.0000000000e+00	0.0000000000e+00	0.0000000000e+00	0.0000000000e+00	0.0000000000e+00	0.0000000000e+00	0.0000000000e+00	0.0000000000e+00	0.0000000000e+00	0.0000000000e+00	0.0000000000e+00	0.0000000000e+00	0.0000000000e+00
1.0571175302e+05	2.2676205332e-14	2.7437701200e-16	0.0000000000e+00	0.0000000000e+00	0.0000000000e+00	7.5608437888e-17	3.0956688939e-14	0.0000000000e+00	0.0000000000e+00	0.0000000000e+00	0.0000000000e+00	0.0000000000e+00	0.0000000000e+00	0.0000000000e+00	0.0000000000e+00	0.0000000000e+00	0.0000000000e+00	0.0000000000e+00	0.0000000000e+00	0.0000000000e+00	0.0000000000e+00	0.0000000000e+00	0.0000000000e+00	0.0000000000e+00	0.0000000000e+00
1.0572135803e+05	2.2622728629e-14	2.5649492512e-16	0.0000000000e+00	0.0000000000e+00	0.0000000000e+00	7.1728724564e-17	3.1227490857e-14	0.0000000000e+00	0.0000000000e+00	0.0000000000e+00	0.0000000000e+00	0.0000000000e+00	0.0000000000e+00	0.0000000000e+00	0.0000000000e+00	0.0000000000e+00	0.0000000000e+00	0.0000000000e+00	0.0000000000e+00	0.0000000000e+00	0.0000000000e+00	0.0000000000e+00	0.0000000000e+00	0.0000000000e+00	0.0000000000e+00
1.0573136263e+05	2.2545647821e-14	2.8498142854e-16	0.0000000000e+00	0.0000000000e+00	0.0000000000e+00	8.0893856459e-17	3.1720016135e-14	0.0000000000e+00	0.0000000000e+00	0.0000000000e+00	0.0000000000e+00	0.0000000000e+00	0.0000000000e+00	0.0000000000e+00	0.0000000000e+00	0.0000000000e+00	0.0000000000e+00	0.0000000000e+00	0.0000000000e+00	0.0000000000e+00	0.0000000000e+00	0.0000000000e+00	0.0000000000e+00	0.0000000000e+00	0.0000000000e+00
1.0574107886e+05	2.2581523552e-14	3.2054588203e-16	0.0000000000e+00	0.0000000000e+00	0.0000000000e+00	9.2283705804e-17	3.2031672621e-14	0.0000000000e+00	0.0000000000e+00	0.0000000000e+00	0.0000000000e+00	0.0000000000e+00	0.0000000000e+00	0.0000000000e+00	0.0000000000e+00	0.0000000000e+00	0.0000000000e+00	0.0000000000e+00	0.0000000000e+00	0.0000000000e+00	0.0000000000e+00	0.0000000000e+00	0.0000000000e+00	0.0000000000e+00	0.0000000000e+00
1.0575119931e+05	2.2635207788e-14	3.4231218582e-16	0.0000000000e+00	0.0000000000e+00	0.0000000000e+00	9.9973716924e-17	3.2209162249e-14	0.0000000000e+00	0.0000000000e+00	0.0000000000e+00	0.0000000000e+00	0.0000000000e+00	0.0000000000e+00	0.0000000000e+00	0.0000000000e+00	0.0000000000e+00	0.0000000000e+00	0.0000000000e+00	0.0000000000e+00	0.0000000000e+00	0.0000000000e+00	0.0000000000e+00	0.0000000000e+00	0.0000000000e+00	0.0000000000e+00
1.0576102804e+05	2.2564413565e-14	3.4262939465e-16	0.0000000000e+00	0.0000000000e+00	0.0000000000e+00	1.0143435586e-16	3.1695054111e-14	0.0000000000e+00	0.0000000000e+00	0.0000000000e+00	0.0000000000e+00	0.0000000000e+00	0.0000000000e+00	0.0000000000e+00	0.0000000000e+00	0.0000000000e+00	0.0000000000e+00	0.0000000000e+00	0.0000000000e+00	0.0000000000e+00	0.0000000000e+00	0.0000000000e+00	0.0000000000e+00	0.0000000000e+00	0.0000000000e+00
1.0577126569e+05	2.2658501561e-14	3.2288594569e-16	0.0000000000e+00	0.0000000000e+00	0.0000000000e+00	9.6916800977e-17	3.1436850347e-14	0.0000000000e+00	0.0000000000e+00	0.0000000000e+00	0.0000000000e+00	0.0000000000e+00	0.0000000000e+00	0.0000000000e+00	0.0000000000e+00	0.0000000000e+00	0.0000000000e+00	0.0000000000e+00	0.0000000000e+00	0.0000000000e+00	0.0000000000e+00	0.0000000000e+00	0.0000000000e+00	0.0000000000e+00	0.0000000000e+00
1.0578120823e+05	2.2565967004e-14	3.5612298793e-16	0.0000000000e+00	0.0000000000e+00	0.0000000000e+00	1.0829876106e-16	3.1005026548e-14	0.0000000000e+00	0.0000000000e+00	0.0000000000e+00	0.0000000000e+00	0.0000000000e+00	0.0000000000e+00	0.0000000000e+00	0.0000000000e+00	0.0000000000e+00	0.0000000000e+00	0.0000000000e+00	0.0000000000e+00	0.0000000000e+00	0.0000000000e+00	0.0000000000e+00	0.0000000000e+00	0.0000000000e+00	0.0000000000e+00
1.0579156442e+05	2.2629036362e-14	3.7394225820e-16	0.0000000000e+00	0.0000000000e+00	0.0000000000e+00	1.1523742264e-16	3.0050315948e-14	0.0000000000e+00	0.0000000000e+00	0.0000000000e+00	0.0000000000e+00	0.0000000000e+00	0.0000000000e+00	0.0000000000e+00	0.0000000000e+00	0.0000000000e+00	0.0000000000e+00	0.0000000000e+00	0.0000000000e+00	0.0000000000e+00	0.0000000000e+00	0.0000000000e+00	0.0000000000e+00	0.0000000000e+00	0.0000000000e+00
1.0580162209e+05	2.2566165857e-14	3.6712940310e-16	0.0000000000e+00	0.0000000000e+00	0.0000000000e+00	1.1457036218e-16	2.9896942434e-14	0.0000000000e+00	0.0000000000e+00	0.0000000000e+00	0.0000000000e+00	0.0000000000e+00	0.0000000000e+00	0.0000000000e+00	0.0000000000e+00	0.0000000000e+00	0.0000000000e+00	0.0000000000e+00	0.0000000000e+00	0.0000000000e+00	0.0000000000e+00	0.0000000000e+00	0.0000000000e+00	0.0000000000e+00	0.0000000000e+00
1.0581209820e+05	2.2488551474e-14	3.7779315545e-16	0.0000000000e+00	0.0000000000e+00	0.0000000000e+00	1.1941601617e-16	3.0201204313e-14	0.0000000000e+00	0.0000000000e+00	0.0000000000e+00	0.0000000000e+00	0.0000000000e+00	0.0000000000e+00	0.0000000000e+00	0.0000000000e+00	0.0000000000e+00	0.0000000000e+00	0.0000000000e+00	0.0000000000e+00	0.0000000000e+00	0.0000000000e+00	0.0000000000e+00	0.0000000000e+00	0.0000000000e+00	0.0000000000e+00
1.0582204000e+05	0.0000000000e+00	0.0000000000e+00	0.0000000000e+00	0.0000000000e+00	0.0000000000e+00	0.0000000000e+00	0.0000000000e+00	0.0000000000e+00	0.0000000000e+00	0.0000000000e+00	0.0000000000e+00	0.0000000000e+00	0.0000000000e+00	0.0000000000e+00	0.0000000000e+00	0.0000000000e+00	0.0000000000e+00	0.0000000000e+00	0.0000000000e+00	0.0000000000e+00	0.0000000000e+00	0.0000000000e+00	0.0000000000e+00	0.0000000000e+00	0.0000000000e+00
1.0582227234e+05	2.2538219113e-14	4.0852961865e-16	3.8091516953e+03	0.0000000000e+00	0.0000000000e+00	1.3070719216e-16	3.0318926305e-14	2.4452846463e-14	0.0000000000e+00	0.0000000000e+00	2.2953676982e-18	9.8431733595e-18	7.3552909625e-14	0.0000000000e+00	0.0000000000e+00	0.0000000000e+00	0.0000000000e+00	0.0000000000e+00	0.0000000000e+00	0.0000000000e+00	0.0000000000e+00	0.0000000000e+00	0.0000000000e+00	0.0000000000e+00	0.0000000000e+00
1.0583286975e+05	2.2640190634e-14	3.0486451212e-16	6.6895273150e-15	0.0000000000e+00	0.0000000000e+00	9.8750805676e-17	3.0003163899e-14	1.4516595114e-14	0.0000000000e+00	0.0000000000e+00	3.9923915385e-17	2.6746606266e-16	3.9040121227e-14	0.0000000000e+00	0.0000000000e+00	0.0000000000e+00	0.0000000000e+00	0.0000000000e+00	0.0000000000e+00	0.0000000000e+00	0.0000000000e+00	0.0000000000e+00	0.0000000000e+00	0.0000000000e+00	0.0000000000e+00
1.0584292667e+05	2.2564641425e-14	3.1673936897e-16	4.4891733140e-15	0.0000000000e+00	0.0000000000e+00	1.0377755618e-16	2.9399326722e-14	1.2149676162e-14	0.0000000000e+00	0.0000000000e+00	5.1387141994e-17	4.2447430084e-16	5.0018709301e-14	0.0000000000e+00	0.0000000000e+00	0.0000000000e+00	0.0000000000e+00	0.0000000000e+00	0.0000000000e+00	0.0000000000e+00	0.0000000000e+00	0.0000000000e+00	0.0000000000e+00	0.0000000000e+00	0.0000000000e+00
1.0584316170e+05	2.2563989621e-14	3.1414287388e-16	4.4626763649e-15	0.0000000000e+00	0.0000000000e+00	1.0295403426e-16	2.9383886467e-14	1.2164865046e-14	0.0000000000e+00	0.0000000000e+00	5.1652002628e-17	4.2961843661e-16	4.9757199227e-14	0.0000000000e+00	0.0000000000e+00	0.0000000000e+00	0.0000000000e+00	0.0000000000e+00	0.0000000000e+00	0.0000000000e+00	0.0000000000e+00	0.0000000000e+00	0.0000000000e+00	0.0000000000e+00	0.0000000000e+00
1.0585388183e+05	2.2620695616e-14	2.9558389049e-16	3.4222135794e-15	0.0000000000e+00	0.0000000000e+00	9.8032195149e-17	2.8998719318e-14	1.0965373771e-14	0.0000000000e+00	0.0000000000e+00	5.9364149435e-17	5.7352534225e-16	3.9091647605e-14	0.0000000000e+00	0.0000000000e+00	0.0000000000e+00	0.0000000000e+00	0.0000000000e+00	0.0000000000e+00	0.0000000000e+00	0.0000000000e+00	0.0000000000e+00	0.0000000000e+00	0.0000000000e+00	0.0000000000e+00
1.0586405520e+05	2.2562055879e-14	3.1245981903e-16	2.7888045924e-15	0.0000000000e+00	0.0000000000e+00	1.0478020656e-16	2.8503914749e-14	9.0653884396e-15	0.0000000000e+00	0.0000000000e+00	6.3480942735e-17	6.1535626586e-16	4.1773720347e-14	0.0000000000e+00	0.0000000000e+00	0.0000000000e+00	0.0000000000e+00	0.0000000000e+00	0.0000000000e+00	0.0000000000e+00	0.0000000000e+00	0.0000000000e+00	0.0000000000e+00	0.0000000000e+00	0.0000000000e+00
1.0586429295e+05	2.2560849621e-14	3.1254969923e-16	2.7781029877e-15	0.0000000000e+00	0.0000000000e+00	1.0483710170e-16	2.8498534514e-14	9.0414873684e-15	0.0000000000e+00	0.0000000000e+00	6.3586991834e-17	6.1696978752e-16	4.2040125477e-14	0.0000000000e+00	0.0000000000e+00	0.0000000000e+00	0.0000000000e+00	0.0000000000e+00	0.0000000000e+00	0.0000000000e+00	0.0000000000e+00	0.0000000000e+00	0.0000000000e+00	0.0000000000e+00	0.0000000000e+00
1.0587513721e+05	2.2626563111e-14	3.0818329233e-16	2.3750163439e-15	0.0000000000e+00	0.0000000000e+00	1.0456861030e-16	2.8132847134e-14	7.8781707012e-15	0.0000000000e+00	0.0000000000e+00	6.7913711193e-17	6.6393261222e-16	4.5522351889e-14	0.0000000000e+00	0.0000000000e+00	0.0000000000e+00	0.0000000000e+00	0.0000000000e+00	0.0000000000e+00	0.0000000000e+00	0.0000000000e+00	0.0000000000e+00	0.0000000000e+00	0.0000000000e+00	0.0000000000e+00
1.0588542839e+05	2.2574573983e-14	3.1835834333e-16	2.1142229464e-15	0.0000000000e+00	0.0000000000e+00	1.0918038302e-16	2.7895290212e-14	7.0799190977e-15	0.0000000000e+00	0.0000000000e+00	7.1776010649e-17	7.0085544514e-16	4.7946326664e-14	0.0000000000e+00	0.0000000000e+00	0.0000000000e+00	0.0000000000e+00	0.0000000000e+00	0.0000000000e+00	0.0000000000e+00	0.0000000000e+00	0.0000000000e+00	0.0000000000e+00	0.0000000000e+00	0.0000000000e+00
1.0588566889e+05	2.2573302149e-14	3.1849367412e-16	2.1092501300e-15	0.0000000000e+00	0.0000000000e+00	1.0925374592e-16	2.7897211411e-14	7.0695657086e-15	0.0000000000e+00	0.0000000000e+00	7.1869615800e-17	7.0222202788e-16	4.7992939583e-14	0.0000000000e+00	0.0000000000e+00	0.0000000000e+00	0.0000000000e+00	0.0000000000e+00	0.0000000000e+00	0.0000000000e+00	0.0000000000e+00	0.0000000000e+00	0.0000000000e+00	0.0000000000e+00	0.0000000000e+00
1.0589663872e+05	2.2520933823e-14	3.1843747677e-16	1.9127198735e-15	0.0000000000e+00	0.0000000000e+00	1.1045623158e-16	2.7403477343e-14	6.5041211399e-15	0.0000000000e+00	0.0000000000e+00	7.5962963122e-17	7.4468584677e-16	4.8815899489e-14	0.0000000000e+00	0.0000000000e+00	0.0000000000e+00	0.0000000000e+00	0.0000000000e+00	0.0000000000e+00	0.0000000000e+00	0.0000000000e+00	0.0000000000e+00	0.0000000000e+00	0.0000000000e+00	0.0000000000e+00
1.0590704906e+05	2.2589744921e-14	3.2505189890e-16	1.7745428027e-15	0.0000000000e+00	0.0000000000e+00	1.1392070901e-16	2.7192211190e-14	6.1911485604e-15	0.0000000000e+00	0.0000000000e+00	7.9867582543e-17	7.9506990277e-16	4.9685213175e-14	0.0000000000e+00	0.0000000000e+00	0.0000000000e+00	0.0000000000e+00	0.0000000000e+00	0.0000000000e+00	0.0000000000e+00	0.0000000000e+00	0.0000000000e+00	0.0000000000e+00	0.0000000000e+00	0.0000000000e+00
1.0590729235e+05	2.2588644138e-14	3.2491459374e-16	1.7725909677e-15	0.0000000000e+00	0.0000000000e+00	1.1389976785e-16	2.7179168043e-14	6.2236077516e-15	0.0000000000e+00	0.0000000000e+00	7.9997752541e-17	8.0123118926e-16	4.9651445613e-14	0.0000000000e+00	0.0000000000e+00	0.0000000000e+00	0.0000000000e+00	0.0000000000e+00	0.0000000000e+00	0.0000000000e+00	0.0000000000e+00	0.0000000000e+00	0.0000000000e+00	0.0000000000e+00	0.0000000000e+00
1.0591838920e+05	2.2657689286e-14	3.2851102249e-16	1.6515390362e-15	0.0000000000e+00	0.0000000000e+00	1.1640649154e-16	2.6750082816e-14	5.5372150194e-15	0.0000000000e+00	0.0000000000e+00	8.3744468150e-17	7.9237619515e-16	4.7623951128e-14	0.0000000000e+00	0.0000000000e+00	0.0000000000e+00	0.0000000000e+00	0.0000000000e+00	0.0000000000e+00	0.0000000000e+00	0.0000000000e+00	0.0000000000e+00	0.0000000000e+00	0.0000000000e+00	0.0000000000e+00
1.0592892009e+05	2.2609667332e-14	3.3339579135e-16	1.5675032380e-15	0.0000000000e+00	0.0000000000e+00	1.1932382366e-16	2.6422731329e-14	5.3768220262e-15	0.0000000000e+00	0.0000000000e+00	8.7684757552e-17	8.4037722080e-16	4.6826274940e-14	0.0000000000e+00	0.0000000000e+00	0.0000000000e+00	0.0000000000e+00	0.0000000000e+00	0.0000000000e+00	0.0000000000e+00	0.0000000000e+00	0.0000000000e+00	0.0000000000e+00	0.0000000000e+00	0.0000000000e+00
1.0592916620e+05	2.2608589572e-14	3.3341693396e-16	1.5658799311e-15	0.0000000000e+00	0.0000000000e+00	1.1935896275e-16	2.6410862155e-14	5.3789333504e-15	0.0000000000e+00	0.0000000000e+00	8.7784339538e-17	8.4233989136e-16	4.6674198724e-14	0.0000000000e+00	0.0000000000e+00	0.0000000000e+00	0.0000000000e+00	0.0000000000e+00	0.0000000000e+00	0.0000000000e+00	0.0000000000e+00	0.0000000000e+00	0.0000000000e+00	0.0000000000e+00	0.0000000000e+00
1.0594039155e+05	2.2677873776e-14	3.3832307805e-16	1.4880271012e-15	0.0000000000e+00	0.0000000000e+00	1.2238381080e-16	2.6103853816e-14	4.8364882144e-15	0.0000000000e+00	0.0000000000e+00	9.1622879330e-17	8.2324837047e-16	4.6444140656e-14	0.0000000000e+00	0.0000000000e+00	0.0000000000e+00	0.0000000000e+00	0.0000000000e+00	0.0000000000e+00	0.0000000000e+00	0.0000000000e+00	0.0000000000e+00	0.0000000000e+00	0.0000000000e+00	0.0000000000e+00
1.0595104438e+05	2.2749719888e-14	3.4314098669e-16	1.4302421604e-15	0.0000000000e+00	0.0000000000e+00	1.2533376084e-16	2.5794468593e-14	4.6177240808e-15	0.0000000000e+00	0.0000000000e+00	9.5462513028e-17	8.4383161065e-16	4.5404922135e-14	0.0000000000e+00	0.0000000000e+00	0.0000000000e+00	0.0000000000e+00	0.0000000000e+00	0.0000000000e+00	0.0000000000e+00	0.0000000000e+00	0.0000000000e+00	0.0000000000e+00	0.0000000000e+00	0.0000000000e+00
1.0595129333e+05	2.2748682481e-14	3.4323070203e-16	1.4290399566e-15	0.0000000000e+00	0.0000000000e+00	1.2539458848e-16	2.5786577979e-14	4.6137150355e-15	0.0000000000e+00	0.0000000000e+00	9.5554032774e-17	8.4442824187e-16	4.5343348904e-14	0.0000000000e+00	0.0000000000e+00	0.0000000000e+00	0.0000000000e+00	0.0000000000e+00	0.0000000000e+00	0.0000000000e+00	0.0000000000e+00	0.0000000000e+00	0.0000000000e+00	0.0000000000e+00	0.0000000000e+00
1.0596264867e+05	2.2701639822e-14	3.4781849343e-16	1.3772373920e-15	0.0000000000e+00	0.0000000000e+00	1.2835986045e-16	2.5493558486e-14	4.2995552499e-15	0.0000000000e+00	0.0000000000e+00	9.9595575858e-17	8.4251610080e-16	4.5940238122e-14	0.0000000000e+00	0.0000000000e+00	0.0000000000e+00	0.0000000000e+00	0.0000000000e+00	0.0000000000e+00	0.0000000000e+00	0.0000000000e+00	0.0000000000e+00	0.0000000000e+00	0.0000000000e+00	0.0000000000e+00
1.0597342485e+05	2.2657147226e-14	3.5217603301e-16	1.3370225038e-15	0.0000000000e+00	0.0000000000e+00	1.3119271760e-16	2.5216838430e-14	4.0891278347e-15	0.0000000000e+00	0.0000000000e+00	1.0352374433e-16	8.4992775360e-16	4.5644809995e-14	0.0000000000e+00	0.0000000000e+00	0.0000000000e+00	0.0000000000e+00	0.0000000000e+00	0.0000000000e+00	0.0000000000e+00	0.0000000000e+00	0.0000000000e+00	0.0000000000e+00	0.0000000000e+00	0.0000000000e+00
1.0597367669e+05	2.2656107977e-14	3.5227125313e-16	1.3361703124e-15	0.0000000000e+00	0.0000000000e+00	1.3125665715e-16	2.5210248639e-14	4.0851470860e-15	0.0000000000e+00	0.0000000000e+00	1.0361652133e-16	8.5021889520e-16	4.5625146634e-14	0.0000000000e+00	0.0000000000e+00	0.0000000000e+00	0.0000000000e+00	0.0000000000e+00	0.0000000000e+00	0.0000000000e+00	0.0000000000e+00	0.0000000000e+00	0.0000000000e+00	0.0000000000e+00	0.0000000000e+00
1.0598516351e+05	2.2728666610e-14	3.5663397680e-16	1.2998709610e-15	0.0000000000e+00	0.0000000000e+00	1.3418894195e-16	2.4934580109e-14	3.8769819758e-15	0.0000000000e+00	0.0000000000e+00	1.0780426743e-16	8.5454606897e-16	4.6175770560e-14	0.0000000000e+00	0.0000000000e+00	0.0000000000e+00	0.0000000000e+00	0.0000000000e+00	0.0000000000e+00	0.0000000000e+00	0.0000000000e+00	0.0000000000e+00	0.0000000000e+00	0.0000000000e+00	0.0000000000e+00
1.0599606448e+05	2.2685723068e-14	3.6068462343e-16	1.2705916130e-15	0.0000000000e+00	0.0000000000e+00	1.3695302992e-16	2.4685925434e-14	3.7049224880e-15	0.0000000000e+00	0.0000000000e+00	1.1179828955e-16	8.5854741378e-16	4.6460096532e-14	0.0000000000e+00	0.0000000000e+00	0.0000000000e+00	0.0000000000e+00	0.0000000000e+00	0.0000000000e+00	0.0000000000e+00	0.0000000000e+00	0.0000000000e+00	0.0000000000e+00	0.0000000000e+00	0.0000000000e+00
1.0599631923e+05	2.2684729370e-14	3.6077637901e-16	1.2699663249e-15	0.0000000000e+00	0.0000000000e+00	1.3701669150e-16	2.4680228507e-14	3.7013718128e-15	0.0000000000e+00	0.0000000000e+00	1.1189243844e-16	8.5868893271e-16	4.6458140767e-14	0.0000000000e+00	0.0000000000e+00	0.0000000000e+00	0.0000000000e+00	0.0000000000e+00	0.0000000000e+00	0.0000000000e+00	0.0000000000e+00	0.0000000000e+00	0.0000000000e+00	0.0000000000e+00	0.0000000000e+00
1.0600793906e+05	2.2759044372e-14	3.6489645423e-16	1.2436447349e-15	0.0000000000e+00	0.0000000000e+00	1.3990312435e-16	2.4434673610e-14	3.5439279195e-15	0.0000000000e+00	0.0000000000e+00	1.1619640470e-16	8.6362153832e-16	4.6847072890e-14	0.0000000000e+00	0.0000000000e+00	0.0000000000e+00	0.0000000000e+00	0.0000000000e+00	0.0000000000e+00	0.0000000000e+00	0.0000000000e+00	0.0000000000e+00	0.0000000000e+00	0.0000000000e+00	0.0000000000e+00
1.0601896626e+05	2.2718045370e-14	3.6874063609e-16	1.2219457107e-15	0.0000000000e+00	0.0000000000e+00	1.4263015796e-16	2.4218742291e-14	3.4078952992e-15	0.0000000000e+00	0.0000000000e+00	1.2027472621e-16	8.6719815764e-16	4.7278394625e-14	0.0000000000e+00	0.0000000000e+00	0.0000000000e+00	0.0000000000e+00	0.0000000000e+00	0.0000000000e+00	0.0000000000e+00	0.0000000000e+00	0.0000000000e+00	0.0000000000e+00	0.0000000000e+00	0.0000000000e+00
1.0601922396e+05	2.2834406206e-14	3.6882992535e-16	1.2214714778e-15	0.0000000000e+00	0.0000000000e+00	1.4269382315e-16	2.4213869121e-14	3.4049199035e-15	0.0000000000e+00	0.0000000000e+00	1.2036987707e-16	8.6728605492e-16	4.7283756471e-14	0.0000000000e+00	0.0000000000e+00	0.0000000000e+00	0.0000000000e+00	0.0000000000e+00	0.0000000000e+00	0.0000000000e+00	0.0000000000e+00	0.0000000000e+00	0.0000000000e+00	0.0000000000e+00	0.0000000000e+00
1.0603097835e+05	2.2792659256e-14	3.7286307587e-16	1.2012405826e-15	0.0000000000e+00	0.0000000000e+00	1.4558927351e-16	2.4001149795e-14	3.2787171997e-15	0.0000000000e+00	0.0000000000e+00	1.2470024308e-16	8.7168839076e-16	4.7552221496e-14	0.0000000000e+00	0.0000000000e+00	0.0000000000e+00	0.0000000000e+00	0.0000000000e+00	0.0000000000e+00	0.0000000000e+00	0.0000000000e+00	0.0000000000e+00	0.0000000000e+00	0.0000000000e+00	0.0000000000e+00
1.0604213323e+05	2.2870041995e-14	3.7657420238e-16	1.1844198720e-15	0.0000000000e+00	0.0000000000e+00	1.4830345921e-16	2.3815916630e-14	3.1700504758e-15	0.0000000000e+00	0.0000000000e+00	1.2880454994e-16	8.7536863253e-16	4.7860094875e-14	0.0000000000e+00	0.0000000000e+00	0.0000000000e+00	0.0000000000e+00	0.0000000000e+00	0.0000000000e+00	0.0000000000e+00	0.0000000000e+00	0.0000000000e+00	0.0000000000e+00	0.0000000000e+00	0.0000000000e+00
1.0604239391e+05	2.2869157632e-14	3.7665957817e-16	1.1840533575e-15	0.0000000000e+00	0.0000000000e+00	1.4836648777e-16	2.3811790131e-14	3.1676484889e-15	0.0000000000e+00	0.0000000000e+00	1.2890060238e-16	8.7545505630e-16	4.7865304033e-14	0.0000000000e+00	0.0000000000e+00	0.0000000000e+00	0.0000000000e+00	0.0000000000e+00	0.0000000000e+00	0.0000000000e+00	0.0000000000e+00	0.0000000000e+00	0.0000000000e+00	0.0000000000e+00	0.0000000000e+00
1.0605428441e+05	2.2828781071e-14	3.8052121244e-16	1.1683832396e-15	0.0000000000e+00	0.0000000000e+00	1.5123450818e-16	2.3634075710e-14	3.0638642487e-15	0.0000000000e+00	0.0000000000e+00	1.3327532191e-16	8.7935029641e-16	4.8044297918e-14	0.0000000000e+00	0.0000000000e+00	0.0000000000e+00	0.0000000000e+00	0.0000000000e+00	0.0000000000e+00	0.0000000000e+00	0.0000000000e+00	0.0000000000e+00	0.0000000000e+00	0.0000000000e+00	0.0000000000e+00
1.0606556846e+05	2.2790875780e-14	3.8408763763e-16	1.1552226411e-15	0.0000000000e+00	0.0000000000e+00	1.5392754860e-16	2.3480987298e-14	2.9746621253e-15	0.0000000000e+00	0.0000000000e+00	1.3741503509e-16	8.8291761405e-16	4.8180050715e-14	0.0000000000e+00	0.0000000000e+00	0.0000000000e+00	0.0000000000e+00	0.0000000000e+00	0.0000000000e+00	0.0000000000e+00	0.0000000000e+00	0.0000000000e+00	0.0000000000e+00	0.0000000000e+00	0.0000000000e+00
1.0606583216e+05	2.2790005935e-14	3.8416944061e-16	1.1549344421e-15	0.0000000000e+00	0.0000000000e+00	1.5398998070e-16	2.3477581675e-14	2.9726773061e-15	0.0000000000e+00	0.0000000000e+00	1.3751180416e-16	8.8300012587e-16	4.8182223383e-14	0.0000000000e+00	0.0000000000e+00	0.0000000000e+00	0.0000000000e+00	0.0000000000e+00	0.0000000000e+00	0.0000000000e+00	0.0000000000e+00	0.0000000000e+00	0.0000000000e+00	0.0000000000e+00	0.0000000000e+00
1.0607786035e+05	2.2868080406e-14	3.8784552983e-16	1.1426105872e-15	0.0000000000e+00	0.0000000000e+00	1.5682063017e-16	2.3332077485e-14	2.8863044610e-15	0.0000000000e+00	0.0000000000e+00	1.4192290027e-16	8.8664949279e-16	4.8250444180e-14	0.0000000000e+00	0.0000000000e+00	0.0000000000e+00	0.0000000000e+00	0.0000000000e+00	0.0000000000e+00	0.0000000000e+00	0.0000000000e+00	0.0000000000e+00	0.0000000000e+00	0.0000000000e+00	0.0000000000e+00
1.0608927506e+05	2.2831812346e-14	3.9124224059e-16	1.1322142389e-15	0.0000000000e+00	0.0000000000e+00	1.5947853543e-16	2.3209661539e-14	2.8114815221e-15	0.0000000000e+00	0.0000000000e+00	1.4609686079e-16	8.9000204423e-16	4.8253150986e-14	0.0000000000e+00	0.0000000000e+00	0.0000000000e+00	0.0000000000e+00	0.0000000000e+00	0.0000000000e+00	0.0000000000e+00	0.0000000000e+00	0.0000000000e+00	0.0000000000e+00	0.0000000000e+00	0.0000000000e+00
1.0608954182e+05	2.2830978935e-14	3.9132033138e-16	1.1319854286e-15	0.0000000000e+00	0.0000000000e+00	1.5954022167e-16	2.3206970737e-14	2.8098020867e-15	0.0000000000e+00	0.0000000000e+00	1.4619431226e-16	8.9007702759e-16	4.8253139169e-14	0.0000000000e+00	0.0000000000e+00	0.0000000000e+00	0.0000000000e+00	0.0000000000e+00	0.0000000000e+00	0.0000000000e+00	0.0000000000e+00	0.0000000000e+00	0.0000000000e+00	0.0000000000e+00	0.0000000000e+00
1.0610170928e+05	2.2909964260e-14	3.9482632174e-16	1.1221665904e-15	0.0000000000e+00	0.0000000000e+00	1.6233534721e-16	2.3093619332e-14	2.7365406855e-15	0.0000000000e+00	0.0000000000e+00	1.5063338930e-16	8.9342649279e-16	4.8214101108e-14	0.0000000000e+00	0.0000000000e+00	0.0000000000e+00	0.0000000000e+00	0.0000000000e+00	0.0000000000e+00	0.0000000000e+00	0.0000000000e+00	0.0000000000e+00	0.0000000000e+00	0.0000000000e+00	0.0000000000e+00
1.0611325617e+05	2.2990778817e-14	3.9803832948e-16	1.1138778611e-15	0.0000000000e+00	0.0000000000e+00	1.6494782452e-16	2.3002458104e-14	2.6723341993e-15	0.0000000000e+00	0.0000000000e+00	1.5483598199e-16	8.9640318940e-16	4.8142809553e-14	0.0000000000e+00	0.0000000000e+00	0.0000000000e+00	0.0000000000e+00	0.0000000000e+00	0.0000000000e+00	0.0000000000e+00	0.0000000000e+00	0.0000000000e+00	0.0000000000e+00	0.0000000000e+00	0.0000000000e+00
1.0611352601e+05	2.2989990452e-14	3.9811156318e-16	1.1136964534e-15	0.0000000000e+00	0.0000000000e+00	1.6500819793e-16	2.3000493527e-14	2.6708921671e-15	0.0000000000e+00	0.0000000000e+00	1.5493426001e-16	8.9647101130e-16	4.8140648079e-14	0.0000000000e+00	0.0000000000e+00	0.0000000000e+00	0.0000000000e+00	0.0000000000e+00	0.0000000000e+00	0.0000000000e+00	0.0000000000e+00	0.0000000000e+00	0.0000000000e+00	0.0000000000e+00	0.0000000000e+00
1.0612583437e+05	2.3068717436e-14	4.0135768645e-16	1.1060068055e-15	0.0000000000e+00	0.0000000000e+00	1.6772608569e-16	2.2919406589e-14	2.6076102464e-15	0.0000000000e+00	0.0000000000e+00	1.5942508953e-16	8.9944067176e-16	4.8036061247e-14	0.0000000000e+00	0.0000000000e+00	0.0000000000e+00	0.0000000000e+00	0.0000000000e+00	0.0000000000e+00	0.0000000000e+00	0.0000000000e+00	0.0000000000e+00	0.0000000000e+00	0.0000000000e+00	0.0000000000e+00
1.0613751496e+05	2.3035869245e-14	4.0429002274e-16	1.0995846347e-15	0.0000000000e+00	0.0000000000e+00	1.7024860968e-16	2.2858263743e-14	2.5517760527e-15	0.0000000000e+00	0.0000000000e+00	1.6368632588e-16	9.0206066466e-16	4.7915000494e-14	0.0000000000e+00	0.0000000000e+00	0.0000000000e+00	0.0000000000e+00	0.0000000000e+00	0.0000000000e+00	0.0000000000e+00	0.0000000000e+00	0.0000000000e+00	0.0000000000e+00	0.0000000000e+00	0.0000000000e+00
1.0613778794e+05	2.3035108321e-14	4.0435682538e-16	1.0994430448e-15	0.0000000000e+00	0.0000000000e+00	1.7030688777e-16	2.2856998947e-14	2.5505164124e-15	0.0000000000e+00	0.0000000000e+00	1.6378576730e-16	9.0211958518e-16	4.7912070018e-14	0.0000000000e+00	0.0000000000e+00	0.0000000000e+00	0.0000000000e+00	0.0000000000e+00	0.0000000000e+00	0.0000000000e+00	0.0000000000e+00	0.0000000000e+00	0.0000000000e+00	0.0000000000e+00	0.0000000000e+00
1.0615023881e+05	2.3001049781e-14	4.0731657862e-16	1.0933778956e-15	0.0000000000e+00	0.0000000000e+00	1.7293035214e-16	2.2806704321e-14	2.4951896604e-15	0.0000000000e+00	0.0000000000e+00	1.6831640550e-16	9.0473331297e-16	4.7767983420e-14	0.0000000000e+00	0.0000000000e+00	0.0000000000e+00	0.0000000000e+00	0.0000000000e+00	0.0000000000e+00	0.0000000000e+00	0.0000000000e+00	0.0000000000e+00	0.0000000000e+00	0.0000000000e+00	0.0000000000e+00
1.0616205466e+05	2.3083478952e-14	4.0998891222e-16	1.0882774494e-15	0.0000000000e+00	0.0000000000e+00	1.7536525527e-16	2.2773484136e-14	2.4462087682e-15	0.0000000000e+00	0.0000000000e+00	1.7260609071e-16	9.0706532452e-16	4.7624647351e-14	0.0000000000e+00	0.0000000000e+00	0.0000000000e+00	0.0000000000e+00	0.0000000000e+00	0.0000000000e+00	0.0000000000e+00	0.0000000000e+00	0.0000000000e+00	0.0000000000e+00	0.0000000000e+00	0.0000000000e+00
1.0616233080e+05	2.3082752271e-14	4.1004982658e-16	1.0881653900e-15	0.0000000000e+00	0.0000000000e+00	1.7542153193e-16	2.2772874963e-14	2.4451020399e-15	0.0000000000e+00	0.0000000000e+00	1.7270623465e-16	9.0711809096e-16	4.7621161393e-14	0.0000000000e+00	0.0000000000e+00	0.0000000000e+00	0.0000000000e+00	0.0000000000e+00	0.0000000000e+00	0.0000000000e+00	0.0000000000e+00	0.0000000000e+00	0.0000000000e+00	0.0000000000e+00	0.0000000000e+00
1.0617492585e+05	2.3050282782e-14	4.1273115066e-16	1.0834332598e-15	0.0000000000e+00	0.0000000000e+00	1.7794782596e-16	2.2752117446e-14	2.3963296781e-15	0.0000000000e+00	0.0000000000e+00	1.7727829178e-16	9.0944098626e-16	4.7463336889e-14	0.0000000000e+00	0.0000000000e+00	0.0000000000e+00	0.0000000000e+00	0.0000000000e+00	0.0000000000e+00	0.0000000000e+00	0.0000000000e+00	0.0000000000e+00	0.0000000000e+00	0.0000000000e+00	0.0000000000e+00
1.0618687852e+05	2.3133293212e-14	4.1509575539e-16	1.0796306917e-15	0.0000000000e+00	0.0000000000e+00	1.8026878219e-16	2.2745141102e-14	2.3529879855e-15	0.0000000000e+00	0.0000000000e+00	1.8163299618e-16	9.1152167911e-16	4.7312398894e-14	0.0000000000e+00	0.0000000000e+00	0.0000000000e+00	0.0000000000e+00	0.0000000000e+00	0.0000000000e+00	0.0000000000e+00	0.0000000000e+00	0.0000000000e+00	0.0000000000e+00	0.0000000000e+00	0.0000000000e+00
1.0618715785e+05	2.3132594676e-14	4.1514932129e-16	1.0795485997e-15	0.0000000000e+00	0.0000000000e+00	1.8032229217e-16	2.2745133955e-14	2.3520076414e-15	0.0000000000e+00	0.0000000000e+00	1.8173482959e-16	9.1156913317e-16	4.7308923071e-14	0.0000000000e+00	0.0000000000e+00	0.0000000000e+00	0.0000000000e+00	0.0000000000e+00	0.0000000000e+00	0.0000000000e+00	0.0000000000e+00	0.0000000000e+00	0.0000000000e+00	0.0000000000e+00	0.0000000000e+00
1.0619989875e+05	2.3213529982e-14	4.1752902875e-16	1.0760530550e-15	0.0000000000e+00	0.0000000000e+00	1.8273520142e-16	2.2751584675e-14	2.3087817045e-15	0.0000000000e+00	0.0000000000e+00	1.8637270828e-16	9.1368387970e-16	4.7150678235e-14	0.0000000000e+00	0.0000000000e+00	0.0000000000e+00	0.0000000000e+00	0.0000000000e+00	0.0000000000e+00	0.0000000000e+00	0.0000000000e+00	0.0000000000e+00	0.0000000000e+00	0.0000000000e+00	0.0000000000e+00
1.0621198982e+05	2.3184712527e-14	4.1967955863e-16	1.0731336017e-15	0.0000000000e+00	0.0000000000e+00	1.8497717282e-16	2.2768158538e-14	2.2703327548e-15	0.0000000000e+00	0.0000000000e+00	1.9075738529e-16	9.1562314315e-16	4.7005744086e-14	0.0000000000e+00	0.0000000000e+00	0.0000000000e+00	0.0000000000e+00	0.0000000000e+00	0.0000000000e+00	0.0000000000e+00	0.0000000000e+00	0.0000000000e+00	0.0000000000e+00	0.0000000000e+00	0.0000000000e+00
1.0621227239e+05	2.3184048317e-14	4.1972867189e-16	1.0730696637e-15	0.0000000000e+00	0.0000000000e+00	1.8502905073e-16	2.2768664554e-14	2.2694621181e-15	0.0000000000e+00	0.0000000000e+00	1.9085965425e-16	9.1566764710e-16	4.7002423096e-14	0.0000000000e+00	0.0000000000e+00	0.0000000000e+00	0.0000000000e+00	0.0000000000e+00	0.0000000000e+00	0.0000000000e+00	0.0000000000e+00	0.0000000000e+00	0.0000000000e+00	0.0000000000e+00	0.0000000000e+00
1.0622516082e+05	2.3265680633e-14	4.2191551507e-16	1.0703452859e-15	0.0000000000e+00	0.0000000000e+00	1.8737088403e-16	2.2797851258e-14	2.2310090955e-15	0.0000000000e+00	0.0000000000e+00	1.9551418766e-16	9.1765430879e-16	4.6855401293e-14	0.0000000000e+00	0.0000000000e+00	0.0000000000e+00	0.0000000000e+00	0.0000000000e+00	0.0000000000e+00	0.0000000000e+00	0.0000000000e+00	0.0000000000e+00	0.0000000000e+00	0.0000000000e+00	0.0000000000e+00
1.0623739190e+05	2.3238511258e-14	4.2387009216e-16	1.0681263962e-15	0.0000000000e+00	0.0000000000e+00	1.8953762656e-16	2.2835788612e-14	2.1966544508e-15	0.0000000000e+00	0.0000000000e+00	1.9992066625e-16	9.1946271664e-16	4.6723551412e-14	0.0000000000e+00	0.0000000000e+00	0.0000000000e+00	0.0000000000e+00	0.0000000000e+00	0.0000000000e+00	0.0000000000e+00	0.0000000000e+00	0.0000000000e+00	0.0000000000e+00	0.0000000000e+00	0.0000000000e+00
1.0623767774e+05	2.3237887218e-14	4.2391413840e-16	1.0680791124e-15	0.0000000000e+00	0.0000000000e+00	1.8958750506e-16	2.2836783772e-14	2.1958755838e-15	0.0000000000e+00	0.0000000000e+00	2.0002362736e-16	9.1950436800e-16	4.6720559187e-14	0.0000000000e+00	0.0000000000e+00	0.0000000000e+00	0.0000000000e+00	0.0000000000e+00	0.0000000000e+00	0.0000000000e+00	0.0000000000e+00	0.0000000000e+00	0.0000000000e+00	0.0000000000e+00	0.0000000000e+00
1.0625071541e+05	2.3209567674e-14	4.2585881797e-16	1.0661133082e-15	0.0000000000e+00	0.0000000000e+00	1.9183199100e-16	2.2887574031e-14	2.1614559180e-15	0.0000000000e+00	0.0000000000e+00	2.0471566973e-16	9.2137985910e-16	4.6589411812e-14	0.0000000000e+00	0.0000000000e+00	0.0000000000e+00	0.0000000000e+00	0.0000000000e+00	0.0000000000e+00	0.0000000000e+00	0.0000000000e+00	0.0000000000e+00	0.0000000000e+00	0.0000000000e+00	0.0000000000e+00
1.0626308812e+05	2.3293371247e-14	4.2762413444e-16	1.0644876442e-15	0.0000000000e+00	0.0000000000e+00	1.9392242131e-16	2.2945095703e-14	2.1306805303e-15	0.0000000000e+00	0.0000000000e+00	2.0914401533e-16	9.2311825071e-16	4.6474871392e-14	0.0000000000e+00	0.0000000000e+00	0.0000000000e+00	0.0000000000e+00	0.0000000000e+00	0.0000000000e+00	0.0000000000e+00	0.0000000000e+00	0.0000000000e+00	0.0000000000e+00	0.0000000000e+00	0.0000000000e+00
1.0626337727e+05	2.3292761433e-14	4.2766461037e-16	1.0644516544e-15	0.0000000000e+00	0.0000000000e+00	1.9397087793e-16	2.2946529902e-14	2.1299820443e-15	0.0000000000e+00	0.0000000000e+00	2.0924710020e-16	9.2315841164e-16	4.6472320728e-14	0.0000000000e+00	0.0000000000e+00	0.0000000000e+00	0.0000000000e+00	0.0000000000e+00	0.0000000000e+00	0.0000000000e+00	0.0000000000e+00	0.0000000000e+00	0.0000000000e+00	0.0000000000e+00	0.0000000000e+00
1.0627656591e+05	2.3374947171e-14	4.2946911716e-16	1.0629038361e-15	0.0000000000e+00	0.0000000000e+00	1.9615987690e-16	2.3015552903e-14	2.0990853714e-15	0.0000000000e+00	0.0000000000e+00	2.1393003836e-16	9.2497427778e-16	4.6361710767e-14	0.0000000000e+00	0.0000000000e+00	0.0000000000e+00	0.0000000000e+00	0.0000000000e+00	0.0000000000e+00	0.0000000000e+00	0.0000000000e+00	0.0000000000e+00	0.0000000000e+00	0.0000000000e+00	0.0000000000e+00
1.0628908189e+05	2.3349739687e-14	4.3110756074e-16	1.0615944633e-15	0.0000000000e+00	0.0000000000e+00	1.9819906665e-16	2.3088084181e-14	2.0714256938e-15	0.0000000000e+00	0.0000000000e+00	2.1834000728e-16	9.2667632796e-16	4.6267921442e-14	0.0000000000e+00	0.0000000000e+00	0.0000000000e+00	0.0000000000e+00	0.0000000000e+00	0.0000000000e+00	0.0000000000e+00	0.0000000000e+00	0.0000000000e+00	0.0000000000e+00	0.0000000000e+00	0.0000000000e+00
1.0628937439e+05	2.3349163954e-14	4.3114495959e-16	1.0615656075e-15	0.0000000000e+00	0.0000000000e+00	1.9824625941e-16	2.3089868790e-14	2.0707976916e-15	0.0000000000e+00	0.0000000000e+00	2.1844267218e-16	9.2671592148e-16	4.6265860081e-14	0.0000000000e+00	0.0000000000e+00	0.0000000000e+00	0.0000000000e+00	0.0000000000e+00	0.0000000000e+00	0.0000000000e+00	0.0000000000e+00	0.0000000000e+00	0.0000000000e+00	0.0000000000e+00	0.0000000000e+00
1.0630271574e+05	2.3432152134e-14	4.3279599979e-16	1.0603478356e-15	0.0000000000e+00	0.0000000000e+00	2.0037078656e-16	2.3175221160e-14	2.0430081680e-15	0.0000000000e+00	0.0000000000e+00	2.2311034684e-16	9.2851793122e-16	4.6178010992e-14	0.0000000000e+00	0.0000000000e+00	0.0000000000e+00	0.0000000000e+00	0.0000000000e+00	0.0000000000e+00	0.0000000000e+00	0.0000000000e+00	0.0000000000e+00	0.0000000000e+00	0.0000000000e+00	0.0000000000e+00
1.0631537665e+05	2.3516062025e-14	4.3425780759e-16	1.0593860503e-15	0.0000000000e+00	0.0000000000e+00	2.0233293682e-16	2.3262436884e-14	2.0181169513e-15	0.0000000000e+00	0.0000000000e+00	2.2751837280e-16	9.3022841938e-16	4.6104698883e-14	0.0000000000e+00	0.0000000000e+00	0.0000000000e+00	0.0000000000e+00	0.0000000000e+00	0.0000000000e+00	0.0000000000e+00	0.0000000000e+00	0.0000000000e+00	0.0000000000e+00	0.0000000000e+00	0.0000000000e+00
1.0631567253e+05	2.3515496228e-14	4.3429094115e-16	1.0593655438e-15	0.0000000000e+00	0.0000000000e+00	2.0237824655e-16	2.3264544889e-14	2.0175515796e-15	0.0000000000e+00	0.0000000000e+00	2.2762110284e-16	9.3026839865e-16	4.6103093097e-14	0.0000000000e+00	0.0000000000e+00	0.0000000000e+00	0.0000000000e+00	0.0000000000e+00	0.0000000000e+00	0.0000000000e+00	0.0000000000e+00	0.0000000000e+00	0.0000000000e+00	0.0000000000e+00	0.0000000000e+00
1.0632916838e+05	2.3490134683e-14	4.3576489540e-16	1.0584977111e-15	0.0000000000e+00	0.0000000000e+00	2.0442409109e-16	2.3364093424e-14	1.9925023022e-15	0.0000000000e+00	0.0000000000e+00	2.3228811391e-16	9.3208616554e-16	4.6035267074e-14	0.0000000000e+00	0.0000000000e+00	0.0000000000e+00	0.0000000000e+00	0.0000000000e+00	0.0000000000e+00	0.0000000000e+00	0.0000000000e+00	0.0000000000e+00	0.0000000000e+00	0.0000000000e+00	0.0000000000e+00
1.0634197589e+05	2.3466639037e-14	4.3709416838e-16	1.0577912077e-15	0.0000000000e+00	0.0000000000e+00	2.0632663921e-16	2.3463776684e-14	1.9699970965e-15	0.0000000000e+00	0.0000000000e+00	2.3668383272e-16	9.3380014003e-16	4.5980642967e-14	0.0000000000e+00	0.0000000000e+00	0.0000000000e+00	0.0000000000e+00	0.0000000000e+00	0.0000000000e+00	0.0000000000e+00	0.0000000000e+00	0.0000000000e+00	0.0000000000e+00	0.0000000000e+00	0.0000000000e+00
1.0634227520e+05	2.3466088580e-14	4.3712434932e-16	1.0577762283e-15	0.0000000000e+00	0.0000000000e+00	2.0637060845e-16	2.3466155065e-14	1.9694852354e-15	0.0000000000e+00	0.0000000000e+00	2.3678622990e-16	9.3384010988e-16	4.5979475912e-14	0.0000000000e+00	0.0000000000e+00	0.0000000000e+00	0.0000000000e+00	0.0000000000e+00	0.0000000000e+00	0.0000000000e+00	0.0000000000e+00	0.0000000000e+00	0.0000000000e+00	0.0000000000e+00	0.0000000000e+00
1.0635592732e+05	2.3548848481e-14	4.3846289186e-16	1.0571606537e-15	0.0000000000e+00	0.0000000000e+00	2.0835429517e-16	2.3577019325e-14	1.9467841848e-15	0.0000000000e+00	0.0000000000e+00	2.4144029228e-16	9.3565760738e-16	4.5931059161e-14	0.0000000000e+00	0.0000000000e+00	0.0000000000e+00	0.0000000000e+00	0.0000000000e+00	0.0000000000e+00	0.0000000000e+00	0.0000000000e+00	0.0000000000e+00	0.0000000000e+00	0.0000000000e+00	0.0000000000e+00
1.0636888314e+05	2.3632787043e-14	4.3967452642e-16	1.0566676408e-15	0.0000000000e+00	0.0000000000e+00	2.1020184402e-16	2.3686837626e-14	1.9263516490e-15	0.0000000000e+00	0.0000000000e+00	2.4582158620e-16	9.3737196547e-16	4.5893311206e-14	0.0000000000e+00	0.0000000000e+00	0.0000000000e+00	0.0000000000e+00	0.0000000000e+00	0.0000000000e+00	0.0000000000e+00	0.0000000000e+00	0.0000000000e+00	0.0000000000e+00	0.0000000000e+00	0.0000000000e+00
1.0636918591e+05	2.3632269038e-14	4.3970216161e-16	1.0566570216e-15	0.0000000000e+00	0.0000000000e+00	2.1024461163e-16	2.3689453481e-14	1.9258864600e-15	0.0000000000e+00	0.0000000000e+00	2.4592354352e-16	9.3741191883e-16	4.5892522260e-14	0.0000000000e+00	0.0000000000e+00	0.0000000000e+00	0.0000000000e+00	0.0000000000e+00	0.0000000000e+00	0.0000000000e+00	0.0000000000e+00	0.0000000000e+00	0.0000000000e+00	0.0000000000e+00	0.0000000000e+00
1.0638299611e+05	2.3608740153e-14	4.4092816455e-16	1.0562237274e-15	0.0000000000e+00	0.0000000000e+00	2.1217461561e-16	2.3810591881e-14	1.9052315074e-15	0.0000000000e+00	0.0000000000e+00	2.5055551005e-16	9.3922622395e-16	4.5860960175e-14	0.0000000000e+00	0.0000000000e+00	0.0000000000e+00	0.0000000000e+00	0.0000000000e+00	0.0000000000e+00	0.0000000000e+00	0.0000000000e+00	0.0000000000e+00	0.0000000000e+00	0.0000000000e+00	0.0000000000e+00
1.0639610196e+05	2.3692728784e-14	4.4203883755e-16	1.0559027712e-15	0.0000000000e+00	0.0000000000e+00	2.1397306317e-16	2.3928566281e-14	1.8865718230e-15	0.0000000000e+00	0.0000000000e+00	2.5491860756e-16	9.4091908118e-16	4.5838350661e-14	0.0000000000e+00	0.0000000000e+00	0.0000000000e+00	0.0000000000e+00	0.0000000000e+00	0.0000000000e+00	0.0000000000e+00	0.0000000000e+00	0.0000000000e+00	0.0000000000e+00	0.0000000000e+00	0.0000000000e+00
1.0639640824e+05	2.3692220696e-14	4.4206428546e-16	1.0558961497e-15	0.0000000000e+00	0.0000000000e+00	2.1401475574e-16	2.3931360802e-14	1.8861457739e-15	0.0000000000e+00	0.0000000000e+00	2.5502016703e-16	9.4095810227e-16	4.5837897945e-14	0.0000000000e+00	0.0000000000e+00	0.0000000000e+00	0.0000000000e+00	0.0000000000e+00	0.0000000000e+00	0.0000000000e+00	0.0000000000e+00	0.0000000000e+00	0.0000000000e+00	0.0000000000e+00	0.0000000000e+00
1.0641037835e+05	2.3774392175e-14	4.4319754975e-16	1.0556321658e-15	0.0000000000e+00	0.0000000000e+00	2.1589864101e-16	2.4060536960e-14	1.8671701588e-15	0.0000000000e+00	0.0000000000e+00	2.5963242348e-16	9.4270899741e-16	4.5820601283e-14	0.0000000000e+00	0.0000000000e+00	0.0000000000e+00	0.0000000000e+00	0.0000000000e+00	0.0000000000e+00	0.0000000000e+00	0.0000000000e+00	0.0000000000e+00	0.0000000000e+00	0.0000000000e+00	0.0000000000e+00
1.0642363595e+05	2.3752665937e-14	4.4422067132e-16	1.0554474798e-15	0.0000000000e+00	0.0000000000e+00	2.1765273343e-16	2.4185392028e-14	1.8499553480e-15	0.0000000000e+00	0.0000000000e+00	2.6397352645e-16	9.4432096467e-16	4.5809900756e-14	0.0000000000e+00	0.0000000000e+00	0.0000000000e+00	0.0000000000e+00	0.0000000000e+00	0.0000000000e+00	0.0000000000e+00	0.0000000000e+00	0.0000000000e+00	0.0000000000e+00	0.0000000000e+00	0.0000000000e+00
1.0642394578e+05	2.3752155522e-14	4.4424408691e-16	1.0554437565e-15	0.0000000000e+00	0.0000000000e+00	2.1769338747e-16	2.4188329387e-14	1.8495618213e-15	0.0000000000e+00	0.0000000000e+00	2.6407452875e-16	9.4435805468e-16	4.5809712632e-14	0.0000000000e+00	0.0000000000e+00	0.0000000000e+00	0.0000000000e+00	0.0000000000e+00	0.0000000000e+00	0.0000000000e+00	0.0000000000e+00	0.0000000000e+00	0.0000000000e+00	0.0000000000e+00	0.0000000000e+00
1.0643807766e+05	2.3728771183e-14	4.4529679469e-16	1.0552882971e-15	0.0000000000e+00	0.0000000000e+00	2.1953545736e-16	2.4323366248e-14	1.8320132771e-15	0.0000000000e+00	0.0000000000e+00	2.6865661465e-16	9.4601915103e-16	4.5803763154e-14	0.0000000000e+00	0.0000000000e+00	0.0000000000e+00	0.0000000000e+00	0.0000000000e+00	0.0000000000e+00	0.0000000000e+00	0.0000000000e+00	0.0000000000e+00	0.0000000000e+00	0.0000000000e+00	0.0000000000e+00
1.0645148878e+05	2.3812899855e-14	4.4626442482e-16	1.0551658451e-15	0.0000000000e+00	0.0000000000e+00	2.2125953564e-16	2.4453461480e-14	1.8160385121e-15	0.0000000000e+00	0.0000000000e+00	2.7296059785e-16	9.4753347214e-16	4.5802300631e-14	0.0000000000e+00	0.0000000000e+00	0.0000000000e+00	0.0000000000e+00	0.0000000000e+00	0.0000000000e+00	0.0000000000e+00	0.0000000000e+00	0.0000000000e+00	0.0000000000e+00	0.0000000000e+00	0.0000000000e+00
1.0645180219e+05	2.3812397733e-14	4.4628652646e-16	1.0551634745e-15	0.0000000000e+00	0.0000000000e+00	2.2129947351e-16	2.4456518464e-14	1.8156726621e-15	0.0000000000e+00	0.0000000000e+00	2.7306072454e-16	9.4756811461e-16	4.5802312015e-14	0.0000000000e+00	0.0000000000e+00	0.0000000000e+00	0.0000000000e+00	0.0000000000e+00	0.0000000000e+00	0.0000000000e+00	0.0000000000e+00	0.0000000000e+00	0.0000000000e+00	0.0000000000e+00	0.0000000000e+00
1.0646609771e+05	2.3894279525e-14	4.4726737166e-16	1.0550852165e-15	0.0000000000e+00	0.0000000000e+00	2.2310267497e-16	2.4596337548e-14	1.7993283359e-15	0.0000000000e+00	0.0000000000e+00	2.7760767973e-16	9.4911054271e-16	4.5805024183e-14	0.0000000000e+00	0.0000000000e+00	0.0000000000e+00	0.0000000000e+00	0.0000000000e+00	0.0000000000e+00	0.0000000000e+00	0.0000000000e+00	0.0000000000e+00	0.0000000000e+00	0.0000000000e+00	0.0000000000e+00
1.0647966412e+05	2.3872906291e-14	4.4815388876e-16	1.0550534460e-15	0.0000000000e+00	0.0000000000e+00	2.2478285347e-16	2.4729590698e-14	1.7844018540e-15	0.0000000000e+00	0.0000000000e+00	2.8188439699e-16	9.5050243116e-16	4.5811350531e-14	0.0000000000e+00	0.0000000000e+00	0.0000000000e+00	0.0000000000e+00	0.0000000000e+00	0.0000000000e+00	0.0000000000e+00	0.0000000000e+00	0.0000000000e+00	0.0000000000e+00	0.0000000000e+00	0.0000000000e+00
1.0647998117e+05	2.3872400057e-14	4.4817409487e-16	1.0550530686e-15	0.0000000000e+00	0.0000000000e+00	2.2482175759e-16	2.4732712978e-14	1.7840594858e-15	0.0000000000e+00	0.0000000000e+00	2.8198387252e-16	9.5053411359e-16	4.5811535978e-14	0.0000000000e+00	0.0000000000e+00	0.0000000000e+00	0.0000000000e+00	0.0000000000e+00	0.0000000000e+00	0.0000000000e+00	0.0000000000e+00	0.0000000000e+00	0.0000000000e+00	0.0000000000e+00	0.0000000000e+00
1.0649444222e+05	2.3954358172e-14	4.4906547626e-16	1.0550591893e-15	0.0000000000e+00	0.0000000000e+00	2.2657590036e-16	2.4875415587e-14	1.7687460384e-15	0.0000000000e+00	0.0000000000e+00	2.8650032382e-16	9.5194033008e-16	4.5821405638e-14	0.0000000000e+00	0.0000000000e+00	0.0000000000e+00	0.0000000000e+00	0.0000000000e+00	0.0000000000e+00	0.0000000000e+00	0.0000000000e+00	0.0000000000e+00	0.0000000000e+00	0.0000000000e+00	0.0000000000e+00
1.0650816572e+05	2.4036536958e-14	4.4985589067e-16	1.0551186193e-15	0.0000000000e+00	0.0000000000e+00	2.2820315306e-16	2.5010854357e-14	1.7547360013e-15	0.0000000000e+00	0.0000000000e+00	2.9075274932e-16	9.5320453651e-16	4.5832999283e-14	0.0000000000e+00	0.0000000000e+00	0.0000000000e+00	0.0000000000e+00	0.0000000000e+00	0.0000000000e+00	0.0000000000e+00	0.0000000000e+00	0.0000000000e+00	0.0000000000e+00	0.0000000000e+00	0.0000000000e+00
1.0650848644e+05	2.4036053216e-14	4.4987380396e-16	1.0551206531e-15	0.0000000000e+00	0.0000000000e+00	2.2824078791e-16	2.5014016240e-14	1.7544142766e-15	0.0000000000e+00	0.0000000000e+00	2.9085175260e-16	9.5323320230e-16	4.5833294927e-14	0.0000000000e+00	0.0000000000e+00	0.0000000000e+00	0.0000000000e+00	0.0000000000e+00	0.0000000000e+00	0.0000000000e+00	0.0000000000e+00	0.0000000000e+00	0.0000000000e+00	0.0000000000e+00	0.0000000000e+00
1.0652311495e+05	2.4013688466e-14	4.5066681714e-16	1.0552417386e-15	0.0000000000e+00	0.0000000000e+00	2.2993975551e-16	2.5158140600e-14	1.7399946745e-15	0.0000000000e+00	0.0000000000e+00	2.9534903769e-16	9.5449363152e-16	4.5847922468e-14	0.0000000000e+00	0.0000000000e+00	0.0000000000e+00	0.0000000000e+00	0.0000000000e+00	0.0000000000e+00	0.0000000000e+00	0.0000000000e+00	0.0000000000e+00	0.0000000000e+00	0.0000000000e+00	0.0000000000e+00
1.0653699736e+05	2.3991452373e-14	4.5136995034e-16	1.0554111331e-15	0.0000000000e+00	0.0000000000e+00	2.3151698349e-16	2.5294590514e-14	1.7267573305e-15	0.0000000000e+00	0.0000000000e+00	2.9958540506e-16	9.5560866013e-16	4.5863480533e-14	0.0000000000e+00	0.0000000000e+00	0.0000000000e+00	0.0000000000e+00	0.0000000000e+00	0.0000000000e+00	0.0000000000e+00	0.0000000000e+00	0.0000000000e+00	0.0000000000e+00	0.0000000000e+00	0.0000000000e+00
1.0653732179e+05	2.3990918113e-14	4.5138573031e-16	1.0554157915e-15	0.0000000000e+00	0.0000000000e+00	2.3155339320e-16	2.5297769858e-14	1.7264531008e-15	0.0000000000e+00	0.0000000000e+00	2.9968407054e-16	9.5563386662e-16	4.5863858369e-14	0.0000000000e+00	0.0000000000e+00	0.0000000000e+00	0.0000000000e+00	0.0000000000e+00	0.0000000000e+00	0.0000000000e+00	0.0000000000e+00	0.0000000000e+00	0.0000000000e+00	0.0000000000e+00	0.0000000000e+00
1.0655211968e+05	2.4072360069e-14	4.5207467394e-16	1.0556606795e-15	0.0000000000e+00	0.0000000000e+00	2.3319260873e-16	2.5442075270e-14	1.7128213671e-15	0.0000000000e+00	0.0000000000e+00	3.0416816719e-16	9.5674650452e-16	4.5881648764e-14	0.0000000000e+00	0.0000000000e+00	0.0000000000e+00	0.0000000000e+00	0.0000000000e+00	0.0000000000e+00	0.0000000000e+00	0.0000000000e+00	0.0000000000e+00	0.0000000000e+00	0.0000000000e+00	0.0000000000e+00
1.0656616285e+05	2.4154392476e-14	4.5267487447e-16	1.0559472021e-15	0.0000000000e+00	0.0000000000e+00	2.3471021784e-16	2.5577843318e-14	1.7003067117e-15	0.0000000000e+00	0.0000000000e+00	3.0839383183e-16	9.5773452152e-16	4.5899414294e-14	0.0000000000e+00	0.0000000000e+00	0.0000000000e+00	0.0000000000e+00	0.0000000000e+00	0.0000000000e+00	0.0000000000e+00	0.0000000000e+00	0.0000000000e+00	0.0000000000e+00	0.0000000000e+00	0.0000000000e+00
1.0656649103e+05	2.4153891684e-14	4.5268824864e-16	1.0559545544e-15	0.0000000000e+00	0.0000000000e+00	2.3474522478e-16	2.5581005141e-14	1.7000188923e-15	0.0000000000e+00	0.0000000000e+00	3.0849225713e-16	9.5775679619e-16	4.5899837659e-14	0.0000000000e+00	0.0000000000e+00	0.0000000000e+00	0.0000000000e+00	0.0000000000e+00	0.0000000000e+00	0.0000000000e+00	0.0000000000e+00	0.0000000000e+00	0.0000000000e+00	0.0000000000e+00	0.0000000000e+00
1.0658146028e+05	2.4233686715e-14	4.5326549645e-16	1.0563266571e-15	0.0000000000e+00	0.0000000000e+00	2.3631899004e-16	2.5724555208e-14	1.6871056953e-15	0.0000000000e+00	0.0000000000e+00	3.1296774625e-16	9.5873299350e-16	4.5919372327e-14	0.0000000000e+00	0.0000000000e+00	0.0000000000e+00	0.0000000000e+00	0.0000000000e+00	0.0000000000e+00	0.0000000000e+00	0.0000000000e+00	0.0000000000e+00	0.0000000000e+00	0.0000000000e+00	0.0000000000e+00
1.0659566606e+05	2.4212024861e-14	4.5376175805e-16	1.0567451785e-15	0.0000000000e+00	0.0000000000e+00	2.3777477428e-16	2.5859008169e-14	1.6752180040e-15	0.0000000000e+00	0.0000000000e+00	3.1719052351e-16	9.5958483145e-16	4.5938101582e-14	0.0000000000e+00	0.0000000000e+00	0.0000000000e+00	0.0000000000e+00	0.0000000000e+00	0.0000000000e+00	0.0000000000e+00	0.0000000000e+00	0.0000000000e+00	0.0000000000e+00	0.0000000000e+00	0.0000000000e+00
1.0659599804e+05	2.4211505914e-14	4.5377285984e-16	1.0567556472e-15	0.0000000000e+00	0.0000000000e+00	2.3780840934e-16	2.5862125811e-14	1.6749442113e-15	0.0000000000e+00	0.0000000000e+00	3.1728891392e-16	9.5960383773e-16	4.5938541288e-14	0.0000000000e+00	0.0000000000e+00	0.0000000000e+00	0.0000000000e+00	0.0000000000e+00	0.0000000000e+00	0.0000000000e+00	0.0000000000e+00	0.0000000000e+00	0.0000000000e+00	0.0000000000e+00	0.0000000000e+00
1.0661114062e+05	2.4291037323e-14	4.5425370961e-16	1.0572662539e-15	0.0000000000e+00	0.0000000000e+00	2.3932299502e-16	2.6003279939e-14	1.6626426307e-15	0.0000000000e+00	0.0000000000e+00	3.2176285731e-16	9.6042731818e-16	4.5958728931e-14	0.0000000000e+00	0.0000000000e+00	0.0000000000e+00	0.0000000000e+00	0.0000000000e+00	0.0000000000e+00	0.0000000000e+00	0.0000000000e+00	0.0000000000e+00	0.0000000000e+00	0.0000000000e+00	0.0000000000e+00
1.0662551090e+05	2.4268340770e-14	4.5465432710e-16	1.0578154102e-15	0.0000000000e+00	0.0000000000e+00	2.4071973341e-16	2.6135509243e-14	1.6513081818e-15	0.0000000000e+00	0.0000000000e+00	3.2598594791e-16	9.6114023466e-16	4.5977964887e-14	0.0000000000e+00	0.0000000000e+00	0.0000000000e+00	0.0000000000e+00	0.0000000000e+00	0.0000000000e+00	0.0000000000e+00	0.0000000000e+00	0.0000000000e+00	0.0000000000e+00	0.0000000000e+00	0.0000000000e+00
1.0662584672e+05	2.4267794210e-14	4.5466300432e-16	1.0578289674e-15	0.0000000000e+00	0.0000000000e+00	2.4075188077e-16	2.6138576918e-14	1.6510473513e-15	0.0000000000e+00	0.0000000000e+00	3.2608437930e-16	9.6115625596e-16	4.5978411212e-14	0.0000000000e+00	0.0000000000e+00	0.0000000000e+00	0.0000000000e+00	0.0000000000e+00	0.0000000000e+00	0.0000000000e+00	0.0000000000e+00	0.0000000000e+00	0.0000000000e+00	0.0000000000e+00	0.0000000000e+00
1.0664116465e+05	2.4346646130e-14	4.5503119038e-16	1.0584732736e-15	0.0000000000e+00	0.0000000000e+00	2.4219711226e-16	2.6277140122e-14	1.6393475132e-15	0.0000000000e+00	0.0000000000e+00	3.3055904486e-16	9.6186114292e-16	4.5998394957e-14	0.0000000000e+00	0.0000000000e+00	0.0000000000e+00	0.0000000000e+00	0.0000000000e+00	0.0000000000e+00	0.0000000000e+00	0.0000000000e+00	0.0000000000e+00	0.0000000000e+00	0.0000000000e+00	0.0000000000e+00
1.0665570132e+05	2.4323467273e-14	4.5533684945e-16	1.0591257983e-15	0.0000000000e+00	0.0000000000e+00	2.4353366467e-16	2.6406101776e-14	1.6285871061e-15	0.0000000000e+00	0.0000000000e+00	3.3477732890e-16	9.6248346990e-16	4.6016588042e-14	0.0000000000e+00	0.0000000000e+00	0.0000000000e+00	0.0000000000e+00	0.0000000000e+00	0.0000000000e+00	0.0000000000e+00	0.0000000000e+00	0.0000000000e+00	0.0000000000e+00	0.0000000000e+00	0.0000000000e+00
1.0665604104e+05	2.4322915853e-14	4.5534344223e-16	1.0591416669e-15	0.0000000000e+00	0.0000000000e+00	2.4356446928e-16	2.6409088511e-14	1.6283393365e-15	0.0000000000e+00	0.0000000000e+00	3.3487563497e-16	9.6249739489e-16	4.6017004613e-14	0.0000000000e+00	0.0000000000e+00	0.0000000000e+00	0.0000000000e+00	0.0000000000e+00	0.0000000000e+00	0.0000000000e+00	0.0000000000e+00	0.0000000000e+00	0.0000000000e+00	0.0000000000e+00	0.0000000000e+00
1.0667153634e+05	2.4401413230e-14	4.5561243921e-16	1.0599089179e-15	0.0000000000e+00	0.0000000000e+00	2.4494589421e-16	2.6544059466e-14	1.6172028997e-15	0.0000000000e+00	0.0000000000e+00	3.3935106037e-16	9.6309822902e-16	4.6035572321e-14	0.0000000000e+00	0.0000000000e+00	0.0000000000e+00	0.0000000000e+00	0.0000000000e+00	0.0000000000e+00	0.0000000000e+00	0.0000000000e+00	0.0000000000e+00	0.0000000000e+00	0.0000000000e+00	0.0000000000e+00
1.0668624134e+05	2.4480291577e-14	4.5581202109e-16	1.0607174383e-15	0.0000000000e+00	0.0000000000e+00	2.4621482794e-16	2.6669543880e-14	1.6069174177e-15	0.0000000000e+00	0.0000000000e+00	3.4358443657e-16	9.6360468561e-16	4.6052120910e-14	0.0000000000e+00	0.0000000000e+00	0.0000000000e+00	0.0000000000e+00	0.0000000000e+00	0.0000000000e+00	0.0000000000e+00	0.0000000000e+00	0.0000000000e+00	0.0000000000e+00	0.0000000000e+00	0.0000000000e+00
1.0668658499e+05	2.4479749980e-14	4.5581613545e-16	1.0607370678e-15	0.0000000000e+00	0.0000000000e+00	2.4624404463e-16	2.6672441864e-14	1.6066803306e-15	0.0000000000e+00	0.0000000000e+00	3.4368315613e-16	9.6361585689e-16	4.6052491239e-14	0.0000000000e+00	0.0000000000e+00	0.0000000000e+00	0.0000000000e+00	0.0000000000e+00	0.0000000000e+00	0.0000000000e+00	0.0000000000e+00	0.0000000000e+00	0.0000000000e+00	0.0000000000e+00	0.0000000000e+00
1.0670225972e+05	2.4556307367e-14	4.5598134325e-16	1.0616546100e-15	0.0000000000e+00	0.0000000000e+00	2.4755765657e-16	2.6802935046e-14	1.5960329572e-15	0.0000000000e+00	0.0000000000e+00	3.4817172113e-16	9.6410161463e-16	4.6068521054e-14	0.0000000000e+00	0.0000000000e+00	0.0000000000e+00	0.0000000000e+00	0.0000000000e+00	0.0000000000e+00	0.0000000000e+00	0.0000000000e+00	0.0000000000e+00	0.0000000000e+00	0.0000000000e+00	0.0000000000e+00
1.0671713499e+05	2.4532525148e-14	4.5609916993e-16	1.0625590360e-15	0.0000000000e+00	0.0000000000e+00	2.4877068708e-16	2.6923908900e-14	1.5862351961e-15	0.0000000000e+00	0.0000000000e+00	3.5240416723e-16	9.6452974346e-16	4.6082293952e-14	0.0000000000e+00	0.0000000000e+00	0.0000000000e+00	0.0000000000e+00	0.0000000000e+00	0.0000000000e+00	0.0000000000e+00	0.0000000000e+00	0.0000000000e+00	0.0000000000e+00	0.0000000000e+00	0.0000000000e+00
1.0671748262e+05	2.4531953925e-14	4.5610148333e-16	1.0625806131e-15	0.0000000000e+00	0.0000000000e+00	2.4879865084e-16	2.6926703647e-14	1.5860096947e-15	0.0000000000e+00	0.0000000000e+00	3.5250278606e-16	9.6453938818e-16	4.6082601054e-14	0.0000000000e+00	0.0000000000e+00	0.0000000000e+00	0.0000000000e+00	0.0000000000e+00	0.0000000000e+00	0.0000000000e+00	0.0000000000e+00	0.0000000000e+00	0.0000000000e+00	0.0000000000e+00	0.0000000000e+00
1.0673333885e+05	2.4505671311e-14	4.5618717041e-16	1.0635900555e-15	0.0000000000e+00	0.0000000000e+00	2.5005628571e-16	2.7052518172e-14	1.5758772097e-15	0.0000000000e+00	0.0000000000e+00	3.5698851451e-16	9.6495629069e-16	4.6095870191e-14	0.0000000000e+00	0.0000000000e+00	0.0000000000e+00	0.0000000000e+00	0.0000000000e+00	0.0000000000e+00	0.0000000000e+00	0.0000000000e+00	0.0000000000e+00	0.0000000000e+00	0.0000000000e+00	0.0000000000e+00
1.0674838637e+05	2.4583147810e-14	4.5623273350e-16	1.0645952737e-15	0.0000000000e+00	0.0000000000e+00	2.5121750132e-16	2.7168821956e-14	1.5665186425e-15	0.0000000000e+00	0.0000000000e+00	3.6122415160e-16	9.6530457259e-16	4.6106921046e-14	0.0000000000e+00	0.0000000000e+00	0.0000000000e+00	0.0000000000e+00	0.0000000000e+00	0.0000000000e+00	0.0000000000e+00	0.0000000000e+00	0.0000000000e+00	0.0000000000e+00	0.0000000000e+00	0.0000000000e+00
1.0674873803e+05	2.4582565622e-14	4.5623335844e-16	1.0646192993e-15	0.0000000000e+00	0.0000000000e+00	2.5124424936e-16	2.7171504356e-14	1.5663028097e-15	0.0000000000e+00	0.0000000000e+00	3.6132289279e-16	9.6531216024e-16	4.6107158737e-14	0.0000000000e+00	0.0000000000e+00	0.0000000000e+00	0.0000000000e+00	0.0000000000e+00	0.0000000000e+00	0.0000000000e+00	0.0000000000e+00	0.0000000000e+00	0.0000000000e+00	0.0000000000e+00	0.0000000000e+00
1.0676477787e+05	2.4657587866e-14	4.5624055877e-16	1.0657385282e-15	0.0000000000e+00	0.0000000000e+00	2.5244538709e-16	2.7292123967e-14	1.5565992724e-15	0.0000000000e+00	0.0000000000e+00	3.6581437800e-16	9.6563584525e-16	4.6116931656e-14	0.0000000000e+00	0.0000000000e+00	0.0000000000e+00	0.0000000000e+00	0.0000000000e+00	0.0000000000e+00	0.0000000000e+00	0.0000000000e+00	0.0000000000e+00	0.0000000000e+00	0.0000000000e+00	0.0000000000e+00
1.0677999963e+05	2.4632169804e-14	4.5622138210e-16	1.0668254044e-15	0.0000000000e+00	0.0000000000e+00	2.5355798241e-16	2.7403221881e-14	1.5476434405e-15	0.0000000000e+00	0.0000000000e+00	3.7004913843e-16	9.6590698836e-16	4.6124255599e-14	0.0000000000e+00	0.0000000000e+00	0.0000000000e+00	0.0000000000e+00	0.0000000000e+00	0.0000000000e+00	0.0000000000e+00	0.0000000000e+00	0.0000000000e+00	0.0000000000e+00	0.0000000000e+00	0.0000000000e+00
1.0678035536e+05	2.4631575697e-14	4.5622036504e-16	1.0668514488e-15	0.0000000000e+00	0.0000000000e+00	2.5358351810e-16	2.7405777102e-14	1.5474370428e-15	0.0000000000e+00	0.0000000000e+00	3.7014791242e-16	9.6591294579e-16	4.6124403422e-14	0.0000000000e+00	0.0000000000e+00	0.0000000000e+00	0.0000000000e+00	0.0000000000e+00	0.0000000000e+00	0.0000000000e+00	0.0000000000e+00	0.0000000000e+00	0.0000000000e+00	0.0000000000e+00	0.0000000000e+00
1.0679658093e+05	2.4705555069e-14	4.5617353732e-16	1.0680312129e-15	0.0000000000e+00	0.0000000000e+00	2.5474078437e-16	2.7520338809e-14	1.5381578003e-15	0.0000000000e+00	0.0000000000e+00	3.7463054256e-16	9.6616596585e-16	4.6130022162e-14	0.0000000000e+00	0.0000000000e+00	0.0000000000e+00	0.0000000000e+00	0.0000000000e+00	0.0000000000e+00	0.0000000000e+00	0.0000000000e+00	0.0000000000e+00	0.0000000000e+00	0.0000000000e+00	0.0000000000e+00
1.0680099000e+05	2.4698082115e-14	4.5615810826e-16	1.0683519906e-15	0.0000000000e+00	0.0000000000e+00	2.5505131693e-16	2.7550859899e-14	1.5356814068e-15	0.0000000000e+00	0.0000000000e+00	3.7584204707e-16	9.6622875071e-16	4.6131148277e-14	0.0000000000e+00	0.0000000000e+00	0.0000000000e+00	0.0000000000e+00	0.0000000000e+00	0.0000000000e+00	0.0000000000e+00	0.0000000000e+00	0.0000000000e+00	0.0000000000e+00	0.0000000000e+00	0.0000000000e+00
1.0681197895e+05	2.4780007712e-14	4.5610566346e-16	1.0691603867e-15	1.4654733534e+04	0.0000000000e+00	2.5581294882e-16	2.7625851849e-14	1.5295923200e-15	9.8899934204e-02	0.0000000000e+00	3.7885246151e-16	9.6637545163e-16	4.6133299348e-14	1.8222788958e-19	0.0000000000e+00	9.3722726561e-22	3.6019715624e-22	2.0215623600e-21	4.2328062812e-14	0.0000000000e+00	0.0000000000e+00	0.0000000000e+00	0.0000000000e+00	0.0000000000e+00	0.0000000000e+00
1.0681233880e+05	2.4779396184e-14	4.5610365711e-16	1.0691871340e-15	1.3593492630e+04	0.0000000000e+00	2.5583761911e-16	2.7628282356e-14	1.5293948862e-15	9.3961156424e-02	0.0000000000e+00	3.7895084625e-16	9.6638001633e-16	4.6133352974e-14	1.7532095428e-19	0.0000000000e+00	9.3743782926e-22	3.7806131986e-22	2.0080437431e-21	4.2315585681e-14	0.0000000000e+00	0.0000000000e+00	0.0000000000e+00	0.0000000000e+00	0.0000000000e+00	0.0000000000e+00
1.0682875225e+05	2.4751486147e-14	4.5600451068e-16	1.0704053103e-15	1.3568938991e-19	0.0000000000e+00	2.5695132219e-16	2.7737262185e-14	1.5205163644e-15	2.8710545546e-20	0.0000000000e+00	3.8341823398e-16	9.6657128275e-16	4.6134695556e-14	1.4456736420e-19	0.0000000000e+00	1.3403547635e-21	5.0330772826e-22	3.9867557354e-21	4.0515897202e-14	0.0000000000e+00	0.0000000000e+00	0.0000000000e+00	0.0000000000e+00	0.0000000000e+00	0.0000000000e+00
1.0683321238e+05	2.4743986146e-14	4.5597173058e-16	1.0707399314e-15	1.3434053507e-19	0.0000000000e+00	2.5724821756e-16	2.7766190105e-14	1.5181459777e-15	2.2730287248e-20	0.0000000000e+00	3.8462692942e-16	9.6661774948e-16	4.6134681679e-14	1.3620087775e-19	0.0000000000e+00	1.5377833887e-21	4.6118859557e-22	4.3402256517e-21	4.0172168435e-14	0.0000000000e+00	0.0000000000e+00	0.0000000000e+00	0.0000000000e+00	0.0000000000e+00	0.0000000000e+00
1.0684432858e+05	2.4825105355e-14	4.5588276742e-16	1.0715752550e-15	8.1992385623e-20	0.0000000000e+00	2.5797954591e-16	2.7836941299e-14	1.5123142401e-15	2.7833576281e-20	0.0000000000e+00	3.8762789703e-16	9.6672353650e-16	4.6133903962e-14	8.6973345466e-20	0.0000000000e+00	1.2573813599e-21	7.5427620741e-22	3.6871204227e-21	3.9485369113e-14	0.0000000000e+00	0.0000000000e+00	0.0000000000e+00	0.0000000000e+00	0.0000000000e+00	0.0000000000e+00
1.0684469259e+05	2.4824484217e-14	4.5587393775e-16	1.0716101151e-15	8.2519968537e-20	0.0000000000e+00	2.5800003673e-16	2.7839203484e-14	1.5121251940e-15	3.4657929105e-20	0.0000000000e+00	3.8772859561e-16	9.6672683398e-16	4.6133896391e-14	9.2398558256e-20	0.0000000000e+00	1.2759367859e-21	9.4688603267e-22	3.9486102797e-21	3.9457296123e-14	0.0000000000e+00	0.0000000000e+00	0.0000000000e+00	0.0000000000e+00	0.0000000000e+00	0.0000000000e+00
1.0686129610e+05	2.4796124137e-14	4.5572975105e-16	1.0728415575e-15	9.2831037764e-20	0.0000000000e+00	2.5907366960e-16	2.7941583904e-14	1.5036207654e-15	2.5145207846e-20	0.0000000000e+00	3.9217266982e-16	9.6686125300e-16	4.6130484314e-14	8.7448415740e-20	0.0000000000e+00	1.9691265771e-21	9.3825257012e-22	5.0744693950e-21	3.8549661402e-14	0.0000000000e+00	0.0000000000e+00	0.0000000000e+00	0.0000000000e+00	0.0000000000e+00	0.0000000000e+00
1.0686580788e+05	2.4887609550e-14	4.5568726234e-16	1.0731750194e-15	7.9108937695e-20	0.0000000000e+00	2.5936107754e-16	2.7968774631e-14	1.5013513704e-15	2.8588265934e-20	0.0000000000e+00	3.9337338395e-16	9.6689396341e-16	4.6129162822e-14	7.7467972636e-20	0.0000000000e+00	1.8007392692e-21	1.1433394359e-21	4.8107529671e-21	3.8361628911e-14	0.0000000000e+00	0.0000000000e+00	0.0000000000e+00	0.0000000000e+00	0.0000000000e+00	0.0000000000e+00
1.0687705279e+05	2.4868161951e-14	4.5552891947e-16	1.0740611815e-15	7.9540242275e-20	0.0000000000e+00	2.6004292795e-16	2.8035589955e-14	1.4957677442e-15	1.1749497642e-19	0.0000000000e+00	3.9637439059e-16	9.6696696316e-16	4.6125015026e-14	1.4505493447e-19	0.0000000000e+00	2.1163038540e-21	5.4762254348e-21	1.0457961866e-20	3.7838122222e-14	0.0000000000e+00	0.0000000000e+00	0.0000000000e+00	0.0000000000e+00	0.0000000000e+00	0.0000000000e+00
1.0687742102e+05	2.4867531258e-14	4.5556456581e-16	1.0740357240e-15	8.4007569813e-20	0.0000000000e+00	2.6008845559e-16	2.8037529159e-14	1.4955880225e-15	1.3437219721e-19	0.0000000000e+00	3.9645227288e-16	9.6697005402e-16	4.6124960630e-14	1.6651449537e-19	0.0000000000e+00	2.2456961876e-21	6.2917413389e-21	1.2059031805e-20	3.7811229163e-14	0.0000000000e+00	0.0000000000e+00	0.0000000000e+00	0.0000000000e+00	0.0000000000e+00	0.0000000000e+00
1.0689421680e+05	2.4937271121e-14	4.5537406144e-16	1.0752526451e-15	1.8989298131e-19	0.0000000000e+00	2.6112081343e-16	2.8133606924e-14	1.4874350597e-15	6.7586225424e-19	0.0000000000e+00	4.0086309560e-16	9.6705320659e-16	4.6117090500e-14	6.7169186172e-19	0.0000000000e+00	6.1555777423e-21	3.8207172517e-20	5.8404248177e-20	3.7061887843e-14	0.0000000000e+00	0.0000000000e+00	0.0000000000e+00	0.0000000000e+00	0.0000000000e+00	0.0000000000e+00
1.0689878081e+05	2.4929302859e-14	4.5531617186e-16	1.0755933847e-15	9.4896349524e-20	0.0000000000e+00	2.6139536309e-16	2.8158972015e-14	1.4852894887e-15	2.1511263608e-19	0.0000000000e+00	4.0205899882e-16	9.6709239572e-16	4.6114574119e-14	2.3076734067e-19	0.0000000000e+00	3.2216476534e-21	1.2720660240e-20	2.0958549141e-20	3.7393482686e-14	0.0000000000e+00	0.0000000000e+00	0.0000000000e+00	0.0000000000e+00	0.0000000000e+00	0.0000000000e+00
1.0691015594e+05	2.5007620798e-14	4.5516435857e-16	1.0764105478e-15	1.2810749929e-19	0.0000000000e+00	2.6207073376e-16	2.8220944843e-14	1.4799625066e-15	2.5994591764e-19	0.0000000000e+00	4.0501579186e-16	9.6715136290e-16	4.6107479553e-14	2.7928474062e-19	0.0000000000e+00	4.8359360188e-21	1.7042712465e-20	2.8019423028e-20	3.8559673729e-14	0.0000000000e+00	0.0000000000e+00	0.0000000000e+00	0.0000000000e+00	0.0000000000e+00	0.0000000000e+00
1.0691052843e+05	2.5006959729e-14	4.5515909401e-16	1.0764371665e-15	1.2982608942e-19	0.0000000000e+00	2.6209257080e-16	2.8222944025e-14	1.4797896606e-15	2.6764625809e-19	0.0000000000e+00	4.0511227857e-16	9.6715309105e-16	4.6107227873e-14	2.8526150165e-19	0.0000000000e+00	4.9169002768e-21	1.7603503625e-20	2.8706871580e-20	3.8662202908e-14	0.0000000000e+00	0.0000000000e+00	0.0000000000e+00	0.0000000000e+00	0.0000000000e+00	0.0000000000e+00
1.0692751869e+05	2.4977033184e-14	4.5490294262e-16	1.0776502558e-15	1.2477109001e-19	0.0000000000e+00	2.6307196232e-16	2.8312238792e-14	1.4720429985e-15	2.8891399887e-19	0.0000000000e+00	4.0949383148e-16	9.6723990446e-16	4.6094424228e-14	2.8746122676e-19	0.0000000000e+00	5.4265290460e-21	2.1728058910e-20	3.2901667549e-20	3.5831217593e-14	0.0000000000e+00	0.0000000000e+00	0.0000000000e+00	0.0000000000e+00	0.0000000000e+00	0.0000000000e+00
1.0693213555e+05	2.4969069038e-14	4.5482677316e-16	1.0779785778e-15	1.2056640300e-19	0.0000000000e+00	2.6333180825e-16	2.8335853171e-14	1.4699782673e-15	2.9199945737e-19	0.0000000000e+00	4.1067757035e-16	9.6726275987e-16	4.6090519855e-14	2.9345891105e-19	0.0000000000e+00	5.4263820117e-21	2.2699108691e-20	3.4668935597e-20	3.4890451415e-14	0.0000000000e+00	0.0000000000e+00	0.0000000000e+00	0.0000000000e+00	0.0000000000e+00	0.0000000000e+00
1.0694364240e+05	2.4949540730e-14	4.5462575380e-16	1.0787908920e-15	1.1999608688e-19	0.0000000000e+00	2.6396832933e-16	2.8393439998e-14	1.4649059114e-15	2.9351478814e-19	0.0000000000e+00	4.1361381996e-16	9.6731898622e-16	4.6080058974e-14	3.1289568782e-19	0.0000000000e+00	5.8514702970e-21	2.4650748943e-20	3.9796028102e-20	3.3174191909e-14	0.0000000000e+00	0.0000000000e+00	0.0000000000e+00	0.0000000000e+00	0.0000000000e+00	0.0000000000e+00
1.0694401921e+05	2.4948906619e-14	4.5461887506e-16	1.0788173502e-15	1.2037165403e-19	0.0000000000e+00	2.6398888973e-16	2.8395294437e-14	1.4647415179e-15	2.9415156784e-19	0.0000000000e+00	4.1370963437e-16	9.6732078042e-16	4.6079699316e-14	3.1432532322e-19	0.0000000000e+00	5.8845310824e-21	2.4763989658e-20	4.0069995293e-20	3.3127927259e-14	0.0000000000e+00	0.0000000000e+00	0.0000000000e+00	0.0000000000e+00	0.0000000000e+00	0.0000000000e+00
1.0696120620e+05	2.5015593507e-14	4.5428702099e-16	1.0800148879e-15	1.3619366935e-19	0.0000000000e+00	2.6490867063e-16	2.8477788739e-14	1.4573620893e-15	3.5010890901e-19	0.0000000000e+00	4.1805746823e-16	9.6740397538e-16	4.6062126262e-14	3.5411327254e-19	0.0000000000e+00	7.4145108509e-21	3.2686084737e-20	4.9803692750e-20	3.2991088600e-14	0.0000000000e+00	0.0000000000e+00	0.0000000000e+00	0.0000000000e+00	0.0000000000e+00	0.0000000000e+00
1.0696587653e+05	2.5007486916e-14	4.5419082524e-16	1.0803372912e-15	1.4090137627e-19	0.0000000000e+00	2.6515257225e-16	2.8499511323e-14	1.4553968491e-15	3.6484374917e-19	0.0000000000e+00	4.1923141481e-16	9.6742742391e-16	4.6056948693e-14	3.6058740566e-19	0.0000000000e+00	7.8818995188e-21	3.4959489435e-20	5.1979459762e-20	3.3253849013e-14	0.0000000000e+00	0.0000000000e+00	0.0000000000e+00	0.0000000000e+00	0.0000000000e+00	0.0000000000e+00
1.0697751662e+05	2.5082932322e-14	4.5394297577e-16	1.0811331829e-15	1.4649566412e-19	0.0000000000e+00	2.6575104926e-16	2.8552401037e-14	1.4505720097e-15	3.8418785755e-19	0.0000000000e+00	4.2214261707e-16	9.6748804319e-16	4.6043317052e-14	3.8326283783e-19	0.0000000000e+00	8.7388403508e-21	3.9147044671e-20	5.8552540661e-20	3.4670744045e-14	0.0000000000e+00	0.0000000000e+00	0.0000000000e+00	0.0000000000e+00	0.0000000000e+00	0.0000000000e+00
1.0699528380e+05	2.5147132918e-14	4.5354008566e-16	1.0823270771e-15	1.3933466575e-19	0.0000000000e+00	2.6663734155e-16	2.8629712006e-14	1.4434073718e-15	3.8566129428e-19	0.0000000000e+00	4.2654606799e-16	9.6758927400e-16	4.6020536319e-14	3.9379477114e-19	0.0000000000e+00	9.0936297537e-21	4.2813314330e-20	6.5213966159e-20	3.7113393146e-14	0.0000000000e+00	0.0000000000e+00	0.0000000000e+00	0.0000000000e+00	0.0000000000e+00	0.0000000000e+00
1.0700000820e+05	2.5138617965e-14	4.5342699391e-16	1.0826407846e-15	1.3409376250e-19	0.0000000000e+00	2.6686691815e-16	2.8649567954e-14	1.4415425926e-15	3.8834713576e-19	0.0000000000e+00	4.2770905138e-16	9.6761850983e-16	4.6014111247e-14	3.8661010384e-19	0.0000000000e+00	8.9501819369e-21	4.4040883673e-20	6.5317932447e-20	3.8153360802e-14	0.0000000000e+00	0.0000000000e+00	0.0000000000e+00	0.0000000000e+00	0.0000000000e+00	0.0000000000e+00
1.0701178308e+05	2.5117633714e-14	4.5313320906e-16	1.0834150158e-15	1.2710339683e-19	0.0000000000e+00	2.6742736131e-16	2.8697793964e-14	1.4369657121e-15	4.0193460262e-19	0.0000000000e+00	4.3059291234e-16	9.6769497188e-16	4.5997466479e-14	3.8444818000e-19	0.0000000000e+00	8.9501917346e-21	4.7956847965e-20	6.8114718269e-20	3.8830857076e-14	0.0000000000e+00	0.0000000000e+00	0.0000000000e+00	0.0000000000e+00	0.0000000000e+00	0.0000000000e+00
1.0702975599e+05	2.5180267283e-14	4.5265205308e-16	1.0845803231e-15	1.3238028661e-19	0.0000000000e+00	2.6825053395e-16	2.8768093750e-14	1.4301637149e-15	4.2799767212e-19	0.0000000000e+00	4.3495636514e-16	9.6781784230e-16	4.5970279750e-14	4.1912492901e-19	0.0000000000e+00	1.0056200713e-20	5.4862541480e-20	7.9390792846e-20	3.9587830333e-14	0.0000000000e+00	0.0000000000e+00	0.0000000000e+00	0.0000000000e+00	0.0000000000e+00	0.0000000000e+00
1.0703453510e+05	2.5171738592e-14	4.5251816508e-16	1.0848879909e-15	1.3117172078e-19	0.0000000000e+00	2.6846327717e-16	2.8786126354e-14	1.4283907251e-15	4.3515343372e-19	0.0000000000e+00	4.3610933747e-16	9.6785129431e-16	4.5962674394e-14	4.2486952673e-19	0.0000000000e+00	1.0156439138e-20	5.6792998578e-20	8.1836369364e-20	3.9776454200e-14	0.0000000000e+00	0.0000000000e+00	0.0000000000e+00	0.0000000000e+00	0.0000000000e+00	0.0000000000e+00
1.0704644632e+05	2.5150704572e-14	4.5217562161e-16	1.0856474574e-15	1.3355242617e-19	0.0000000000e+00	2.6898348325e-16	2.8829830251e-14	1.4240334443e-15	4.6216629411e-19	0.0000000000e+00	4.3896836580e-16	9.6793484523e-16	4.5943036516e-14	4.4638830310e-19	0.0000000000e+00	1.0825422318e-20	6.2975680061e-20	8.9487312934e-20	3.9271752241e-14	0.0000000000e+00	0.0000000000e+00	0.0000000000e+00	0.0000000000e+00	0.0000000000e+00	0.0000000000e+00
1.0706462736e+05	2.5211702529e-14	4.5163222141e-16	1.0867843350e-15	1.3615043639e-19	0.0000000000e+00	2.6975223260e-16	2.8893086210e-14	1.4175495738e-15	5.1011092593e-19	0.0000000000e+00	4.4329154979e-16	9.6806431111e-16	4.5911231974e-14	4.8455354320e-19	0.0000000000e+00	1.1782708626e-20	7.3911258507e-20	1.0280678815e-19	3.8182466026e-14	0.0000000000e+00	0.0000000000e+00	0.0000000000e+00	0.0000000000e+00	0.0000000000e+00	0.0000000000e+00
1.0706946181e+05	2.5202999160e-14	4.5148376277e-16	1.0870816100e-15	1.3768715146e-19	0.0000000000e+00	2.6995164514e-16	2.8909224563e-14	1.4158587109e-15	5.2219976904e-19	0.0000000000e+00	4.4443266483e-16	9.6809927911e-16	4.5902415887e-14	4.9441696021e-19	0.0000000000e+00	1.2114976889e-20	7.6846131153e-20	1.0640908598e-19	3.7813557822e-14	0.0000000000e+00	0.0000000000e+00	0.0000000000e+00	0.0000000000e+00	0.0000000000e+00	0.0000000000e+00
1.0708151095e+05	2.5274189126e-14	4.5110777592e-16	1.0878128953e-15	1.4179544543e-19	0.0000000000e+00	2.7044029003e-16	2.8948257285e-14	1.4117027443e-15	5.5373514643e-19	0.0000000000e+00	4.4726117370e-16	9.6818684074e-16	4.5879832139e-14	5.1834044976e-19	0.0000000000e+00	1.2985133750e-20	8.4585351051e-20	1.1544955173e-19	3.6828168183e-14	0.0000000000e+00	0.0000000000e+00	0.0000000000e+00	0.0000000000e+00	0.0000000000e+00	0.0000000000e+00
1.0709990251e+05	2.5333324898e-14	4.5052127220e-16	1.0889016027e-15	1.4820877760e-19	0.0000000000e+00	2.7116552325e-16	2.9004549246e-14	1.4055089311e-15	6.0798279903e-19	0.0000000000e+00	4.5153551953e-16	9.6831736990e-16	4.5843798676e-14	5.6670022939e-19	0.0000000000e+00	1.4375970473e-20	9.7979534042e-20	1.3256026175e-19	3.5250080077e-14	0.0000000000e+00	0.0000000000e+00	0.0000000000e+00	0.0000000000e+00	0.0000000000e+00	0.0000000000e+00
1.0710479294e+05	2.5324222457e-14	4.5036283979e-16	1.0891859312e-15	1.4898290706e-19	0.0000000000e+00	2.7135424355e-16	2.9018828857e-14	1.4038909243e-15	6.2113691422e-19	0.0000000000e+00	4.5266355826e-16	9.6835100524e-16	4.5833919075e-14	5.8013221989e-19	0.0000000000e+00	1.4664218058e-20	1.0146955066e-19	1.3739658616e-19	3.4843113301e-14	0.0000000000e+00	0.0000000000e+00	0.0000000000e+00	0.0000000000e+00	0.0000000000e+00	0.0000000000e+00
1.0711698161e+05	2.5301674046e-14	4.4996277853e-16	1.0898858382e-15	1.4936743445e-19	0.0000000000e+00	2.7181669552e-16	2.9053156982e-14	1.3999090923e-15	6.4762712415e-19	0.0000000000e+00	4.5545978480e-16	9.6843242678e-16	4.5808764956e-14	6.0818514903e-19	0.0000000000e+00	1.5231767984e-20	1.0932510053e-19	1.4840932103e-19	3.3892142738e-14	0.0000000000e+00	0.0000000000e+00	0.0000000000e+00	0.0000000000e+00	0.0000000000e+00	0.0000000000e+00
1.0712173000e+05	2.5385097049e-14	4.4980512480e-16	1.0901547334e-15	1.4943784947e-19	0.0000000000e+00	2.7199393239e-16	2.9066062044e-14	1.3983770158e-15	6.5602563746e-19	0.0000000000e+00	4.5654308591e-16	9.6846311689e-16	4.5798760716e-14	6.1734756615e-19	0.0000000000e+00	1.5444276981e-20	1.1212255039e-19	1.5235022072e-19	3.3548017033e-14	0.0000000000e+00	0.0000000000e+00	0.0000000000e+00	0.0000000000e+00	0.0000000000e+00	0.0000000000e+00
1.0713558613e+05	2.5358987116e-14	4.4934134345e-16	1.0909245723e-15	1.5203818511e-19	6.7421770984e+101	2.7250302383e-16	2.9102327064e-14	1.3939637730e-15	6.7917080304e-19	2.0906702258e+103	4.5968380915e-16	9.6854772262e-16	4.5768898497e-14	6.4565568649e-19	2.5706709064e+85	1.6318970184e-20	1.2020544305e-19	1.6446616628e-19	3.2638028255e-14	1.2963174276e-18	1.3003398417e-22	9.4790966651e-22	5.9577693734e-22	5.3342130814e-20	4.1358038660e-14
1.0714053319e+05	2.5349767897e-14	4.4917508998e-16	1.0911936572e-15	1.5398506704e-19	3.1333302172e+100	2.7268228659e-16	2.9114799654e-14	1.3924082224e-15	6.8848750544e-19	6.8019254079e+101	4.6079760750e-16	9.6857598788e-16	4.5757996962e-14	6.5795153735e-19	1.0561408827e+84	1.6745731582e-20	1.2333329054e-19	1.6943808818e-19	3.2351695253e-14	1.0665218728e-18	1.5598105688e-22	8.6108038401e-22	5.4372003737e-22	5.9039729203e-20	4.0805885515e-14
1.0715286300e+05	2.5326820043e-14	4.4875983929e-16	1.0918515015e-15	1.5924579556e-19	2.3910507112e-20	2.7312378514e-16	2.9144800065e-14	1.3885738069e-15	7.1515970844e-19	1.2155078243e-19	4.6355654188e-16	9.6864037793e-16	4.5730300469e-14	6.9199156160e-19	3.5717003839e-20	1.7876099368e-20	1.3190531190e-19	1.8296433650e-19	3.1726347646e-14	7.4817963922e-19	2.3748085911e-22	1.9835906127e-21	8.3555627682e-22	6.6197398787e-20	3.9439946700e-14
1.0715766637e+05	2.5317805150e-14	4.4859766378e-16	1.0921030565e-15	1.6079221270e-19	2.8148275398e-20	2.7329371344e-16	2.9156050147e-14	1.3870961169e-15	7.2611554075e-19	1.4068799914e-19	4.6462487402e-16	9.6866309857e-16	4.5719320670e-14	7.0467136082e-19	4.5352730678e-20	1.8268092473e-20	1.3541328920e-19	1.8818108887e-19	3.1516417305e-14	7.6240843889e-19	3.2221064405e-22	2.6434585836e-21	1.2202609085e-21	7.6815276236e-20	3.9192805475e-14
1.0717168295e+05	2.5382535326e-14	4.4812240703e-16	1.0928229660e-15	1.6263365642e-19	3.5760675747e-20	2.7378256021e-16	2.9187392621e-14	1.3828355015e-15	7.5660865586e-19	1.1637504099e-19	4.6772206421e-16	9.6872262890e-16	4.5686758361e-14	7.3455688159e-19	4.4640727486e-20	1.9118063960e-20	1.4557797339e-19	2.0175340421e-19	3.1014531461e-14	6.6326031588e-19	5.6648191160e-22	3.0173872908e-21	1.6522415868e-21	8.9378046752e-20	3.8328187013e-14
1.0717668730e+05	2.5372995941e-14	4.4795211471e-16	1.0930747220e-15	1.6277692524e-19	3.5620713737e-20	2.7395464645e-16	2.9198029585e-14	1.3813321117e-15	7.6714849035e-19	1.0160860003e-19	4.6882048137e-16	9.6874116269e-16	4.5674958691e-14	7.4344411348e-19	3.9999024264e-20	1.9362498706e-20	1.4921102585e-19	2.0618646973e-19	3.0872697158e-14	6.3343132216e-19	6.1980984768e-22	2.8909410969e-21	1.6227384505e-21	9.2658833514e-20	3.8094806632e-14
1.0718915988e+05	2.5439823933e-14	4.4752792494e-16	1.0936876645e-15	1.6409103595e-19	3.0102950514e-20	2.7437898879e-16	2.9223341955e-14	1.3776230753e-15	7.9634265506e-19	8.8656856029e-20	4.7154023111e-16	9.6877993514e-16	4.5645173178e-14	7.6827128479e-19	3.6134343782e-20	2.0087483241e-20	1.5900469125e-19	2.1813724986e-19	3.0596667510e-14	6.2481379425e-19	6.4014782400e-22	3.0750545445e-21	1.7822389996e-21	1.0853783322e-19	3.7668884142e-14
1.0719401887e+05	2.5430498734e-14	4.4736318690e-16	1.0939202644e-15	1.6524843154e-19	2.9114230997e-20	2.7454281367e-16	2.9232762823e-14	1.3761922476e-15	8.1004000359e-19	8.6281702685e-20	4.7259262290e-16	9.6879199326e-16	4.5633417455e-14	7.8041531679e-19	3.5638559586e-20	2.0451051688e-20	1.6335593979e-19	2.2356448536e-19	3.0518633497e-14	5.9900799880e-19	6.6272080723e-22	3.2003255071e-21	1.8777776038e-21	1.1017412351e-19	3.7475898022e-14
1.0720819776e+05	2.5493535462e-14	4.4688476775e-16	1.0945793261e-15	1.6911348126e-19	2.8785208808e-20	2.7501655855e-16	2.9258985362e-14	1.3720595910e-15	8.5926645738e-19	7.9826283112e-20	4.7564074738e-16	9.6881642775e-16	4.5598578733e-14	8.2248842986e-19	3.8901333569e-20	2.1588050381e-20	1.7823777852e-19	2.4162016624e-19	3.0375670917e-14	5.5150132614e-19	7.8026606929e-22	3.5160573813e-21	2.4266437052e-21	1.1710749878e-19	3.7020611181e-14
1.0721326005e+05	2.5483736663e-14	4.4671436408e-16	1.0948083242e-15	1.6994216601e-19	2.8454496582e-20	2.7518390285e-16	2.9267893024e-14	1.3705989658e-15	8.7947017742e-19	7.8767257105e-20	4.7672113683e-16	9.6882114424e-16	4.5585936871e-14	8.3794876128e-19	4.0451935812e-20	2.1928727018e-20	1.8422148582e-19	2.4831526481e-19	3.0352051377e-14	5.4229187117e-19	8.1516415790e-22	3.6630832034e-21	2.6613816712e-21	1.2039681328e-19	3.6915100816e-14
1.0722587705e+05	2.5459212850e-14	4.4628887178e-16	1.0953662213e-15	1.7013055428e-19	2.8485651448e-20	2.7559585830e-16	2.9289022487e-14	1.3669915220e-15	9.3289790041e-19	7.5025177313e-20	4.7939652886e-16	9.6882365331e-16	4.5553961179e-14	8.7374423052e-19	4.2867686624e-20	2.2535886850e-20	2.0011047523e-19	2.6444850522e-19	3.0350023511e-14	5.1509225271e-19	9.2489402823e-22	3.9447203553e-21	3.1802431483e-21	1.2625788232e-19	3.6612425072e-14
1.0723079231e+05	2.5539405572e-14	4.4612266082e-16	1.0955785054e-15	1.6986061703e-19	2.8055304298e-20	2.7575428664e-16	2.9296843974e-14	1.3655986665e-15	9.5456189172e-19	7.3342868223e-20	4.8043207191e-16	9.6882108952e-16	4.5541336474e-14	8.8706532602e-19	4.2318509061e-20	2.2725596378e-20	2.0661350042e-19	2.7063858045e-19	3.0369944314e-14	5.0269630069e-19	9.5245292057e-22	4.0282687356e-21	3.2761999868e-21	1.2755915448e-19	3.6483747817e-14
1.0724513538e+05	2.5511042766e-14	4.4563769898e-16	1.0961784596e-15	1.7034209362e-19	2.5189837415e-20	2.7621097123e-16	2.9318189363e-14	1.3615735641e-15	1.0212553043e-18	7.4007502645e-20	4.8343092027e-16	9.6880254177e-16	4.5504045225e-14	9.3065560862e-19	3.9707859645e-20	2.3445866087e-20	2.2678776591e-19	2.9045585654e-19	3.0484251653e-14	4.6163183237e-19	9.6333780292e-22	4.5663583069e-21	3.4433134266e-21	1.2826397286e-19	3.6201565379e-14
1.0725025629e+05	2.5500892393e-14	4.4546524883e-16	1.0963844691e-15	1.7141846055e-19	2.4413087628e-20	2.7637242847e-16	2.9325308552e-14	1.3601506345e-15	1.0463109009e-18	7.4736997425e-20	4.8449282155e-16	9.6879211535e-16	4.5490591950e-14	9.4947913022e-19	3.9193567640e-20	2.3828237008e-20	2.3443053891e-19	2.9867252398e-19	3.0542342816e-14	4.4276344104e-19	9.7083441003e-22	4.7904599346e-21	3.5270594225e-21	1.2666594991e-19	3.6116313477e-14
1.0726301939e+05	2.5475354114e-14	4.4503789582e-16	1.0968777679e-15	1.7639943614e-19	2.3325081504e-20	2.7677177551e-16	2.9341977943e-14	1.3566367921e-15	1.1089284753e-18	7.2586726153e-20	4.8711874703e-16	9.6875820685e-16	4.5456784111e-14	1.0040328770e-18	3.6834107993e-20	2.5118033527e-20	2.5390261424e-19	3.2192875299e-19	3.0722324685e-14	4.0621608154e-19	1.0156675152e-21	5.0823058281e-21	3.6116190870e-21	1.2422158368e-19	3.5865938959e-14
1.0726799156e+05	2.5465245086e-14	4.4487205307e-16	1.0970625385e-15	1.7906059758e-19	2.2918465645e-20	2.7692599325e-16	2.9348073999e-14	1.3552802506e-15	1.1323238618e-18	7.2686857754e-20	4.8813390992e-16	9.6874194614e-16	4.5443507387e-14	1.0271294806e-18	3.5892483371e-20	2.5731921161e-20	2.6140521298e-19	3.3173384615e-19	3.0804799356e-14	3.9628074365e-19	1.0315008711e-21	5.2554675267e-21	3.6306131379e-21	1.2411230656e-19	3.5769128621e-14
1.0728250072e+05	2.5525820732e-14	4.4438748288e-16	1.0975812959e-15	1.8773766230e-19	2.1331554150e-20	2.7737004481e-16	2.9364746258e-14	1.3513596198e-15	1.1954065864e-18	7.9173132448e-20	4.9107263116e-16	9.6868423393e-16	4.5404412750e-14	1.0942281816e-18	3.4444044728e-20	2.7693415190e-20	2.8251597898e-19	3.6076464829e-19	3.1076201617e-14	3.8595929539e-19	1.0506271064e-21	6.2474989591e-21	3.7916759617e-21	1.2886723116e-19	3.5552912683e-14
1.0728768092e+05	2.5515217696e-14	4.4421363835e-16	1.0977599149e-15	1.9076948770e-19	2.0665597467e-20	2.7752606421e-16	2.9370210472e-14	1.3499730149e-15	1.2165127531e-18	8.0266392665e-20	4.9211368452e-16	9.6865979069e-16	4.5390322557e-14	1.1168271674e-18	3.4002905098e-20	2.8398320189e-20	2.8986015211e-19	3.7086140077e-19	3.1182105864e-14	3.8609904510e-19	1.0489580771e-21	6.5212676109e-21	3.8500654763e-21	1.3165130096e-19	3.5484047970e-14
1.0730059182e+05	2.5578018188e-14	4.4377798078e-16	1.0981907573e-15	1.9750145364e-19	1.9190062398e-20	2.7790890011e-16	2.9382870023e-14	1.3465457993e-15	1.2687798225e-18	7.7601754075e-20	4.9469004889e-16	9.6858962714e-16	4.5354902800e-14	1.1693066996e-18	3.2002145032e-20	3.0061673023e-20	3.0838440529e-19	3.9510806832e-19	3.1463775482e-14	3.9074643274e-19	1.0457138676e-21	6.7526044850e-21	3.8713298805e-21	1.3989063841e-19	3.5289950911e-14
1.0730562157e+05	2.5567692894e-14	4.4360757081e-16	1.0983528123e-15	1.9988245435e-19	1.8739552506e-20	2.7805587087e-16	2.9387346600e-14	1.3452214797e-15	1.2896419797e-18	7.5830212568e-20	4.9568655880e-16	9.6855870704e-16	4.5340993001e-14	1.1889020335e-18	3.0927761848e-20	3.0683361338e-20	3.1583794322e-19	4.0439805177e-19	3.1579345793e-14	3.9217232296e-19	1.0482741460e-21	6.7674462090e-21	3.8335300787e-21	1.4291056576e-19	3.5215532902e-14
1.0732029873e+05	2.5626117079e-14	4.4310934977e-16	1.0988052719e-15	2.0700367954e-19	1.7474748241e-20	2.7847861599e-16	2.9399255794e-14	1.3413913177e-15	1.3514203838e-18	7.2082934342e-20	4.9857064389e-16	9.6845740017e-16	4.5300079103e-14	1.2471220857e-18	2.8035440232e-20	3.2555385309e-20	3.3818496963e-19	4.3226271403e-19	3.1928086681e-14	3.8696501545e-19	1.0508504979e-21	6.8973382772e-21	3.7156210776e-21	1.4796429714e-19	3.5042144144e-14
1.0732553892e+05	2.5615350312e-14	4.4293115654e-16	1.0989591767e-15	2.0984869651e-19	1.6911388306e-20	2.7862737149e-16	2.9403033688e-14	1.3400361874e-15	1.3727496700e-18	7.1711460069e-20	4.9959164924e-16	9.6841741247e-16	4.5285361166e-14	1.2687698634e-18	2.7498636204e-20	3.3283022785e-20	3.4611489288e-19	4.4265536298e-19	3.2055322004e-14	3.8600601945e-19	1.0421564872e-21	7.0251352869e-21	3.7276164498e-21	1.4997928038e-19	3.4986651063e-14
1.0733859931e+05	2.5588143603e-14	4.4248527579e-16	1.0993258710e-15	2.1761502768e-19	1.4939074441e-20	2.7899252105e-16	2.9411467077e-14	1.3366868445e-15	1.4214319577e-18	7.1537307558e-20	5.0211672714e-16	9.6830946486e-16	4.5248427276e-14	1.3232088500e-18	2.6965954808e-20	3.5235018733e-20	3.6502109333e-19	4.6906797169e-19	3.2377250842e-14	3.9751455343e-19	9.7575466371e-22	7.4106413826e-21	3.8561552098e-21	1.6035568218e-19	3.4830568576e-14
1.0734368730e+05	2.5665831599e-14	4.4231054496e-16	1.0994625674e-15	2.2062164528e-19	1.3993313114e-20	2.7913240119e-16	2.9414591117e-14	1.3353926962e-15	1.4385912509e-18	7.1028406609e-20	5.0309302505e-16	9.6826422668e-16	4.5233941497e-14	1.3436427044e-18	2.6813915928e-20	3.6004735939e-20	3.7201972523e-19	4.7921175323e-19	3.2503912787e-14	4.0509641820e-19	9.3399346794e-22	7.5122909702e-21	3.9112509524e-21	1.6568003554e-19	3.4767623065e-14
1.0735853442e+05	2.5634615915e-14	4.4179688763e-16	1.0998426301e-15	2.2793297764e-19	1.1164823996e-20	2.7953271039e-16	2.9421960836e-14	1.3316492443e-15	1.4859669613e-18	6.7951234402e-20	5.0591864917e-16	9.6812180792e-16	4.5191373494e-14	1.3975810135e-18	2.6803112522e-20	3.8045718424e-20	3.9201058633e-19	5.0713721074e-19	3.2872353453e-14	4.2840298302e-19	7.9151807329e-22	7.6137098401e-21	4.1308939392e-21	1.8195450619e-19	3.4613116820e-14
1.0736383529e+05	2.5623274647e-14	4.4161232200e-16	1.0999713840e-15	2.2991400704e-19	1.0230416720e-20	2.7967292392e-16	2.9424126079e-14	1.3303242503e-15	1.5033256344e-18	6.6800309991e-20	5.0691902577e-16	9.6806712543e-16	4.5176077387e-14	1.4150373815e-18	2.7002098447e-20	3.8679865516e-20	3.9935888184e-19	5.1657125189e-19	3.3002488584e-14	4.3919241947e-19	7.4033467242e-22	7.6331536172e-21	4.2400900175e-21	1.8891658036e-19	3.4565961790e-14
1.0737704691e+05	2.5594478613e-14	4.4115041294e-16	1.1002751731e-15	2.3413523026e-19	8.2821186495e-21	2.8001671357e-16	2.9428409763e-14	1.3270474631e-15	1.5516045988e-18	6.4344264326e-20	5.0939242039e-16	9.6792199081e-16	4.5137771983e-14	1.4586691112e-18	2.7903154951e-20	4.0156051370e-20	4.1924513183e-19	5.4036829010e-19	3.3323148382e-14	4.6761034985e-19	6.2956398503e-22	7.7056805987e-21	4.5814249188e-21	2.0725179875e-19	3.4439933769e-14
1.0738219382e+05	2.5583047886e-14	4.4096975450e-16	1.1003866670e-15	2.3577797876e-19	7.6673343442e-21	2.8014848057e-16	2.9429640733e-14	1.3257806075e-15	1.5728893205e-18	6.3575411595e-20	5.1034819876e-16	9.6786204779e-16	4.5122789550e-14	1.4770361915e-18	2.8439981946e-20	4.0736672225e-20	4.2776081988e-19	5.5024002527e-19	3.3446392608e-14	4.7549030548e-19	5.9367075579e-22	7.7483809817e-21	4.7479846265e-21	2.1308879473e-19	3.4387218572e-14
1.0739721286e+05	2.5639546867e-14	4.4043889967e-16	1.1006908754e-15	2.4100747653e-19	6.2352650795e-21	2.8052520073e-16	2.9432849525e-14	1.3221139117e-15	1.6416162911e-18	6.2807530649e-20	5.1311267006e-16	9.6767614407e-16	4.5078909687e-14	1.5365827231e-18	3.0078239263e-20	4.2526367701e-20	4.5479241717e-19	5.8161600354e-19	3.3797241614e-14	4.8905691034e-19	5.0835681919e-22	8.0396888001e-21	5.2604000059e-21	2.2596717575e-19	3.4249416325e-14
1.0740257511e+05	2.5627634859e-14	4.4024741482e-16	1.1007926197e-15	2.4287631072e-19	5.8704009448e-21	2.8065650435e-16	2.9433320491e-14	1.3208152939e-15	1.6675146873e-18	6.2945934832e-20	5.1409117274e-16	9.6760572547e-16	4.5063186320e-14	1.5588902834e-18	3.0460948708e-20	4.3173049385e-20	4.6496358154e-19	5.9334662955e-19	3.3918627167e-14	4.9317260902e-19	4.8715270439e-22	8.1938261290e-21	5.4126025922e-21	2.3023361570e-19	3.4208654385e-14
1.0741593972e+05	2.5686808407e-14	4.3976439925e-16	1.1010330598e-15	2.4661089702e-19	5.2942915003e-21	2.8097563959e-16	2.9434419506e-14	1.3176012196e-15	1.7327017502e-18	6.2477288180e-20	5.1651173578e-16	9.6742035847e-16	4.5023850578e-14	1.6118061743e-18	3.0469588385e-20	4.4634503702e-20	4.9083289553e-19	6.2185828966e-19	3.4212366710e-14	5.0330795843e-19	4.5844126690e-22	8.4673873057e-21	5.6242239765e-21	2.4079707368e-19	3.4107647494e-14
1.0742114622e+05	2.5675250877e-14	4.3957401078e-16	1.1011220620e-15	2.4758332720e-19	5.1679590232e-21	2.8109684246e-16	2.9434194706e-14	1.3163573039e-15	1.7583217488e-18	6.2025831839e-20	5.1744789585e-16	9.6734410353e-16	4.5008463288e-14	1.6306932431e-18	3.0272873230e-20	4.5120754012e-20	5.0110569872e-19	6.3240612010e-19	3.4323416246e-14	5.0749004411e-19	4.5472437669e-22	8.5344946882e-21	5.6682847090e-21	2.4502011990e-19	3.4064146577e-14
1.0743633917e+05	2.5729447581e-14	4.3901289475e-16	1.1013662739e-15	2.4984662684e-19	4.9867813888e-21	2.8144153723e-16	2.9433277406e-14	1.3127515180e-15	1.8373403295e-18	6.3139823259e-20	5.2015760202e-16	9.6710758211e-16	4.4963342296e-14	1.6842606672e-18	2.9874494309e-20	4.6441379481e-20	5.3273387257e-19	6.6288432715e-19	3.4634496249e-14	5.2599462602e-19	4.5899807324e-22	9.0653166125e-21	5.8222107053e-21	2.6045950965e-19	3.3936088779e-14
1.0744176351e+05	2.5717403660e-14	4.3881119911e-16	1.1014471254e-15	2.5094879906e-19	4.9787158075e-21	2.8156178324e-16	2.9432255658e-14	1.3114723560e-15	1.8686291009e-18	6.4644670320e-20	5.2111674846e-16	9.6701790201e-16	4.4947155978e-14	1.7054191928e-18	2.9730481034e-20	4.6969957189e-20	5.4508238370e-19	6.7467530076e-19	3.4740324007e-14	5.3375600040e-19	4.6541811988e-22	9.4180864236e-21	5.8743052341e-21	2.6658375334e-19	3.3896023859e-14
1.0745528288e+05	2.5686801926e-14	4.3830700842e-16	1.1016315133e-15	2.5515033113e-19	5.0530196435e-21	2.8185609509e-16	2.9428556410e-14	1.3083024811e-15	1.9566825920e-18	6.8391329389e-20	5.2348707668e-16	9.6678246102e-16	4.4906668928e-14	1.7692844236e-18	2.9356446076e-20	4.8572132448e-20	5.7924514141e-19	7.0879243648e-19	3.4992355558e-14	5.4665508061e-19	4.9038200035e-22	1.0321327630e-20	5.9953894411e-21	2.7868005579e-19	3.3807606618e-14
1.0746054967e+05	2.5762747938e-14	4.3811014819e-16	1.1016964097e-15	2.5722557947e-19	5.0791462073e-21	2.8196877004e-16	2.9428084668e-14	1.3070746030e-15	1.9944608999e-18	6.9498088662e-20	5.2440254572e-16	9.6668623952e-16	4.4890853057e-14	1.7985044565e-18	2.9217676337e-20	4.9285832364e-20	5.9376660917e-19	7.2396338568e-19	3.5086215569e-14	5.4922592328e-19	4.9993458312e-22	1.0628638342e-20	6.0417852188e-21	2.8214057822e-19	3.3772902898e-14
1.0747591855e+05	2.5727848724e-14	4.3753334864e-16	1.1018648107e-15	2.6343826051e-19	5.1625625246e-21	2.8229065830e-16	2.9421856650e-14	1.3035141489e-15	2.1085431800e-18	7.2349862361e-20	5.2704910514e-16	9.6639165291e-16	4.4844624740e-14	1.8898159988e-18	2.8365194395e-20	5.1422809499e-20	6.3793158274e-19	7.7121187002e-19	3.5345304243e-14	5.5583846825e-19	5.2883354046e-22	1.1486984378e-20	6.0745857201e-21	2.9169253620e-19	3.3663363263e-14
1.0748140570e+05	2.5715122864e-14	4.3732617202e-16	1.1019180229e-15	2.6546862700e-19	5.2875069389e-21	2.8240284797e-16	2.9419086960e-14	1.3022510099e-15	2.1484976625e-18	7.2939640519e-20	5.2798536644e-16	9.6628157589e-16	4.4828104979e-14	1.9220480407e-18	2.7925961181e-20	5.2157650584e-20	6.5369640864e-19	7.8812745349e-19	3.5432019193e-14	5.5972795625e-19	5.4915196125e-22	1.1731177441e-20	6.0530898320e-21	2.9587874677e-19	3.3625081735e-14
1.0749508161e+05	2.5682893628e-14	4.3680635838e-16	1.1020359713e-15	2.7041883972e-19	5.9114917092e-21	2.8267583988e-16	2.9410797712e-14	1.2991198976e-15	2.2443051884e-18	7.3332075086e-20	5.3029966650e-16	9.6599544476e-16	4.4786918073e-14	1.9997626315e-18	2.7116708430e-20	5.3984934897e-20	6.9233742861e-19	8.2963774440e-19	3.5635026564e-14	5.7247005673e-19	6.3479567166e-22	1.2168333579e-20	6.0512940898e-21	3.0793142430e-19	3.3541481241e-14
1.0750040939e+05	2.5670182306e-14	4.3660256395e-16	1.1020762683e-15	2.7266795723e-19	6.2004095534e-21	2.8277967027e-16	2.9406991945e-14	1.2979060421e-15	2.2811587003e-18	7.3990970673e-20	5.3119386337e-16	9.6587906024e-16	4.4770866905e-14	2.0304966751e-18	2.6949116270e-20	5.4767841099e-20	7.0743267546e-19	8.4615982450e-19	3.5709357595e-14	5.7786744146e-19	6.7428872211e-22	1.2423453591e-20	6.0803509744e-21	3.1286877936e-19	3.3511951348e-14
1.0751595623e+05	2.5722489008e-14	4.3600475920e-16	1.1021749781e-15	2.8160502441e-19	6.7641151473e-21	2.8307527286e-16	2.9398713628e-14	1.2943801699e-15	2.3940104111e-18	7.7821516871e-20	5.3377917898e-16	9.6552212056e-16	4.4723984249e-14	2.1301371880e-18	2.6355385296e-20	5.7563220260e-20	7.5373730830e-19	8.9908587502e-19	3.5911099503e-14	5.9511060694e-19	7.6238731667e-22	1.3509947378e-20	6.1337060359e-21	3.2813887064e-19	3.3421089630e-14
1.0752150692e+05	2.5709199320e-14	4.3579054053e-16	1.1022032531e-15	2.8558360921e-19	6.8222012818e-21	2.8317838130e-16	2.9394024906e-14	1.2931267439e-15	2.4371949577e-18	7.8442318502e-20	5.3469348825e-16	9.6538824060e-16	4.4707220348e-14	2.1700386336e-18	2.6047814359e-20	5.8736485041e-20	7.7140535729e-19	9.2002353006e-19	3.5977334014e-14	6.0317141099e-19	7.7852531526e-22	1.3775784364e-20	6.1274008413e-21	3.3466807335e-19	3.3386357213e-14
1.0753534119e+05	2.5764650668e-14	4.3525524557e-16	1.1022587677e-15	2.9599871648e-19	6.8390697621e-21	2.8343010159e-16	2.9385551690e-14	1.2900143250e-15	2.5490963260e-18	7.7822101456e-20	5.3695281056e-16	9.6503959431e-16	4.4665362182e-14	2.2746700422e-18	2.5397335547e-20	6.1803415061e-20	8.1734786780e-19	9.7496381076e-19	3.6129076940e-14	6.3206455439e-19	8.0428164582e-22	1.4054393845e-20	6.1312175063e-21	3.5599993175e-19	3.3304050261e-14
1.0754073067e+05	2.5751704140e-14	4.3504609928e-16	1.1022751999e-15	2.9992484339e-19	6.8608717064e-21	2.8352609491e-16	2.9380387144e-14	1.2888060608e-15	2.5926803934e-18	7.7633513959e-20	5.3782576358e-16	9.6489793889e-16	4.4649027129e-14	2.3153560142e-18	2.5294365554e-20	6.2986254336e-20	8.3545789606e-19	9.9655105705e-19	3.6183386774e-14	6.4690353469e-19	8.1610842162e-22	1.4169680183e-20	6.1665291043e-21	3.6641626496e-19	3.3275537077e-14
1.0755645753e+05	2.5801722262e-14	4.3443369759e-16	1.1023080901e-15	3.1089563663e-19	6.9397998567e-21	2.8379952556e-16	2.9368364929e-14	1.2852930306e-15	2.7140977704e-18	7.7694401624e-20	5.4035080335e-16	9.6446572606e-16	4.4601300943e-14	2.4293928324e-18	2.5669001300e-20	6.6381885181e-20	8.8709939450e-19	1.0581808411e-18	3.6327472694e-14	6.9270100784e-19	8.5267443195e-22	1.4612948737e-20	6.4338726482e-21	3.9860905442e-19	3.3197154161e-14
1.0756207249e+05	2.5788230182e-14	4.3421439157e-16	1.1023142742e-15	3.1492384457e-19	6.9345048238e-21	2.8389481230e-16	2.9362215038e-14	1.2840430668e-15	2.7554044117e-18	7.7556351314e-20	5.4124423096e-16	9.6430450625e-16	4.4584252631e-14	2.4693115762e-18	2.6016670616e-20	6.7634419624e-20	9.0509534119e-19	1.0800659291e-18	3.6373573733e-14	7.0772497887e-19	8.6166121039e-22	1.4739583586e-20	6.5839262521e-21	4.0947122631e-19	3.3167705380e-14
1.0757606696e+05	2.5841634597e-14	4.3366675149e-16	1.1023156298e-15	3.2601781135e-19	6.8260725206e-21	2.8412728922e-16	2.9350465162e-14	1.2809365455e-15	2.8579064707e-18	7.6653973122e-20	5.4345184792e-16	9.6388650467e-16	4.4541783907e-14	2.5723521120e-18	2.7078287920e-20	7.1023978221e-20	9.5028715205e-19	1.1366819887e-18	3.6475828056e-14	7.4776192720e-19	8.7170152345e-22	1.4940831093e-20	7.0139554697e-21	4.3832535083e-19	3.3090756137e-14
1.0758151884e+05	2.5828547546e-14	4.3345308919e-16	1.1023104340e-15	3.3070613969e-19	6.7533381505e-21	2.8421599040e-16	2.9343957485e-14	1.2797295143e-15	2.8989508801e-18	7.6071186872e-20	5.4430436094e-16	9.6371734597e-16	4.4525255765e-14	2.6145760794e-18	2.7500516819e-20	7.2441103810e-20	9.6845010873e-19	1.1598616507e-18	3.6510995872e-14	7.6729935069e-19	8.7142651075e-22	1.4970146772e-20	7.1864636295e-21	4.5199569795e-19	3.3061879994e-14
1.0759742781e+05	2.5789651282e-14	4.3282871277e-16	1.1022771507e-15	3.4405084554e-19	6.5060985251e-21	2.8446897294e-16	2.9322952014e-14	1.2762166140e-15	3.0241358497e-18	7.3939022669e-20	5.4676812816e-16	9.6320324810e-16	4.4477089450e-14	2.7409980687e-18	2.8801298884e-20	7.6558541509e-20	1.0238904131e-18	1.2296099397e-18	3.6600157831e-14	8.4321098544e-19	8.6471091259e-22	1.4952202429e-20	7.7170265069e-21	5.0363457620e-19	3.2987508086e-14
1.0760310779e+05	2.5775556794e-14	4.3260547022e-16	1.1022591638e-15	3.4824384189e-19	6.4265228350e-21	2.8455719755e-16	2.9314640791e-14	1.2749654337e-15	3.0701915395e-18	7.3232211889e-20	5.4763936592e-16	9.6301218665e-16	4.4459912335e-14	2.7854912499e-18	2.9284563885e-20	7.7920563738e-20	1.0443751816e-18	1.2544677422e-18	3.6627222245e-14	8.7555120282e-19	8.6296383679e-22	1.4949997668e-20	7.9148804871e-21	5.2544764518e-19	3.2962831443e-14
1.0761726431e+05	2.5740190222e-14	4.3204860558e-16	1.1022016528e-15	3.5707575844e-19	6.2086361070e-21	2.8477249863e-16	2.9291793549e-14	1.2718526268e-15	3.1854742191e-18	7.1468273897e-20	5.4979225553e-16	9.6251811826e-16	4.4417132955e-14	2.8923255800e-18	3.0321590402e-20	8.0987004173e-20	1.0961339353e-18	1.3151175858e-18	3.6683262213e-14	9.5864353736e-19	8.5484774974e-22	1.4929333569e-20	8.3696439513e-21	5.8196216204e-19	3.2897582970e-14
1.0762277932e+05	2.5814275210e-14	4.3183164530e-16	1.1021744514e-15	3.6013695627e-19	6.0820653348e-21	2.8485471924e-16	2.9292307304e-14	1.2706417588e-15	3.2301600375e-18	7.0638373483e-20	5.5062386950e-16	9.6231856533e-16	4.4400478648e-14	2.9329366537e-18	3.0614072168e-20	8.2107348535e-20	1.1164246683e-18	1.3384813580e-18	3.6700723606e-14	9.9121601903e-19	8.4544508115e-22	1.4885590152e-20	8.5182567870e-21	6.0434967738e-19	3.2870486205e-14
1.0763887250e+05	2.5774025694e-14	4.3119900097e-16	1.1020788370e-15	3.6940917274e-19	5.5445571466e-21	2.8508973936e-16	2.9264469394e-14	1.2671132488e-15	3.3599140101e-18	6.7899495564e-20	5.5302747276e-16	9.6171332720e-16	4.4351928936e-14	3.0533931496e-18	3.1122974983e-20	8.5488943391e-20	1.1760521928e-18	1.4081566084e-18	3.6739042909e-14	1.0965810075e-18	7.9194724100e-22	1.4668715754e-20	8.8588316022e-21	6.7681165931e-19	3.2794477886e-14
1.0764461826e+05	2.5846910635e-14	4.3097332787e-16	1.1020384334e-15	3.7311799288e-19	5.3342353848e-21	2.8517191540e-16	2.9264327180e-14	1.2658551848e-15	3.4063679915e-18	6.7002608042e-20	5.5387710861e-16	9.6148904677e-16	4.4334620283e-14	3.0981043174e-18	3.1242737592e-20	8.6801614155e-20	1.1976138579e-18	1.4340390249e-18	3.6748473642e-14	1.1413310329e-18	7.6915090567e-22	1.4600735319e-20	8.9633795184e-21	7.0740707156e-19	3.2770273814e-14
1.0765893870e+05	2.5810877066e-14	4.3041105188e-16	1.1019226099e-15	3.8320331476e-19	4.9276915608e-21	2.8537261779e-16	2.9238041935e-14	1.2627235998e-15	3.5235675012e-18	6.5459557730e-20	5.5597484259e-16	9.6091165019e-16	4.4291560809e-14	3.2131244508e-18	3.1636786134e-20	9.0304504915e-20	1.2523735011e-18	1.5007337848e-18	3.6762140184e-14	1.2678746504e-18	7.2711882842e-22	1.4568205413e-20	9.2523102430e-21	7.9388580078e-19	3.2713551981e-14
1.0766451757e+05	2.5796708608e-14	4.3019199064e-16	1.1018717242e-15	3.8725976701e-19	4.8304673297e-21	2.8544917534e-16	2.9226966485e-14	1.2615050244e-15	3.5699357004e-18	6.5168786457e-20	5.5678444636e-16	9.6067960019e-16	4.4274820312e-14	3.2585248743e-18	3.1824914542e-20	9.1713323882e-20	1.2741600241e-18	1.5271969142e-18	3.6763569805e-14	1.3189550717e-18	7.1907284310e-22	1.4620320720e-20	9.3755105721e-21	8.2905565632e-19	3.2690780051e-14
1.0768079710e+05	2.5842189242e-14	4.2955248190e-16	1.1017063945e-15	3.9871534899e-19	4.6347605513e-21	2.8566724616e-16	2.9206396616e-14	1.2579523280e-15	3.7075835942e-18	6.4980424217e-20	5.5912339473e-16	9.5997906418e-16	4.4226082648e-14	3.3895268358e-18	3.1935851692e-20	9.5778839780e-20	1.3392244005e-18	1.6043676626e-18	3.6756043789e-14	1.4620204018e-18	7.0747385280e-22	1.4914936838e-20	9.6054961096e-21	9.2903036197e-19	3.2619847749e-14
1.0768660939e+05	2.5827357643e-14	4.2932405281e-16	1.1016418608e-15	4.0261946761e-19	4.5487113706e-21	2.8574319012e-16	2.9194199354e-14	1.2566845278e-15	3.7575173303e-18	6.5003691708e-20	5.5995028674e-16	9.5972021093e-16	4.4208721166e-14	3.4355435419e-18	3.1692049523e-20	9.7201368210e-20	1.3629751307e-18	1.6317890849e-18	3.6749547776e-14	1.5137639758e-18	7.0044590671e-22	1.5039506115e-20	9.6012439827e-21	9.6553223848e-19	3.2594770488e-14
1.0770109565e+05	2.5876805076e-14	4.2875469355e-16	1.1014694007e-15	4.1226474655e-19	4.2542848288e-21	2.8592826548e-16	2.9176098120e-14	1.2535245545e-15	3.8836117892e-18	6.4987335531e-20	5.6199301807e-16	9.5905414438e-16	4.4165544318e-14	3.5502630864e-18	3.0602004755e-20	1.0076008579e-19	1.4233114325e-18	1.7006478055e-18	3.6725146530e-14	1.6622754984e-18	6.6926505302e-22	1.5330351546e-20	9.4354578738e-21	1.0699469847e-18	3.2538214189e-14
1.0770673912e+05	2.5862405922e-14	4.2853298563e-16	1.1013976252e-15	4.1612444917e-19	4.1385275104e-21	2.8599882852e-16	2.9163759869e-14	1.2522931696e-15	3.9333217047e-18	6.4944926983e-20	5.6278175819e-16	9.5878645596e-16	4.4148764194e-14	3.5957844333e-18	3.0128269326e-20	1.0218449504e-19	1.4472422778e-18	1.7280628811e-18	3.6712368459e-14	1.7301784295e-18	6.5639056959e-22	1.5434114639e-20	9.3517910610e-21	1.1174950544e-18	3.2518101742e-14
1.0772320717e+05	2.5820088521e-14	4.2788720448e-16	1.1011715236e-15	4.2802609731e-19	3.9774083470e-21	2.8620043460e-16	2.9124983044e-14	1.2486984996e-15	4.0802415947e-18	6.4697640309e-20	5.6505982502e-16	9.5797915501e-16	4.4099953758e-14	3.7340816296e-18	2.8937546935e-20	1.0654243187e-19	1.5184386360e-18	1.8113263508e-18	3.6664552697e-14	1.9467546985e-18	6.4571144002e-22	1.5703112852e-20	9.1550464918e-21	1.2696884688e-18	3.2458178729e-14
1.0772908676e+05	2.5804895491e-14	4.2765736054e-16	1.1010841309e-15	4.3243493246e-19	3.9913447561e-21	2.8627107363e-16	2.9110165736e-14	1.2474147187e-15	4.1335650209e-18	6.4601803017e-20	5.6586435276e-16	9.5768168297e-16	4.4082588145e-14	3.7856428846e-18	2.8558719923e-20	1.0815448069e-19	1.5444256467e-18	1.8423475338e-18	3.6643994840e-14	2.0237827481e-18	6.5327133483e-22	1.5795649329e-20	9.0953887236e-21	1.3243857598e-18	3.2435221465e-14
1.0774374076e+05	2.5852905701e-14	4.2708676118e-16	1.1008499645e-15	4.4315881500e-19	4.0470212926e-21	2.8644451390e-16	2.9090913309e-14	1.2442149392e-15	4.2698704862e-18	6.4547928648e-20	5.6784883085e-16	9.5691996399e-16	4.4039444430e-14	3.9177742321e-18	2.7482186628e-20	1.1214376324e-19	1.6110389335e-18	1.9219873973e-18	3.6585851439e-14	2.2066651753e-18	6.7569737207e-22	1.6068474624e-20	8.8953578073e-21	1.4559197868e-18	3.2377740472e-14
1.0774944958e+05	2.5838036408e-14	4.2686528500e-16	1.1007525333e-15	4.4702291679e-19	4.0363784410e-21	2.8651104650e-16	2.9076135083e-14	1.2429685327e-15	4.3247082797e-18	6.4676924218e-20	5.6861400896e-16	9.5661560641e-16	4.4022684576e-14	3.9698288815e-18	2.6972999309e-20	1.1363247455e-19	1.6378682348e-18	1.9535143320e-18	3.6560594070e-14	2.2772280616e-18	6.7906508732e-22	1.6211318909e-20	8.7845780236e-21	1.5071392332e-18	3.2356809816e-14
1.0776610832e+05	2.5880214449e-14	4.2622032521e-16	1.1004501200e-15	4.5675490226e-19	3.9010634700e-21	2.8670106778e-16	2.9050580523e-14	1.2393324201e-15	4.4907103550e-18	6.5440032670e-20	5.7082244039e-16	9.5570384270e-16	4.3973903346e-14	4.1197593835e-18	2.5404131217e-20	1.1762047514e-19	1.7191730815e-18	2.0452240358e-18	3.6478116136e-14	2.5026991773e-18	6.7072283027e-22	1.6726629070e-20	8.4204198116e-21	1.6709713804e-18	3.2301366281e-14
1.0777205599e+05	2.5864697350e-14	4.2599009406e-16	1.1003361135e-15	4.5975584994e-19	3.8386298036e-21	2.8676714203e-16	2.9034565092e-14	1.2380344383e-15	4.5517619129e-18	6.5745649405e-20	5.7160238296e-16	9.5536978380e-16	4.3956529515e-14	4.1721472407e-18	2.4923366896e-20	1.1893412988e-19	1.7491573741e-18	2.0776395256e-18	3.6445543621e-14	2.5940732127e-18	6.6502478892e-22	1.6919936729e-20	8.3118873782e-21	1.7372591047e-18	3.2282047347e-14
1.0778687968e+05	2.5911071767e-14	4.2541580689e-16	1.1000386770e-15	4.6704100910e-19	3.6733430612e-21	2.8692743472e-16	2.9012827609e-14	1.2347984418e-15	4.7065458328e-18	6.6197945303e-20	5.7352706345e-16	9.5451680947e-16	4.3913346292e-14	4.3022335273e-18	2.4114349190e-20	1.2218057872e-19	1.8255385200e-18	2.1587143637e-18	3.6358164851e-14	2.8415106739e-18	6.4833537435e-22	1.7323047055e-20	8.1633386384e-21	1.9170805371e-18	3.2231066876e-14
1.0779265461e+05	2.5895921042e-14	4.2519205269e-16	1.0999175613e-15	4.7011386773e-19	3.6021085760e-21	2.8698830066e-16	2.8996892543e-14	1.2335368115e-15	4.7676717503e-18	6.6250442198e-20	5.7426940751e-16	9.5417625598e-16	4.3896581321e-14	4.3539960006e-18	2.3916562853e-20	1.2351557457e-19	1.8558631704e-18	2.1910442125e-18	3.6321991543e-14	2.9404692619e-18	6.4030127508e-22	1.7447664214e-20	8.1427441232e-21	1.9894157446e-18	3.2210473428e-14
1.0780950624e+05	2.5936150463e-14	4.2454053828e-16	1.0995468588e-15	4.8064156775e-19	3.3794057056e-21	2.8716191298e-16	2.8968681439e-14	1.2298499490e-15	4.9491175281e-18	6.6066495968e-20	5.7641152494e-16	9.5315464648e-16	4.3847905171e-14	4.5132642626e-18	2.3408952548e-20	1.2785666651e-19	1.9463554046e-18	2.2902025797e-18	3.6209698316e-14	3.2207853336e-18	6.1306518756e-22	1.7719029228e-20	8.1008276167e-21	2.1964739300e-18	3.2153487722e-14
1.0781552279e+05	2.5920241839e-14	4.2430874936e-16	1.0994083651e-15	4.8489014011e-19	3.3017841668e-21	2.8722267971e-16	2.8951600628e-14	1.2285314877e-15	5.0153209093e-18	6.5929050748e-20	5.7716769835e-16	9.5277977549e-16	4.3830624338e-14	4.5732516485e-18	2.3210351424e-20	1.2955074956e-19	1.9795139255e-18	2.3274410837e-18	3.6167053842e-14	3.3187007417e-18	6.0326614122e-22	1.7795096623e-20	8.0779099220e-21	2.2695083541e-18	3.2134985753e-14
1.0783051813e+05	2.5880497274e-14	4.2373282105e-16	1.0990499020e-15	4.9559320504e-19	3.1280419964e-21	2.8737131403e-16	2.8907114858e-14	1.2252411380e-15	5.1846056332e-18	6.5525492645e-20	5.7903305718e-16	9.5182302683e-16	4.3787773776e-14	4.7268513756e-18	2.2752742300e-20	1.3383891251e-19	2.0645313115e-18	2.4229422139e-18	3.6055141414e-14	3.5722680459e-18	5.8157783802e-22	1.7963636521e-20	8.0293996525e-21	2.4593608559e-18	3.2090414579e-14
1.0783635992e+05	2.5865012584e-14	4.2350886415e-16	1.0989052339e-15	4.9948563663e-19	3.0681581667e-21	2.8742795572e-16	2.8889102176e-14	1.2239580338e-15	5.2524220558e-18	6.5375626083e-20	5.7975237591e-16	9.5144200515e-16	4.3771155697e-14	4.7871007864e-18	2.2618391967e-20	1.3544793713e-19	2.0986620344e-18	2.4605923358e-18	3.6009620084e-14	3.6781770939e-18	5.7426558038e-22	1.8029529865e-20	8.0244351820e-21	2.5387403584e-18	3.2072511700e-14
1.0785340669e+05	2.5819804397e-14	4.2285548337e-16	1.0984661258e-15	5.0918100156e-19	2.9109811203e-21	2.8758844958e-16	2.8834728901e-14	1.2202114435e-15	5.4562579229e-18	6.4996368929e-20	5.8182737095e-16	9.5030518738e-16	4.3722852740e-14	4.9610756655e-18	2.2403045814e-20	1.3972659315e-19	2.2015182905e-18	2.5702493077e-18	3.5871457315e-14	4.0086872604e-18	5.5536404592e-22	1.8232574374e-20	8.0693389707e-21	2.7869788201e-18	3.2018117105e-14
1.0785949290e+05	2.5887665648e-14	4.2262217970e-16	1.0983027389e-15	5.1209914269e-19	2.8613229538e-21	2.8764398242e-16	2.8839728949e-14	1.2188731955e-15	5.5307693559e-18	6.4862954366e-20	5.8255929402e-16	9.4989059535e-16	4.3705666587e-14	5.0225822963e-18	2.2375239409e-20	1.4111610860e-19	2.2392628944e-18	2.6093451917e-18	3.5820190618e-14	4.1302175967e-18	5.4955881942e-22	1.8303789884e-20	8.1020874277e-21	2.8787085163e-18	3.1999105448e-14
1.0787466188e+05	2.5847111573e-14	4.2204115244e-16	1.0978793909e-15	5.1887663580e-19	2.7587566371e-21	2.8777872710e-16	2.8790393584e-14	1.2155364075e-15	5.7184009070e-18	6.4525562688e-20	5.8436261885e-16	9.4883758248e-16	4.3662974461e-14	5.1765656034e-18	2.2393507324e-20	1.4446230303e-19	2.3348615388e-18	2.7077237035e-18	3.5687752426e-14	4.4300234109e-18	5.3862674797e-22	1.8475765393e-20	8.2142676680e-21	3.1066342660e-18	3.1955396457e-14
1.0788057132e+05	2.5831271460e-14	4.2181516267e-16	1.0977083324e-15	5.2158278125e-19	2.7282169284e-21	2.8782994624e-16	2.8770779105e-14	1.2142357053e-15	5.7917336480e-18	6.4356185610e-20	5.8505714437e-16	9.4841963380e-16	4.3646407820e-14	5.2376030101e-18	2.2449019664e-20	1.4579158375e-19	2.3724878637e-18	2.7468216340e-18	3.5634445990e-14	4.5455406721e-18	5.3602335944e-22	1.8530251887e-20	8.2754357473e-21	3.1950757352e-18	3.1939431390e-14
1.0789781548e+05	2.5868529688e-14	4.2115719338e-16	1.0971913118e-15	5.3053784587e-19	2.6809465312e-21	2.8797559498e-16	2.8738762654e-14	1.2104360192e-15	6.0059297043e-18	6.3704985849e-20	5.8705918856e-16	9.4717430338e-16	4.3598335751e-14	5.4220132411e-18	2.2847904697e-20	1.4999371192e-19	2.4832787173e-18	2.8649544860e-18	3.5474397218e-14	4.8915506984e-18	5.3631119526e-22	1.8637629431e-20	8.5423145425e-21	3.4611353762e-18	3.1891910371e-14
1.0790397217e+05	2.5851978120e-14	4.2092275631e-16	1.0970007747e-15	5.3419166502e-19	2.6874306797e-21	2.8802619505e-16	2.8718037541e-14	1.2090774306e-15	6.0829022061e-18	6.3408978395e-20	5.8776537707e-16	9.4672010140e-16	4.3581283595e-14	5.4906397786e-18	2.3080388015e-20	1.5163382432e-19	2.5233659225e-18	2.9088737154e-18	3.5415810292e-14	5.0225689568e-18	5.4101459798e-22	1.8654898372e-20	8.6719697225e-21	3.5620387530e-18	3.1874067528e-14
1.0791931679e+05	2.5893822757e-14	4.2033944112e-16	1.0965126468e-15	5.4410016099e-19	2.7766470739e-21	2.8814906743e-16	2.8691650380e-14	1.2056857342e-15	6.2782281899e-18	6.2679589127e-20	5.8950600920e-16	9.4556554299e-16	4.3539049543e-14	5.6683298443e-18	2.3749433483e-20	1.5597910505e-19	2.6254732061e-18	3.0225124093e-18	3.5266365467e-14	5.3679209167e-18	5.6769814597e-22	1.8694155838e-20	9.0318238054e-21	3.8283825923e-18	3.1829770131e-14
1.0792529466e+05	2.5877695709e-14	4.2011266160e-16	1.0963171544e-15	5.4812578091e-19	2.8348032194e-21	2.8819575281e-16	2.8671271269e-14	1.2043621787e-15	6.3562636116e-18	6.2399524158e-20	5.9017650612e-16	9.4510706667e-16	4.3522693772e-14	5.7397640636e-18	2.3996788607e-20	1.5773137433e-19	2.6663548869e-18	3.0682178448e-18	3.5206756189e-14	5.5060474117e-18	5.8303898234e-22	1.8708292354e-20	9.1681581037e-21	3.9352902033e-18	3.1813471850e-14
1.0794273850e+05	2.5913182371e-14	4.1945300070e-16	1.0957286591e-15	5.5967775176e-19	3.0113976318e-21	2.8832866360e-16	2.8636908501e-14	1.2004934999e-15	6.5907181219e-18	6.1631334587e-20	5.9210823657e-16	9.4374221253e-16	4.3475236365e-14	5.9516318475e-18	2.4535776350e-20	1.6282745879e-19	2.7894451497e-18	3.2042587526e-18	3.5028791071e-14	5.9006904981e-18	6.2999181901e-22	1.8757020975e-20	9.4987952860e-21	4.2430684624e-18	3.1769191520e-14
1.0794896648e+05	2.5896245783e-14	4.1921826632e-16	1.0955121325e-15	5.6358363733e-19	3.0577238000e-21	2.8837495227e-16	2.8615372636e-14	1.1991102860e-15	6.6762394184e-18	6.1392952134e-20	5.9278903209e-16	9.4324553566e-16	4.3458379253e-14	6.0272123449e-18	2.4696954327e-20	1.6459697713e-19	2.8345103296e-18	3.2530969295e-18	3.4964060786e-14	6.0374947147e-18	6.4351462311e-22	1.8782843755e-20	9.6055137299e-21	4.3506430283e-18	3.1753567970e-14
1.0796448878e+05	2.5853941417e-14	4.1863424371e-16	1.0949592081e-15	5.7271850545e-19	3.1307389159e-21	2.8848716091e-16	2.8561181965e-14	1.1956589329e-15	6.8905797128e-18	6.0917026455e-20	5.9446628595e-16	9.4198689878e-16	4.3416550998e-14	6.2129566422e-18	2.5258121223e-20	1.6885969109e-19	2.9481447023e-18	3.3740678206e-18	3.4800417220e-14	6.3839566863e-18	6.6860401495e-22	1.8878569580e-20	9.9355950507e-21	4.6241007286e-18	3.1712750085e-14
1.0797053587e+05	2.5837409775e-14	4.1840674546e-16	1.0947391335e-15	5.7612457936e-19	3.1580457737e-21	2.8852940924e-16	2.8539942169e-14	1.1943127707e-15	6.9739902184e-18	6.0757026522e-20	5.9511242042e-16	9.4148854101e-16	4.3400330908e-14	6.2844844224e-18	2.5572401322e-20	1.7048552534e-19	2.9926851802e-18	3.4209946173e-18	3.4735720036e-14	6.5267211892e-18	6.7823569646e-22	1.8922012504e-20	1.0102883921e-20	4.7368122983e-18	3.1696415381e-14
1.0798818170e+05	2.5871472723e-14	4.1774176725e-16	1.0940827637e-15	5.8618636023e-19	3.2904430369e-21	2.8864721972e-16	2.8503662210e-14	1.1903779771e-15	7.2178108895e-18	6.0384765482e-20	5.9697506589e-16	9.4000772030e-16	4.3353276321e-14	6.4951708339e-18	2.6647647908e-20	1.7529749649e-19	3.1238201727e-18	3.5597915454e-18	3.4543668854e-14	6.9766407489e-18	7.1815450407e-22	1.9073544930e-20	1.0658997914e-20	5.0917827684e-18	3.1651030645e-14
1.0799448180e+05	2.5854201000e-14	4.1750398373e-16	1.0938430798e-15	5.8996577125e-19	3.3510830687e-21	2.8868734529e-16	2.8481331082e-14	1.1889703617e-15	7.3058844416e-18	6.0302438837e-20	5.9763175273e-16	9.3946919891e-16	4.3336587140e-14	6.5725899122e-18	2.7014528032e-20	1.7708294833e-19	3.1714334629e-18	3.6108365038e-18	3.4474044320e-14	7.1446637947e-18	7.3554023714e-22	1.9142074216e-20	1.0852754677e-20	5.2246007722e-18	3.1636116249e-14
1.0801018384e+05	2.5892940964e-14	4.1691173559e-16	1.0932322707e-15	5.9985517417e-19	3.4734688049e-21	2.8878380613e-16	2.8451257873e-14	1.1854555943e-15	7.5299718380e-18	6.0089162274e-20	5.9924877062e-16	9.3810463853e-16	4.3295264413e-14	6.7723259513e-18	2.7714411814e-20	1.8170261493e-19	3.2929065367e-18	3.7424664166e-18	3.4298780143e-14	7.5559409993e-18	7.7306696318e-22	1.9307282223e-20	1.1252905417e-20	5.5517193210e-18	3.1599945809e-14
1.0801630095e+05	2.5876093379e-14	4.1668159916e-16	1.0929889393e-15	6.0378748313e-19	3.4964536002e-21	2.8882032810e-16	2.8429391195e-14	1.1840840806e-15	7.6190868946e-18	5.9956000774e-20	5.9987103157e-16	9.3756466303e-16	4.3279271086e-14	6.8521552995e-18	2.7886395998e-20	1.8353773406e-19	3.3413406323e-18	3.7951271830e-18	3.4229929916e-14	7.7087322770e-18	7.8234157463e-22	1.9354317549e-20	1.1368912080e-20	5.6742745252e-18	3.1585404991e-14
1.0803415111e+05	2.5908249856e-14	4.1601308775e-16	1.0922621160e-15	6.1485350217e-19	3.4750386588e-21	2.8892437124e-16	2.8390970352e-14	1.1800759059e-15	7.8828047357e-18	5.9467780761e-20	6.0166252363e-16	9.3596336536e-16	4.3232919345e-14	7.0865011622e-18	2.8233244891e-20	1.8880375382e-19	3.4853192050e-18	3.9504334158e-18	3.4026943119e-14	8.1389450517e-18	7.8953996677e-22	1.9454453132e-20	1.1645259849e-20	6.0220398002e-18	3.1541054880e-14
1.0804052416e+05	2.5890633858e-14	4.1577547231e-16	1.0919969168e-15	6.1853020351e-19	3.4466495096e-21	2.8896059568e-16	2.8367996450e-14	1.1786427258e-15	7.9775310529e-18	5.9326125792e-20	6.0229358111e-16	9.3538250857e-16	4.3216479734e-14	7.1695929426e-18	2.8407612442e-20	1.9061185227e-19	3.5373475752e-18	4.0058682962e-18	3.3953633235e-14	8.2961537851e-18	7.8731012808e-22	1.9499117041e-20	1.1765127226e-20	6.1494534735e-18	3.1525402929e-14
1.0805640803e+05	2.5927664870e-14	4.1518486505e-16	1.0913237721e-15	6.2704692149e-19	3.3836382315e-21	2.8904824154e-16	2.8336039285e-14	1.1750646307e-15	8.2137764613e-18	5.9173575727e-20	6.0384734941e-16	9.3391313807e-16	4.3175753633e-14	7.3750798248e-18	2.9209153583e-20	1.9494281875e-19	3.6679318900e-18	4.1438151882e-18	3.3769258117e-14	8.7241532042e-18	7.8318578712e-22	1.9673420269e-20	1.2218736453e-20	6.4952662231e-18	3.1489162454e-14
1.0806259597e+05	2.5910510569e-14	4.1495515718e-16	1.0910569163e-15	6.3019361732e-19	3.3759291226e-21	2.8908120694e-16	2.8313585946e-14	1.1736678224e-15	8.3060100791e-18	5.9190614077e-20	6.0444536513e-16	9.3333198736e-16	4.3159986780e-14	7.4551791493e-18	2.9663235661e-20	1.9658554624e-19	3.7192155102e-18	4.1978413612e-18	3.3696962923e-14	8.9056881575e-18	7.8537112310e-22	1.9765862125e-20	1.2456340913e-20	6.6415815450e-18	3.1475947597e-14
1.0808065282e+05	2.5860230981e-14	4.1428564585e-16	1.0902632964e-15	6.3927761299e-19	3.4254008470e-21	2.8917338096e-16	2.8247968284e-14	1.1695809408e-15	8.5777833864e-18	5.9393219976e-20	6.0616706245e-16	9.3160711851e-16	4.3114320619e-14	7.6931698881e-18	3.1090279989e-20	2.0137437343e-19	3.8710729389e-18	4.3587211592e-18	3.3484934452e-14	9.4442308496e-18	8.0856364289e-22	2.0085435514e-20	1.3199774118e-20	7.0770896429e-18	3.1436906019e-14
1.0808709967e+05	2.5842147914e-14	4.1404699431e-16	1.0899745132e-15	6.4258340203e-19	3.4587532811e-21	2.8920492051e-16	2.8224504612e-14	1.1681178556e-15	8.6762759063e-18	5.9474110237e-20	6.0677332547e-16	9.3098087301e-16	4.3098145871e-14	7.7804981763e-18	3.1519453717e-20	2.0311312903e-19	3.9263210276e-18	4.4177970515e-18	3.3408797058e-14	9.6263310588e-18	8.2062307253e-22	2.0202078359e-20	1.3433608386e-20	7.2256419859e-18	3.1422200685e-14
1.0810316746e+05	2.5796672746e-14	4.1345365149e-16	1.0892423314e-15	6.5106504023e-19	3.5269930702e-21	2.8928083850e-16	2.8165825270e-14	1.1644636177e-15	8.9251621078e-18	5.9695316442e-20	6.0826510783e-16	9.2939746117e-16	4.3058131759e-14	8.0036764844e-18	3.2288702782e-20	2.0754553324e-19	4.0664205570e-18	4.5688841624e-18	3.3217830535e-14	1.0050339028e-17	8.4739535360e-22	2.0498821557e-20	1.3891964851e-20	7.5748348576e-18	3.1385105507e-14
1.0810942706e+05	2.5860376290e-14	4.1322321375e-16	1.0889523210e-15	6.5444355887e-19	3.5382148922e-21	2.8930949058e-16	2.8168168803e-14	1.1630375360e-15	9.0229827071e-18	5.9870204560e-20	6.0883887138e-16	9.2877233155e-16	4.3042654940e-14	8.0921693272e-18	3.2539675847e-20	2.0930465210e-19	4.1217233544e-18	4.6289036172e-18	3.3143027358e-14	1.0213035540e-17	8.5420441933e-22	2.0644785758e-20	1.4050679349e-20	7.7094920950e-18	3.1371262177e-14
1.0813421449e+05	2.5871090784e-14	4.1231551526e-16	1.0877773891e-15	6.6784193837e-19	3.5044544301e-21	2.8941859059e-16	2.8102200462e-14	1.1573785675e-15	9.4099590355e-18	6.1646401172e-20	6.1107022651e-16	9.2625333704e-16	4.2981928676e-14	8.4448644248e-18	3.4240263697e-20	2.1632537358e-19	4.3423493516e-18	4.8693989699e-18	3.2845698877e-14	1.0924893401e-17	8.6206356168e-22	2.1603785307e-20	1.4993563916e-20	8.2966411262e-18	3.1320924808e-14
1.0815046835e+05	2.5824983784e-14	4.1172556545e-16	1.0869834191e-15	6.7652661348e-19	3.4966308269e-21	2.8948720322e-16	2.8042097670e-14	1.1536551841e-15	9.6627611468e-18	6.3456036149e-20	6.1249794729e-16	9.2456235035e-16	4.2942571450e-14	8.6777278515e-18	3.6179045675e-20	2.2093760729e-19	4.4881200923e-18	5.0293176719e-18	3.2649907135e-14	1.1429525573e-17	8.7050957199e-22	2.2468556552e-20	1.5984503742e-20	8.7129899258e-18	3.1287264023e-14
1.0815680042e+05	2.5887312869e-14	4.1149713296e-16	1.0866690965e-15	6.7994245000e-19	3.5153159153e-21	2.8951351536e-16	2.8043689968e-14	1.1522010689e-15	9.7617482382e-18	6.4234115687e-20	6.1304659877e-16	9.2389457205e-16	4.2927341958e-14	8.7698188962e-18	3.6971619944e-20	2.2275372341e-19	4.5454657537e-18	5.0926903477e-18	3.2573369095e-14	1.1620085218e-17	8.7920086643e-22	2.2834287643e-20	1.6390645454e-20	8.8711565575e-18	3.1273590913e-14
1.0818187488e+05	2.5895793313e-14	4.1060029294e-16	1.0853986794e-15	6.9420372512e-19	3.6598565209e-21	2.8961555368e-16	2.7975451061e-14	1.1464208260e-15	1.0160549310e-17	6.8027650141e-20	6.1517885068e-16	9.2119919024e-16	4.2867660214e-14	9.1474454454e-18	3.9539339722e-20	2.3023688788e-19	4.7775201502e-18	5.3527343086e-18	3.2269446294e-14	1.2338912897e-17	9.3187953166e-22	2.4557183504e-20	1.7762865117e-20	9.4729369087e-18	3.1221638015e-14
1.0819831695e+05	2.5848993522e-14	4.1001733847e-16	1.0845448056e-15	7.0425902400e-19	3.7147552465e-21	2.8967958211e-16	2.7914072370e-14	1.1426126658e-15	1.0428065178e-17	7.1650180946e-20	6.1654303233e-16	9.1938892135e-16	4.2829098590e-14	9.4040903759e-18	4.0880246838e-20	2.3542322006e-19	4.9340659368e-18	5.5299063158e-18	3.2070306266e-14	1.2821371109e-17	9.5674930510e-22	2.6119783876e-20	1.8521048318e-20	9.8783758594e-18	3.1190861186e-14
1.0820472235e+05	2.5830623984e-14	4.0979090251e-16	1.0842077828e-15	7.0823473299e-19	3.7160053366e-21	2.8970362257e-16	2.7889974050e-14	1.1411258382e-15	1.0533085014e-17	7.3331713291e-20	6.1706727574e-16	9.1867504870e-16	4.2814199168e-14	9.5045141749e-18	4.1443353023e-20	2.3747362250e-19	4.9957665068e-18	5.5994849708e-18	3.1992758559e-14	1.3014721031e-17	9.6129252385e-22	2.6833631682e-20	1.8837103581e-20	1.0040976335e-17	3.1178781166e-14
1.0823008716e+05	2.5837501464e-14	4.0889760221e-16	1.0828488272e-15	7.2362753841e-19	3.6334489847e-21	2.8979372433e-16	2.7819721827e-14	1.1352225558e-15	1.0950069177e-17	8.0467356107e-20	6.1910357045e-16	9.1580303242e-16	4.2755855596e-14	9.8983023115e-18	4.4302857744e-20	2.4553156499e-19	5.2424548191e-18	5.8743183880e-18	3.1685244727e-14	1.3777273734e-17	9.5615717334e-22	2.9878276383e-20	2.0391373699e-20	1.0685165717e-17	3.1128360406e-14
1.0824671961e+05	2.5789130000e-14	4.0831642648e-16	1.0819375053e-15	7.3335546177e-19	3.5679754216e-21	2.8984965863e-16	2.7756035473e-14	1.1313382456e-15	1.1224335008e-17	8.4745189945e-20	6.2040512491e-16	9.1388116878e-16	4.2718157808e-14	1.0155433198e-17	4.6522390625e-20	2.5073816733e-19	5.4061811694e-18	6.0552373256e-18	3.1483735624e-14	1.4267855077e-17	9.4926879798e-22	3.1761899563e-20	2.1585204855e-20	1.1102483209e-17	3.1096672847e-14
1.0825319918e+05	2.5770109364e-14	4.0809144629e-16	1.0815785511e-15	7.3712993664e-19	3.5559704941e-21	2.8987111090e-16	2.7730844410e-14	1.1298218526e-15	1.1332081531e-17	8.6258397942e-20	6.2090521758e-16	9.1312402729e-16	4.2703590890e-14	1.0256914845e-17	4.7345267320e-20	2.5277090026e-19	5.4707299000e-18	6.1267834795e-18	3.1405439439e-14	1.4460232610e-17	9.5006807692e-22	3.2445204946e-20	2.2034637328e-20	1.1266495049e-17	3.1085144416e-14
1.0827885770e+05	2.5775394261e-14	4.0720925547e-16	1.0801369848e-15	7.5198655113e-19	3.6022941557e-21	2.8995490142e-16	2.7658487508e-14	1.1237972223e-15	1.1769497698e-17	9.1489830018e-20	6.2284826650e-16	9.1007789006e-16	4.2646544900e-14	1.0670666899e-17	4.9961089287e-20	2.6084115941e-19	5.7333857507e-18	6.4188050880e-18	3.1096272360e-14	1.5231226268e-17	9.7834257812e-22	3.4895689825e-20	2.3530993110e-20	1.1925610002e-17	3.1039868256e-14
1.0829568275e+05	2.5806036662e-14	4.0663762171e-16	1.0791739087e-15	7.6104273274e-19	3.6523537100e-21	2.9000843572e-16	2.7620429829e-14	1.1198285726e-15	1.2066903807e-17	9.4302405276e-20	6.2409004482e-16	9.0803855402e-16	4.2609666540e-14	1.0947261110e-17	5.1378418607e-20	2.6593764060e-19	5.9123964122e-18	6.6148564945e-18	3.0893930675e-14	1.5730440054e-17	1.0024028379e-21	3.6290182605e-20	2.4383406128e-20	1.2354909299e-17	3.1008546368e-14
1.0830223735e+05	2.5786771815e-14	4.0641614545e-16	1.0787947227e-15	7.6427435247e-19	3.6639613765e-21	2.9002883088e-16	2.7594621001e-14	1.1182787075e-15	1.2184548219e-17	9.5219649245e-20	6.2456680778e-16	9.0723526520e-16	4.2595410887e-14	1.1054240774e-17	5.1995313454e-20	2.6782763558e-19	5.9833624717e-18	6.6910601562e-18	3.0815277501e-14	1.5922482960e-17	1.0096559990e-21	3.6768752997e-20	2.4748373227e-20	1.2520660346e-17	3.0996533330e-14
1.0832819298e+05	2.5789821547e-14	4.0554478289e-16	1.0772714010e-15	7.7543845524e-19	3.7503235067e-21	2.9010642061e-16	2.7520304422e-14	1.1121223629e-15	1.2657097689e-17	9.7196358108e-20	6.2641651489e-16	9.0400768066e-16	4.2539617945e-14	1.1469625152e-17	5.4998346569e-20	2.7477333726e-19	6.2696437470e-18	6.9893760912e-18	3.0505490336e-14	1.6686865349e-17	1.0498160871e-21	3.8034346797e-20	2.6476224587e-20	1.3182324528e-17	3.0952314027e-14
1.0834521285e+05	2.5739254213e-14	4.0497766549e-16	1.0762549422e-15	7.8205563754e-19	3.9556948241e-21	2.9015417087e-16	2.7451706790e-14	1.1080700856e-15	1.2972735609e-17	9.6986737120e-20	6.2759720799e-16	9.0185211747e-16	4.2503668659e-14	1.1739571820e-17	5.6864782888e-20	2.7910426126e-19	6.4619357853e-18	7.1848090284e-18	3.0303532799e-14	1.7204515500e-17	1.1185090622e-21	3.8276421787e-20	2.7573650675e-20	1.3631082892e-17	3.0923644867e-14
1.0835184335e+05	2.5719428359e-14	4.0475757119e-16	1.0758555255e-15	7.8465875756e-19	4.0656724377e-21	2.9017206797e-16	2.7424459627e-14	1.1064881539e-15	1.3097333474e-17	9.6737529938e-20	6.2805050117e-16	9.0100407847e-16	4.2489808652e-14	1.1845747774e-17	5.7451068734e-20	2.8080536924e-19	6.5380290069e-18	7.2618362354e-18	3.0225036827e-14	1.7410267566e-17	1.1540679134e-21	3.8303049467e-20	2.7935502075e-20	1.3809560120e-17	3.0912091744e-14
1.0837809954e+05	2.5721018647e-14	4.0389070564e-16	1.0742568820e-15	7.9531472765e-19	4.4474594075e-21	2.9023919904e-16	2.7348147609e-14	1.1002053703e-15	1.3602289188e-17	9.5819005403e-20	6.2981007067e-16	8.9760034126e-16	4.2435667683e-14	1.2274457963e-17	5.9512392442e-20	2.8769437696e-19	6.8471863093e-18	7.5734404610e-18	2.9915853529e-14	1.8242393557e-17	1.2816217863e-21	3.8424421655e-20	2.9251883956e-20	1.4532400580e-17	3.0867401681e-14
1.0839531649e+05	2.5749058645e-14	4.0332656626e-16	1.0731954490e-15	8.0198937068e-19	4.6072793866e-21	2.9028022348e-16	2.7309083830e-14	1.0960700988e-15	1.3943599147e-17	9.5293049198e-20	6.3093426696e-16	8.9532972498e-16	4.2400719464e-14	1.2558407513e-17	6.1482419763e-20	2.9212230254e-19	7.0568416477e-18	7.7808202322e-18	2.9714931901e-14	1.8811218922e-17	1.3405772134e-21	3.8525464916e-20	3.0429368754e-20	1.5026855813e-17	3.0840581250e-14
1.0840202377e+05	2.5728907028e-14	4.0310779031e-16	1.0727792070e-15	8.0434115300e-19	4.6828851046e-21	2.9029563765e-16	2.7281257103e-14	1.0944560756e-15	1.4078330176e-17	9.5035839332e-20	6.3136596789e-16	8.9443717144e-16	4.2387210295e-14	1.2668332652e-17	6.2451008434e-20	2.9376133223e-19	7.1398019936e-18	7.8614558015e-18	2.9636972362e-14	1.9042907875e-17	1.3676563361e-21	3.8541762922e-20	3.0990751920e-20	1.5227983797e-17	3.0830169113e-14
1.0842858398e+05	2.5728377120e-14	4.0224839221e-16	1.0711124509e-15	8.1202095624e-19	5.1602496720e-21	2.9035468708e-16	2.7203374777e-14	1.0880487750e-15	1.4619006393e-17	9.4345516504e-20	6.3303921792e-16	8.9085985501e-16	4.2334341521e-14	1.3099588959e-17	6.6531197839e-20	2.9967037003e-19	7.4741171119e-18	8.1797246915e-18	2.9329725936e-14	2.0046841663e-17	1.5290731836e-21	3.8729714824e-20	3.3357028121e-20	1.6096333087e-17	3.0786952845e-14
1.0844600030e+05	2.5754868339e-14	4.0169271583e-16	1.0699995629e-15	8.1617165997e-19	5.4560818807e-21	2.9039310539e-16	2.7163595064e-14	1.0838330343e-15	1.4979728449e-17	9.5491395026e-20	6.3410284371e-16	8.8847689800e-16	4.2300296108e-14	1.3384810260e-17	6.8912294332e-20	3.0322777059e-19	7.6983749267e-18	8.3911905013e-18	2.9130106581e-14	2.0795731720e-17	1.6318354332e-21	3.9506392412e-20	3.4778919756e-20	1.6741031888e-17	3.0759319847e-14
1.0845278524e+05	2.5734491478e-14	4.0147788728e-16	1.0695619010e-15	8.1775301627e-19	5.5270268107e-21	2.9040800150e-16	2.7135294642e-14	1.0821877948e-15	1.5121742793e-17	9.6506891991e-20	6.3451013914e-16	8.8754079732e-16	4.2287175013e-14	1.3497581272e-17	6.9851423391e-20	3.0460162362e-19	7.7869064638e-18	8.4748763128e-18	2.9052827247e-14	2.1110347713e-17	1.6589813356e-21	4.0046199817e-20	3.5342115940e-20	1.7011211971e-17	3.0749170749e-14
1.0847965301e+05	2.5653015648e-14	4.0063014879e-16	1.0678182023e-15	8.2406409908e-19	5.6758701538e-21	2.9046227537e-16	2.7020726551e-14	1.0756614039e-15	1.5691439271e-17	1.0301931757e-19	6.3609144111e-16	8.8379534830e-16	4.2235931232e-14	1.3950354109e-17	7.4523176296e-20	3.1006661381e-19	8.1434922195e-18	8.8116453937e-18	2.8748907163e-14	2.2515656477e-17	1.7275796946e-21	4.3249212207e-20	3.8078055616e-20	1.8213618725e-17	3.0709441427e-14
1.0849727100e+05	2.5678453459e-14	4.0007618203e-16	1.0666678228e-15	8.2769703487e-19	5.8724531476e-21	2.9049338410e-16	2.6980853340e-14	1.0713707860e-15	1.6070155528e-17	1.0815482839e-19	6.3710252061e-16	8.8130529623e-16	4.2202887926e-14	1.4246304261e-17	7.8427206152e-20	3.1346426462e-19	8.3819133988e-18	9.0331396595e-18	2.8551218016e-14	2.3607683563e-17	1.8034825356e-21	4.5745117165e-20	4.0325428955e-20	1.9143842713e-17	3.0681937650e-14
1.0850413451e+05	2.5657570984e-14	3.9986339277e-16	1.0662141015e-15	8.2880788764e-19	5.9838628425e-21	2.9050645470e-16	2.6951325597e-14	1.0696943312e-15	1.6218791050e-17	1.1026862882e-19	6.3748848903e-16	8.8032590055e-16	4.2190136250e-14	1.4360620207e-17	7.9996486719e-20	3.1467281301e-19	8.4757802043e-18	9.1190714496e-18	2.8474644515e-14	2.4076123274e-17	1.8440412023e-21	4.6773172130e-20	4.1231770039e-20	1.9542053658e-17	3.0671281709e-14
1.0853131339e+05	2.5653546841e-14	3.9901449762e-16	1.0644162056e-15	8.3321151889e-19	6.4008153749e-21	2.9054690198e-16	2.6870492130e-14	1.0630481958e-15	1.6810385502e-17	1.2066797864e-19	6.3899108742e-16	8.7641278398e-16	4.2140308604e-14	1.4816948236e-17	8.5940429069e-20	3.1945746085e-19	8.8513164837e-18	9.4630952408e-18	2.8174110591e-14	2.6196542262e-17	1.9992014863e-21	5.1758982425e-20	4.4713169945e-20	2.1340641340e-17	3.0631510670e-14
1.0854913539e+05	2.5677474955e-14	3.9846306048e-16	1.0632208289e-15	8.3638342885e-19	6.5563906824e-21	2.9057143053e-16	2.6829921859e-14	1.0586778203e-15	1.7203755077e-17	1.2992098004e-19	6.3994499305e-16	8.7381227018e-16	4.2108274225e-14	1.5124240944e-17	8.9754614169e-20	3.2270211291e-19	9.1023765013e-18	9.6950668365e-18	2.7978922016e-14	2.7834515736e-17	2.0655275730e-21	5.6128135416e-20	4.6979002073e-20	2.2727593488e-17	3.0605650648e-14
1.0855607837e+05	2.5656265252e-14	3.9825175553e-16	1.0627487561e-15	8.3763352005e-19	6.6165810540e-21	2.9058233046e-16	2.6800062755e-14	1.0569715410e-15	1.7359025110e-17	1.3383596735e-19	6.4030819321e-16	8.7279096962e-16	4.2095951484e-14	1.5245446111e-17	9.1301902113e-20	3.2397155884e-19	9.2016702302e-18	9.7866604502e-18	2.7903242414e-14	2.8528828272e-17	2.0914242060e-21	5.7978881366e-20	4.7899377009e-20	2.3315223922e-17	3.0595242871e-14
1.0858357197e+05	2.5650120660e-14	3.9741826641e-16	1.0608712303e-15	8.4279188916e-19	6.9933340441e-21	2.9062123953e-16	2.6717951950e-14	1.0502114811e-15	1.7984048450e-17	1.4826008894e-19	6.4171654783e-16	8.6871596344e-16	4.2047951197e-14	1.5725799048e-17	9.7716737608e-20	3.2907913602e-19	9.6025801048e-18	1.0151077797e-17	2.7606240291e-14	3.1584507151e-17	2.2393150115e-21	6.4919572051e-20	5.1727240505e-20	2.5901506328e-17	3.0554601347e-14
1.0860160034e+05	2.5594969015e-14	3.9687740622e-16	1.0596302016e-15	8.4580218659e-19	7.2624033458e-21	2.9064523361e-16	2.6640229050e-14	1.0457740694e-15	1.8400718869e-17	1.5540560746e-19	6.4261265581e-16	8.6601613968e-16	4.2016991001e-14	1.6035189133e-17	1.0171704831e-19	3.3228243402e-19	9.8711224690e-18	1.0387659848e-17	2.7414009967e-14	3.3807006719e-17	2.3448921411e-21	6.8517634567e-20	5.4155342686e-20	2.7785015669e-17	3.0529718733e-14
1.0860862372e+05	2.5573498233e-14	3.9667098709e-16	1.0591402370e-15	8.4676708401e-19	7.3439261921e-21	2.9065652061e-16	2.6609899737e-14	1.0440416528e-15	1.8564364388e-17	1.5767142899e-19	6.4295327136e-16	8.6495623788e-16	4.2005068505e-14	1.6154608497e-17	1.0320311899e-19	3.3344810151e-19	9.9768796266e-18	1.0479360385e-17	2.7339570483e-14	3.4703703231e-17	2.3788227211e-21	6.9700700796e-20	5.5068171225e-20	2.8546003437e-17	3.0520028128e-14
1.0863643568e+05	2.5565852439e-14	3.9585375382e-16	1.0571966765e-15	8.5081928753e-19	7.5990805999e-21	2.9069483662e-16	2.6526925994e-14	1.0371761904e-15	1.9218277711e-17	1.6446018800e-19	6.4427523067e-16	8.6072741171e-16	4.1958474214e-14	1.6632111294e-17	1.0942231828e-19	3.3814996981e-19	1.0401211826e-17	1.0846853211e-17	2.7047168855e-14	3.8323773708e-17	2.4924117800e-21	7.3454258079e-20	5.8891011007e-20	3.1626780536e-17	3.0480206391e-14
1.0865467280e+05	2.5587083597e-14	3.9531832974e-16	1.0559183127e-15	8.5370235475e-19	7.7637404852e-21	2.9071472775e-16	2.6485266510e-14	1.0326680305e-15	1.9653849109e-17	1.6732098954e-19	6.4511841966e-16	8.5792588313e-16	4.1928539055e-14	1.6951353009e-17	1.1416136212e-19	3.4131921667e-19	1.0685178860e-17	1.1093012662e-17	2.6858110175e-14	4.0633474527e-17	2.5669404918e-21	7.5227240795e-20	6.1780982749e-20	3.3602724384e-17	3.0454885415e-14
1.0866177751e+05	2.5565252302e-14	3.9511307717e-16	1.0554147306e-15	8.5470034813e-19	7.8154268959e-21	2.9072374985e-16	2.6454734306e-14	1.0309081058e-15	1.9825386134e-17	1.6813505861e-19	6.4543899031e-16	8.5682650484e-16	4.1916997685e-14	1.7075818856e-17	1.1614513550e-19	3.4250310327e-19	1.0797250490e-17	1.1189227995e-17	2.6785119127e-14	4.1482383695e-17	2.5920338668e-21	7.5785677657e-20	6.2987873373e-20	3.4332153117e-17	3.0445522310e-14
1.0868991152e+05	2.5555761348e-14	3.9429550077e-16	1.0534219824e-15	8.5878219362e-19	7.8990010589e-21	2.9074954065e-16	2.6370896228e-14	1.0239402900e-15	2.0510364897e-17	1.7087911113e-19	6.4668465844e-16	8.5244741373e-16	4.1871944126e-14	1.7564322299e-17	1.2495554416e-19	3.4723815135e-19	1.1246582555e-17	1.1568728280e-17	2.6499367378e-14	4.4336097756e-17	2.6515449484e-21	7.7789070469e-20	6.8326971294e-20	3.6807801920e-17	3.0408997348e-14
1.0870835982e+05	2.5575628519e-14	3.9377061883e-16	1.0520961497e-15	8.6100547547e-19	7.8871135568e-21	2.9076925006e-16	2.6328676599e-14	1.0193650569e-15	2.0962630969e-17	1.7415557018e-19	6.4746861663e-16	8.4954788961e-16	4.1843068550e-14	1.7878818583e-17	1.3171337550e-19	3.5015445746e-19	1.1545011418e-17	1.1814878836e-17	2.6314880368e-14	4.5611199220e-17	2.6681641543e-21	7.9785992683e-20	7.2403746643e-20	3.7941299067e-17	3.0384927597e-14
1.0871554679e+05	2.5553494085e-14	3.9356786344e-16	1.0515770136e-15	8.6182968862e-19	7.8761910580e-21	2.9077704493e-16	2.6298089634e-14	1.0175825674e-15	2.1138731978e-17	1.7606871175e-19	6.4776792295e-16	8.4841340683e-16	4.1831948482e-14	1.8000743421e-17	1.3446656282e-19	3.5127201504e-19	1.1661664533e-17	1.1910615062e-17	2.6243739120e-14	4.5956459610e-17	2.6724432307e-21	8.0860038363e-20	7.4067586910e-20	3.8257510738e-17	3.0375967341e-14
1.0874400658e+05	2.5466029496e-14	3.9276539285e-16	1.0495216104e-15	8.6515224247e-19	7.7706874061e-21	2.9080193563e-16	2.6177143919e-14	1.0105307181e-15	2.1834837180e-17	1.8676068813e-19	6.4892890604e-16	8.4390036694e-16	4.1788583295e-14	1.8483958067e-17	1.4510610898e-19	3.5571283357e-19	1.2125310695e-17	1.2291255216e-17	2.5966151871e-14	4.6442129672e-17	2.6675638725e-21	8.6591801535e-20	8.0562948122e-20	3.8775777851e-17	3.0343623531e-14
1.0876266850e+05	2.5484623709e-14	3.9224360724e-16	1.0481687435e-15	8.6708345146e-19	7.6612762062e-21	2.9081614437e-16	2.6134609507e-14	1.0059089268e-15	2.2293187178e-17	1.9585490198e-19	6.4966610170e-16	8.4092066683e-16	4.1760860771e-14	1.8800876492e-17	1.5187201954e-19	3.5851519687e-19	1.2432434966e-17	1.2541970252e-17	2.5787208639e-14	4.6056513387e-17	2.6497949244e-21	9.1365650724e-20	8.4748088257e-20	3.8526142770e-17	3.0322932512e-14
1.0876993869e+05	2.5462328165e-14	3.9204567414e-16	1.0476343825e-15	8.6762727411e-19	7.6230515120e-21	2.9082450218e-16	2.6103887503e-14	1.0041056426e-15	2.2472891823e-17	1.9987941493e-19	6.4994430939e-16	8.3975284313e-16	4.1750167383e-14	1.8923765691e-17	1.5458456797e-19	3.5951866558e-19	1.2553154715e-17	1.2639485820e-17	2.5718105883e-14	4.5789440227e-17	2.6442036651e-21	9.3463015871e-20	8.6430252638e-20	3.8330380931e-17	3.0314747255e-14
1.0879872803e+05	2.5449452741e-14	3.9125884777e-16	1.0455226159e-15	8.7040030243e-19	7.5353549377e-21	2.9084918474e-16	2.6018930896e-14	9.9697207925e-16	2.3186427504e-17	2.1782117490e-19	6.5102436525e-16	8.3510893035e-16	4.1708464963e-14	1.9409275369e-17	1.6536187581e-19	3.6373748564e-19	1.3034644380e-17	1.3026103888e-17	2.5448162494e-14	4.4378235353e-17	2.6434235574e-21	1.0279203390e-19	9.3161102866e-20	3.7253239476e-17	3.0283839494e-14
1.0881760604e+05	2.5466594372e-14	3.9075344354e-16	1.0441238871e-15	8.7233239896e-19	7.5020213166e-21	2.9086793115e-16	2.5975817125e-14	9.9229194120e-16	2.3656153921e-17	2.2944958804e-19	6.5170307562e-16	8.3203994264e-16	4.1681732504e-14	1.9725839954e-17	1.7138841963e-19	3.6654226623e-19	1.3353440242e-17	1.3279441925e-17	2.5274161815e-14	4.3417785386e-17	2.6508871439e-21	1.0891989134e-19	9.7027910778e-20	3.6512246503e-17	3.0264849777e-14
1.0882496042e+05	2.5443957792e-14	3.9055721524e-16	1.0435783675e-15	8.7307136181e-19	7.4936690645e-21	2.9087461443e-16	2.5944934197e-14	9.9046963752e-16	2.3839450118e-17	2.3368312136e-19	6.5196268483e-16	8.3084054773e-16	4.1671419912e-14	1.9848785669e-17	1.7348901849e-19	3.6762729832e-19	1.3478236989e-17	1.3378095146e-17	2.5206871852e-14	4.3093257570e-17	2.6553499420e-21	1.1118173419e-19	9.8401466842e-20	3.6264239088e-17	3.0257274230e-14
1.0885408312e+05	2.5429273541e-14	3.8977514988e-16	1.0414272051e-15	8.7545827533e-19	7.5416853884e-21	2.9089127300e-16	2.5859100933e-14	9.8326838259e-16	2.4568023101e-17	2.4918802670e-19	6.5297233677e-16	8.2607864181e-16	4.1631179485e-14	2.0332499398e-17	1.8158889563e-19	3.7168462023e-19	1.3976319030e-17	1.3767783962e-17	2.4942851981e-14	4.2323164100e-17	2.7016888161e-21	1.1961276773e-19	1.0375053310e-19	3.5711319997e-17	3.0226293372e-14
1.0887317973e+05	2.5370659362e-14	3.8927814534e-16	1.0399968290e-15	8.7588109546e-19	7.6471206440e-21	2.9090881604e-16	2.5778908376e-14	9.7854950616e-16	2.5051624081e-17	2.5841882645e-19	6.5360136887e-16	8.2293755081e-16	4.1605351644e-14	2.0645326872e-17	1.8689675725e-19	3.7384666519e-19	1.4308278471e-17	1.4021329118e-17	2.4772166234e-14	4.2375893562e-17	2.7587634267e-21	1.2475093449e-19	1.0728459011e-19	3.5816820383e-17	3.0206777040e-14
1.0888061928e+05	2.5347836458e-14	3.8908684083e-16	1.0394367371e-15	8.7600542384e-19	7.6945984893e-21	2.9091628768e-16	2.5747446592e-14	9.7671295161e-16	2.5241300689e-17	2.6179761817e-19	6.5384024930e-16	8.2171088873e-16	4.1595396097e-14	2.0766599874e-17	1.8889931829e-19	3.7466796850e-19	1.4438763628e-17	1.4119898542e-17	2.4706208548e-14	4.2526019294e-17	2.7834172327e-21	1.2665914318e-19	1.0862984255e-19	3.5967256353e-17	3.0199256017e-14
1.0891007920e+05	2.5331639278e-14	3.8832824597e-16	1.0372215057e-15	8.7761435761e-19	7.8832293644e-21	2.9093915344e-16	2.5661034427e-14	9.6945771263e-16	2.5996015490e-17	2.7419106006e-19	6.5476402237e-16	8.1684372199e-16	4.1556824313e-14	2.1245984469e-17	1.9656052025e-19	3.7838085813e-19	1.4959911888e-17	1.4510721360e-17	2.4447448612e-14	4.3823243562e-17	2.8819535566e-21	1.3379285341e-19	1.1383237915e-19	3.7158818393e-17	3.0167604446e-14
1.0892939694e+05	2.5346277881e-14	3.8783325454e-16	1.0357680330e-15	8.7934443760e-19	8.0286753786e-21	2.9095088940e-16	2.5617877213e-14	9.6471259423e-16	2.6492508747e-17	2.8158722845e-19	6.5534876703e-16	8.1364186626e-16	4.1532243308e-14	2.1559469442e-17	2.0141579516e-19	3.8109436505e-19	1.5304598769e-17	1.4767316809e-17	2.4279873800e-14	4.5220743177e-17	2.9551610503e-21	1.3815784941e-19	1.1717117828e-19	3.8406209309e-17	3.0146290209e-14
1.0893692263e+05	2.5323185595e-14	3.8764611820e-16	1.0351950600e-15	8.7980985468e-19	8.0930252053e-21	2.9095866194e-16	2.5586170599e-14	9.6286352560e-16	2.6686802826e-17	2.8432117082e-19	6.5556796798e-16	8.1238971836e-16	4.1522702119e-14	2.1680819949e-17	2.0322059678e-19	3.8205881096e-19	1.5439815026e-17	1.4866939225e-17	2.4215141655e-14	4.5860592155e-17	2.9866715130e-21	1.3979444496e-19	1.1842646196e-19	3.8973986210e-17	3.0138305224e-14
1.0896672368e+05	2.5305335125e-14	3.8691048127e-16	1.0329260789e-15	8.8082427376e-19	8.3584359399e-21	2.9098768451e-16	2.5499208772e-14	9.5555782276e-16	2.7462394975e-17	2.9436672255e-19	6.5641228410e-16	8.0742151133e-16	4.1485801786e-14	2.2155542001e-17	2.0983747737e-19	3.8550038439e-19	1.5981216542e-17	1.5258451530e-17	2.3961973242e-14	4.8789798996e-17	3.1163798796e-21	1.4593181097e-19	1.2311216611e-19	4.1564145965e-17	3.0106980646e-14
1.0898626511e+05	2.5318611738e-14	3.8642038959e-16	1.0314535114e-15	8.8154572646e-19	8.5042611116e-21	2.9099592720e-16	2.5455791943e-14	9.5079065861e-16	2.7977168225e-17	3.0013873369e-19	6.5695537691e-16	8.0416328763e-16	4.1462154910e-14	2.2460288677e-17	2.1402590644e-19	3.8776606877e-19	1.6341873222e-17	1.5511510114e-17	2.3798361854e-14	5.0974910878e-17	3.1917288698e-21	1.4958380458e-19	1.2611581129e-19	4.3493155902e-17	3.0085328622e-14
1.0899387794e+05	2.5295222526e-14	3.8623593095e-16	1.0308716296e-15	8.8173788647e-19	8.5504873630e-21	2.9100295229e-16	2.5423833968e-14	9.4893391794e-16	2.8179552202e-17	3.0219796793e-19	6.5715743392e-16	8.0289006785e-16	4.1452938536e-14	2.2577212452e-17	2.1568220229e-19	3.8860625694e-19	1.6483887904e-17	1.5609024749e-17	2.3735117843e-14	5.1871867986e-17	3.2172505344e-21	1.5091792660e-19	1.2730442045e-19	4.4284894373e-17	3.0076927869e-14
1.0902402407e+05	2.5202475024e-14	3.8551666952e-16	1.0285548745e-15	8.8358349348e-19	8.7042038792e-21	2.9103349004e-16	2.5295183844e-14	9.4160076801e-16	2.8986717195e-17	3.1005820166e-19	6.5792611431e-16	7.9784156168e-16	4.1416598731e-14	2.3037324324e-17	2.2252339259e-19	3.9239566780e-19	1.7052020158e-17	1.5994069850e-17	2.3487854999e-14	5.5632741673e-17	3.3077844432e-21	1.5608154784e-19	1.3220082335e-19	4.7606033589e-17	3.0045043366e-14
1.0904379178e+05	2.5214901501e-14	3.8504105325e-16	1.0270450364e-15	8.8592911963e-19	8.7896666622e-21	2.9104562639e-16	2.5252225740e-14	9.3681840661e-16	2.9518824721e-17	3.1623080514e-19	6.5841604497e-16	7.9453364435e-16	4.1394016507e-14	2.3339652703e-17	2.2750515095e-19	3.9537454887e-19	1.7428289049e-17	1.6247749114e-17	2.3328501950e-14	5.8260314884e-17	3.3616971713e-21	1.6000601771e-19	1.3572707809e-19	4.9928587328e-17	3.0023760776e-14
1.0905149276e+05	2.5191153675e-14	3.8486264495e-16	1.0264488677e-15	8.8665476447e-19	8.8138861819e-21	2.9105451999e-16	2.5219199774e-14	9.3495669637e-16	2.9727375896e-17	3.1906984831e-19	6.5859754050e-16	7.9324198583e-16	4.1384941063e-14	2.3456424522e-17	2.2962558882e-19	3.9644956961e-19	1.7576054290e-17	1.6346035097e-17	2.3266944294e-14	5.9318651381e-17	3.3792880152e-21	1.6176141903e-19	1.3721300276e-19	5.0864600783e-17	3.0015282205e-14
1.0908198797e+05	2.5242689566e-14	3.8414639110e-16	1.0241064909e-15	8.8950672773e-19	8.8528391941e-21	2.9107673793e-16	2.5172433506e-14	9.2761924967e-16	3.0558853437e-17	3.3207469216e-19	6.5930486197e-16	7.8813419434e-16	4.1351912371e-14	2.3908430417e-17	2.3912452114e-19	4.0068642327e-19	1.8166936739e-17	1.6728819531e-17	2.3025991971e-14	6.3707361134e-17	3.4270961985e-21	1.6965581768e-19	1.4378933437e-19	5.4749221210e-17	2.9983029125e-14
1.0910198458e+05	2.5181272715e-14	3.8368796984e-16	1.0225580489e-15	8.9106021215e-19	8.8447736681e-21	2.9109503061e-16	2.5088023858e-14	9.2282688199e-16	3.1112445014e-17	3.4130877318e-19	6.5974076190e-16	7.8478189307e-16	4.1329309061e-14	2.4191703359e-17	2.4605774495e-19	4.0331231943e-19	1.8561452967e-17	1.6971316725e-17	2.2870709904e-14	6.6751453411e-17	3.4452964047e-21	1.7523897717e-19	1.4855646628e-19	5.7446841678e-17	2.9962400129e-14
1.0910977474e+05	2.5157295598e-14	3.8351026767e-16	1.0219542311e-15	8.9184245010e-19	8.8449592599e-21	2.9110181657e-16	2.5054822041e-14	9.2096529685e-16	3.1329755497e-17	3.4510257542e-19	6.5990598046e-16	7.8347648105e-16	4.1320440117e-14	2.4299794953e-17	2.4889087771e-19	4.0441330083e-19	1.8716574892e-17	1.7064331582e-17	2.2810803586e-14	6.7970168741e-17	3.4536302364e-21	1.7752531075e-19	1.5050064533e-19	5.8527646202e-17	2.9954018720e-14
1.0914062306e+05	2.5134726000e-14	3.8280054769e-16	1.0195778151e-15	8.9711016004e-19	8.9064692736e-21	2.9111858785e-16	2.4966138314e-14	9.1363273358e-16	3.2195637355e-17	3.6246117731e-19	6.6054675013e-16	7.7831867079e-16	4.1287562548e-14	2.4722316356e-17	2.6105860230e-19	4.0975476821e-19	1.9336500662e-17	1.7429471449e-17	2.2576430554e-14	7.2930617593e-17	3.5103415981e-21	1.8784858062e-19	1.5881760116e-19	6.2932568477e-17	2.9920735960e-14
1.0916085122e+05	2.5072104716e-14	3.8235362001e-16	1.0180022691e-15	9.0156408000e-19	9.0086618959e-21	2.9113890740e-16	2.4879741662e-14	9.0884743376e-16	3.2768813328e-17	3.7588412940e-19	6.6093606554e-16	7.7493744860e-16	4.1264437741e-14	2.4996442611e-17	2.6971773852e-19	4.1371560679e-19	1.9748357333e-17	1.7667406652e-17	2.2425298575e-14	7.6225745993e-17	3.5720881891e-21	1.9574056269e-19	1.6472544502e-19	6.5865541097e-17	2.9900136006e-14
1.0916873158e+05	2.5120280024e-14	3.8218120092e-16	1.0173875212e-15	9.0342529077e-19	9.0663155851e-21	2.9114711916e-16	2.4889598935e-14	9.0698951218e-16	3.2993295092e-17	3.8137203193e-19	6.6108293390e-16	7.7362167318e-16	4.1258556693e-14	2.5102550024e-17	2.7313930324e-19	4.1531765532e-19	1.9909972689e-17	1.7759733774e-17	2.2367052601e-14	7.7499881898e-17	3.6033202189e-21	1.9896546020e-19	1.6706546520e-19	6.7001560506e-17	2.9892019109e-14
1.0919993712e+05	2.5096101681e-14	3.8148837288e-16	1.0149699480e-15	9.1111821536e-19	9.4176394769e-21	2.9116656041e-16	2.4800617006e-14	8.9967673721e-16	3.3888812894e-17	4.0425489202e-19	6.6165270437e-16	7.6842804967e-16	4.1226690730e-14	2.5513775968e-17	2.8663778982e-19	4.2181876346e-19	2.0556412823e-17	1.8119616194e-17	2.2139821016e-14	8.2391714096e-17	3.7771251885e-21	2.1242929722e-19	1.7635015934e-19	7.1375915460e-17	2.9859498823e-14
1.0922039950e+05	2.5032893880e-14	3.8104645022e-16	1.0133703259e-15	9.1566486666e-19	9.7617302374e-21	2.9118413409e-16	2.4714280708e-14	8.9490940330e-16	3.4484219573e-17	4.2066255279e-19	6.6199749076e-16	7.6502820042e-16	4.1203493869e-14	2.5770430511e-17	2.9550459128e-19	4.2585796439e-19	2.0987409533e-17	1.8346859545e-17	2.1993445491e-14	8.5363785721e-17	3.9381267887e-21	2.2207872625e-19	1.8248995532e-19	7.4047148094e-17	2.9839118159e-14
1.0922837112e+05	2.5080209007e-14	3.8087473944e-16	1.0127472254e-15	9.1752319595e-19	9.9257529859e-21	2.9119034805e-16	2.4724016744e-14	8.9305965496e-16	3.4718014452e-17	4.2736995392e-19	6.6212772278e-16	7.6370630212e-16	4.1198668701e-14	2.5867749505e-17	2.9897204989e-19	4.2747317773e-19	2.1156893084e-17	1.8433582802e-17	2.1937008517e-14	8.6444585617e-17	4.0133576862e-21	2.2602349442e-19	1.8489888141e-19	7.5022301665e-17	2.9831234468e-14
1.0925993799e+05	2.5054398454e-14	3.8018218942e-16	1.0103013050e-15	9.2690330392e-19	1.0756241008e-20	2.9119999633e-16	2.4634803245e-14	8.8578537882e-16	3.5652382115e-17	4.5548371034e-19	6.6263503026e-16	7.5849441412e-16	4.1167985984e-14	2.6243004761e-17	3.1279039137e-19	4.3482475856e-19	2.1835783974e-17	1.8770243919e-17	2.1717434003e-14	9.0161538411e-17	4.3877407986e-21	2.4257927376e-19	1.9454065143e-19	7.8401057142e-17	2.9800664467e-14
1.0928063733e+05	2.4990572490e-14	3.7974295895e-16	1.0086823052e-15	9.3448821009e-19	1.1421384162e-20	2.9121317223e-16	2.4548525672e-14	8.8104778785e-16	3.6271708505e-17	4.7564670786e-19	6.6293850411e-16	7.5508704938e-16	4.1144809681e-14	2.6480456045e-17	3.2230458389e-19	4.4033436803e-19	2.2287198668e-17	1.8985208692e-17	2.1576824088e-14	9.2034497282e-17	4.6856687128e-21	2.5445796543e-19	2.0118726225e-19	8.0129923450e-17	2.9781752997e-14
1.0928870125e+05	2.4965592775e-14	3.7957306953e-16	1.0080508823e-15	9.3779067978e-19	1.1702000848e-20	2.9121828195e-16	2.4515046802e-14	8.7921044029e-16	3.6513850103e-17	4.8398609442e-19	6.6305218008e-16	7.5376305361e-16	4.1135345821e-14	2.6571160326e-17	3.2623954516e-19	4.4264924661e-19	2.2464057498e-17	1.9067733958e-17	2.1522664023e-14	9.2633409389e-17	4.8113518938e-21	2.5936814550e-19	2.0392869780e-19	8.0690206665e-17	2.9774401704e-14
1.0932063365e+05	2.4938572491e-14	3.7888974981e-16	1.0055687673e-15	9.5259880178e-19	1.2963607167e-20	2.9122516216e-16	2.4426062750e-14	8.7198980912e-16	3.7477243656e-17	5.2002925833e-19	6.6349212084e-16	7.4854749965e-16	4.1104688634e-14	2.6920689485e-17	3.4344379959e-19	4.5266784398e-19	2.3169743007e-17	1.9387945870e-17	2.1311498574e-14	9.4252229858e-17	5.3760407605e-21	2.8057465021e-19	2.1585811326e-19	8.2254318878e-17	2.9745856891e-14
1.0934157267e+05	2.4945325444e-14	3.7845657018e-16	1.0039252506e-15	9.6255796994e-19	1.3915738187e-20	2.9123663953e-16	2.4382758543e-14	8.6729170535e-16	3.8114736889e-17	5.4649956797e-19	6.6375104626e-16	7.4514204915e-16	4.1087765704e-14	2.7139445495e-17	3.5608607645e-19	4.5938738548e-19	2.3638239867e-17	1.9590670506e-17	2.1176289991e-14	9.4658550740e-17	5.8029293657e-21	2.9614260746e-19	2.2459091601e-19	8.2708227705e-17	2.9728467465e-14
1.0934972996e+05	2.4920078417e-14	3.7828845167e-16	1.0032849767e-15	9.6650594027e-19	1.4305240270e-20	2.9124065585e-16	2.4349421328e-14	8.6547076925e-16	3.8363868642e-17	5.5740514239e-19	6.6384787035e-16	7.4381981697e-16	4.1078001441e-14	2.7222129254e-17	3.6129840779e-19	4.6204460535e-19	2.3821705686e-17	1.9667864647e-17	2.1124350262e-14	9.4684173527e-17	5.9781138778e-21	3.0255970021e-19	2.2818695737e-19	8.2768873317e-17	2.9721844680e-14
1.0938203213e+05	2.4891562362e-14	3.7762524521e-16	1.0007521259e-15	9.8259930861e-19	1.5920763645e-20	2.9125336808e-16	2.4260484401e-14	8.5831289788e-16	3.9354406293e-17	6.0343514086e-19	6.6421097820e-16	7.3861008085e-16	4.1048101180e-14	2.7533025684e-17	3.8371326768e-19	4.7282674905e-19	2.4553251508e-17	1.9961813576e-17	2.0922180992e-14	9.4157256142e-17	6.7090476932e-21	3.2969901206e-19	2.4362635761e-19	8.2456556636e-17	2.9696293468e-14
1.0941146536e+05	2.4871749213e-14	3.7700556738e-16	9.9847178116e-16	9.9929224508e-19	1.7601203985e-20	2.9124602423e-16	2.4184041217e-14	8.5187373275e-16	4.0264216492e-17	6.4980160800e-19	6.6452996662e-16	7.3390823333e-16	4.1022397278e-14	2.7794304028e-17	4.0711326289e-19	4.8368872423e-19	2.5227862581e-17	2.0213916863e-17	2.0742375506e-14	9.3020102137e-17	7.4727682668e-21	3.5711465969e-19	2.5970219187e-19	8.1591046718e-17	2.9673841180e-14
1.0944414156e+05	2.4770375896e-14	3.7634065585e-16	9.9591098939e-16	1.0210689692e-18	1.9706622976e-20	2.9124792228e-16	2.4053665374e-14	8.4480151637e-16	4.1284254982e-17	7.0580198646e-19	6.6483157773e-16	7.2872572464e-16	4.0979584011e-14	2.8062024475e-17	4.3634964751e-19	4.9740212449e-19	2.5986950022e-17	2.0477665404e-17	2.0547751989e-14	9.1420070433e-17	8.4349377890e-21	3.9036498373e-19	2.7977776148e-19	8.0326467711e-17	2.9649559152e-14
1.0947391562e+05	2.4749505876e-14	3.7572071230e-16	9.9359520021e-16	1.0448529775e-18	2.1752220861e-20	2.9123177800e-16	2.3977347113e-14	8.3844593419e-16	4.2215406568e-17	7.5737576191e-19	6.6508830305e-16	7.2405451082e-16	4.0953988989e-14	2.8289761967e-17	4.6473332597e-19	5.1191270231e-19	2.6683209926e-17	2.0706189752e-17	2.0374167618e-14	9.0051272785e-17	9.3784062720e-21	4.2127260281e-19	2.9933633017e-19	7.9245493145e-17	2.9627690626e-14
1.0950697020e+05	2.4718344187e-14	3.7506106985e-16	9.9100127800e-16	1.0709324292e-18	2.4238902332e-20	2.9122839449e-16	2.3888786726e-14	8.3147479705e-16	4.3251113887e-17	8.1700539386e-19	6.6532519599e-16	7.1891429275e-16	4.0924384946e-14	2.8524041190e-17	4.9701565050e-19	5.2797963839e-19	2.7461273488e-17	2.0946255822e-17	2.0185386853e-14	8.9096126244e-17	1.0533569349e-20	4.5725220237e-19	3.2171619124e-19	7.8535556890e-17	2.9603129578e-14
1.0953708902e+05	2.4696044981e-14	3.7444717733e-16	9.8866834677e-16	1.0950260084e-18	2.6588085360e-20	2.9120848358e-16	2.3812443209e-14	8.2521832330e-16	4.4199065207e-17	8.7418268872e-19	6.6553212902e-16	7.1428872857e-16	4.0899466682e-14	2.8720839927e-17	5.2648454983e-19	5.4288781286e-19	2.8176385502e-17	2.1152631241e-17	2.0016730806e-14	8.9110445661e-17	1.1636506205e-20	4.9195375667e-19	3.4229675008e-19	7.8664447854e-17	2.9580149089e-14
1.0957052635e+05	2.4663495815e-14	3.7378650755e-16	9.8605118957e-16	1.1251047357e-18	2.9316563735e-20	2.9119508266e-16	2.3723951775e-14	8.1836243425e-16	4.5262729738e-17	9.3410474191e-19	6.6571123363e-16	7.0920484451e-16	4.0870676578e-14	2.8913140024e-17	5.5821791899e-19	5.6121660567e-19	2.8981301573e-17	2.1362220589e-17	1.9832242172e-14	9.0442384114e-17	1.2929931496e-20	5.2883272277e-19	3.6467039619e-19	7.9968251759e-17	2.9553668808e-14
1.0960099393e+05	2.4640030664e-14	3.7316356228e-16	9.8369076239e-16	1.1576489334e-18	3.2214332491e-20	2.9115977216e-16	2.3647758836e-14	8.1221519044e-16	4.6232498847e-17	9.8590622029e-19	6.6586170463e-16	7.0463532605e-16	4.0846574862e-14	2.9070090543e-17	5.8534488391e-19	5.8061648828e-19	2.9718556825e-17	2.1539391397e-17	1.9666934849e-14	9.3041339167e-17	1.4306247914e-20	5.6115143257e-19	3.8402808932e-19	8.2383468726e-17	2.9528389358e-14
1.0963481845e+05	2.4605986136e-14	3.7249982034e-16	9.8104340730e-16	1.1958274766e-18	3.5367485820e-20	2.9113486215e-16	2.3559286024e-14	8.0548606123e-16	4.7309505873e-17	1.0436692425e-18	6.6597861558e-16	6.9961956206e-16	4.0818739368e-14	2.9234995043e-17	6.1290296634e-19	6.0335452517e-19	3.0541074507e-17	2.1728763356e-17	1.9486164250e-14	9.7535633706e-17	1.5824953860e-20	5.9749324993e-19	4.0397819736e-19	8.6496299557e-17	2.9499129599e-14
1.0966563883e+05	2.4581170946e-14	3.7190505379e-16	9.7863076091e-16	1.2322164159e-18	3.8101866872e-20	2.9111334847e-16	2.3483019873e-14	7.9945241229e-16	4.8294104032e-17	1.0911969372e-18	6.6605602712e-16	6.9511150636e-16	4.0795796011e-14	2.9372466779e-17	6.3508200013e-19	6.2504635667e-19	3.1296034469e-17	2.1891411224e-17	1.9323748604e-14	1.0301801382e-16	1.7163333656e-20	6.2795495061e-19	4.2033281272e-19	9.1483616496e-17	2.9471309794e-14
1.0969985501e+05	2.4545956356e-14	3.7122833230e-16	9.7598348968e-16	1.2767783607e-18	4.1450532385e-20	2.9106930246e-16	2.3394556419e-14	7.9287328371e-16	4.9390001704e-17	1.1369643502e-18	6.6613161999e-16	6.9018588276e-16	4.0768835002e-14	2.9500645939e-17	6.5572676885e-19	6.5143936260e-19	3.2139730720e-17	2.2053241346e-17	1.9146584616e-14	1.1042846745e-16	1.8808951043e-20	6.5800019122e-19	4.3595312796e-19	9.8210297063e-17	2.9439397870e-14
1.0973103228e+05	2.4450880810e-14	3.7062863626e-16	9.7355435527e-16	1.3222353084e-18	4.4334599064e-20	2.9103585756e-16	2.3274227953e-14	7.8697326602e-16	5.0393787651e-17	1.1755758788e-18	6.6616047913e-16	6.8575836000e-16	4.0727203035e-14	2.9601775616e-17	6.7113865989e-19	6.7816673706e-19	3.2915253736e-17	2.2188443433e-17	1.8987865267e-14	1.1810206726e-16	2.0249813426e-20	6.8378784821e-19	4.4799362829e-19	1.0517390668e-16	2.9409698325e-14
1.0976564467e+05	2.4414640318e-14	3.6994129285e-16	9.7088790761e-16	1.3797806148e-18	4.7195900671e-20	2.9097456401e-16	2.3185409199e-14	7.8054433713e-16	5.1509597634e-17	1.2105550678e-18	6.6618209278e-16	6.8092491242e-16	4.0701397134e-14	2.9705160969e-17	6.8436713938e-19	7.1172896780e-19	3.3780847766e-17	2.2331230318e-17	1.8815055524e-14	1.2720829713e-16	2.1711118770e-20	7.0801141337e-19	4.5882091899e-19	1.1344588842e-16	2.9376586353e-14
1.0979718295e+05	2.4387688729e-14	3.6933896259e-16	9.6843485184e-16	1.4365633389e-18	4.9686251700e-20	2.9093106297e-16	2.3109269003e-14	7.7478595942e-16	5.2526887565e-17	1.2333242033e-18	6.6615763305e-16	6.7658656748e-16	4.0680516706e-14	2.9782384374e-17	6.9236414078e-19	7.4481498201e-19	3.4573259344e-17	2.2447939906e-17	1.8661053055e-14	1.3562592989e-16	2.3003154695e-20	7.2487554886e-19	4.6599272155e-19	1.2110728522e-16	2.9346471026e-14
1.0983219613e+05	2.4418242015e-14	3.6865448411e-16	9.6574145164e-16	1.5052121306e-18	5.1936000905e-20	2.9086321464e-16	2.3065805886e-14	7.6852056405e-16	5.3658767800e-17	1.2512631104e-18	6.6612026288e-16	6.7185876314e-16	4.0675410374e-14	2.9849080457e-17	6.9706068526e-19	7.8477230958e-19	3.5458256526e-17	2.2562392266e-17	1.8494052680e-14	1.4464351622e-16	2.4212686610e-20	7.3935640114e-19	4.7114359554e-19	1.2933840023e-16	2.9313872875e-14
1.0986409960e+05	2.4321986458e-14	3.6805071545e-16	9.6327108507e-16	1.5751330312e-18	5.3398978727e-20	2.9081069831e-16	2.2944454753e-14	7.6291417749e-16	5.4699056892e-17	1.2602837966e-18	6.6604731992e-16	6.6762030012e-16	4.0636292031e-14	2.9897946062e-17	6.9784733241e-19	8.2534138721e-19	3.6273838083e-17	2.2656935991e-17	1.8346223879e-14	1.5217302040e-16	2.5050291583e-20	7.4824784360e-19	4.7346043848e-19	1.3623889434e-16	2.9285228516e-14
1.0989951822e+05	2.4283333671e-14	3.6737958854e-16	9.6054128848e-16	1.6623270135e-18	5.4498086930e-20	2.9074472977e-16	2.2855804321e-14	7.5681376993e-16	5.5855778150e-17	1.2605004142e-18	6.6594471734e-16	6.6300123618e-16	4.0613014774e-14	2.9938866948e-17	6.9489427987e-19	8.7579489428e-19	3.7184095809e-17	2.2750930628e-17	1.8186778273e-14	1.5938294285e-16	2.5740138530e-20	7.5227354185e-19	4.7339778187e-19	1.4288463093e-16	2.9254915707e-14
1.0993179112e+05	2.4254011011e-14	3.6674632915e-16	9.5808882388e-16	1.7473617610e-18	5.4917689710e-20	2.9066107936e-16	2.2780078272e-14	7.5137709611e-16	5.6905177954e-17	1.2525883356e-18	6.6584806870e-16	6.5887983534e-16	4.0594285641e-14	2.9958874960e-17	6.8910990375e-19	9.2510740170e-19	3.8013688158e-17	2.2822617852e-17	1.8045724237e-14	1.6466218301e-16	2.6096476451e-20	7.5102928285e-19	4.7118204761e-19	1.4779309853e-16	2.9228921741e-14
1.0996761987e+05	2.4214143593e-14	3.6606915755e-16	9.5533699892e-16	1.8484260906e-18	5.4551046823e-20	2.9058175573e-16	2.2691736023e-14	7.4546056731e-16	5.8076819369e-17	1.2359172560e-18	6.6569052369e-16	6.5438788243e-16	4.0572061719e-14	2.9961650136e-17	6.7968136218e-19	9.8385225197e-19	3.8942642174e-17	2.2886413776e-17	1.7894574077e-14	1.6892777028e-16	2.6094661572e-20	7.4478817368e-19	4.6659294072e-19	1.5181749995e-16	2.9202002151e-14
1.1000026647e+05	2.4183779050e-14	3.6542729895e-16	9.5286573163e-16	1.9522909384e-18	5.3412919920e-20	2.9048350362e-16	2.2616146280e-14	7.4019170260e-16	5.9149378860e-17	1.2145455331e-18	6.6554516396e-16	6.5038355231e-16	4.0554215815e-14	2.9953372239e-17	6.6872864308e-19	1.0441193823e-18	3.9795624229e-17	2.2935357782e-17	1.7761369704e-14	1.7132154622e-16	2.5702294986e-20	7.3522268463e-19	4.6071217079e-19	1.5414589000e-16	2.9179328449e-14
1.1003651009e+05	2.4076371443e-14	3.6473803987e-16	9.5010580198e-16	2.0769020528e-18	5.1366052668e-20	2.9038608392e-16	2.2482528369e-14	7.3446412819e-16	6.0337724533e-17	1.1857649933e-18	6.6534276217e-16	6.4602498682e-16	4.0512902053e-14	2.9930893915e-17	6.5460443386e-19	1.1165819603e-18	4.0744479977e-17	2.2978454350e-17	1.7618430289e-14	1.7239299021e-16	2.4877828965e-20	7.2134025596e-19	4.5273259270e-19	1.5530351892e-16	2.9156010946e-14
1.1006953472e+05	2.4045203875e-14	3.6411244913e-16	9.4760186281e-16	2.1950317583e-18	4.9006060308e-20	2.9029309807e-16	2.2407559951e-14	7.2936643085e-16	6.1413394753e-17	1.1566103083e-18	6.6513928833e-16	6.4214230734e-16	4.0495557775e-14	2.9894133746e-17	6.4066669879e-19	1.1856297481e-18	4.1607363922e-17	2.3004222364e-17	1.7492615757e-14	1.7209318256e-16	2.3872744395e-20	7.0670543960e-19	4.4462923287e-19	1.5520579931e-16	2.9136436787e-14
1.1010619803e+05	2.4069181991e-14	3.6339688863e-16	9.4485840350e-16	2.3351041913e-18	4.5828019328e-20	2.9016629704e-16	2.2365426804e-14	7.2384886376e-16	6.2602426349e-17	1.1227683252e-18	6.6490975182e-16	6.3793746256e-16	4.0495394248e-14	2.9835171889e-17	6.2458562101e-19	1.2677556439e-18	4.2565201372e-17	2.3017696590e-17	1.7357200628e-14	1.7063008175e-16	2.2466142471e-20	6.8932147761e-19	4.3510435519e-19	1.5407200372e-16	2.9116085162e-14
1.1013960506e+05	2.4036646297e-14	3.6276359758e-16	9.4233967595e-16	2.4728978038e-18	4.2409815124e-20	2.9005958251e-16	2.2290690907e-14	7.1893694074e-16	6.3683437992e-17	1.0925454086e-18	6.6466102916e-16	6.3419092147e-16	4.0479051891e-14	2.9767501311e-17	6.0981197151e-19	1.3487341853e-18	4.3439336204e-17	2.3018119432e-17	1.7237773858e-14	1.6858185603e-16	2.0908432916e-20	6.7364498877e-19	4.2624403231e-19	1.5238623495e-16	2.9098754905e-14
1.1017669291e+05	2.3928104048e-14	3.6203022903e-16	9.3958685893e-16	2.6351560650e-18	3.8495831068e-20	2.8991015348e-16	2.2159078482e-14	7.1362585397e-16	6.4870716205e-17	1.0631478626e-18	6.6438676091e-16	6.3013850839e-16	4.0436852324e-14	2.9681435046e-17	5.9424866027e-19	1.4444451327e-18	4.4404277771e-17	2.3008884687e-17	1.7108887013e-14	1.6592053712e-16	1.9096339733e-20	6.5858451047e-19	4.1688916523e-19	1.5015571584e-16	2.9080196074e-14
1.1021048678e+05	2.3894880220e-14	3.6138460826e-16	9.3706068368e-16	2.7890591164e-18	3.5082906707e-20	2.8978603855e-16	2.2084852334e-14	7.0890429793e-16	6.5937457245e-17	1.0434364762e-18	6.6409834913e-16	6.2653377399e-16	4.0420493975e-14	2.9591213430e-17	5.8164023143e-19	1.5356839755e-18	4.5276049065e-17	2.2990172147e-17	1.6994336344e-14	1.6351688548e-16	1.7499801747e-20	6.4907632454e-19	4.0938065313e-19	1.4813443781e-16	2.9063780532e-14
1.1024800409e+05	2.3850783428e-14	3.6067391959e-16	9.3426526962e-16	2.9663610079e-18	3.1680612849e-20	2.8964649340e-16	2.1998534664e-14	7.0380147041e-16	6.7101604609e-17	1.0314641536e-18	6.6375618498e-16	6.2263712273e-16	4.0400067925e-14	2.9473176031e-17	5.7004711172e-19	1.6413362173e-18	4.6233089819e-17	2.2954197316e-17	1.6870215057e-14	1.6128680703e-16	1.5898315662e-20	6.4455227473e-19	4.0265205019e-19	1.4627928771e-16	2.9045393567e-14
1.1028218928e+05	2.3816569415e-14	3.6000411031e-16	9.3176147524e-16	3.1336687442e-18	2.9279557592e-20	2.8949550009e-16	2.1924749818e-14	6.9928647381e-16	6.8143472196e-17	1.0316028358e-18	6.6344968475e-16	6.1919011099e-16	4.0383966922e-14	2.9350880334e-17	5.6224892284e-19	1.7415494807e-18	4.7094764874e-17	2.2908709337e-17	1.6759253172e-14	1.5997926593e-16	1.4772995196e-20	6.4726513667e-19	3.9840927141e-19	1.4523958983e-16	2.9028417911e-14
1.1032014101e+05	2.3771537435e-14	3.5928697281e-16	9.2895935343e-16	3.3276792120e-18	2.7720740164e-20	2.8934259542e-16	2.1838707309e-14	6.9440862028e-16	6.9278077554e-17	1.0480117239e-18	6.6306546082e-16	6.1546575786e-16	4.0363885391e-14	2.9204802175e-17	5.5751573217e-19	1.8582744137e-18	4.8038929277e-17	2.2848777479e-17	1.6638331230e-14	1.5966299216e-16	1.4069205855e-20	6.6048050137e-19	3.9642605884e-19	1.4511109939e-16	2.9008693986e-14
1.1035472204e+05	2.3736339959e-14	3.5860394711e-16	9.2644641819e-16	3.5134059647e-18	2.7655783007e-20	2.8917353219e-16	2.1765282579e-14	6.9009753931e-16	7.0282439987e-17	1.0805561879e-18	6.6271898133e-16	6.1217572966e-16	4.0348188476e-14	2.9062532937e-17	5.5781520704e-19	1.9704565378e-18	4.8881202583e-17	2.2785726764e-17	1.6529899850e-14	1.6062090461e-16	1.4110566257e-20	6.8369493688e-19	3.9786865889e-19	1.4612415912e-16	2.8990056664e-14
1.1042809470e+05	2.3654160763e-14	3.5721794142e-16	9.2107906184e-16	3.9142535672e-18	3.3877604321e-20	2.8884756695e-16	2.1606172823e-14	6.8133930976e-16	7.2319459796e-17	1.2157681331e-18	6.6188090002e-16	6.0549552075e-16	4.0313273528e-14	2.8714798400e-17	5.7468524013e-19	2.2149447406e-18	5.0609688332e-17	2.2611885227e-17	1.6304558569e-14	1.6702634579e-16	1.7475004429e-20	7.7556804798e-19	4.1252636260e-19	1.5225643022e-16	2.8946570988e-14
1.1050231697e+05	2.3505076936e-14	3.5580305873e-16	9.1573648834e-16	4.3505877967e-18	5.1856386979e-20	2.8848301763e-16	2.1401091222e-14	6.7303657308e-16	7.4242092846e-17	1.4553865570e-18	6.6099157160e-16	5.9917473431e-16	4.0250886092e-14	2.8314396256e-17	6.1748393836e-19	2.4834718228e-18	5.2269811087e-17	2.2392016365e-17	1.6082444294e-14	1.7943111458e-16	2.7036359692e-20	9.3586616273e-19	4.4601167188e-19	1.6388243808e-16	2.8897875753e-14
1.1057739870e+05	2.3484267585e-14	3.5436779607e-16	9.1037888272e-16	4.8099820539e-18	8.6063058041e-20	2.8808681276e-16	2.1289661766e-14	6.6519531584e-16	7.6020749886e-17	1.8207544029e-18	6.6002335632e-16	5.9322190632e-16	4.0246435673e-14	2.7859124955e-17	6.9008267257e-19	2.7693400903e-18	5.3838859921e-17	2.2123976016e-17	1.5864964758e-14	1.9675258287e-16	4.5342213779e-20	1.1799624425e-18	5.0147575433e-19	1.8004188535e-16	2.8844885312e-14
1.1065334983e+05	2.3332258468e-14	3.5292510996e-16	9.0501491134e-16	5.3054007160e-18	1.4005245616e-19	2.8766959010e-16	2.1085372102e-14	6.5781485869e-16	7.7662753180e-17	2.3188639616e-18	6.5898339561e-16	5.8763955371e-16	4.0187114399e-14	2.7350338847e-17	7.9437395409e-19	3.0803416260e-18	5.5319988307e-17	2.1808443341e-17	1.5653245604e-14	2.1685414470e-16	7.4545000792e-20	1.5142293832e-18	5.8067623618e-19	1.9879928962e-16	2.8789807926e-14
1.1073018043e+05	2.3307312428e-14	3.5149142398e-16	8.9961672094e-16	5.8324401157e-18	2.1573871204e-19	2.8724493064e-16	2.0975552250e-14	6.5090800968e-16	7.9153982089e-17	2.9476960800e-18	6.5785222338e-16	5.8244216012e-16	4.0185068376e-14	2.6789833816e-17	9.2842461921e-19	3.4143435202e-18	5.6701174371e-17	2.1446484703e-17	1.5449666297e-14	2.3716271946e-16	1.1598522601e-19	1.9391868416e-18	6.8257505345e-19	2.1780311549e-16	2.8735575192e-14
1.1080790069e+05	2.3152895428e-14	3.5000778772e-16	8.9424329012e-16	6.3921064005e-18	3.1541694263e-19	2.8676479649e-16	2.0774402472e-14	6.4447977785e-16	8.0507125757e-17	3.7067938434e-18	6.5667378256e-16	5.7763719978e-16	4.0127979993e-14	2.6188921473e-17	1.0922771391e-18	3.7723111368e-18	5.7989545354e-17	2.1046851473e-17	1.5256050186e-14	2.5512761297e-16	1.7124358335e-19	2.4562897392e-18	8.0754762829e-19	2.3470548807e-16	2.8684830502e-14
1.1088652091e+05	2.3060797288e-14	3.4850800076e-16	8.8886734019e-16	6.9917959110e-18	4.3746771260e-19	2.8625684085e-16	2.0620967019e-14	6.3853567871e-16	8.1741812724e-17	4.5589356304e-18	6.5542912370e-16	5.7323253738e-16	4.0099351500e-14	2.5550746017e-17	1.2787929588e-18	4.1590207868e-18	5.9197517047e-17	2.0611858248e-17	1.5074367189e-14	2.6883289982e-16	2.3979532619e-19	3.0423911399e-18	9.5061827495e-19	2.4772781795e-16	2.8639528197e-14
1.1096605150e+05	2.2947293236e-14	3.4555768077e-16	8.8020321241e-16	7.3521440194e-18	5.5471054471e-19	2.8454006333e-16	2.0448301774e-14	6.3139114949e-16	8.1505185132e-17	5.2912935572e-18	6.5168650569e-16	5.6771634178e-16	4.0046232293e-14	2.4779950434e-17	1.4404962083e-18	4.4074690621e-18	5.9338645916e-17	2.0064110966e-17	1.4872579495e-14	2.7682950962e-16	3.0693044600e-19	3.5555970081e-18	1.0765393013e-18	2.5551162588e-16	2.8550936498e-14
1.1104650302e+05	2.2858562008e-14	3.4406435841e-16	8.7489475294e-16	8.0061666201e-18	7.0927959538e-19	2.8400587219e-16	2.0308539580e-14	6.2628668496e-16	8.2610668690e-17	6.2221490269e-18	6.5035625182e-16	5.6400253083e-16	4.0030080431e-14	2.4123100486e-17	1.6536563375e-18	4.8362489602e-18	6.0455042309e-17	1.9602959542e-17	1.4703739604e-14	2.8032959648e-16	3.9608268715e-19	4.2094094230e-18	1.2422761447e-18	2.5915125730e-16	2.8517352887e-14
1.1112788613e+05	2.2770418125e-14	3.4254244060e-16	8.6957929218e-16	8.7061839269e-18	8.7855967426e-19	2.8343405703e-16	2.0166596301e-14	6.2166391602e-16	8.3656641665e-17	7.1773292567e-18	6.4895963956e-16	5.6069478014e-16	4.0010568895e-14	2.3462841334e-17	1.8760403342e-18	5.2985636407e-18	6.1530875960e-17	1.9133852520e-17	1.4565425934e-14	2.7961716397e-16	4.9505446688e-19	4.8877270185e-18	1.4164961250e-18	2.5888997142e-16	2.8498783225e-14
1.1121021160e+05	2.2678058879e-14	3.4100850259e-16	8.6423745775e-16	9.4374228196e-18	1.0527003057e-18	2.8283839020e-16	2.0016880835e-14	6.1753422667e-16	8.4681419361e-17	8.0863384871e-18	6.4748297255e-16	5.5780596027e-16	3.9979364551e-14	2.2805058100e-17	2.1016541140e-18	5.7858768689e-18	6.2593718689e-17	1.8661720938e-17	1.4448351693e-14	2.7650239551e-16	5.9844004159e-19	5.5423591226e-18	1.5947105647e-18	2.5638878218e-16	2.8489350604e-14
1.1129349036e+05	2.2578151309e-14	3.3948377670e-16	8.5885348649e-16	1.0227921497e-17	1.2251761608e-18	2.8223664653e-16	1.9859932264e-14	6.1387596053e-16	8.5699255834e-17	8.9596193986e-18	6.4591503558e-16	5.5531903401e-16	3.9939777384e-14	2.2160796381e-17	2.3259851413e-18	6.3158143300e-18	6.3653844778e-17	1.8195794381e-17	1.4332071417e-14	2.7321424653e-16	7.0254110369e-19	6.1797141096e-18	1.7734699159e-18	2.5370824087e-16	2.8479486888e-14
1.1137773344e+05	2.2471630494e-14	3.3791663807e-16	8.5347906774e-16	1.1053299402e-17	1.3885044374e-18	2.8158605184e-16	1.9702428008e-14	6.1070995078e-16	8.6741790890e-17	9.7302704158e-18	6.4429534797e-16	5.5325526431e-16	3.9902510112e-14	2.1532935109e-17	2.5468585345e-18	6.8738863836e-18	6.4734714536e-17	1.7738689251e-17	1.4201644964e-14	2.7202348851e-16	8.0297697116e-19	6.7527265801e-18	1.9510505397e-18	2.5295997428e-16	2.8460401557e-14
1.1146295201e+05	2.2362884129e-14	3.3633362271e-16	8.4809574932e-16	1.1947208791e-17	1.5340333676e-18	2.8090871478e-16	1.9551292491e-14	6.0801628588e-16	8.7823745254e-17	1.0397585954e-17	6.4261085856e-16	5.5159898432e-16	3.9876491304e-14	2.0926787204e-17	2.7567198798e-18	7.4815060519e-18	6.5847547487e-17	1.7295055617e-17	1.4060207299e-14	2.7483807742e-16	8.9454182343e-19	7.2594452765e-18	2.1215599529e-18	2.5592939375e-16	2.8427238106e-14
1.1154915737e+05	2.2257012984e-14	3.3474012209e-16	8.4269154761e-16	1.2893047840e-17	1.6581036105e-18	2.8020924723e-16	1.9409329871e-14	6.0579146006e-16	8.8971103838e-17	1.0930045852e-17	6.4085321714e-16	5.5034925702e-16	3.9860669822e-14	2.0344722114e-17	2.9579000960e-18	8.1289688754e-18	6.7012242609e-17	1.6867149638e-17	1.3923278767e-14	2.8291087096e-16	9.7480322619e-19	7.6763113883e-18	2.2866456183e-18	2.6380016450e-16	2.8381277614e-14
1.1163636093e+05	2.2156591463e-14	3.3316457985e-16	8.3723964398e-16	1.3906927595e-17	1.7561805716e-18	2.7951164062e-16	1.9273033436e-14	6.0403267617e-16	9.0190190216e-17	1.1320571459e-17	6.3900260977e-16	5.4950570395e-16	3.9844738557e-14	1.9787701180e-17	3.1442211543e-18	8.8270347574e-18	6.8234163244e-17	1.6456070488e-17	1.3803431915e-14	2.9673416982e-16	1.0407472425e-18	7.9965632218e-18	2.4413853734e-18	2.7705118811e-16	2.8328127049e-14
1.1172457427e+05	2.2059626553e-14	3.3154359345e-16	8.3181014868e-16	1.4991118989e-17	1.8254719883e-18	2.7876287039e-16	1.9135550706e-14	6.0272750786e-16	9.1492100349e-17	1.1553918380e-17	6.3711316554e-16	5.4905909517e-16	3.9819505901e-14	1.9257322127e-17	3.3146183552e-18	9.5778774158e-18	6.9522364322e-17	1.6063447319e-17	1.3697805254e-14	3.1589511758e-16	1.0903233229e-18	8.2075802311e-18	2.5847663738e-18	2.9531657266e-16	2.8274511950e-14
1.1181380906e+05	2.1961227485e-14	3.2990987027e-16	8.2637310172e-16	1.6141061181e-17	1.8660090665e-18	2.7799042972e-16	1.8991881324e-14	6.0187738019e-16	9.2871159745e-17	1.1638341409e-17	6.3516284707e-16	5.4901271189e-16	3.9784632387e-14	1.8754300365e-17	3.4699413434e-18	1.0379297511e-17	7.0873227420e-17	1.5690176540e-17	1.3590344481e-14	3.3929013547e-16	1.1231374768e-18	8.3133435202e-18	2.7172674643e-18	3.1758101000e-16	2.8226065783e-14
1.1190407715e+05	2.1916359008e-14	3.2829363481e-16	8.2088162865e-16	1.7365077407e-17	1.8764601127e-18	2.7721995405e-16	1.8888520035e-14	6.0146111267e-16	9.4323410827e-17	1.1574630389e-17	6.3311623867e-16	5.4934913513e-16	3.9785315959e-14	1.8279545017e-17	3.6055808102e-18	1.1237340922e-17	7.2284354205e-17	1.5337313632e-17	1.3470713600e-14	3.6520686410e-16	1.1379790937e-18	8.3126606818e-18	2.8350926981e-18	3.4225282744e-16	2.8184960282e-14
1.1199539050e+05	2.1744764289e-14	3.2663110706e-16	8.1542229636e-16	1.8649611306e-17	1.8604375467e-18	2.7639774592e-16	1.8694441175e-14	6.0148156611e-16	9.5827307405e-17	1.1388615238e-17	6.3104069196e-16	5.5007277479e-16	3.9720755543e-14	1.7833974520e-17	3.7251658876e-18	1.2143924649e-17	7.3739741425e-17	1.5005920392e-17	1.3337482226e-14	3.9166771989e-16	1.1366433516e-18	8.2224849432e-18	2.9408979514e-18	3.6748331121e-16	2.8149788518e-14
